strategy_id,strategy_name,symbol,name,signal_date,score,entry_type,signal_open,signal_high,signal_low,signal_close,eligible_execution,ret_1d_pct,vol_ratio_20,box_quality_60,handle_quality_10,alpha_vs_hs300_10d_pct,diag_highwin_shared_cls_prob,diag_highwin_shared_reg_score,branch_trend_lgbm_cls_prob,branch_trend_lgbm_reg_score
dedicated_trend,趋势专属分支,600790.SH,轻纺城,2022-04-06,0.275361,trend,9.187841,9.570668,9.163915,9.498888,True,3.385417,1.797652,0.617006,0.218276,,,,0.275361,0.117766
dedicated_trend,趋势专属分支,300401.SZ,花园生物,2022-04-06,0.244255,trend,74.054393,76.560377,73.900965,76.151237,True,3.61865,1.847501,0.619051,0.065841,,,,0.244255,0.102534
dedicated_trend,趋势专属分支,000882.SZ,华联股份,2022-04-06,0.244093,trend,3.361377,3.472892,3.345446,3.44103,True,2.369668,1.69206,0.643443,0.180627,,,,0.244093,0.112156
dedicated_trend,趋势专属分支,600403.SH,大有能源,2022-04-07,0.205075,trend,13.234842,13.818072,13.077818,13.728344,True,4.258944,1.414577,0.280025,0.129836,,,,0.205075,0.10025
dedicated_trend,趋势专属分支,000893.SZ,亚钾国际,2022-04-07,0.157082,trend,56.662486,62.432814,55.912496,61.866496,True,9.007551,1.600273,0.245561,0.143089,,,,0.157082,0.082252
dedicated_trend,趋势专属分支,600486.SH,扬农化工,2022-04-08,0.277585,trend,324.979729,347.282517,321.512157,346.757127,True,7.878392,1.721593,0.531122,0.065812,,,,0.277585,0.116341
dedicated_trend,趋势专属分支,000628.SZ,高新发展,2022-04-08,0.276208,trend,11.789635,12.591168,11.749051,12.520146,True,6.287683,2.167652,0.461026,0.282267,,,,0.276208,0.107654
dedicated_trend,趋势专属分支,600018.SH,上港集团,2022-04-08,0.270876,trend,8.70621,8.97606,8.677805,8.905047,True,2.117264,1.472427,0.588307,0.203992,,,,0.270876,0.117576
dedicated_trend,趋势专属分支,000498.SZ,山东路桥,2022-04-11,0.190351,trend,10.118894,10.864497,9.884562,10.811239,True,9.492988,2.624138,0.326278,0.21372,,,,0.190351,0.098919
dedicated_trend,趋势专属分支,601010.SH,文峰股份,2022-04-12,0.280177,trend,16.575079,17.241892,16.289302,17.241892,True,4.624277,2.391353,0.636637,0.144123,,,,0.280177,0.119337
dedicated_trend,趋势专属分支,600628.SH,新世界,2022-04-12,0.277416,trend,8.902904,9.430744,8.668308,9.407284,True,5.526316,4.01343,0.47608,0.045,,,,0.277416,0.12054
dedicated_trend,趋势专属分支,601156.SH,东航物流,2022-04-12,0.274906,trend,21.5,22.88,21.45,22.7,True,4.224059,2.537748,0.515785,0.200749,,,,0.274906,0.117495
dedicated_trend,趋势专属分支,600408.SH,安泰集团,2022-04-14,0.251469,trend,3.77,3.97,3.75,3.96,True,4.485488,1.886008,0.358376,0.075,,,,0.251469,0.117505
dedicated_trend,趋势专属分支,600639.SH,浦东金桥,2022-04-14,0.22399,trend,18.732711,20.497011,18.732711,20.302419,True,7.931034,1.545423,0.350092,0.132532,,,,0.22399,0.099026
dedicated_trend,趋势专属分支,601003.SH,柳钢股份,2022-04-14,0.203432,trend,8.318121,8.726015,8.245283,8.653177,True,4.393673,1.754589,0.445428,0.12,,,,0.203432,0.099809
dedicated_trend,趋势专属分支,601128.SH,常熟银行,2022-04-15,0.243286,trend,9.003788,9.668648,8.969982,9.578498,True,5.459057,1.514849,0.528301,0.14315,,,,0.243286,0.112816
dedicated_trend,趋势专属分支,601009.SH,南京银行,2022-04-15,0.240847,trend,59.668598,63.987773,59.668598,63.454542,True,5.309735,1.517869,0.480991,0.105,,,,0.240847,0.112512
dedicated_trend,趋势专属分支,600929.SH,雪天盐业,2022-04-18,0.23698,trend,7.31143,7.803644,7.239649,7.803644,True,5.255878,3.121754,0.600218,0.030143,,,,0.23698,0.107524
dedicated_trend,趋势专属分支,300498.SZ,温氏股份,2022-04-18,0.235783,trend,43.981836,46.244108,43.10546,46.203346,True,5.73694,1.474352,0.569813,0.230075,,,,0.235783,0.096658
dedicated_trend,趋势专属分支,002507.SZ,涪陵榨菜,2022-04-18,0.224632,trend,191.606402,207.768664,190.491763,206.431097,True,7.331208,1.94855,0.511917,0.210997,,,,0.224632,0.10711
dedicated_trend,趋势专属分支,002661.SZ,克明食品,2022-04-19,0.241567,trend,41.338367,43.53425,41.338367,43.220552,True,3.939648,1.707239,0.590353,0.105,,,,0.241567,0.107524
dedicated_trend,趋势专属分支,002109.SZ,兴化股份,2022-04-19,0.240205,trend,9.215952,9.789955,9.215952,9.710233,True,5.181347,2.086365,0.529239,0.139738,,,,0.240205,0.116965
dedicated_trend,趋势专属分支,300796.SZ,贝斯美,2022-04-19,0.234385,trend,19.790706,20.887953,19.639709,20.716823,True,4.467005,1.719755,0.593129,0.046036,,,,0.234385,0.104361
dedicated_trend,趋势专属分支,603043.SH,广州酒家,2022-04-20,0.282731,trend,33.919171,36.650325,33.478663,36.54754,True,8.123371,2.809541,0.494836,0.09,16.999417,,,0.282731,0.119259
dedicated_trend,趋势专属分支,002726.SZ,龙大美食,2022-04-20,0.272039,trend,47.013291,49.152373,46.641277,48.919864,True,3.036239,1.818186,0.443724,0.128991,14.110993,,,0.272039,0.119708
dedicated_trend,趋势专属分支,600792.SH,云煤能源,2022-04-20,0.153652,trend,9.54,10.1,9.3,10.1,True,3.061224,1.696386,0.266255,0.15,24.195906,,,0.153652,0.077809
dedicated_trend,趋势专属分支,600734.SH,实达集团,2022-04-22,0.202556,trend,11.393496,11.742276,10.928455,11.742276,True,4.989605,4.280555,0.25,0.195,67.520737,,,0.202556,0.095897
dedicated_trend,趋势专属分支,603605.SH,珀莱雅,2022-04-26,0.23045,trend,190.613386,204.796234,190.316416,202.819852,True,6.022162,2.561636,0.535017,0.233695,16.19509,,,0.23045,0.106311
dedicated_trend,趋势专属分支,002737.SZ,葵花药业,2022-04-26,0.189084,trend,71.298796,82.793908,69.649708,82.114872,True,9.085052,3.595944,0.460033,0.135,17.856911,,,0.189084,0.088411
dedicated_trend,趋势专属分支,300012.SZ,华测检测,2022-04-27,0.20882,trend,406.956201,436.979148,406.956201,435.816969,True,5.683419,1.872066,0.493877,0.170495,19.99631,,,0.20882,0.112637
dedicated_trend,趋势专属分支,688363.SH,华熙生物,2022-04-27,0.190432,trend,125.48837,130.407514,124.474424,130.407514,True,3.341289,1.597709,0.512966,0.06,32.630655,,,0.190432,0.084627
dedicated_trend,趋势专属分支,300575.SZ,中旗股份,2022-04-27,0.181825,trend,73.428554,78.707731,70.069078,78.397191,True,2.359012,1.312325,0.24589,0.080286,19.803787,,,0.181825,0.086958
dedicated_trend,趋势专属分支,600795.SH,国电电力,2022-04-28,0.277584,trend,8.325496,8.733038,8.238166,8.733038,True,4.895105,2.607994,0.546467,0.135,24.56274,,,0.277584,0.116862
dedicated_trend,趋势专属分支,601838.SH,成都银行,2022-04-28,0.246269,trend,19.012247,19.787548,18.803957,19.764405,True,7.421384,1.334623,0.472305,0.117059,14.144811,,,0.246269,0.106557
dedicated_trend,趋势专属分支,601800.SH,中国交建,2022-04-28,0.204115,trend,12.745638,14.018889,12.680007,14.018889,True,6.906907,1.75415,0.404906,0.105,11.881921,,,0.204115,0.076025
dedicated_trend,趋势专属分支,600486.SH,扬农化工,2022-04-29,0.203538,trend,333.596118,346.336815,323.639985,344.419143,True,3.423523,1.309552,0.504775,0.137078,14.452415,,,0.203538,0.096117
dedicated_trend,趋势专属分支,000553.SZ,安道麦A,2022-04-29,0.184216,trend,9.39165,9.992219,9.39165,9.930091,True,9.225513,3.704667,0.509299,0.0,21.642834,,,0.184216,0.086357
dedicated_trend,趋势专属分支,603688.SH,石英股份,2022-04-29,0.182075,trend,98.063099,103.544591,95.155525,103.274489,True,5.314323,1.36478,0.449665,0.075,30.947593,,,0.182075,0.085458
dedicated_trend,趋势专属分支,600018.SH,上港集团,2022-05-05,0.239696,trend,8.407955,9.160694,8.393753,9.089681,True,7.925801,1.4971,0.528646,0.228252,6.642325,,,0.239696,0.110952
dedicated_trend,趋势专属分支,600177.SH,雅戈尔,2022-05-05,0.232668,trend,24.906679,26.064313,24.906679,25.853834,True,7.906296,3.53209,0.645624,0.06,11.182837,,,0.232668,0.110494
dedicated_trend,趋势专属分支,603529.SH,爱玛科技,2022-05-05,0.209262,trend,45.6,49.65,45.3,49.45,True,8.419206,1.350071,0.280747,0.140419,9.546466,,,0.209262,0.104445
dedicated_trend,趋势专属分支,300635.SZ,中达安,2022-05-06,0.186219,trend,29.019094,30.278687,28.437743,30.278687,True,3.248899,1.356431,0.262514,0.12,13.474677,,,0.186219,0.083204
dedicated_trend,趋势专属分支,603086.SH,先达股份,2022-05-06,0.139654,trend,38.596677,41.693587,38.453301,41.693587,True,4.005722,1.382535,0.255521,0.0,20.49941,,,0.139654,0.072131
dedicated_trend,趋势专属分支,000726.SZ,鲁泰Ａ,2022-05-09,0.211785,trend,10.136173,10.683675,10.136173,10.609688,True,3.612717,1.790548,0.552497,0.0,12.246007,,,0.211785,0.089393
dedicated_trend,趋势专属分支,688122.SH,西部超导,2022-05-09,0.20148,trend,85.260148,90.385907,84.255297,90.162607,True,5.624257,1.434663,0.407671,0.105,17.62142,,,0.20148,0.093156
dedicated_trend,趋势专属分支,600513.SH,联环药业,2022-05-09,0.200004,trend,28.43078,30.584627,28.307703,30.400012,True,6.926407,2.048209,0.489144,0.075,8.969164,,,0.200004,0.085803
dedicated_trend,趋势专属分支,600545.SH,卓郎智能,2022-05-10,0.221319,trend,3.615597,3.83539,3.593618,3.802421,True,3.592814,1.427562,0.285161,0.2012,20.394173,,,0.221319,0.099988
dedicated_trend,趋势专属分支,300170.SZ,汉得信息,2022-05-10,0.188825,trend,54.181151,57.674583,53.456099,57.410928,True,5.961071,1.760967,0.20511,0.105,34.271842,,,0.188825,0.101618
dedicated_trend,趋势专属分支,600729.SH,重庆百货,2022-05-11,0.23815,trend,38.340898,39.203097,37.748137,39.176153,True,2.574956,1.568489,0.551251,0.124416,7.320848,,,0.23815,0.093868
dedicated_trend,趋势专属分支,002294.SZ,信立泰,2022-05-12,0.251794,trend,267.271597,293.541882,266.472067,291.371728,True,8.460884,2.246971,0.53838,0.135962,15.962397,,,0.251794,0.103635
dedicated_trend,趋势专属分支,601238.SH,广汽集团,2022-05-13,0.1945,trend,21.428569,23.274091,21.428569,23.188651,True,9.17136,2.182581,0.486353,0.06,19.780857,,,0.1945,0.101375
dedicated_trend,趋势专属分支,002594.SZ,比亚迪,2022-05-13,0.190141,trend,265.101291,277.040032,261.131914,275.591057,True,6.293046,1.881599,0.548396,0.09,11.105565,,,0.190141,0.111969
dedicated_trend,趋势专属分支,300622.SZ,博士眼镜,2022-05-13,0.184409,trend,45.561935,49.851858,45.329477,49.661664,True,8.695652,1.577734,0.247328,0.13197,10.416956,,,0.184409,0.089944
dedicated_trend,趋势专属分支,600816.SH,建元信托,2022-05-16,0.349294,trend,33.374445,34.491893,33.225452,34.268403,True,2.678571,1.550666,0.584551,0.129275,9.814207,,,0.349294,0.1263
dedicated_trend,趋势专属分支,600206.SH,有研新材,2022-05-17,0.199742,trend,30.33686,32.157072,30.235738,31.934602,True,4.777704,1.413428,0.513718,0.167968,19.019588,,,0.199742,0.097338
dedicated_trend,趋势专属分支,688556.SH,高测股份,2022-05-17,0.175174,trend,77.728363,82.906902,76.421159,82.213078,True,6.19561,1.344625,0.244494,0.139379,29.369232,,,0.175174,0.079966
dedicated_trend,趋势专属分支,600734.SH,实达集团,2022-05-18,0.2141,trend,12.951382,14.3,12.951382,14.3,True,4.948805,3.364269,0.25,0.15,55.517731,,,0.2141,0.098968
dedicated_trend,趋势专属分支,600438.SH,通威股份,2022-05-19,0.222368,trend,94.541315,104.911101,94.266619,103.972555,True,8.349237,2.421723,0.445387,0.153724,11.806859,,,0.222368,0.106762
dedicated_trend,趋势专属分支,002466.SZ,天齐锂业,2022-05-19,0.188125,trend,659.679401,715.660657,657.120701,709.457748,True,5.281326,1.318419,0.188217,0.15616,17.227422,,,0.188125,0.107825
dedicated_trend,趋势专属分支,603938.SH,三孚股份,2022-05-19,0.185658,trend,70.145216,75.440254,69.84585,74.78539,True,4.935679,1.583297,0.244185,0.174385,20.13441,,,0.185658,0.081025
dedicated_trend,趋势专属分支,002640.SZ,跨境通,2022-05-20,0.248394,trend,39.733909,41.818713,39.243367,41.818713,True,4.923077,1.62512,0.543296,0.154508,13.675024,,,0.248394,0.100064
dedicated_trend,趋势专属分支,600406.SH,国电南瑞,2022-05-20,0.245901,trend,395.494456,403.140219,385.184261,401.98177,True,2.511078,1.30261,0.316723,0.208581,5.875657,,,0.245901,0.119682
dedicated_trend,趋势专属分支,000963.SZ,华东医药,2022-05-20,0.209732,trend,141.392579,152.146725,141.351843,150.68025,True,6.538018,1.729656,0.400164,0.109454,4.958163,,,0.209732,0.103239
dedicated_trend,趋势专属分支,002838.SZ,道恩股份,2022-05-23,0.244627,trend,85.839976,90.024861,85.391595,89.775761,True,4.585026,1.649897,0.490552,0.235685,10.811756,,,0.244627,0.109704
dedicated_trend,趋势专属分支,603867.SH,新化股份,2022-05-23,0.238759,trend,35.281245,36.340929,34.907239,36.309762,True,3.036557,1.489428,0.340198,0.070912,12.336472,,,0.238759,0.119409
dedicated_trend,趋势专属分支,603177.SH,德创环保,2022-05-23,0.237092,trend,24.306705,26.037837,24.306705,25.825241,True,6.203164,1.780996,0.316375,0.049288,8.623415,,,0.237092,0.126613
dedicated_trend,趋势专属分支,605366.SH,宏柏新材,2022-05-24,0.172466,trend,18.620318,20.42692,18.568994,20.314007,True,9.397457,2.901879,0.246951,0.166892,15.068161,,,0.172466,0.082954
dedicated_trend,趋势专属分支,000529.SZ,广弘控股,2022-05-25,0.210382,trend,7.009951,7.40353,7.009951,7.371618,True,5.159332,1.605377,0.398258,0.215096,16.496783,,,0.210382,0.094519
dedicated_trend,趋势专属分支,600995.SH,南网储能,2022-05-25,0.192181,trend,15.946034,17.383031,15.702671,17.290321,True,7.881417,2.096189,0.230965,0.179946,16.210771,,,0.192181,0.092507
dedicated_trend,趋势专属分支,300990.SZ,同飞股份,2022-05-25,0.185064,trend,87.324634,93.635677,85.002171,93.635677,True,7.550452,2.347115,0.188519,0.126328,25.821964,,,0.185064,0.108205
dedicated_trend,趋势专属分支,002032.SZ,苏泊尔,2022-05-26,0.295897,trend,133.966887,139.110258,130.043571,138.942799,True,4.086022,1.59784,0.434525,0.209428,11.449073,,,0.295897,0.118907
dedicated_trend,趋势专属分支,002446.SZ,盛路通信,2022-05-26,0.285488,trend,31.770467,33.411195,31.472153,33.112881,True,4.225352,1.539187,0.506117,0.301157,1.280686,,,0.285488,0.103902
dedicated_trend,趋势专属分支,603665.SH,康隆达,2022-05-26,0.228224,trend,74.787013,80.100534,74.787013,79.702815,True,5.163728,2.417384,0.451948,0.21865,17.741401,,,0.228224,0.113315
dedicated_trend,趋势专属分支,603605.SH,珀莱雅,2022-05-27,0.213196,trend,206.731655,215.558814,202.973457,214.340216,True,5.530907,1.71384,0.514114,0.234971,8.138024,,,0.213196,0.106532
dedicated_trend,趋势专属分支,601199.SH,江南水务,2022-05-27,0.196628,trend,32.607728,33.717778,32.376467,33.579022,True,3.271693,1.370883,0.238135,0.253205,13.474731,,,0.196628,0.101876
dedicated_trend,趋势专属分支,600609.SH,金杯汽车,2022-05-27,0.179372,trend,5.69,6.05,5.63,5.99,True,3.812825,2.626281,0.406634,0.075,12.064367,,,0.179372,0.095265
dedicated_trend,趋势专属分支,600323.SH,瀚蓝环境,2022-05-30,0.312506,trend,40.713537,41.820552,40.611036,41.513048,True,2.015113,1.66706,0.621191,0.324936,3.090373,,,0.312506,0.120989
dedicated_trend,趋势专属分支,002109.SZ,兴化股份,2022-05-30,0.244805,trend,9.487009,9.774011,9.439175,9.710233,True,2.525253,1.525382,0.553074,0.376103,3.168093,,,0.244805,0.115105
dedicated_trend,趋势专属分支,002430.SZ,杭氧股份,2022-05-30,0.231363,trend,63.666366,68.826669,63.530569,68.577707,True,7.256637,1.404451,0.342514,0.157253,4.112149,,,0.231363,0.104084
dedicated_trend,趋势专属分支,600438.SH,通威股份,2022-05-31,0.302794,trend,105.15326,106.321629,102.956725,105.59724,True,3.220649,1.39458,0.423931,0.215299,7.434367,,,0.302794,0.127762
dedicated_trend,趋势专属分支,688777.SH,中控技术,2022-05-31,0.283519,trend,74.716836,76.682541,73.814217,76.502017,True,2.183523,1.977601,0.364036,0.204677,9.989547,,,0.283519,0.117112
dedicated_trend,趋势专属分支,000963.SZ,华东医药,2022-05-31,0.25395,trend,152.554079,159.519832,152.431872,157.931152,True,2.838196,1.319469,0.368956,0.188099,10.730084,,,0.25395,0.119264
dedicated_trend,趋势专属分支,600582.SH,天地科技,2022-06-01,0.290479,trend,21.389465,21.978939,20.968413,21.768413,True,2.579365,1.363467,0.47225,0.220869,9.618378,,,0.290479,0.121325
dedicated_trend,趋势专属分支,300586.SZ,美联新材,2022-06-01,0.275671,trend,59.109694,62.46378,58.477765,61.929071,True,5.463576,2.156122,0.249764,0.192787,10.456979,,,0.275671,0.108361
dedicated_trend,趋势专属分支,600018.SH,上港集团,2022-06-01,0.262826,trend,8.876642,9.217505,8.862439,9.132289,True,2.88,1.351936,0.604661,0.323403,3.470195,,,0.262826,0.11498
dedicated_trend,趋势专属分支,300124.SZ,汇川技术,2022-06-02,0.343222,trend,1494.597113,1571.211937,1473.68005,1559.050854,True,4.653061,1.799851,0.409884,0.323968,5.300865,,,0.343222,0.123734
dedicated_trend,趋势专属分支,601615.SH,明阳智能,2022-06-02,0.342614,trend,25.635634,26.716532,25.513268,26.655349,True,4.06051,1.392383,0.284825,0.420759,3.409381,,,0.342614,0.121427
dedicated_trend,趋势专属分支,000559.SZ,万向钱潮,2022-06-02,0.285115,trend,16.961651,17.419249,16.870131,17.266716,True,2.350814,1.698914,0.586645,0.252528,3.051997,,,0.285115,0.105771
dedicated_trend,趋势专属分支,600179.SH,安通控股,2022-06-06,0.34695,trend,5.893709,6.118659,5.848718,6.103663,True,3.562341,1.382856,0.459903,0.244158,7.238571,,,0.34695,0.126283
dedicated_trend,趋势专属分支,000883.SZ,湖北能源,2022-06-06,0.292278,trend,11.631606,12.090748,11.555082,12.090748,True,4.635762,2.513756,0.498522,0.258641,7.552191,,,0.292278,0.117989
dedicated_trend,趋势专属分支,600537.SH,亿晶光电,2022-06-06,0.284659,trend,9.223483,9.584771,9.20223,9.563519,True,4.166667,1.726313,0.206461,0.137388,7.854418,,,0.284659,0.118057
dedicated_trend,趋势专属分支,600862.SH,中航高科,2022-06-07,0.334459,trend,51.786608,53.941818,51.622402,53.572354,True,2.796377,1.343293,0.245197,0.249475,7.319097,,,0.334459,0.119208
dedicated_trend,趋势专属分支,002312.SZ,川发龙蟒,2022-06-07,0.320068,trend,209.563605,217.938867,209.381534,216.66437,True,2.497847,1.954854,0.414263,0.201991,3.163006,,,0.320068,0.117297
dedicated_trend,趋势专属分支,000768.SZ,中航西飞,2022-06-07,0.251975,trend,29.361148,31.107458,29.329589,30.84446,True,4.527629,2.004875,0.209203,0.204179,12.665078,,,0.251975,0.115303
dedicated_trend,趋势专属分支,601888.SH,中国中免,2022-06-08,0.283028,trend,410.997387,421.928169,408.374,418.780104,True,3.658009,1.41132,0.561925,0.226989,9.937,,,0.283028,0.103974
dedicated_trend,趋势专属分支,002250.SZ,联化科技,2022-06-08,0.2808,trend,91.083703,95.002559,90.311808,94.46817,True,3.244646,1.551694,0.359927,0.295442,2.091182,,,0.2808,0.107983
dedicated_trend,趋势专属分支,002304.SZ,洋河股份,2022-06-08,0.275779,trend,710.672203,728.455077,701.887892,727.169568,True,3.104684,1.561257,0.424075,0.293206,2.212318,,,0.275779,0.120363
dedicated_trend,趋势专属分支,002125.SZ,湘潭电化,2022-06-09,0.241789,trend,57.083373,58.573585,55.800136,58.283821,True,4.296296,2.393955,0.220885,0.18097,12.893021,,,0.241789,0.109042
dedicated_trend,趋势专属分支,600256.SH,广汇能源,2022-06-09,0.208689,trend,65.400679,69.883543,64.847998,69.330861,True,4.63392,1.377876,0.24538,0.176526,2.896277,,,0.208689,0.099384
dedicated_trend,趋势专属分支,603599.SH,广信股份,2022-06-10,0.271367,trend,82.489671,87.514423,82.489671,86.697901,True,3.966859,1.677573,0.348461,0.255357,5.217649,,,0.271367,0.128546
dedicated_trend,趋势专属分支,600025.SH,华能水电,2022-06-10,0.268898,trend,7.897775,8.315826,7.829983,8.259333,True,4.577969,1.891291,0.451631,0.336715,-3.056473,,,0.268898,0.117691
dedicated_trend,趋势专属分支,000776.SZ,广发证券,2022-06-10,0.252697,trend,47.120747,49.803495,46.987937,49.591,True,4.069119,1.494065,0.479291,0.207409,3.59953,,,0.252697,0.114842
dedicated_trend,趋势专属分支,601615.SH,明阳智能,2022-06-13,0.339136,trend,26.523747,28.282398,26.225496,28.086992,True,4.796623,1.469094,0.300662,0.238494,6.00743,,,0.339136,0.122089
dedicated_trend,趋势专属分支,002167.SZ,东方锆业,2022-06-13,0.331599,trend,43.733299,44.214545,42.891117,44.094234,True,2.374302,1.386506,0.285329,0.284612,5.195231,,,0.331599,0.120897
dedicated_trend,趋势专属分支,300124.SZ,汇川技术,2022-06-13,0.325304,trend,1581.184025,1621.802042,1559.050854,1619.856269,True,2.445778,1.68755,0.324087,0.238106,5.419226,,,0.325304,0.126556
dedicated_trend,趋势专属分支,600126.SH,杭钢股份,2022-06-14,0.316773,trend,8.184727,8.346947,8.081496,8.3322,True,2.540835,1.333677,0.436577,0.174495,4.911204,,,0.316773,0.125146
dedicated_trend,趋势专属分支,002500.SZ,山西证券,2022-06-14,0.316425,trend,6.522879,6.9232,6.487557,6.86433,True,4.856115,2.277104,0.537035,0.15,8.626591,,,0.316425,0.117954
dedicated_trend,趋势专属分支,600160.SH,巨化股份,2022-06-14,0.300574,trend,48.560757,52.049203,48.560757,51.533864,True,4.166667,1.93983,0.343443,0.19581,8.873447,,,0.300574,0.119007
dedicated_trend,趋势专属分支,002445.SZ,中南文化,2022-06-16,0.227033,trend,16.51443,17.812507,16.081737,17.668276,True,5.150215,4.373792,0.446278,0.09,6.772612,,,0.227033,0.101026
dedicated_trend,趋势专属分支,300487.SZ,蓝晓科技,2022-06-16,0.195476,trend,218.068656,225.630839,216.178111,224.974935,True,3.588559,1.498579,0.247061,0.162544,10.067152,,,0.195476,0.109943
dedicated_trend,趋势专属分支,300871.SZ,回盛生物,2022-06-16,0.194823,trend,34.60073,36.908471,33.985333,36.616157,True,5.777778,1.812769,0.244687,0.223374,4.638329,,,0.194823,0.108643
dedicated_trend,趋势专属分支,300481.SZ,濮阳惠成,2022-06-17,0.320617,trend,74.268928,76.445663,73.879064,76.315709,True,2.442215,1.369018,0.395745,0.381849,-0.780802,,,0.320617,0.1285
dedicated_trend,趋势专属分支,600436.SH,片仔癀,2022-06-17,0.313891,trend,1468.502635,1534.320404,1460.523357,1525.16903,True,3.788692,1.443034,0.645547,0.081656,7.02447,,,0.313891,0.123698
dedicated_trend,趋势专属分支,600309.SH,万华化学,2022-06-17,0.288842,trend,201.231635,214.512923,201.231635,212.768916,True,5.440443,1.564223,0.463908,0.060009,11.108175,,,0.288842,0.118369
dedicated_trend,趋势专属分支,002741.SZ,光华科技,2022-06-20,0.335281,trend,53.798235,55.636443,53.798235,55.391349,True,3.196347,1.328464,0.25284,0.255238,-0.030244,,,0.335281,0.121475
dedicated_trend,趋势专属分支,300009.SZ,安科生物,2022-06-20,0.309763,trend,179.880047,186.185121,178.767387,185.072461,True,2.674897,2.185132,0.339606,0.223936,5.245474,,,0.309763,0.123166
dedicated_trend,趋势专属分支,000963.SZ,华东医药,2022-06-20,0.283971,trend,173.534606,182.231849,172.467963,181.329305,True,4.714523,1.392907,0.246739,0.157221,11.555714,,,0.283971,0.123221
dedicated_trend,趋势专属分支,300518.SZ,新迅达,2022-06-21,0.303841,trend,62.30634,63.813751,61.904363,63.532368,True,2.148974,1.667967,0.27147,0.169741,7.759627,,,0.303841,0.129374
dedicated_trend,趋势专属分支,600882.SH,妙可蓝多,2022-06-21,0.242721,trend,42.92714,45.622313,42.818464,45.383225,True,4.687892,1.434503,0.267903,0.119435,7.265218,,,0.242721,0.105889
dedicated_trend,趋势专属分支,000525.SZ,红太阳,2022-06-21,0.242378,trend,13.77154,13.996198,13.34469,13.996198,True,4.970514,1.470154,0.340249,0.288174,10.807914,,,0.242378,0.096
dedicated_trend,趋势专属分支,601869.SH,长飞光纤,2022-06-22,0.300582,trend,31.058651,31.713503,30.538928,31.56798,True,2.152708,1.624473,0.285144,0.311624,3.737164,,,0.300582,0.121334
dedicated_trend,趋势专属分支,688386.SH,泛亚微透,2022-06-22,0.194798,trend,44.510815,48.715288,43.47991,48.311011,True,8.883827,1.803184,0.212312,0.093707,12.632534,,,0.194798,0.086947
dedicated_trend,趋势专属分支,600660.SH,福耀玻璃,2022-06-23,0.314579,trend,69.34808,72.867532,69.34808,72.55359,True,5.022722,1.552133,0.269195,0.285927,4.713778,,,0.314579,0.131495
dedicated_trend,趋势专属分支,002452.SZ,长高电新,2022-06-23,0.301055,trend,37.771413,39.654278,37.6573,39.368996,True,3.915663,1.512676,0.250601,0.236321,6.904303,,,0.301055,0.117768
dedicated_trend,趋势专属分支,600760.SH,中航沈飞,2022-06-23,0.299129,trend,78.408621,83.99401,78.209651,83.823463,True,6.519776,1.820482,0.305052,0.329245,1.462795,,,0.299129,0.104871
dedicated_trend,趋势专属分支,002254.SZ,泰和新材,2022-06-24,0.344975,trend,70.731349,72.938944,70.069071,72.409122,True,2.628285,2.164631,0.31172,0.243896,4.719021,,,0.344975,0.123183
dedicated_trend,趋势专属分支,600143.SH,金发科技,2022-06-24,0.336393,trend,18.692804,19.73698,18.631382,19.614136,True,5.274725,1.730127,0.458857,0.290292,-1.760005,,,0.336393,0.122741
dedicated_trend,趋势专属分支,301217.SZ,铜冠铜箔,2022-06-24,0.328531,trend,15.210905,15.766785,15.150264,15.675823,True,4.024145,1.959004,0.30049,0.280476,-0.343786,,,0.328531,0.082848
dedicated_trend,趋势专属分支,600329.SH,达仁堂,2022-06-27,0.347313,trend,57.11401,59.655001,56.414655,59.585065,True,5.185185,1.754706,0.19611,0.239515,0.41526,,,0.347313,0.126293
dedicated_trend,趋势专属分支,603610.SH,麒盛科技,2022-06-27,0.309067,trend,34.575649,35.97702,33.887703,35.798664,True,4.074074,2.298238,0.552132,0.173349,4.719677,,,0.309067,0.119163
dedicated_trend,趋势专属分支,002611.SZ,东方精工,2022-06-27,0.280281,trend,30.70107,32.090259,30.492692,31.95134,True,4.30839,2.083552,0.434349,0.082923,3.963107,,,0.280281,0.111059
dedicated_trend,趋势专属分支,002338.SZ,奥普光电,2022-06-28,0.318462,trend,57.117135,59.594819,56.888928,59.594819,True,3.510759,1.554962,0.342146,0.265086,2.070207,,,0.318462,0.123721
dedicated_trend,趋势专属分支,300406.SZ,九强生物,2022-06-28,0.301185,trend,76.716951,77.699406,75.008333,77.528544,True,3.477765,2.179439,0.283657,0.196856,2.853682,,,0.301185,0.130985
dedicated_trend,趋势专属分支,000811.SZ,冰轮环境,2022-06-28,0.296729,trend,39.767428,41.105398,39.172775,40.956734,True,2.894491,1.84655,0.276737,0.087316,4.624744,,,0.296729,0.105512
dedicated_trend,趋势专属分支,603208.SH,江山欧派,2022-06-29,0.193129,trend,85.611774,94.280437,84.871936,93.34517,True,8.908795,2.039602,0.216604,0.197657,23.325951,,,0.193129,0.102651
dedicated_trend,趋势专属分支,600211.SH,西藏药业,2022-06-30,0.352447,trend,64.221318,66.607596,63.901012,66.479474,True,3.775,1.794713,0.354307,0.287553,-0.837095,,,0.352447,0.124857
dedicated_trend,趋势专属分支,002043.SZ,兔宝宝,2022-06-30,0.281703,trend,40.670494,43.07375,39.968004,42.888885,True,5.936073,1.454268,0.315198,0.09,16.963939,,,0.281703,0.122496
dedicated_trend,趋势专属分支,300015.SZ,爱尔眼科,2022-06-30,0.271262,trend,1557.515775,1688.059005,1557.515775,1679.431148,True,7.879518,1.585181,0.279768,0.103973,12.442873,,,0.271262,0.110948
dedicated_trend,趋势专属分支,300633.SZ,开立医疗,2022-07-01,0.309446,trend,30.375245,32.366735,30.194201,32.23598,True,6.726607,2.197012,0.347558,0.12854,5.391568,,,0.309446,0.129481
dedicated_trend,趋势专属分支,603387.SH,基蛋生物,2022-07-01,0.288774,trend,58.660158,59.555112,58.009283,59.473753,True,2.524544,1.47223,0.487452,0.333906,0.249897,,,0.288774,0.119844
dedicated_trend,趋势专属分支,603949.SH,雪龙集团,2022-07-01,0.253994,trend,40.57462,43.70026,40.163738,43.656237,True,8.497447,2.169238,0.496598,0.143533,8.647402,,,0.253994,0.11273
dedicated_trend,趋势专属分支,002299.SZ,圣农发展,2022-07-04,0.313088,trend,47.897713,50.14878,47.797665,49.948685,True,4.281984,1.602089,0.369384,0.323535,-1.150519,,,0.313088,0.106765
dedicated_trend,趋势专属分支,300381.SZ,溢多利,2022-07-04,0.303512,trend,66.388726,69.806258,66.388726,69.299957,True,3.497164,1.506783,0.365578,0.181218,8.024785,,,0.303512,0.126377
dedicated_trend,趋势专属分支,300888.SZ,稳健医疗,2022-07-04,0.298602,trend,69.909258,71.567633,68.817409,71.402826,True,2.620281,1.355512,0.470109,0.150382,4.437712,,,0.298602,0.123962
dedicated_trend,趋势专属分支,601619.SH,嘉泽新能,2022-07-05,0.311133,trend,4.522146,4.63919,4.490225,4.628549,True,2.352941,2.107693,0.56336,0.313461,0.027838,,,0.311133,0.121429
dedicated_trend,趋势专属分支,603500.SH,祥和实业,2022-07-05,0.271488,trend,31.591651,32.848613,31.172663,32.806714,True,4.539386,1.738254,0.458834,0.376368,2.450742,,,0.271488,0.118456
dedicated_trend,趋势专属分支,300181.SZ,佐力药业,2022-07-05,0.257128,trend,80.317576,82.95712,78.281355,82.127549,True,3.615604,1.55359,0.24291,0.06,12.67981,,,0.257128,0.119492
dedicated_trend,趋势专属分支,600642.SH,申能股份,2022-07-06,0.25891,trend,13.18525,13.775634,13.141518,13.775634,True,4.477612,2.938871,0.625983,0.132415,8.30979,,,0.25891,0.104888
dedicated_trend,趋势专属分支,300729.SZ,乐歌股份,2022-07-06,0.256631,trend,38.918472,40.399422,37.764203,40.377643,True,3.749301,2.018066,0.505451,0.430419,0.449661,,,0.256631,0.117477
dedicated_trend,趋势专属分支,688188.SH,柏楚电子,2022-07-06,0.190502,trend,313.211277,331.873757,310.169563,329.628005,True,4.515751,1.397453,0.42576,0.12106,14.96053,,,0.190502,0.096461
dedicated_trend,趋势专属分支,002560.SZ,通达股份,2022-07-07,0.25927,trend,26.144706,27.371562,25.763958,27.244646,True,5.400982,2.18124,0.348846,0.209493,3.280992,,,0.25927,0.116434
dedicated_trend,趋势专属分支,603355.SH,莱克电气,2022-07-07,0.244654,trend,40.835009,44.597628,40.395222,44.467321,True,8.982036,2.375117,0.343731,0.16815,9.592467,,,0.244654,0.113357
dedicated_trend,趋势专属分支,300040.SZ,九洲集团,2022-07-07,0.232848,trend,43.975857,46.678284,43.730182,46.37119,True,5.742297,1.94441,0.489186,0.268773,-0.950497,,,0.232848,0.104943
dedicated_trend,趋势专属分支,605369.SH,拱东医疗,2022-07-08,0.302709,trend,185.814729,201.278758,183.177003,199.959895,True,8.381775,1.845678,0.294756,0.198083,11.579576,,,0.302709,0.121991
dedicated_trend,趋势专属分支,600886.SH,国投电力,2022-07-08,0.242044,trend,35.570047,36.676671,35.506812,36.613435,True,2.933333,1.487967,0.595621,0.144734,11.110214,,,0.242044,0.114393
dedicated_trend,趋势专属分支,600060.SH,海信视像,2022-07-08,0.224477,trend,33.548636,35.748546,33.411141,35.721047,True,6.650246,2.755937,0.476704,0.255967,1.108509,,,0.224477,0.104308
dedicated_trend,趋势专属分支,600713.SH,南京医药,2022-07-11,0.268258,trend,11.084988,11.603189,10.972336,11.535597,True,4.918033,3.004349,0.603413,0.335801,7.366938,,,0.268258,0.119365
dedicated_trend,趋势专属分支,002649.SZ,博彦科技,2022-07-11,0.266987,trend,52.745484,55.395498,52.286827,55.140689,True,4.946654,2.792998,0.4924,0.03,9.25203,,,0.266987,0.120159
dedicated_trend,趋势专属分支,600839.SH,四川长虹,2022-07-11,0.266117,trend,5.873361,6.06849,5.814823,6.029464,True,2.657807,2.143392,0.60194,0.272071,7.839062,,,0.266117,0.103252
dedicated_trend,趋势专属分支,000995.SZ,皇台酒业,2022-07-12,0.281826,trend,18.88,19.57,18.79,19.44,True,2.966102,1.506015,0.27784,0.228344,18.02388,,,0.281826,0.119873
dedicated_trend,趋势专属分支,002807.SZ,江阴银行,2022-07-12,0.275812,trend,6.571467,6.755185,6.514938,6.698656,True,2.819957,1.460396,0.546831,0.237366,14.171931,,,0.275812,0.121547
dedicated_trend,趋势专属分支,600908.SH,无锡银行,2022-07-12,0.274804,trend,7.013246,7.249383,7.001439,7.178542,True,2.529511,2.778511,0.681913,0.153581,16.083536,,,0.274804,0.124292
dedicated_trend,趋势专属分支,002546.SZ,新联电子,2022-07-13,0.26867,trend,42.346971,43.387437,41.722691,43.28339,True,2.716049,1.805051,0.487577,0.100056,12.897679,,,0.26867,0.124134
dedicated_trend,趋势专属分支,600590.SH,泰豪科技,2022-07-13,0.258514,trend,10.836624,11.461165,10.718468,11.444286,True,6.436421,1.691144,0.471492,0.305233,6.406846,,,0.258514,0.105589
dedicated_trend,趋势专属分支,600905.SH,三峡能源,2022-07-13,0.253064,trend,6.637183,6.888592,6.61707,6.858423,True,3.333333,1.355098,0.56785,0.232078,9.830359,,,0.253064,0.106195
dedicated_trend,趋势专属分支,300423.SZ,昇辉科技,2022-07-14,0.286875,trend,36.100797,38.732444,35.932102,38.361314,True,6.261682,2.366989,0.407204,0.140674,8.716094,,,0.286875,0.117931
dedicated_trend,趋势专属分支,300444.SZ,双杰电气,2022-07-14,0.286215,trend,22.630397,23.440071,22.306527,23.237652,True,2.5,1.78795,0.397379,0.238441,10.722467,,,0.286215,0.116505
dedicated_trend,趋势专属分支,600433.SH,冠豪高新,2022-07-14,0.281112,trend,18.769146,19.995271,18.674829,19.948113,True,6.549118,2.448998,0.29606,0.25652,16.132914,,,0.281112,0.124437
dedicated_trend,趋势专属分支,002785.SZ,万里石,2022-07-15,0.209555,trend,25.691622,27.235325,25.691622,26.994748,True,2.551409,1.384308,0.374934,0.113085,18.850106,,,0.209555,0.092966
dedicated_trend,趋势专属分支,688359.SH,三孚新科,2022-07-15,0.181385,trend,42.889827,45.903164,42.779338,45.832853,True,6.215084,1.470166,0.244656,0.097976,18.988334,,,0.181385,0.083361
dedicated_trend,趋势专属分支,300092.SZ,科新机电,2022-07-18,0.303963,trend,26.860291,28.131937,26.860291,27.976226,True,4.054054,1.607259,0.510721,0.334877,10.523014,,,0.303963,0.119705
dedicated_trend,趋势专属分支,301090.SZ,华润材料,2022-07-18,0.268272,trend,11.653604,12.125776,11.523004,12.005222,True,4.18483,3.653637,0.441267,0.252412,15.481341,,,0.268272,0.119823
dedicated_trend,趋势专属分支,002573.SZ,清新环境,2022-07-18,0.260129,trend,48.698469,51.977019,48.53854,51.577196,True,6.435644,2.556483,0.633659,0.128472,12.384512,,,0.260129,0.106195
dedicated_trend,趋势专属分支,603927.SH,中科软,2022-07-19,0.321259,trend,34.148016,35.834881,34.118679,35.74687,True,4.772141,2.390995,0.553744,0.477797,12.546039,,,0.321259,0.12234
dedicated_trend,趋势专属分支,600846.SH,同济科技,2022-07-19,0.305698,trend,17.409829,17.961176,17.240184,17.791531,True,2.442002,1.887597,0.650166,0.247861,10.174457,,,0.305698,0.127444
dedicated_trend,趋势专属分支,600116.SH,三峡水利,2022-07-19,0.259206,trend,35.745772,37.485309,35.404687,37.280658,True,3.308129,2.0619,0.428865,0.248707,13.337236,,,0.259206,0.114713
dedicated_trend,趋势专属分支,600682.SH,南京新百,2022-07-20,0.328404,trend,21.257487,21.88081,21.064041,21.816329,True,3.571429,1.999786,0.676903,0.295705,8.149862,,,0.328404,0.12206
dedicated_trend,趋势专属分支,600919.SH,江苏银行,2022-07-20,0.305115,trend,9.774836,10.031713,9.734277,9.964114,True,2.64624,1.303895,0.623949,0.173745,7.559291,,,0.305115,0.117016
dedicated_trend,趋势专属分支,000997.SZ,新大陆,2022-07-20,0.295338,trend,26.506016,26.980751,26.169746,26.96097,True,3.257576,1.734846,0.618679,0.267416,11.37518,,,0.295338,0.120153
dedicated_trend,趋势专属分支,603859.SH,能科科技,2022-07-21,0.270258,trend,31.12862,32.531543,30.843969,32.226559,True,3.493307,2.051371,0.417674,0.176166,11.654038,,,0.270258,0.120127
dedicated_trend,趋势专属分支,002366.SZ,融发核电,2022-07-21,0.22074,trend,11.122428,11.612094,11.00584,11.612094,True,5.063291,1.379195,0.25,0.175224,21.844346,,,0.22074,0.118096
dedicated_trend,趋势专属分支,002624.SZ,完美世界,2022-07-21,0.194485,trend,49.525761,51.646339,49.081124,51.167499,True,3.816794,2.255754,0.518071,0.290459,15.236981,,,0.194485,0.11514
dedicated_trend,趋势专属分支,000559.SZ,万向钱潮,2022-07-22,0.234509,trend,19.402176,19.981801,19.28015,19.859775,True,3.006329,1.901627,0.449157,0.159686,12.802468,,,0.234509,0.103735
dedicated_trend,趋势专属分支,601330.SH,绿色动力,2022-07-22,0.228651,trend,8.430139,8.714657,8.409064,8.714657,True,3.375,1.861492,0.631551,0.22155,11.233923,,,0.228651,0.102435
dedicated_trend,趋势专属分支,600353.SH,旭光电子,2022-07-22,0.184877,trend,40.727149,43.283428,39.600654,43.110121,True,5.851064,1.352212,0.247642,0.149818,12.103118,,,0.184877,0.100613
dedicated_trend,趋势专属分支,002017.SZ,东信和平,2022-07-25,0.283273,trend,26.786332,27.524367,26.395608,27.459247,True,2.512156,2.287751,0.44391,0.313853,11.379936,,,0.283273,0.120333
dedicated_trend,趋势专属分支,002316.SZ,亚联发展,2022-07-25,0.227105,trend,11.61058,12.444673,11.61058,12.444673,True,5.070423,1.539408,0.25,0.138715,53.059475,,,0.227105,0.11395
dedicated_trend,趋势专属分支,603055.SH,台华新材,2022-07-25,0.164585,trend,22.098648,23.084795,21.844641,23.084795,True,4.462475,1.99254,0.247944,0.15,29.82337,,,0.164585,0.071559
dedicated_trend,趋势专属分支,002675.SZ,东诚药业,2022-07-26,0.312127,trend,72.55098,77.497638,71.726537,77.188472,True,6.619217,1.802339,0.302245,0.165,16.887594,,,0.312127,0.128937
dedicated_trend,趋势专属分支,002522.SZ,浙江众成,2022-07-26,0.264324,trend,50.295823,52.427002,49.358104,52.086013,True,3.209459,1.566869,0.482579,0.135,14.716266,,,0.264324,0.107247
dedicated_trend,趋势专属分支,000981.SZ,山子高科,2022-07-26,0.257754,trend,9.144866,9.53759,9.088762,9.481487,True,3.680982,2.070413,0.481193,0.467346,9.901451,,,0.257754,0.11735
dedicated_trend,趋势专属分支,000030.SZ,富奥股份,2022-07-27,0.289545,trend,10.191299,10.726743,10.102058,10.619654,True,3.839442,1.467273,0.494743,0.466081,4.817535,,,0.289545,0.118796
dedicated_trend,趋势专属分支,688559.SH,海目星,2022-07-27,0.268521,trend,78.58,85.2,77.79,85.0,True,7.881711,2.026515,0.24907,0.25429,21.195639,,,0.268521,0.112865
dedicated_trend,趋势专属分支,002299.SZ,圣农发展,2022-07-27,0.256915,trend,47.897713,49.998709,47.522535,49.848638,True,4.290947,2.126877,0.575057,0.213966,9.266774,,,0.256915,0.121465
dedicated_trend,趋势专属分支,002752.SZ,昇兴股份,2022-07-28,0.277265,trend,10.222009,10.282139,10.041621,10.242053,True,2.2,1.481087,0.533829,0.351848,6.09222,,,0.277265,0.119258
dedicated_trend,趋势专属分支,603966.SH,法兰泰克,2022-07-28,0.269071,trend,22.652036,23.300923,22.337425,23.104291,True,3.524229,1.308383,0.368603,0.223379,9.92979,,,0.269071,0.119013
dedicated_trend,趋势专属分支,300174.SZ,元力股份,2022-07-28,0.257432,trend,60.018265,63.239693,60.018265,62.817839,True,4.664537,2.312098,0.566792,0.43563,3.591818,,,0.257432,0.115194
dedicated_trend,趋势专属分支,600106.SH,重庆路桥,2022-07-29,0.271878,trend,17.393617,18.134601,17.27662,18.095602,True,4.035874,1.518188,0.589506,0.257086,12.322134,,,0.271878,0.117753
dedicated_trend,趋势专属分支,002771.SZ,真视通,2022-07-29,0.266638,trend,25.788727,27.016762,25.655245,26.909976,True,4.239917,1.668673,0.3652,0.09,19.191694,,,0.266638,0.127788
dedicated_trend,趋势专属分支,002022.SZ,科华生物,2022-07-29,0.260847,trend,13.114062,13.815348,13.114062,13.815348,True,5.010661,1.950804,0.475109,0.168701,24.196183,,,0.260847,0.121102
dedicated_trend,趋势专属分支,002318.SZ,久立特材,2022-08-01,0.283767,trend,102.132837,106.368486,102.132837,106.189515,True,2.71206,1.506484,0.648089,0.12465,15.150201,,,0.283767,0.1208
dedicated_trend,趋势专属分支,300228.SZ,富瑞特装,2022-08-01,0.263028,trend,43.372332,44.925968,42.919188,44.537559,True,3.148426,1.716414,0.55334,0.384566,8.42987,,,0.263028,0.11471
dedicated_trend,趋势专属分支,002815.SZ,崇达技术,2022-08-01,0.2492,trend,28.298856,29.976654,28.164632,29.752947,True,5.30483,1.772851,0.527498,0.262686,10.550706,,,0.2492,0.114199
dedicated_trend,趋势专属分支,600378.SH,昊华科技,2022-08-02,0.261774,trend,56.503784,58.88507,55.908462,58.548584,True,3.169897,1.941963,0.453015,0.190491,17.756561,,,0.261774,0.118705
dedicated_trend,趋势专属分支,300298.SZ,三诺生物,2022-08-02,0.222383,trend,202.511169,208.541279,197.297637,207.661888,True,2.543424,1.631753,0.2479,0.299846,15.415676,,,0.222383,0.102991
dedicated_trend,趋势专属分支,603566.SH,普莱柯,2022-08-02,0.199857,trend,62.809806,66.269023,60.895271,65.855657,True,4.37931,2.86495,0.386523,0.195687,21.951784,,,0.199857,0.099707
dedicated_trend,趋势专属分支,688276.SH,百克生物,2022-08-03,0.228642,trend,61.904817,64.839786,59.801255,64.589362,True,6.052632,1.964755,0.209776,0.236615,13.231331,,,0.228642,0.106139
dedicated_trend,趋势专属分支,002409.SZ,雅克科技,2022-08-03,0.180345,trend,177.627664,191.93559,173.535153,190.381071,True,9.009991,2.591485,0.429698,0.165,25.830328,,,0.180345,0.092498
dedicated_trend,趋势专属分支,603383.SH,顶点软件,2022-08-04,0.271854,trend,51.694429,55.135164,51.4859,54.947487,True,6.550748,2.141979,0.579644,0.165,15.351014,,,0.271854,0.121831
dedicated_trend,趋势专属分支,600009.SH,上海机场,2022-08-04,0.261395,trend,66.64325,68.240781,65.594126,67.883125,True,2.446923,1.516226,0.526793,0.208092,14.866479,,,0.261395,0.117642
dedicated_trend,趋势专属分支,002908.SZ,德生科技,2022-08-04,0.261113,trend,27.957972,29.484538,27.957972,29.440922,True,5.882353,1.684259,0.510967,0.155381,12.753542,,,0.261113,0.114573
dedicated_trend,趋势专属分支,002449.SZ,国星光电,2022-08-05,0.313419,trend,26.284521,27.17086,25.856634,27.048606,True,3.508772,2.89364,0.487554,0.248798,8.932096,,,0.313419,0.120333
dedicated_trend,趋势专属分支,002474.SZ,榕基软件,2022-08-05,0.282596,trend,38.453412,40.209849,38.265223,40.084389,True,4.071661,1.849868,0.640739,0.401738,5.652561,,,0.282596,0.122741
dedicated_trend,趋势专属分支,688777.SH,中控技术,2022-08-05,0.270985,trend,80.989806,84.092786,80.113314,84.022264,True,4.302151,1.997498,0.512931,0.312648,9.462315,,,0.270985,0.11822
dedicated_trend,趋势专属分支,600850.SH,电科数字,2022-08-08,0.296245,trend,37.5624,39.256945,36.922239,39.068662,True,4.69223,3.228937,0.683559,0.106881,12.495322,,,0.296245,0.118338
dedicated_trend,趋势专属分支,605589.SH,圣泉集团,2022-08-08,0.272453,trend,24.98134,26.059163,24.840316,25.908067,True,4.171729,3.150997,0.667118,0.166583,13.553661,,,0.272453,0.116029
dedicated_trend,趋势专属分支,688106.SH,金宏气体,2022-08-08,0.2681,trend,22.432838,22.699164,21.551914,22.545514,True,2.515137,2.238406,0.409942,0.140013,16.647817,,,0.2681,0.117791
dedicated_trend,趋势专属分支,002022.SZ,科华生物,2022-08-09,0.274746,trend,15.596617,15.596617,15.316102,15.596617,True,5.004721,1.648444,0.309537,0.075,21.68213,,,0.274746,0.123426
dedicated_trend,趋势专属分支,300627.SZ,华测导航,2022-08-09,0.240582,trend,142.660108,148.345244,140.287893,147.977142,True,4.899971,1.427951,0.374536,0.169936,14.3679,,,0.240582,0.106363
dedicated_trend,趋势专属分支,600188.SH,兖矿能源,2022-08-09,0.231631,trend,62.1179,65.372986,61.591341,65.069816,True,5.265875,1.48075,0.508649,0.155938,11.647559,,,0.231631,0.09657
dedicated_trend,趋势专属分支,600761.SH,安徽合力,2022-08-10,0.287893,trend,34.402179,36.056967,34.402179,35.882779,True,3.517588,1.465534,0.392824,0.284019,6.333292,,,0.287893,0.120845
dedicated_trend,趋势专属分支,603086.SH,先达股份,2022-08-10,0.230827,trend,50.280611,52.976403,49.913003,52.894712,True,4.35133,1.359518,0.329893,0.206286,14.07889,,,0.230827,0.102395
dedicated_trend,趋势专属分支,688196.SH,卓越新能,2022-08-10,0.221621,trend,92.428518,97.754836,91.075803,97.332112,True,6.203875,1.619308,0.317802,0.198241,19.636778,,,0.221621,0.105058
dedicated_trend,趋势专属分支,002745.SZ,木林森,2022-08-11,0.267671,trend,21.551511,22.842021,21.530002,22.734478,True,5.174129,1.374235,0.55845,0.182169,7.961175,,,0.267671,0.107921
dedicated_trend,趋势专属分支,300134.SZ,大富科技,2022-08-11,0.26075,trend,37.470185,38.681692,37.470185,38.508619,True,3.128621,1.402287,0.539819,0.256646,8.37826,,,0.26075,0.106438
dedicated_trend,趋势专属分支,603393.SH,新天然气,2022-08-11,0.260652,trend,63.543437,64.570947,62.245528,64.516868,True,2.491409,1.441465,0.653048,0.075013,3.916438,,,0.260652,0.117944
dedicated_trend,趋势专属分支,002597.SZ,金禾实业,2022-08-12,0.239562,trend,231.810769,237.884413,229.077629,235.859865,True,2.103418,1.51771,0.509318,0.13198,14.585359,,,0.239562,0.103516
dedicated_trend,趋势专属分支,600500.SH,中化国际,2022-08-12,0.209596,trend,11.317445,12.029845,11.301254,11.981272,True,5.865522,3.16937,0.643492,0.105,13.341368,,,0.209596,0.103001
dedicated_trend,趋势专属分支,603701.SH,德宏股份,2022-08-12,0.145137,trend,38.712522,40.960345,38.355724,40.924666,True,5.714286,2.760105,0.311378,0.015,22.696073,,,0.145137,0.075353
dedicated_trend,趋势专属分支,600794.SH,保税科技,2022-08-15,0.287401,trend,22.066974,22.457046,21.175379,22.234148,True,3.100775,3.109872,0.524622,0.185436,11.524112,,,0.287401,0.117934
dedicated_trend,趋势专属分支,000915.SZ,华特达因,2022-08-15,0.257994,trend,64.264754,67.1029,63.323459,66.746349,True,3.861518,1.654516,0.597326,0.200985,14.721279,,,0.257994,0.108445
dedicated_trend,趋势专属分支,601991.SH,大唐发电,2022-08-15,0.250752,trend,3.767552,3.939406,3.727894,3.912967,True,4.225352,1.799281,0.501727,0.275135,7.317975,,,0.250752,0.113017
dedicated_trend,趋势专属分支,002366.SZ,融发核电,2022-08-16,0.300329,trend,13.057777,13.547443,12.847919,13.547443,True,5.063291,1.586946,0.25,0.225375,18.069622,,,0.300329,0.1234
dedicated_trend,趋势专属分支,002562.SZ,兄弟科技,2022-08-16,0.290958,trend,46.106632,47.254235,45.904114,47.254235,True,2.489019,1.89575,0.53586,0.197671,18.550722,,,0.290958,0.11435
dedicated_trend,趋势专属分支,002768.SZ,国恩股份,2022-08-16,0.285502,trend,88.171298,90.985275,86.826842,90.516279,True,3.726263,2.12964,0.511001,0.121997,17.118172,,,0.285502,0.119367
dedicated_trend,趋势专属分支,600143.SH,金发科技,2022-08-17,0.284598,trend,20.69926,22.173392,20.658312,21.968651,True,6.027668,1.880414,0.437692,0.230598,6.930725,,,0.284598,0.122157
dedicated_trend,趋势专属分支,000948.SZ,南天信息,2022-08-17,0.279146,trend,18.987876,20.200824,18.733306,20.185849,True,6.058222,1.944064,0.583623,0.092514,9.589479,,,0.279146,0.119932
dedicated_trend,趋势专属分支,300830.SZ,金现代,2022-08-17,0.257718,trend,8.973508,9.23595,8.862475,9.23595,True,3.040541,1.483912,0.389941,0.43635,2.707517,,,0.257718,0.103113
dedicated_trend,趋势专属分支,300279.SZ,和晶科技,2022-08-18,0.292758,trend,37.527027,38.912641,37.180624,38.797173,True,3.067485,1.466797,0.539969,0.370256,5.776857,,,0.292758,0.121011
dedicated_trend,趋势专属分支,600987.SH,航民股份,2022-08-18,0.251388,trend,18.495917,20.076764,18.495917,20.045147,True,7.640068,3.987335,0.543597,0.12,24.37937,,,0.251388,0.126102
dedicated_trend,趋势专属分支,300543.SZ,朗科智能,2022-08-18,0.244089,trend,54.506933,57.887567,54.182762,57.563396,True,5.428329,2.299117,0.400982,0.232435,8.475313,,,0.244089,0.100724
dedicated_trend,趋势专属分支,301035.SZ,润丰股份,2022-08-19,0.227742,trend,83.055854,84.792569,80.798124,84.792569,True,2.204162,1.868341,0.589863,0.400211,5.644428,,,0.227742,0.111275
dedicated_trend,趋势专属分支,688597.SH,煜邦电力,2022-08-19,0.223067,trend,21.175305,22.573386,20.971206,22.399901,True,3.100047,1.330092,0.245713,0.174382,14.82172,,,0.223067,0.087324
dedicated_trend,趋势专属分支,000690.SZ,宝新能源,2022-08-19,0.215988,trend,10.63587,11.265091,10.47349,11.163604,True,4.364326,2.024319,0.393775,0.210776,14.01206,,,0.215988,0.09616
dedicated_trend,趋势专属分支,600057.SH,厦门象屿,2022-08-22,0.317314,trend,17.68068,18.227103,17.407469,18.110012,True,2.428256,2.734222,0.636652,0.149436,11.003919,,,0.317314,0.12464
dedicated_trend,趋势专属分支,600515.SH,海南机场,2022-08-22,0.310994,trend,5.095656,5.361516,5.066116,5.361516,True,4.913295,1.754779,0.587778,0.15301,18.99867,,,0.310994,0.124925
dedicated_trend,趋势专属分支,300483.SZ,首华燃气,2022-08-22,0.284558,trend,29.797746,31.284008,29.543994,31.030256,True,5.159705,1.837158,0.458529,0.12448,14.638362,,,0.284558,0.121042
dedicated_trend,趋势专属分支,000726.SZ,鲁泰Ａ,2022-08-23,0.312509,trend,11.730753,12.119288,11.700866,12.0894,True,2.275601,1.691234,0.673991,0.397599,8.914364,,,0.312509,0.121096
dedicated_trend,趋势专属分支,300531.SZ,优博讯,2022-08-23,0.306652,trend,52.865504,55.556581,52.369779,55.27331,True,3.72093,1.870932,0.486097,0.349169,4.439303,,,0.306652,0.120333
dedicated_trend,趋势专属分支,000407.SZ,胜利股份,2022-08-23,0.302262,trend,5.604276,5.832747,5.577397,5.778989,True,3.117506,1.804863,0.607154,0.226266,9.578592,,,0.302262,0.124628
dedicated_trend,趋势专属分支,603000.SH,人民网,2022-08-25,0.341252,trend,49.267307,51.104682,48.711821,50.762845,True,2.946274,2.093623,0.645756,0.168713,8.677919,,,0.341252,0.124627
dedicated_trend,趋势专属分支,601101.SH,昊华能源,2022-08-25,0.285842,trend,31.870937,33.054365,31.62609,32.972749,True,4.123711,2.430605,0.399629,0.174843,17.768781,,,0.285842,0.118011
dedicated_trend,趋势专属分支,601088.SH,中国神华,2022-08-25,0.266814,trend,65.095871,68.635764,64.968689,68.635764,True,4.993515,2.325076,0.589828,0.153289,15.657095,,,0.266814,0.120253
dedicated_trend,趋势专属分支,002829.SZ,星网宇达,2022-08-26,0.27641,trend,76.848079,82.026575,76.848079,81.237664,True,5.434497,1.629091,0.308799,0.189848,13.550389,,,0.27641,0.078846
dedicated_trend,趋势专属分支,600161.SH,天坛生物,2022-08-26,0.262948,trend,66.311698,69.065858,65.82745,68.642141,True,5.097312,3.28181,0.633951,0.251603,9.330375,,,0.262948,0.122231
dedicated_trend,趋势专属分支,300109.SZ,新开源,2022-08-26,0.230663,trend,105.406458,116.589333,104.957347,115.646199,True,9.388275,1.795991,0.245693,0.191236,13.854086,,,0.230663,0.11853
dedicated_trend,趋势专属分支,000403.SZ,派林生物,2022-08-29,0.311111,trend,38.920519,40.182417,38.578004,40.182417,True,3.529958,1.358943,0.426739,0.36872,9.460792,,,0.311111,0.122741
dedicated_trend,趋势专属分支,603888.SH,新华网,2022-08-29,0.309786,trend,47.351388,49.649481,47.004002,49.248651,True,2.903406,3.0275,0.712007,0.156523,9.823585,,,0.309786,0.122218
dedicated_trend,趋势专属分支,600985.SH,淮北矿业,2022-08-29,0.301947,trend,43.017213,45.687647,42.726948,45.426409,True,5.104097,2.615806,0.509549,0.113347,15.375365,,,0.301947,0.128423
dedicated_trend,趋势专属分支,300908.SZ,仲景食品,2022-08-30,0.303681,trend,39.267221,41.371552,38.644094,41.2694,True,6.79355,1.621063,0.457352,0.161111,8.229346,,,0.303681,0.121011
dedicated_trend,趋势专属分支,300119.SZ,瑞普生物,2022-08-30,0.285093,trend,117.276058,125.640025,115.10985,125.158645,True,8.108108,3.020849,0.522771,0.105,18.51392,,,0.285093,0.125636
dedicated_trend,趋势专属分支,002640.SZ,跨境通,2022-08-30,0.260038,trend,40.347087,42.554526,40.224452,42.554526,True,5.151515,1.381408,0.601246,0.105,15.471807,,,0.260038,0.115711
dedicated_trend,趋势专属分支,601628.SH,中国人寿,2022-08-31,0.264417,trend,36.393518,38.373186,36.318814,38.223777,True,4.067797,1.844295,0.499566,0.09,14.145659,,,0.264417,0.113493
dedicated_trend,趋势专属分支,002309.SZ,中利集团,2022-08-31,0.164032,trend,23.500948,24.293115,23.500948,24.293115,True,5.057096,1.382349,0.25,0.165082,19.520796,,,0.164032,0.085794
dedicated_trend,趋势专属分支,600106.SH,重庆路桥,2022-09-01,0.236869,trend,21.33253,22.736499,21.293531,22.6975,True,7.18232,1.450654,0.280054,0.245425,7.005441,,,0.236869,0.120033
dedicated_trend,趋势专属分支,600757.SH,长江传媒,2022-09-02,0.299835,trend,7.370159,7.619151,7.283012,7.569352,True,2.702703,1.365645,0.533123,0.075,21.1288,,,0.299835,0.128452
dedicated_trend,趋势专属分支,601991.SH,大唐发电,2022-09-02,0.192393,trend,4.454966,4.60038,4.428527,4.560721,True,3.603604,1.60696,0.313532,0.065279,14.36087,,,0.192393,0.103989
dedicated_trend,趋势专属分支,600303.SH,曙光股份,2022-09-02,0.159139,trend,14.922849,14.922849,14.571723,14.922849,True,4.938272,1.523869,0.25,0.09,29.397512,,,0.159139,0.081072
dedicated_trend,趋势专属分支,600583.SH,海油工程,2022-09-05,0.308577,trend,6.466988,6.704437,6.466988,6.648567,True,2.807775,1.583159,0.622529,0.12,14.924961,,,0.308577,0.120268
dedicated_trend,趋势专属分支,600425.SH,青松建化,2022-09-05,0.273471,trend,12.010926,12.581581,11.956578,12.472884,True,4.318182,3.457057,0.680827,0.208749,8.525059,,,0.273471,0.120182
dedicated_trend,趋势专属分支,601088.SH,中国神华,2022-09-05,0.251149,trend,66.134522,69.420051,65.498613,69.017309,True,6.196999,1.604559,0.586883,0.199924,11.962617,,,0.251149,0.112781
dedicated_trend,趋势专属分支,600195.SH,中牧股份,2022-09-06,0.323174,trend,37.348853,38.947549,36.935397,38.644348,True,4.083148,1.491761,0.437967,0.341975,7.319759,,,0.323174,0.124633
dedicated_trend,趋势专属分支,601298.SH,青岛港,2022-09-06,0.275393,trend,6.615075,6.745014,6.532387,6.733202,True,2.702703,2.400235,0.732236,0.178412,12.160806,,,0.275393,0.125411
dedicated_trend,趋势专属分支,600642.SH,申能股份,2022-09-06,0.274076,trend,13.761069,14.393762,13.715877,14.34857,True,4.098361,2.142177,0.671879,0.337551,5.199569,,,0.274076,0.122457
dedicated_trend,趋势专属分支,300454.SZ,深信服,2022-09-07,0.242855,trend,105.764072,110.825323,104.508802,109.901444,True,3.714936,1.621148,0.562882,0.170507,18.80678,,,0.242855,0.117931
dedicated_trend,趋势专属分支,600180.SH,瑞茂通,2022-09-07,0.228564,trend,8.59358,8.996065,8.495679,8.919919,True,3.144654,3.105498,0.566581,0.045,10.739179,,,0.228564,0.113376
dedicated_trend,趋势专属分支,001202.SZ,炬申股份,2022-09-07,0.22176,trend,17.319088,18.423011,17.079558,18.423011,True,5.485987,2.879887,0.530691,0.09,21.587991,,,0.22176,0.1152
dedicated_trend,趋势专属分支,688377.SH,迪威尔,2022-09-08,0.2083,trend,40.169622,41.716162,38.997081,41.443243,True,2.34648,1.8884,0.346306,0.124598,12.034676,,,0.2083,0.095404
dedicated_trend,趋势专属分支,600985.SH,淮北矿业,2022-09-09,0.297308,trend,45.339329,46.181097,44.84588,46.035964,True,4.0,1.791875,0.486938,0.196623,6.849386,,,0.297308,0.126796
dedicated_trend,趋势专属分支,600048.SH,保利发展,2022-09-09,0.293341,trend,79.573642,84.441784,79.255166,84.032314,True,5.062571,1.966757,0.546931,0.19813,11.066362,,,0.293341,0.119332
dedicated_trend,趋势专属分支,000651.SZ,格力电器,2022-09-09,0.285832,trend,175.199566,183.880626,174.989116,182.407476,True,4.490657,2.260366,0.64856,0.105,15.326655,,,0.285832,0.126135
dedicated_trend,趋势专属分支,002155.SZ,湖南黄金,2022-09-13,0.259921,trend,25.665287,27.096437,25.550795,26.867453,True,4.684015,1.837825,0.502635,0.283414,13.020355,,,0.259921,0.106242
dedicated_trend,趋势专属分支,600760.SH,中航沈飞,2022-09-13,0.255227,trend,93.800417,96.784976,93.075596,96.117003,True,2.937595,1.506448,0.516042,0.242487,9.207486,,,0.255227,0.106189
dedicated_trend,趋势专属分支,301153.SZ,中科江南,2022-09-13,0.230929,trend,54.27,56.48,54.27,56.14,True,3.028079,1.941481,0.514232,0.293149,10.420584,,,0.230929,0.100275
dedicated_trend,趋势专属分支,600501.SH,航天晨光,2022-09-14,0.231979,trend,15.628649,16.392826,15.554697,16.343525,True,3.432137,1.85185,0.51304,0.223317,7.019301,,,0.231979,0.105285
dedicated_trend,趋势专属分支,003020.SZ,立方制药,2022-09-14,0.220334,trend,41.248481,43.679576,41.168335,43.399065,True,3.175611,1.332023,0.46642,0.075,9.760566,,,0.220334,0.103967
dedicated_trend,趋势专属分支,600419.SH,天润乳业,2022-09-14,0.212009,trend,32.765449,34.511345,32.526285,34.511345,True,3.366762,1.475945,0.482658,0.152786,8.345904,,,0.212009,0.115115
dedicated_trend,趋势专属分支,601006.SH,大秦铁路,2022-09-15,0.252028,trend,13.878738,14.168741,13.878738,14.168741,True,2.089552,2.029866,0.687395,0.240219,7.314558,,,0.252028,0.122953
dedicated_trend,趋势专属分支,601001.SH,晋控煤业,2022-09-15,0.193706,trend,40.987171,42.976,40.5332,42.673353,True,4.278922,1.335257,0.245035,0.038722,20.183709,,,0.193706,0.081378
dedicated_trend,趋势专属分支,603801.SH,志邦家居,2022-09-15,0.187418,trend,54.198478,57.381528,53.89533,57.164994,True,5.515588,1.346375,0.313336,0.09,17.824338,,,0.187418,0.0983
dedicated_trend,趋势专属分支,001267.SZ,汇绿生态,2022-09-21,0.336426,trend,5.606502,5.819407,5.525395,5.778854,True,3.636364,1.350778,0.572471,0.174878,11.416196,,,0.336426,0.122218
dedicated_trend,趋势专属分支,600028.SH,中国石化,2022-09-22,0.250048,trend,11.093354,11.43109,11.067374,11.405111,True,3.294118,1.532425,0.722483,0.249886,7.971739,,,0.250048,0.119318
dedicated_trend,趋势专属分支,600941.SH,中国移动,2022-09-23,0.278704,trend,68.358175,73.260651,68.283734,72.739564,True,6.013639,2.385855,0.584602,0.301174,10.038449,,,0.278704,0.124742
dedicated_trend,趋势专属分支,688270.SH,臻镭科技,2022-09-23,0.168522,trend,106.451838,115.889878,102.863574,115.30691,True,8.124411,1.708001,0.247379,0.075,29.493733,,,0.168522,0.066521
dedicated_trend,趋势专属分支,600515.SH,海南机场,2022-09-27,0.299962,trend,5.538756,5.715997,5.479676,5.671687,True,4.065041,1.858449,0.415849,0.278933,7.722632,,,0.299962,0.124474
dedicated_trend,趋势专属分支,600009.SH,上海机场,2022-09-27,0.286174,trend,70.732452,74.618981,70.732452,74.428231,True,4.310777,1.818978,0.625111,0.284447,10.352915,,,0.286174,0.123406
dedicated_trend,趋势专属分支,600004.SH,白云机场,2022-09-27,0.283331,trend,27.990964,30.107257,27.990964,29.927571,True,6.236712,2.678118,0.660697,0.247159,12.013024,,,0.283331,0.123263
dedicated_trend,趋势专属分支,000620.SZ,盈新发展,2022-09-28,0.132709,trend,4.583326,5.173603,4.513882,5.138881,True,9.359606,2.274167,0.246822,0.03,68.458477,,,0.132709,0.04895
dedicated_trend,趋势专属分支,600985.SH,淮北矿业,2022-09-29,0.250061,trend,43.800927,46.587467,43.539689,46.384282,True,7.972973,1.676127,0.513404,0.201822,8.062488,,,0.250061,0.109412
dedicated_trend,趋势专属分支,603610.SH,麒盛科技,2022-09-29,0.203709,trend,36.282774,39.36579,36.282774,39.060037,True,6.754875,1.492972,0.428172,0.09,14.465714,,,0.203709,0.099218
dedicated_trend,趋势专属分支,002335.SZ,科华数据,2022-09-29,0.194577,trend,249.290386,270.985705,249.290386,268.751498,True,9.093079,1.710492,0.244311,0.215999,33.54518,,,0.194577,0.08256
dedicated_trend,趋势专属分支,605186.SH,健麾信息,2022-10-10,0.213149,trend,34.292088,36.983443,33.63689,36.791923,True,9.445277,2.764864,0.487905,0.204408,20.051351,,,0.213149,0.117623
dedicated_trend,趋势专属分支,002966.SZ,苏州银行,2022-10-11,0.271696,trend,8.280541,8.58275,8.268452,8.534397,True,2.616279,1.768424,0.6267,0.249507,9.964097,,,0.271696,0.131508
dedicated_trend,趋势专属分支,300884.SZ,狄耐克,2022-10-11,0.15648,trend,24.199939,25.634803,24.114276,25.613387,True,3.639515,2.175316,0.597232,0.045,12.867087,,,0.15648,0.064251
dedicated_trend,趋势专属分支,600515.SH,海南机场,2022-10-12,0.277778,trend,5.760307,5.937547,5.730767,5.922777,True,2.035623,1.60921,0.456485,0.143071,16.657071,,,0.277778,0.12325
dedicated_trend,趋势专属分支,002262.SZ,恩华药业,2022-10-12,0.273963,trend,89.593022,93.798997,88.901629,93.683765,True,4.498715,2.671954,0.574609,0.180839,14.888773,,,0.273963,0.13267
dedicated_trend,趋势专属分支,600487.SH,亨通光电,2022-10-12,0.261005,trend,130.685419,137.409876,128.308085,136.119324,True,3.405573,1.405249,0.424038,0.232664,13.777569,,,0.261005,0.108544
dedicated_trend,趋势专属分支,002385.SZ,大北农,2022-10-13,0.290381,trend,84.056546,93.281,83.641964,92.34819,True,8.924205,2.600767,0.408902,0.26122,6.74053,,,0.290381,0.13043
dedicated_trend,趋势专属分支,605507.SH,国邦医药,2022-10-13,0.281589,trend,26.841961,27.79657,26.698256,27.539954,True,2.092846,1.397753,0.504614,0.196455,13.426791,,,0.281589,0.133697
dedicated_trend,趋势专属分支,300575.SZ,中旗股份,2022-10-13,0.274473,trend,82.572187,86.4247,80.945571,86.381894,True,4.61379,1.86704,0.572188,0.131612,13.228267,,,0.274473,0.12507
dedicated_trend,趋势专属分支,600566.SH,济川药业,2022-10-14,0.306116,trend,42.134398,44.680531,42.035838,44.351998,True,5.551212,2.199667,0.516889,0.06,22.68945,,,0.306116,0.149189
dedicated_trend,趋势专属分支,601928.SH,凤凰传媒,2022-10-14,0.304361,trend,12.110895,12.642934,12.012887,12.642934,True,4.272517,1.357425,0.269279,0.442215,5.229484,,,0.304361,0.136179
dedicated_trend,趋势专属分支,600236.SH,桂冠电力,2022-10-14,0.290807,trend,17.778254,18.54566,17.675933,18.417759,True,4.499274,2.771233,0.568926,0.215135,18.578036,,,0.290807,0.138838
dedicated_trend,趋势专属分支,600125.SH,铁龙物流,2022-10-17,0.278054,trend,8.215882,8.528443,8.171231,8.468908,True,2.893309,1.32601,0.649157,0.205419,7.92118,,,0.278054,0.136159
dedicated_trend,趋势专属分支,300124.SZ,汇川技术,2022-10-17,0.265449,trend,1503.051481,1615.908589,1499.875848,1612.244397,True,6.109325,2.813153,0.568868,0.126944,13.933126,,,0.265449,0.129163
dedicated_trend,趋势专属分支,300247.SZ,融捷健康,2022-10-17,0.257574,trend,22.570274,23.894229,22.507229,23.768138,True,4.722222,2.648234,0.633179,0.165,14.6853,,,0.257574,0.124274
dedicated_trend,趋势专属分支,600422.SH,昆药集团,2022-10-18,0.273501,trend,29.390955,30.602708,29.177116,30.31759,True,3.152789,2.524929,0.635234,0.15,14.108931,,,0.273501,0.136873
dedicated_trend,趋势专属分支,002727.SZ,一心堂,2022-10-18,0.2707,trend,59.355309,61.225795,58.724564,61.073547,True,3.387334,1.8718,0.549628,0.173243,14.204476,,,0.2707,0.123036
dedicated_trend,趋势专属分支,600085.SH,同仁堂,2022-10-18,0.263349,trend,142.297017,150.094894,140.760209,149.411868,True,5.105105,1.899969,0.569469,0.088259,19.021962,,,0.263349,0.134302
dedicated_trend,趋势专属分支,601882.SH,海天精工,2022-10-19,0.192529,trend,23.217659,25.303331,23.005915,25.123349,True,8.109339,3.638019,0.304571,0.09,32.034571,,,0.192529,0.118714
dedicated_trend,趋势专属分支,300705.SZ,九典制药,2022-10-19,0.179064,trend,73.308484,78.147989,71.618952,77.976172,True,6.533646,3.085995,0.248542,0.105,47.918201,,,0.179064,0.115745
dedicated_trend,趋势专属分支,300813.SZ,泰林生物,2022-10-19,0.156238,trend,63.351844,66.429864,60.306395,66.006433,True,3.524904,1.724523,0.349663,0.075,10.51978,,,0.156238,0.064947
dedicated_trend,趋势专属分支,300416.SZ,苏试试验,2022-10-20,0.205326,trend,153.7785,169.836323,150.117107,168.633294,True,8.992563,1.99014,0.51774,0.06,10.439144,,,0.205326,0.082828
dedicated_trend,趋势专属分支,003007.SZ,直真科技,2022-10-20,0.146887,trend,26.781029,28.364144,26.43802,28.205832,True,2.052506,2.038349,0.452138,0.09005,25.68545,,,0.146887,0.079705
dedicated_trend,趋势专属分支,600039.SH,四川路桥,2022-10-21,0.279224,trend,49.480035,53.724971,49.435816,53.371226,True,8.935018,2.769047,0.602431,0.178355,19.731046,,,0.279224,0.146685
dedicated_trend,趋势专属分支,688777.SH,中控技术,2022-10-21,0.238756,trend,85.291665,88.424869,84.838307,88.162929,True,3.403049,2.106579,0.627077,0.101248,13.649254,,,0.238756,0.105149
dedicated_trend,趋势专属分支,300257.SZ,开山股份,2022-10-21,0.229373,trend,129.749549,140.026741,128.72183,138.806325,True,8.104052,1.606114,0.260338,0.30148,17.874577,,,0.229373,0.107686
dedicated_trend,趋势专属分支,603712.SH,七一二,2022-10-24,0.21345,trend,38.991331,40.814303,38.728013,40.692771,True,5.709024,1.687066,0.327332,0.133186,11.627122,,,0.21345,0.086905
dedicated_trend,趋势专属分支,603505.SH,金石资源,2022-10-24,0.194173,trend,85.183241,91.874314,84.974737,91.00239,True,8.965048,2.875332,0.293923,0.085813,42.161061,,,0.194173,0.117471
dedicated_trend,趋势专属分支,688697.SH,纽威数控,2022-10-24,0.175761,trend,18.429513,19.54892,18.429513,19.396274,True,6.958474,2.939249,0.247298,0.09,52.078316,,,0.175761,0.113756
dedicated_trend,趋势专属分支,600862.SH,中航高科,2022-10-25,0.267253,trend,56.721997,59.381807,56.680759,59.299332,True,3.082437,1.487646,0.528782,0.208775,21.091501,,,0.267253,0.125169
dedicated_trend,趋势专属分支,603815.SH,交建股份,2022-10-25,0.216844,trend,8.421988,8.70852,8.299189,8.70852,True,3.151515,1.554164,0.604102,0.129932,15.85376,,,0.216844,0.103513
dedicated_trend,趋势专属分支,002757.SZ,南兴股份,2022-10-25,0.20386,trend,27.361368,29.36523,27.212934,29.36523,True,4.766108,6.062602,0.47754,0.12,26.334699,,,0.20386,0.109878
dedicated_trend,趋势专属分支,600388.SH,龙净环保,2022-10-26,0.299272,trend,77.937361,81.724286,77.815202,81.663206,True,4.945055,2.579783,0.59656,0.120583,15.437044,,,0.299272,0.145057
dedicated_trend,趋势专属分支,002430.SZ,杭氧股份,2022-10-26,0.291133,trend,98.996334,102.119675,98.860536,101.84808,True,2.203043,1.540436,0.426043,0.181029,27.710374,,,0.291133,0.142947
dedicated_trend,趋势专属分支,002595.SZ,豪迈科技,2022-10-26,0.287553,trend,121.56233,131.933719,121.56233,131.210134,True,7.936508,2.808784,0.491432,0.225639,13.48809,,,0.287553,0.130722
dedicated_trend,趋势专属分支,603368.SH,柳药集团,2022-10-27,0.337054,trend,51.338234,53.083443,50.814671,52.734401,True,3.6,2.304411,0.555798,0.045,17.335357,,,0.337054,0.150058
dedicated_trend,趋势专属分支,002275.SZ,桂林三金,2022-10-27,0.261683,trend,27.442662,28.593064,27.275668,28.314741,True,2.760943,1.654877,0.559922,0.141766,14.059066,,,0.261683,0.12987
dedicated_trend,趋势专属分支,600993.SH,马应龙,2022-10-27,0.257873,trend,66.556718,70.306392,66.117303,69.720505,True,3.74891,2.054438,0.557534,0.082813,15.661681,,,0.257873,0.126587
dedicated_trend,趋势专属分支,600760.SH,中航沈飞,2022-10-31,0.283752,trend,100.465931,103.748946,93.771993,102.981488,True,2.50389,1.819972,0.486809,0.329652,13.158973,,,0.283752,0.121479
dedicated_trend,趋势专属分支,300352.SZ,北信源,2022-10-31,0.257575,trend,86.406029,92.577889,85.827418,91.999277,True,6.23608,4.185515,0.41804,0.075,22.622314,,,0.257575,0.129314
dedicated_trend,趋势专属分支,600850.SH,电科数字,2022-10-31,0.249139,trend,37.938966,40.028904,37.374118,39.821793,True,9.415416,3.698827,0.448477,0.102591,21.579832,,,0.249139,0.121335
dedicated_trend,趋势专属分支,300017.SZ,网宿科技,2022-11-01,0.302068,trend,128.284271,130.65114,127.100837,130.65114,True,2.411874,2.133701,0.566269,0.06,17.058226,,,0.302068,0.153703
dedicated_trend,趋势专属分支,300470.SZ,中密控股,2022-11-01,0.276916,trend,159.853593,169.669165,158.451369,168.115348,True,5.168326,1.829692,0.512134,0.135147,19.647232,,,0.276916,0.138388
dedicated_trend,趋势专属分支,000423.SZ,东阿阿胶,2022-11-01,0.252521,trend,45.269578,46.427245,44.799276,46.186064,True,2.024507,1.599925,0.557455,0.06,14.902457,,,0.252521,0.124931
dedicated_trend,趋势专属分支,600118.SH,中国卫星,2022-11-02,0.270829,trend,73.570601,75.395459,72.546119,75.139338,True,2.087864,1.606689,0.595695,0.201122,11.473258,,,0.270829,0.132001
dedicated_trend,趋势专属分支,300124.SZ,汇川技术,2022-11-02,0.263156,trend,1649.619154,1746.598097,1649.130595,1733.651286,True,5.094032,1.515065,0.461286,0.023869,11.313908,,,0.263156,0.122048
dedicated_trend,趋势专属分支,600738.SH,丽尚国潮,2022-11-02,0.185811,trend,9.233095,9.904592,9.233095,9.862624,True,5.855856,1.964769,0.578122,0.136101,7.83814,,,0.185811,0.084075
dedicated_trend,趋势专属分支,000981.SZ,山子高科,2022-11-03,0.366216,trend,9.818107,10.323039,9.818107,10.266935,True,4.571429,1.904838,0.538166,0.171447,11.778968,,,0.366216,0.155346
dedicated_trend,趋势专属分支,600160.SH,巨化股份,2022-11-03,0.265407,trend,65.210159,71.513147,65.051593,70.997808,True,7.891566,1.734828,0.392906,0.054716,13.816939,,,0.265407,0.137922
dedicated_trend,趋势专属分支,688279.SH,峰岹科技,2022-11-03,0.229698,trend,81.08468,85.893424,79.676261,85.521199,True,5.707535,1.395453,0.343971,0.248487,6.901804,,,0.229698,0.103872
dedicated_trend,趋势专属分支,600106.SH,重庆路桥,2022-11-04,0.266987,trend,21.33253,22.346508,21.33253,22.190511,True,4.021938,2.085521,0.389019,0.118979,16.189041,,,0.266987,0.136896
dedicated_trend,趋势专属分支,605116.SH,奥锐特,2022-11-04,0.24605,trend,26.365824,27.684115,26.325261,27.582708,True,4.615385,1.98181,0.412853,0.06,8.107756,,,0.24605,0.120347
dedicated_trend,趋势专属分支,002044.SZ,美年健康,2022-11-04,0.235203,trend,24.43911,26.075422,24.175189,26.022638,True,6.25,2.483509,0.516964,0.045,14.002421,,,0.235203,0.11013
dedicated_trend,趋势专属分支,000029.SZ,深深房Ａ,2022-11-07,0.252596,trend,10.318763,10.882572,10.318763,10.829383,True,5.274043,1.551416,0.41724,0.16624,23.822867,,,0.252596,0.136783
dedicated_trend,趋势专属分支,300043.SZ,星辉娱乐,2022-11-07,0.243285,trend,63.557722,69.470069,63.135412,69.258913,True,8.9701,3.44431,0.563485,0.121732,10.779198,,,0.243285,0.119413
dedicated_trend,趋势专属分支,600185.SH,珠免集团,2022-11-07,0.221782,trend,19.346695,20.58645,19.216195,20.390699,True,5.042017,2.043287,0.494166,0.098622,11.834624,,,0.221782,0.123702
dedicated_trend,趋势专属分支,600388.SH,龙净环保,2022-11-08,0.301657,trend,92.168869,98.093575,91.741313,98.093575,True,4.96732,1.465797,0.28326,0.015,22.699973,,,0.301657,0.151392
dedicated_trend,趋势专属分支,002177.SZ,御银股份,2022-11-08,0.292172,trend,8.286317,8.696241,8.198476,8.696241,True,4.946996,2.270103,0.48011,0.200619,14.497462,,,0.292172,0.149547
dedicated_trend,趋势专属分支,002300.SZ,太阳电缆,2022-11-08,0.253557,trend,57.068905,60.55873,56.316198,60.216591,True,4.761905,2.412882,0.411387,0.138904,3.177849,,,0.253557,0.130412
dedicated_trend,趋势专属分支,000950.SZ,重药控股,2022-11-09,0.310128,trend,8.517799,8.759781,8.421005,8.743649,True,2.457467,1.395182,0.64378,0.179118,7.926198,,,0.310128,0.13984
dedicated_trend,趋势专属分支,300009.SZ,安科生物,2022-11-09,0.249556,trend,189.893988,200.835145,189.893988,199.166155,True,4.271845,1.601997,0.4449,0.120772,4.348409,,,0.249556,0.111097
dedicated_trend,趋势专属分支,600594.SH,益佰制药,2022-11-09,0.246125,trend,19.832458,20.494702,19.727893,20.355282,True,3.180212,1.958461,0.562566,0.151502,5.390956,,,0.246125,0.101191
dedicated_trend,趋势专属分支,300036.SZ,超图软件,2022-11-10,0.333322,trend,99.780831,106.36155,99.45982,105.505522,True,5.117271,2.064054,0.396811,0.224187,4.633522,,,0.333322,0.15427
dedicated_trend,趋势专属分支,002358.SZ,森源电气,2022-11-10,0.285601,trend,35.79109,37.32135,35.02596,37.32135,True,5.023923,2.900019,0.304621,0.087445,25.376505,,,0.285601,0.169003
dedicated_trend,趋势专属分支,605009.SH,豪悦护理,2022-11-10,0.267799,trend,65.096375,70.109722,65.065524,69.430992,True,5.706905,2.45024,0.50414,0.223195,4.778884,,,0.267799,0.137
dedicated_trend,趋势专属分支,000753.SZ,漳州发展,2022-11-11,0.318124,trend,9.877724,10.158607,9.854317,10.111794,True,2.857143,1.996038,0.526138,0.202709,8.839829,,,0.318124,0.14288
dedicated_trend,趋势专属分支,600362.SH,江西铜业,2022-11-11,0.294911,trend,21.570185,21.802781,21.300864,21.655878,True,3.936545,2.57106,0.624068,0.126291,7.892265,,,0.294911,0.137007
dedicated_trend,趋势专属分支,000564.SZ,供销大集,2022-11-11,0.270268,trend,3.347528,3.347528,3.22262,3.347528,True,4.6875,3.004283,0.25,0.09,34.074766,,,0.270268,0.140163
dedicated_trend,趋势专属分支,300194.SZ,福安药业,2022-11-14,0.303064,trend,23.945744,25.610422,23.945744,25.418343,True,5.026455,2.504556,0.556935,0.084296,1.536909,,,0.303064,0.129758
dedicated_trend,趋势专属分支,600998.SH,九州通,2022-11-14,0.27048,trend,13.900372,14.646406,13.823574,14.613493,True,4.799371,1.786193,0.606791,0.26035,-2.080644,,,0.27048,0.141555
dedicated_trend,趋势专属分支,600713.SH,南京医药,2022-11-14,0.251242,trend,11.941146,12.617059,11.805963,12.526938,True,3.925234,1.858209,0.608036,0.132295,-0.170434,,,0.251242,0.124354
dedicated_trend,趋势专属分支,000935.SZ,四川双马,2022-11-15,0.319456,trend,25.455627,26.032971,24.878283,25.907005,True,3.566932,1.37534,0.441543,0.177499,14.602067,,,0.319456,0.144823
dedicated_trend,趋势专属分支,002511.SZ,中顺洁柔,2022-11-15,0.307609,trend,89.824757,92.843391,89.416833,92.027544,True,2.73224,1.709532,0.516885,0.080456,9.910334,,,0.307609,0.142177
dedicated_trend,趋势专属分支,603368.SH,柳药集团,2022-11-15,0.278663,trend,55.846691,56.31208,54.625044,56.224819,True,3.093333,1.79303,0.390907,0.246782,-0.111146,,,0.278663,0.14557
dedicated_trend,趋势专属分支,300245.SZ,天玑科技,2022-11-16,0.304059,trend,34.546326,35.60678,34.26082,35.280487,True,2.245863,1.64658,0.493288,0.198895,1.101757,,,0.304059,0.133165
dedicated_trend,趋势专属分支,603689.SH,皖天然气,2022-11-16,0.289843,trend,11.97822,12.801151,11.932502,12.801151,True,6.734435,2.37539,0.572828,0.444252,3.159319,,,0.289843,0.146235
dedicated_trend,趋势专属分支,002022.SZ,科华生物,2022-11-16,0.28974,trend,18.527995,19.257333,18.401763,19.257333,True,4.969419,1.588287,0.496079,0.203613,7.368455,,,0.28974,0.141337
dedicated_trend,趋势专属分支,600850.SH,电科数字,2022-11-17,0.320428,trend,42.909629,43.681588,41.516337,43.530962,True,3.352705,1.507091,0.286648,0.146808,7.117583,,,0.320428,0.145915
dedicated_trend,趋势专属分支,000607.SZ,华媒控股,2022-11-17,0.309287,trend,4.764531,5.046575,4.724239,5.006283,True,5.52017,2.801385,0.483236,0.147872,10.099344,,,0.309287,0.144155
dedicated_trend,趋势专属分支,600410.SH,华胜天成,2022-11-17,0.302792,trend,11.035371,11.292929,10.956122,11.292929,True,2.517986,1.413908,0.501126,0.299952,1.266699,,,0.302792,0.13438
dedicated_trend,趋势专属分支,002599.SZ,盛通股份,2022-11-18,0.331319,trend,17.277117,18.182772,17.242284,18.008607,True,4.024145,1.983369,0.319974,0.193413,11.723174,,,0.331319,0.146919
dedicated_trend,趋势专属分支,000938.SZ,紫光股份,2022-11-18,0.302235,trend,53.626579,56.158306,53.223804,55.726762,True,4.139785,2.298485,0.505075,0.097502,11.441996,,,0.302235,0.151397
dedicated_trend,趋势专属分支,603168.SH,莎普爱思,2022-11-18,0.291691,trend,40.235966,41.705123,40.141181,41.468162,True,2.941176,2.027622,0.487911,0.461214,3.502283,,,0.291691,0.124194
dedicated_trend,趋势专属分支,600435.SH,北方导航,2022-11-21,0.305963,trend,29.74037,32.185208,29.709423,32.061419,True,6.584362,1.949589,0.344156,0.218129,2.839353,,,0.305963,0.169323
dedicated_trend,趋势专属分支,300132.SZ,青松股份,2022-11-21,0.285797,trend,43.769295,45.911848,42.973489,45.666984,True,5.367232,1.48604,0.262333,0.245368,11.840083,,,0.285797,0.140007
dedicated_trend,趋势专属分支,002915.SZ,中欣氟材,2022-11-21,0.279878,trend,42.874279,46.233993,42.592497,45.930535,True,9.283136,3.018095,0.411421,0.188097,6.914066,,,0.279878,0.128318
dedicated_trend,趋势专属分支,600881.SH,亚泰集团,2022-11-22,0.280447,trend,3.001992,3.114007,2.968388,3.091604,True,2.985075,1.451179,0.469965,0.127359,11.200857,,,0.280447,0.145745
dedicated_trend,趋势专属分支,002358.SZ,森源电气,2022-11-22,0.224749,trend,38.171495,40.296856,38.001466,40.296856,True,5.099778,1.481533,0.25,0.015,16.208735,,,0.224749,0.136584
dedicated_trend,趋势专属分支,000564.SZ,供销大集,2022-11-22,0.17415,trend,4.371771,4.371771,4.171919,4.371771,True,4.790419,1.564131,0.25,0.075,50.322036,,,0.17415,0.094053
dedicated_trend,趋势专属分支,000617.SZ,中油资本,2022-11-23,0.30355,trend,8.24546,8.64264,8.213686,8.563204,True,4.457364,2.500372,0.569249,0.03,12.841945,,,0.30355,0.159474
dedicated_trend,趋势专属分支,003033.SZ,征和工业,2022-11-23,0.224568,trend,50.573843,55.162112,50.573843,54.647732,True,8.05533,1.452206,0.243818,0.281305,9.302281,,,0.224568,0.121793
dedicated_trend,趋势专属分支,000995.SZ,皇台酒业,2022-11-24,0.310836,trend,16.63,17.46,16.63,17.3,True,3.654883,1.381034,0.596515,0.187172,6.398497,,,0.310836,0.13439
dedicated_trend,趋势专属分支,600426.SH,华鲁恒升,2022-11-25,0.337197,trend,117.435459,121.610431,116.477896,121.112498,True,3.367113,1.802588,0.624664,0.392367,8.141941,,,0.337197,0.146171
dedicated_trend,趋势专属分支,600610.SH,中毅达,2022-11-25,0.303194,trend,48.461339,50.3806,48.461339,50.020739,True,3.281734,2.944163,0.470792,0.194049,10.360621,,,0.303194,0.154391
dedicated_trend,趋势专属分支,600601.SH,方正科技,2022-11-25,0.278111,trend,3.225154,3.260083,3.166938,3.260083,True,4.868914,1.898775,0.654531,0.206387,8.861367,,,0.278111,0.14296
dedicated_trend,趋势专属分支,600284.SH,浦东建设,2022-11-28,0.321211,trend,17.683482,18.286328,17.583008,18.236091,True,2.542373,1.916117,0.486425,0.461082,7.43276,,,0.321211,0.132508
dedicated_trend,趋势专属分支,000690.SZ,宝新能源,2022-11-28,0.264888,trend,12.990375,13.619596,12.665616,13.497812,True,3.100775,1.383084,0.305519,0.109462,24.97848,,,0.264888,0.135692
dedicated_trend,趋势专属分支,600755.SH,厦门国贸,2022-11-28,0.251251,trend,22.436216,22.956565,22.221955,22.83413,True,2.754821,3.093866,0.61736,0.235619,10.348212,,,0.251251,0.118401
dedicated_trend,趋势专属分支,600036.SH,招商银行,2022-11-29,0.348163,trend,55.482175,59.069312,55.414493,58.984709,True,9.073842,2.140478,0.364228,0.255633,5.201562,,,0.348163,0.146259
dedicated_trend,趋势专属分支,601601.SH,中国太保,2022-11-29,0.317708,trend,33.479566,34.652552,32.942537,34.539493,True,4.221748,2.256081,0.360529,0.234469,7.835337,,,0.317708,0.153005
dedicated_trend,趋势专属分支,000425.SZ,徐工机械,2022-11-29,0.308868,trend,35.725414,36.92095,35.725414,36.709973,True,2.554028,1.95096,0.5704,0.409158,5.063184,,,0.308868,0.135788
dedicated_trend,趋势专属分支,601633.SH,长城汽车,2022-11-30,0.273114,trend,111.33023,122.425257,111.10225,121.513337,True,9.184022,3.441331,0.421163,0.259151,5.724262,,,0.273114,0.135944
dedicated_trend,趋势专属分支,002290.SZ,禾盛新材,2022-11-30,0.256211,trend,24.737888,25.986739,24.551889,25.853883,True,4.962244,1.44126,0.442354,0.13493,13.04929,,,0.256211,0.156621
dedicated_trend,趋势专属分支,301077.SZ,星华新材,2022-11-30,0.180508,trend,49.707177,54.163825,48.712204,53.64561,True,8.876735,2.541889,0.327203,0.015,5.709844,,,0.180508,0.099057
dedicated_trend,趋势专属分支,601899.SH,紫金矿业,2022-12-01,0.350848,trend,20.439733,20.840512,20.319499,20.640122,True,4.781282,1.341589,0.328035,0.214061,3.431803,,,0.350848,0.160374
dedicated_trend,趋势专属分支,002601.SZ,龙佰集团,2022-12-01,0.331877,trend,187.003616,195.156644,186.900413,194.640629,True,5.480984,2.389458,0.483947,0.167682,6.025361,,,0.331877,0.147566
dedicated_trend,趋势专属分支,600219.SH,南山铝业,2022-12-01,0.325482,trend,12.016586,12.219112,11.949077,12.117849,True,2.571429,1.404929,0.48635,0.454634,2.065004,,,0.325482,0.14145
dedicated_trend,趋势专属分支,002476.SZ,宝莫股份,2022-12-02,0.319236,trend,29.113379,30.474796,29.061017,30.422434,True,4.684685,1.749347,0.514918,0.322133,5.767578,,,0.319236,0.135931
dedicated_trend,趋势专属分支,603888.SH,新华网,2022-12-02,0.319213,trend,46.523006,49.515871,46.068732,49.275373,True,7.27167,3.735833,0.514041,0.158319,9.192444,,,0.319213,0.135583
dedicated_trend,趋势专属分支,002083.SZ,孚日股份,2022-12-02,0.310565,trend,6.769326,7.128406,6.742727,7.06191,True,3.913894,1.862596,0.5035,0.17118,1.081962,,,0.310565,0.141747
dedicated_trend,趋势专属分支,600872.SH,中炬高新,2022-12-05,0.326157,trend,45.990427,48.129517,45.990427,47.784886,True,4.93215,2.165759,0.249436,0.253527,12.173615,,,0.326157,0.157308
dedicated_trend,趋势专属分支,601233.SH,桐昆股份,2022-12-05,0.324312,trend,47.366493,48.414846,47.271188,48.256005,True,2.358491,1.442324,0.488048,0.328168,2.406788,,,0.324312,0.144187
dedicated_trend,趋势专属分支,601336.SH,新华保险,2022-12-05,0.316456,trend,34.58843,36.465507,34.074326,36.381815,True,7.526502,2.70057,0.453734,0.12,10.549232,,,0.316456,0.157952
dedicated_trend,趋势专属分支,002352.SZ,顺丰控股,2022-12-06,0.292996,trend,192.826618,200.329327,190.863293,200.013792,True,3.501451,1.866012,0.537025,0.211868,5.078992,,,0.292996,0.140491
dedicated_trend,趋势专属分支,600601.SH,方正科技,2022-12-06,0.269213,trend,3.341585,3.516233,3.318299,3.516233,True,4.861111,1.704898,0.478407,0.09,13.628468,,,0.269213,0.137864
dedicated_trend,趋势专属分支,603288.SH,海天味业,2022-12-06,0.260625,trend,521.482484,552.432425,520.727607,549.069793,True,4.574565,1.630376,0.334342,0.263302,7.309977,,,0.260625,0.113421
dedicated_trend,趋势专属分支,603128.SH,华贸物流,2022-12-07,0.30567,trend,36.129391,37.903862,36.013033,37.700235,True,4.263878,1.653775,0.384902,0.411374,-0.215271,,,0.30567,0.131563
dedicated_trend,趋势专属分支,600987.SH,航民股份,2022-12-07,0.295302,trend,24.0605,26.431771,23.965649,26.336921,True,9.461235,2.481921,0.540157,0.292804,8.587492,,,0.295302,0.137277
dedicated_trend,趋势专属分支,300074.SZ,华平股份,2022-12-07,0.267651,trend,53.496882,55.244268,52.690397,54.97544,True,2.506266,1.936244,0.515123,0.166375,5.342341,,,0.267651,0.121649
dedicated_trend,趋势专属分支,600409.SH,三友化工,2022-12-08,0.3441,trend,12.927312,13.331893,12.850249,13.274095,True,2.225519,1.424625,0.517532,0.238401,0.940364,,,0.3441,0.136342
dedicated_trend,趋势专属分支,601828.SH,美凯龙,2022-12-08,0.290839,trend,6.239071,6.633495,6.215167,6.609591,True,5.938697,3.215774,0.427199,0.045,12.272778,,,0.290839,0.137834
dedicated_trend,趋势专属分支,300539.SZ,横河精密,2022-12-08,0.255492,trend,23.805831,25.969997,23.669147,25.810533,True,9.152216,1.779718,0.353007,0.147174,2.415297,,,0.255492,0.130017
dedicated_trend,趋势专属分支,002032.SZ,苏泊尔,2022-12-09,0.327108,trend,116.656702,121.814156,115.944482,121.568563,True,4.23247,1.884885,0.51727,0.189323,6.585516,,,0.327108,0.14644
dedicated_trend,趋势专属分支,600966.SH,博汇纸业,2022-12-09,0.317221,trend,16.975028,17.561122,16.844784,17.517708,True,4.263566,2.467055,0.531929,0.099838,5.572113,,,0.317221,0.148247
dedicated_trend,趋势专属分支,603993.SH,洛阳钼业,2022-12-09,0.315667,trend,16.543587,17.408837,16.474367,17.339617,True,4.592902,2.292927,0.458864,0.293419,1.849961,,,0.315667,0.13983
dedicated_trend,趋势专属分支,600436.SH,片仔癀,2022-12-12,0.285302,trend,1244.409673,1302.645928,1244.364424,1291.062027,True,4.512821,2.007296,0.403239,0.207735,8.720185,,,0.285302,0.13157
dedicated_trend,趋势专属分支,300006.SZ,莱美药业,2022-12-12,0.25049,trend,33.364215,34.438006,33.057418,34.284608,True,3.472222,2.14012,0.606915,0.20057,3.392571,,,0.25049,0.108311
dedicated_trend,趋势专属分支,000623.SZ,吉林敖东,2022-12-12,0.249197,trend,37.888224,38.881634,37.726506,38.511993,True,2.647783,1.610309,0.467495,0.236781,3.700566,,,0.249197,0.126752
dedicated_trend,趋势专属分支,002511.SZ,中顺洁柔,2022-12-13,0.278962,trend,101.736123,105.815358,99.370167,105.162681,True,3.285256,2.015281,0.314133,0.139764,11.745809,,,0.278962,0.125368
dedicated_trend,趋势专属分支,002154.SZ,报喜鸟,2022-12-13,0.261715,trend,21.055035,21.988509,21.055035,21.83293,True,3.694581,1.322354,0.52236,0.082783,7.971447,,,0.261715,0.131179
dedicated_trend,趋势专属分支,600433.SH,冠豪高新,2022-12-13,0.250789,trend,18.486194,19.382209,18.391877,19.240733,True,4.081633,1.470237,0.519736,0.307446,3.722759,,,0.250789,0.125555
dedicated_trend,趋势专属分支,002183.SZ,怡亚通,2022-12-14,0.311555,trend,29.092017,30.517132,28.748023,30.222281,True,3.885135,2.224715,0.562388,0.224442,6.013895,,,0.311555,0.121511
dedicated_trend,趋势专属分支,002242.SZ,九阳股份,2022-12-14,0.309885,trend,44.999371,46.688578,44.999371,46.300891,True,2.892308,2.222917,0.577902,0.3412,5.576716,,,0.309885,0.140431
dedicated_trend,趋势专属分支,600419.SH,天润乳业,2022-12-14,0.289284,trend,38.3858,39.605535,38.074887,39.462037,True,2.803738,1.878935,0.535643,0.251869,9.601549,,,0.289284,0.135366
dedicated_trend,趋势专属分支,301123.SZ,奕东电子,2022-12-15,0.267267,trend,25.361798,27.262921,25.280899,27.060674,True,5.603788,2.427239,0.541228,0.09,15.284782,,,0.267267,0.121574
dedicated_trend,趋势专属分支,300046.SZ,台基股份,2022-12-15,0.238895,trend,70.280775,75.050765,69.449308,74.394344,True,5.19802,3.688659,0.610588,0.308542,6.742185,,,0.238895,0.129145
dedicated_trend,趋势专属分支,300305.SZ,裕兴股份,2022-12-15,0.20234,trend,53.886271,56.632321,52.771931,56.313939,True,4.120677,1.485267,0.528788,0.138297,8.991433,,,0.20234,0.1097
dedicated_trend,趋势专属分支,603336.SH,宏辉果蔬,2022-12-16,0.293175,trend,22.315786,23.236025,22.282921,23.137428,True,2.474527,1.685845,0.598083,0.299938,3.395836,,,0.293175,0.132972
dedicated_trend,趋势专属分支,601818.SH,光大银行,2022-12-16,0.250463,trend,5.289559,5.47786,5.27244,5.460742,True,3.236246,1.733008,0.622998,0.225469,5.984203,,,0.250463,0.122508
dedicated_trend,趋势专属分支,002019.SZ,亿帆医药,2022-12-16,0.247852,trend,34.804491,37.23147,34.404439,37.04478,True,7.674419,2.344839,0.331225,0.334155,7.391196,,,0.247852,0.105861
dedicated_trend,趋势专属分支,603696.SH,安记食品,2022-12-20,0.160583,trend,23.99258,26.495155,23.877783,26.242602,True,8.960915,5.129469,0.303907,0.03,19.312872,,,0.160583,0.061859
dedicated_trend,趋势专属分支,300413.SZ,芒果超媒,2022-12-22,0.238959,trend,47.566192,52.162126,47.566192,51.747456,True,9.107468,2.613904,0.349171,0.126219,15.535463,,,0.238959,0.113183
dedicated_trend,趋势专属分支,300979.SZ,华利集团,2022-12-22,0.234092,trend,56.057653,59.426453,55.338702,58.943729,True,7.250981,1.477208,0.322742,0.133417,10.261397,,,0.234092,0.109109
dedicated_trend,趋势专属分支,600576.SH,祥源文旅,2022-12-26,0.266735,trend,13.989733,14.34223,13.747391,14.298168,True,2.365931,1.546904,0.606063,0.209124,13.155386,,,0.266735,0.118686
dedicated_trend,趋势专属分支,002092.SZ,中泰化学,2022-12-27,0.330153,trend,12.590333,13.372975,12.590333,13.270892,True,6.557377,1.631628,0.373551,0.21626,4.232383,,,0.330153,0.145822
dedicated_trend,趋势专属分支,300015.SZ,爱尔眼科,2022-12-27,0.27025,trend,1463.694257,1512.565517,1444.634465,1501.325128,True,2.949062,1.422413,0.522647,0.276394,8.690716,,,0.27025,0.137936
dedicated_trend,趋势专属分支,000963.SZ,华东医药,2022-12-27,0.244976,trend,181.329305,192.65213,181.329305,191.257289,True,6.75521,1.906688,0.586558,0.235677,7.444216,,,0.244976,0.13642
dedicated_trend,趋势专属分支,000960.SZ,锡业股份,2022-12-28,0.281827,trend,17.581916,18.716654,17.399314,18.560138,True,6.59176,3.308769,0.585902,0.270618,4.783932,,,0.281827,0.124415
dedicated_trend,趋势专属分支,300770.SZ,新媒股份,2022-12-28,0.250312,trend,68.014859,70.498122,67.768429,70.062129,True,3.010033,2.381815,0.614771,0.305271,7.144218,,,0.250312,0.130029
dedicated_trend,趋势专属分支,002033.SZ,丽江股份,2022-12-28,0.236062,trend,44.298166,48.965158,43.227053,48.69738,True,9.364261,2.032416,0.246783,0.147331,11.384766,,,0.236062,0.097153
dedicated_trend,趋势专属分支,002706.SZ,良信股份,2022-12-29,0.258193,trend,169.831345,174.360181,167.566927,173.883461,True,2.746479,1.865484,0.508881,0.376732,8.985277,,,0.258193,0.130528
dedicated_trend,趋势专属分支,002422.SZ,科伦药业,2022-12-29,0.247749,trend,170.490385,180.951989,170.490385,180.884494,True,4.892368,1.858887,0.564425,0.119711,20.161575,,,0.247749,0.119929
dedicated_trend,趋势专属分支,300402.SZ,宝色股份,2022-12-29,0.222588,trend,21.58781,23.237169,21.577371,23.164096,True,6.375839,1.772386,0.60596,0.105,13.639206,,,0.222588,0.118887
dedicated_trend,趋势专属分支,600845.SH,宝信软件,2022-12-30,0.241957,trend,285.714518,294.236513,282.852168,291.439217,True,8.949416,4.960504,0.605197,0.278391,12.542381,,,0.241957,0.129321
dedicated_trend,趋势专属分支,603882.SH,金域医学,2022-12-30,0.224355,trend,77.835478,80.809429,77.086863,80.194129,True,2.908277,1.500961,0.526574,0.190188,12.245092,,,0.224355,0.124112
dedicated_trend,趋势专属分支,603630.SH,拉芳家化,2022-12-30,0.207984,trend,20.601561,21.516882,20.287346,21.434913,True,4.045093,2.225159,0.679432,0.112619,8.678406,,,0.207984,0.096059
dedicated_trend,趋势专属分支,600821.SH,金开新能,2023-01-03,0.287507,trend,7.23,7.62,7.1,7.56,True,4.41989,2.312691,0.517086,0.135,16.983672,,,0.287507,0.143632
dedicated_trend,趋势专属分支,002410.SZ,广联达,2023-01-03,0.287164,trend,766.556524,807.91611,759.535607,801.916417,True,4.787323,1.660001,0.35247,0.182819,7.889688,,,0.287164,0.136519
dedicated_trend,趋势专属分支,000001.SZ,平安银行,2023-01-03,0.283229,trend,41.886522,43.949116,41.410538,43.695258,True,4.635258,2.164699,0.410398,0.462491,5.734846,,,0.283229,0.136111
dedicated_trend,趋势专属分支,600036.SH,招商银行,2023-01-04,0.309308,trend,63.925483,65.70213,63.502471,65.397562,True,2.847259,1.575326,0.329057,0.404366,6.533058,,,0.309308,0.149403
dedicated_trend,趋势专属分支,601336.SH,新华保险,2023-01-04,0.280909,trend,35.999226,37.421979,35.760108,37.326332,True,3.686483,1.989707,0.456549,0.27101,9.394049,,,0.280909,0.13447
dedicated_trend,趋势专属分支,688235.SH,百济神州-U,2023-01-04,0.27571,trend,136.5,143.35,136.0,142.62,True,4.629154,1.896362,0.360106,0.238834,14.168577,,,0.27571,0.130995
dedicated_trend,趋势专属分支,603369.SH,今世缘,2023-01-05,0.332005,trend,139.915084,147.87104,139.092054,146.417021,True,4.667582,1.639438,0.281545,0.245666,5.963158,,,0.332005,0.152778
dedicated_trend,趋势专属分支,002508.SZ,老板电器,2023-01-05,0.318673,trend,198.720521,207.300376,197.198289,205.432182,True,3.377437,1.355091,0.317931,0.314317,3.003157,,,0.318673,0.109796
dedicated_trend,趋势专属分支,000568.SZ,泸州老窖,2023-01-05,0.315947,trend,325.186671,344.252896,324.430998,340.910494,True,6.149321,1.383815,0.249484,0.310975,6.854004,,,0.315947,0.138317
dedicated_trend,趋势专属分支,002434.SZ,万里扬,2023-01-06,0.292336,trend,59.475811,63.597193,59.191577,63.099785,True,5.714286,2.639574,0.48066,0.105,14.940255,,,0.292336,0.144879
dedicated_trend,趋势专属分支,603308.SH,应流股份,2023-01-06,0.268461,trend,30.495254,32.020017,30.480733,31.816715,True,3.349057,1.631134,0.646911,0.171298,14.082741,,,0.268461,0.127779
dedicated_trend,趋势专属分支,003025.SZ,思进智能,2023-01-06,0.255109,trend,45.241637,46.556922,44.698821,46.536044,True,2.766252,1.700165,0.583035,0.286354,5.434848,,,0.255109,0.103678
dedicated_trend,趋势专属分支,002304.SZ,洋河股份,2023-01-09,0.281092,trend,732.530108,775.348237,725.117601,771.205953,True,6.138982,2.065969,0.379171,0.208794,3.892702,,,0.281092,0.126888
dedicated_trend,趋势专属分支,600612.SH,老凤祥,2023-01-09,0.280211,trend,93.408063,97.149319,93.079161,96.327065,True,4.179635,2.822886,0.60076,0.09,8.385809,,,0.280211,0.143138
dedicated_trend,趋势专属分支,002601.SZ,龙佰集团,2023-01-09,0.27465,trend,200.007179,208.573018,199.387962,207.437786,True,3.71517,2.337693,0.463734,0.401732,1.294661,,,0.27465,0.137372
dedicated_trend,趋势专属分支,600060.SH,海信视像,2023-01-10,0.292887,trend,39.996127,42.018092,39.719146,41.60262,True,4.74198,1.832736,0.588096,0.247216,6.077082,,,0.292887,0.141133
dedicated_trend,趋势专属分支,300558.SZ,贝达药业,2023-01-10,0.291577,trend,54.631782,59.40098,54.60121,59.0545,True,7.673727,2.557521,0.525632,0.159418,13.690308,,,0.291577,0.142973
dedicated_trend,趋势专属分支,300015.SZ,爱尔眼科,2023-01-10,0.289667,trend,1504.257403,1567.301329,1492.039588,1560.459353,True,3.702501,1.466612,0.474091,0.287214,2.477275,,,0.289667,0.127182
dedicated_trend,趋势专属分支,000567.SZ,海德股份,2023-01-11,0.307075,trend,33.227029,35.367221,33.075702,35.172658,True,5.786736,2.874098,0.534618,0.150094,15.012882,,,0.307075,0.148464
dedicated_trend,趋势专属分支,000807.SZ,云铝股份,2023-01-11,0.293459,trend,16.364077,17.01323,16.337029,16.891514,True,3.737542,2.123551,0.390177,0.247457,6.418876,,,0.293459,0.133041
dedicated_trend,趋势专属分支,003012.SZ,东鹏控股,2023-01-11,0.289468,trend,9.040081,9.560823,9.040081,9.519163,True,4.100228,1.865141,0.532431,0.232961,8.867276,,,0.289468,0.139736
dedicated_trend,趋势专属分支,600109.SH,国金证券,2023-01-12,0.294596,trend,19.572794,20.293785,19.572794,20.166551,True,3.257329,1.898179,0.627205,0.221202,7.181494,,,0.294596,0.144171
dedicated_trend,趋势专属分支,000955.SZ,欣龙控股,2023-01-12,0.275612,trend,6.766234,7.116883,6.675325,7.077922,True,5.620155,1.442578,0.443659,0.146962,8.584134,,,0.275612,0.12962
dedicated_trend,趋势专属分支,601377.SH,兴业证券,2023-01-12,0.269766,trend,16.448098,16.921803,16.421781,16.869169,True,2.889246,2.411905,0.637523,0.165,8.275937,,,0.269766,0.146484
dedicated_trend,趋势专属分支,600809.SH,山西汾酒,2023-01-13,0.322399,trend,960.371519,1000.732799,960.371519,993.827616,True,3.114699,1.539433,0.453843,0.227961,2.746087,,,0.322399,0.144671
dedicated_trend,趋势专属分支,300059.SZ,东方财富,2023-01-13,0.320992,trend,1425.534065,1462.517261,1415.44774,1462.517261,True,3.080569,1.341922,0.413923,0.186419,6.64293,,,0.320992,0.147172
dedicated_trend,趋势专属分支,000333.SZ,美的集团,2023-01-13,0.295433,trend,267.646346,273.15829,265.84155,272.914399,True,2.154464,1.402586,0.41483,0.410066,2.51363,,,0.295433,0.140733
dedicated_trend,趋势专属分支,603008.SH,喜临门,2023-01-16,0.318537,trend,53.94454,56.222305,53.222713,55.901493,True,3.504604,1.567803,0.320033,0.140348,15.187529,,,0.318537,0.136654
dedicated_trend,趋势专属分支,000725.SZ,京东方Ａ,2023-01-16,0.309216,trend,5.04652,5.234923,5.04652,5.208008,True,2.925532,2.048829,0.678984,0.135,7.61802,,,0.309216,0.14637
dedicated_trend,趋势专属分支,600570.SH,恒生电子,2023-01-16,0.300548,trend,192.353229,201.090385,191.085663,199.189035,True,4.240701,1.722972,0.432307,0.20351,1.870361,,,0.300548,0.13633
dedicated_trend,趋势专属分支,002690.SZ,美亚光电,2023-01-17,0.333937,trend,138.605317,141.404377,137.309456,141.041536,True,2.718007,1.965402,0.555691,0.179117,6.67896,,,0.333937,0.152862
dedicated_trend,趋势专属分支,601567.SH,三星医疗,2023-01-17,0.294035,trend,75.185175,79.365068,74.074064,78.624328,True,4.795487,1.788991,0.60491,0.227283,4.647976,,,0.294035,0.146299
dedicated_trend,趋势专属分支,002081.SZ,金螳螂,2023-01-17,0.290451,trend,69.861797,72.882138,69.33652,72.225542,True,3.578154,2.651532,0.572421,0.169054,5.148557,,,0.290451,0.142804
dedicated_trend,趋势专属分支,688389.SH,普门科技,2023-01-18,0.310502,trend,22.667765,23.927085,22.329899,23.886132,True,5.374887,2.6687,0.375267,0.104753,17.734923,,,0.310502,0.149535
dedicated_trend,趋势专属分支,603738.SH,泰晶科技,2023-01-18,0.279188,trend,83.576807,86.844785,83.437744,86.219002,True,3.852596,1.758057,0.380942,0.17378,16.979574,,,0.279188,0.134981
dedicated_trend,趋势专属分支,300451.SZ,创业慧康,2023-01-18,0.271043,trend,152.927028,161.691267,151.138408,160.796957,True,5.764706,1.655347,0.511937,0.302458,-0.208067,,,0.271043,0.126135
dedicated_trend,趋势专属分支,300231.SZ,银信科技,2023-01-19,0.339391,trend,84.106729,88.385111,84.106729,87.863357,True,3.822441,2.207873,0.599446,0.309688,0.003531,,,0.339391,0.139684
dedicated_trend,趋势专属分支,300369.SZ,绿盟科技,2023-01-19,0.325328,trend,98.004095,103.817897,98.004095,103.48568,True,4.970514,2.164373,0.454709,0.188498,3.06263,,,0.325328,0.154347
dedicated_trend,趋势专属分支,002439.SZ,启明星辰,2023-01-19,0.302341,trend,244.389425,252.458887,242.742596,250.812058,True,2.593466,1.640106,0.489483,0.189024,4.845508,,,0.302341,0.144042
dedicated_trend,趋势专属分支,002153.SZ,石基信息,2023-01-20,0.302725,trend,139.657884,146.763433,139.150345,145.917535,True,3.915663,1.658822,0.458596,0.201262,8.746252,,,0.302725,0.140359
dedicated_trend,趋势专属分支,300274.SZ,阳光电源,2023-01-20,0.284039,trend,848.884338,873.132354,830.545502,873.132354,True,7.035803,1.343803,0.190402,0.419948,1.995776,,,0.284039,0.145819
dedicated_trend,趋势专属分支,002532.SZ,天山铝业,2023-01-20,0.279273,trend,65.242769,68.122241,64.485013,67.516036,True,3.125,1.376193,0.379367,0.204578,8.463157,,,0.279273,0.128105
dedicated_trend,趋势专属分支,002439.SZ,启明星辰,2023-01-30,0.322971,trend,251.964838,257.646399,249.906302,255.340838,True,2.818302,1.425274,0.434156,0.171725,5.862333,,,0.322971,0.152837
dedicated_trend,趋势专属分支,603995.SH,甬金股份,2023-01-30,0.316419,trend,46.151951,48.475036,46.120977,48.165292,True,5.423729,2.03739,0.473812,0.201438,7.827838,,,0.316419,0.134948
dedicated_trend,趋势专属分支,002160.SZ,常铝股份,2023-01-30,0.310538,trend,9.325234,9.700747,9.28351,9.679885,True,4.977376,2.785026,0.620534,0.102742,7.931108,,,0.310538,0.137899
dedicated_trend,趋势专属分支,002080.SZ,中材科技,2023-01-31,0.32269,trend,118.484929,122.048752,117.4109,121.072362,True,2.268041,1.425809,0.484682,0.371919,1.793711,,,0.32269,0.141944
dedicated_trend,趋势专属分支,603878.SH,武进不锈,2023-01-31,0.322664,trend,30.521237,31.869178,30.280533,31.869178,True,3.924647,1.380315,0.459568,0.388654,3.390925,,,0.322664,0.153918
dedicated_trend,趋势专属分支,002895.SZ,川恒股份,2023-01-31,0.322443,trend,30.038991,32.050058,29.922561,31.848951,True,5.616006,1.761613,0.382271,0.309198,8.057611,,,0.322443,0.140246
dedicated_trend,趋势专属分支,300377.SZ,赢时胜,2023-02-01,0.357759,trend,99.65397,102.129177,99.223499,101.913941,True,2.157497,1.651527,0.505055,0.248684,3.716471,,,0.357759,0.155582
dedicated_trend,趋势专属分支,000555.SZ,神州信息,2023-02-01,0.351176,trend,23.78877,24.440517,23.78877,24.42015,True,2.830189,1.434178,0.633366,0.342652,3.090932,,,0.351176,0.149949
dedicated_trend,趋势专属分支,000534.SZ,万泽股份,2023-02-01,0.343397,trend,18.279591,19.031565,18.169007,18.965214,True,3.876439,2.020975,0.378823,0.122962,14.876263,,,0.343397,0.166661
dedicated_trend,趋势专属分支,603960.SH,克来机电,2023-02-02,0.350249,trend,64.376168,67.024355,64.376168,66.393834,True,3.134182,1.992977,0.458677,0.128488,8.076727,,,0.350249,0.144863
dedicated_trend,趋势专属分支,688091.SH,上海谊众,2023-02-02,0.343494,trend,108.348767,111.925487,107.587184,111.585494,True,2.974398,1.70103,0.374352,0.227186,5.482213,,,0.343494,0.141107
dedicated_trend,趋势专属分支,002294.SZ,信立泰,2023-02-02,0.342023,trend,420.096126,448.422346,412.329259,446.480629,True,8.312552,2.002999,0.470514,0.184232,5.924897,,,0.342023,0.158316
dedicated_trend,趋势专属分支,300674.SZ,宇信科技,2023-02-03,0.326316,trend,26.670411,27.564391,26.405528,27.431949,True,2.473717,1.814557,0.420981,0.076481,13.739298,,,0.326316,0.153997
dedicated_trend,趋势专属分支,688578.SH,艾力斯,2023-02-03,0.325795,trend,23.36,24.01,23.36,23.9,True,2.224123,1.360728,0.370205,0.225938,8.844009,,,0.325795,0.163486
dedicated_trend,趋势专属分支,002422.SZ,科伦药业,2023-02-03,0.30373,trend,190.333684,198.163013,189.591248,197.083106,True,3.472714,1.328802,0.358905,0.264902,-0.261785,,,0.30373,0.140234
dedicated_trend,趋势专属分支,600100.SH,同方股份,2023-02-06,0.300253,trend,10.729526,11.185639,10.642647,11.1422,True,4.268293,3.555711,0.596742,0.083131,16.515477,,,0.300253,0.156274
dedicated_trend,趋势专属分支,300352.SZ,北信源,2023-02-06,0.292523,trend,91.227794,97.978265,90.842053,97.592524,True,6.302521,3.698668,0.527189,0.015,18.364208,,,0.292523,0.158183
dedicated_trend,趋势专属分支,002658.SZ,雪迪龙,2023-02-06,0.285991,trend,45.459199,47.378587,45.459199,47.378587,True,3.532009,1.74691,0.622258,0.310981,11.199408,,,0.285991,0.145496
dedicated_trend,趋势专属分支,300007.SZ,汉威科技,2023-02-07,0.354987,trend,79.237677,82.19555,78.821075,81.945589,True,3.690037,2.915698,0.565752,0.162475,12.800914,,,0.354987,0.14091
dedicated_trend,趋势专属分支,688277.SH,天智航-U,2023-02-07,0.349372,trend,14.45,14.86,14.31,14.74,True,2.64624,1.372106,0.477121,0.057144,14.249995,,,0.349372,0.149522
dedicated_trend,趋势专属分支,002256.SZ,兆新股份,2023-02-07,0.323688,trend,25.959228,26.708953,25.771796,26.521521,True,2.166065,1.399278,0.569443,0.221221,7.430527,,,0.323688,0.143565
dedicated_trend,趋势专属分支,601890.SH,亚星锚链,2023-02-08,0.32924,trend,27.369914,28.533987,27.256346,28.392027,True,3.84216,2.613215,0.515766,0.114763,14.818978,,,0.32924,0.147956
dedicated_trend,趋势专属分支,301093.SZ,华兰股份,2023-02-08,0.251837,trend,33.898949,36.317387,33.898949,36.133708,True,6.656627,1.961768,0.322108,0.105,28.002119,,,0.251837,0.16529
dedicated_trend,趋势专属分支,688246.SH,嘉和美康,2023-02-08,0.195851,trend,33.7,36.18,33.56,36.0,True,5.540897,2.304996,0.414812,0.215492,12.080831,,,0.195851,0.103524
dedicated_trend,趋势专属分支,300768.SZ,迪普科技,2023-02-09,0.386731,trend,23.970859,24.958252,23.788571,24.851917,True,3.02267,1.316554,0.345571,0.141595,13.901576,,,0.386731,0.173015
dedicated_trend,趋势专属分支,002396.SZ,星网锐捷,2023-02-09,0.357948,trend,69.417956,73.432252,69.222137,73.26907,True,4.955587,2.694029,0.590876,0.108333,10.546411,,,0.357948,0.140254
dedicated_trend,趋势专属分支,300131.SZ,英唐智控,2023-02-09,0.352353,trend,99.515619,104.148562,99.330301,103.963244,True,3.888889,2.281943,0.612093,0.17887,9.961902,,,0.352353,0.140969
dedicated_trend,趋势专属分支,300825.SZ,阿尔特,2023-02-10,0.334556,trend,19.099818,19.880015,18.904769,19.880015,True,4.084839,2.091594,0.47827,0.235908,10.583686,,,0.334556,0.139954
dedicated_trend,趋势专属分支,300505.SZ,川金诺,2023-02-10,0.300311,trend,49.594002,51.019578,49.493609,50.758557,True,2.306758,1.87427,0.581917,0.536964,6.175341,,,0.300311,0.127643
dedicated_trend,趋势专属分支,603298.SH,杭叉集团,2023-02-10,0.290771,trend,31.58598,32.720901,31.490071,32.577038,True,2.929293,1.44929,0.525692,0.225104,9.686564,,,0.290771,0.145895
dedicated_trend,趋势专属分支,002006.SZ,精工科技,2023-02-13,0.371281,trend,90.766882,93.343764,89.432967,92.525225,True,3.108108,1.312884,0.427169,0.250426,9.60201,,,0.371281,0.150155
dedicated_trend,趋势专属分支,601226.SH,华电科工,2023-02-13,0.36679,trend,10.382191,10.776053,10.240401,10.760298,True,4.115854,2.762045,0.527253,0.179576,13.895653,,,0.36679,0.156992
dedicated_trend,趋势专属分支,300427.SZ,红相股份,2023-02-13,0.36583,trend,65.811731,67.676841,65.44537,67.343785,True,2.691722,1.410794,0.546336,0.356623,3.754806,,,0.36583,0.151709
dedicated_trend,趋势专属分支,300181.SZ,佐力药业,2023-02-14,0.388228,trend,85.973743,91.479079,85.973743,91.403663,True,6.315789,2.234444,0.426681,0.356471,6.594067,,,0.388228,0.157633
dedicated_trend,趋势专属分支,000400.SZ,许继电气,2023-02-14,0.360884,trend,48.683989,52.190887,47.63192,51.881455,True,8.125537,2.433986,0.348521,0.084611,12.155502,,,0.360884,0.158842
dedicated_trend,趋势专属分支,000811.SZ,冰轮环境,2023-02-14,0.330731,trend,48.754412,50.268524,48.640854,50.154966,True,2.792863,1.616139,0.523273,0.374807,8.001855,,,0.330731,0.151617
dedicated_trend,趋势专属分支,000555.SZ,神州信息,2023-02-15,0.338374,trend,25.05153,25.784746,24.949695,25.68291,True,2.938776,1.827972,0.49889,0.275911,6.892736,,,0.338374,0.151007
dedicated_trend,趋势专属分支,300177.SZ,中海达,2023-02-15,0.338353,trend,85.928997,88.261356,85.683486,87.893089,True,2.432046,1.605245,0.579855,0.204868,7.795834,,,0.338353,0.141272
dedicated_trend,趋势专属分支,300590.SZ,移为通信,2023-02-15,0.336164,trend,66.230189,67.976053,65.835962,67.694462,True,2.472293,1.301704,0.406201,0.09168,9.524451,,,0.336164,0.132102
dedicated_trend,趋势专属分支,002991.SZ,甘源食品,2023-02-17,0.27214,trend,90.139469,94.294798,89.360345,93.900041,True,4.593844,1.360313,0.418506,0.321838,9.05297,,,0.27214,0.130416
dedicated_trend,趋势专属分支,600780.SH,通宝能源,2023-02-17,0.25947,trend,9.026556,9.523016,8.913724,9.432751,True,2.200489,2.324283,0.335158,0.075,25.890373,,,0.25947,0.158905
dedicated_trend,趋势专属分支,601699.SH,潞安环能,2023-02-20,0.330819,trend,68.998461,72.422703,68.998461,72.285733,True,5.181863,1.776322,0.400087,0.294349,1.087082,,,0.330819,0.151325
dedicated_trend,趋势专属分支,002064.SZ,华峰化学,2023-02-20,0.329265,trend,34.89985,36.315307,34.634452,36.138375,True,3.811944,1.515461,0.484345,0.340558,1.368889,,,0.329265,0.144392
dedicated_trend,趋势专属分支,603444.SH,吉比特,2023-02-20,0.329121,trend,450.514758,487.1312,445.557304,483.965301,True,7.468868,2.400524,0.38655,0.254159,5.566549,,,0.329121,0.14538
dedicated_trend,趋势专属分支,300705.SZ,九典制药,2023-02-21,0.339277,trend,80.58206,83.560217,78.80662,83.417036,True,4.110079,1.784407,0.324446,0.458242,2.663141,,,0.339277,0.149757
dedicated_trend,趋势专属分支,002541.SZ,鸿路钢构,2023-02-21,0.319545,trend,145.243754,156.566856,145.077238,155.4845,True,7.451093,2.741854,0.444404,0.173657,11.683938,,,0.319545,0.149472
dedicated_trend,趋势专属分支,002284.SZ,亚太股份,2023-02-21,0.302441,trend,55.442322,58.266991,55.376632,57.741471,True,4.76758,2.352824,0.470496,0.22693,2.431497,,,0.302441,0.13313
dedicated_trend,趋势专属分支,300101.SZ,振芯科技,2023-02-22,0.339448,trend,238.033051,245.885688,236.887875,245.640293,True,2.842466,1.380067,0.352624,0.387625,4.797753,,,0.339448,0.157312
dedicated_trend,趋势专属分支,688586.SH,江航装备,2023-02-22,0.311317,trend,26.219596,27.443082,26.205369,27.229683,True,3.291959,1.449839,0.458879,0.31693,4.120863,,,0.311317,0.139432
dedicated_trend,趋势专属分支,300252.SZ,金信诺,2023-02-22,0.301584,trend,41.795432,43.636421,41.596406,43.238369,True,4.698795,2.621639,0.54836,0.165095,6.926926,,,0.301584,0.135486
dedicated_trend,趋势专属分支,601633.SH,长城汽车,2023-02-23,0.271992,trend,130.82252,136.674006,130.518546,135.420116,True,3.876421,1.491121,0.490405,0.103864,13.336544,,,0.271992,0.14443
dedicated_trend,趋势专属分支,605090.SH,九丰能源,2023-02-23,0.261629,trend,33.536897,35.597426,33.536897,35.299005,True,5.747126,2.952171,0.564744,0.175121,6.948822,,,0.261629,0.119185
dedicated_trend,趋势专属分支,002867.SZ,周大生,2023-02-23,0.261289,trend,41.08873,43.161533,41.036254,42.767963,True,4.219949,1.908417,0.511201,0.24276,10.423016,,,0.261289,0.116534
dedicated_trend,趋势专属分支,000534.SZ,万泽股份,2023-02-24,0.33702,trend,20.391752,21.243252,20.1927,21.132667,True,3.745928,1.572216,0.300217,0.139964,6.217815,,,0.33702,0.159311
dedicated_trend,趋势专属分支,603220.SH,中贝通信,2023-02-24,0.317547,trend,12.974044,13.624812,12.891407,13.531845,True,5.052125,3.042717,0.425785,0.227684,8.391411,,,0.317547,0.155183
dedicated_trend,趋势专属分支,600195.SH,中牧股份,2023-02-24,0.308907,trend,41.152647,43.082108,40.932137,42.999417,True,4.487609,1.374031,0.341848,0.361426,2.401005,,,0.308907,0.154593
dedicated_trend,趋势专属分支,002539.SZ,云图控股,2023-02-27,0.302659,trend,75.864596,79.798316,75.552396,79.798316,True,5.012325,3.329954,0.680202,0.104085,8.026684,,,0.302659,0.131104
dedicated_trend,趋势专属分支,600312.SH,平高电气,2023-02-27,0.27027,trend,12.605205,13.250188,12.464992,13.194103,True,4.671858,2.217707,0.571189,0.25888,5.813443,,,0.27027,0.132002
dedicated_trend,趋势专属分支,603866.SH,桃李面包,2023-02-27,0.249855,trend,53.786428,55.247678,52.884806,55.247678,True,2.895194,1.760269,0.440644,0.070717,5.361659,,,0.249855,0.116517
dedicated_trend,趋势专属分支,603368.SH,柳药集团,2023-02-28,0.348858,trend,62.653006,65.328994,62.129444,65.125386,True,4.528478,1.421698,0.514988,0.323664,6.406641,,,0.348858,0.147925
dedicated_trend,趋势专属分支,600750.SH,华润江中,2023-02-28,0.331575,trend,44.494429,46.065794,44.411726,45.98309,True,3.602484,1.737779,0.571437,0.244479,8.615513,,,0.331575,0.140514
dedicated_trend,趋势专属分支,600422.SH,昆药集团,2023-02-28,0.328459,trend,40.86697,43.480556,40.415533,43.290477,True,6.612054,2.087158,0.387812,0.352931,9.639992,,,0.328459,0.158137
dedicated_trend,趋势专属分支,600803.SH,新奥股份,2023-03-01,0.311218,trend,23.196377,24.129014,23.052894,23.985532,True,3.883998,1.823438,0.474326,0.331605,8.883654,,,0.311218,0.142816
dedicated_trend,趋势专属分支,002978.SZ,安宁股份,2023-03-01,0.307008,trend,42.185373,43.599767,41.628187,43.353319,True,2.742509,2.43212,0.520837,0.267502,4.280174,,,0.307008,0.143951
dedicated_trend,趋势专属分支,600498.SH,烽火通信,2023-03-01,0.303566,trend,37.79086,39.059618,37.609609,38.855711,True,2.817746,1.498284,0.368948,0.179374,2.615745,,,0.303566,0.156588
dedicated_trend,趋势专属分支,000786.SZ,北新建材,2023-03-02,0.315301,trend,76.723515,78.969202,76.328669,78.722423,True,2.37484,1.449396,0.512346,0.209158,10.248455,,,0.315301,0.142309
dedicated_trend,趋势专属分支,002925.SZ,盈趣科技,2023-03-02,0.302148,trend,37.274097,39.447625,37.083437,39.104436,True,4.964176,2.087897,0.510662,0.390371,5.402425,,,0.302148,0.144774
dedicated_trend,趋势专属分支,300761.SZ,立华股份,2023-03-02,0.299325,trend,40.500656,41.962128,40.321914,41.657216,True,2.350814,1.493055,0.604716,0.209725,7.807046,,,0.299325,0.13607
dedicated_trend,趋势专属分支,603195.SH,公牛集团,2023-03-03,0.323507,trend,174.67915,183.565231,172.916622,181.94958,True,3.906297,1.476918,0.510932,0.267571,2.971148,,,0.323507,0.15259
dedicated_trend,趋势专属分支,688009.SH,中国通号,2023-03-03,0.29248,trend,5.982161,6.182308,5.937684,6.126711,True,2.226345,2.805573,0.614079,0.123345,9.157891,,,0.29248,0.146146
dedicated_trend,趋势专属分支,601618.SH,中国中冶,2023-03-03,0.290946,trend,4.360913,4.51927,4.348732,4.494908,True,3.072626,2.898931,0.662441,0.175795,8.764007,,,0.290946,0.138509
dedicated_trend,趋势专属分支,600511.SH,国药股份,2023-03-06,0.303896,trend,38.078763,39.434167,38.078763,39.271982,True,3.164942,2.016375,0.577287,0.229427,10.764467,,,0.303896,0.150334
dedicated_trend,趋势专属分支,000541.SZ,佛山照明,2023-03-06,0.29828,trend,11.463227,11.81837,11.423767,11.81837,True,3.454231,1.597879,0.486126,0.48837,4.405046,,,0.29828,0.135051
dedicated_trend,趋势专属分支,601991.SH,大唐发电,2023-03-06,0.287618,trend,4.018723,4.164137,4.005503,4.124479,True,2.631579,1.311291,0.617624,0.379358,5.997627,,,0.287618,0.13647
dedicated_trend,趋势专属分支,002322.SZ,理工能科,2023-03-08,0.283456,trend,56.032639,58.941437,55.879544,58.941437,True,5.383212,1.740084,0.429079,0.422097,7.639827,,,0.283456,0.137477
dedicated_trend,趋势专属分支,600552.SH,凯盛科技,2023-03-08,0.277165,trend,59.755633,64.094637,59.70847,63.52868,True,9.068826,2.506514,0.257352,0.078761,22.580824,,,0.277165,0.145714
dedicated_trend,趋势专属分支,300910.SZ,瑞丰新材,2023-03-08,0.276893,trend,137.867255,143.723454,135.432309,142.870709,True,2.77901,1.489936,0.43389,0.151965,18.611156,,,0.276893,0.124391
dedicated_trend,趋势专属分支,603017.SH,中衡设计,2023-03-09,0.316221,trend,50.979266,52.474401,50.496965,52.13679,True,2.367424,2.667124,0.626104,0.150275,11.34431,,,0.316221,0.138019
dedicated_trend,趋势专属分支,601872.SH,招商轮船,2023-03-09,0.310057,trend,11.800071,12.209585,11.693901,12.164084,True,9.41337,2.213508,0.289783,0.142722,17.106546,,,0.310057,0.144764
dedicated_trend,趋势专属分支,300959.SZ,线上线下,2023-03-09,0.299618,trend,33.694919,34.741219,33.319064,34.599003,True,2.900302,2.21899,0.531645,0.182178,9.792696,,,0.299618,0.124803
dedicated_trend,趋势专属分支,603859.SH,能科科技,2023-03-10,0.256797,trend,42.260507,44.62921,42.209677,44.314061,True,3.761009,1.31677,0.245742,0.161797,16.992818,,,0.256797,0.134777
dedicated_trend,趋势专属分支,300232.SZ,洲明科技,2023-03-10,0.214173,trend,67.288041,70.39066,66.900214,69.808919,True,2.12766,1.987365,0.431127,0.045,18.441503,,,0.214173,0.111523
dedicated_trend,趋势专属分支,002858.SZ,力盛体育,2023-03-10,0.165101,trend,29.577797,32.314246,28.672354,32.153278,True,9.452055,2.1541,0.408677,0.105,13.439036,,,0.165101,0.118669
dedicated_trend,趋势专属分支,601928.SH,凤凰传媒,2023-03-13,0.332456,trend,12.516924,13.160972,12.432918,13.076966,True,4.357542,1.783591,0.477477,0.210729,9.98158,,,0.332456,0.145645
dedicated_trend,趋势专属分支,601390.SH,中国中铁,2023-03-13,0.313947,trend,8.416009,8.916351,8.416009,8.839375,True,7.153966,2.110565,0.479039,0.105,15.702763,,,0.313947,0.151225
dedicated_trend,趋势专属分支,600976.SH,健民集团,2023-03-13,0.312753,trend,80.957341,86.762905,79.223982,86.561075,True,6.968897,1.723866,0.273694,0.182413,13.611041,,,0.312753,0.142026
dedicated_trend,趋势专属分支,603219.SH,富佳股份,2023-03-14,0.330024,trend,19.953488,20.628837,19.748837,20.424186,True,3.634476,1.753454,0.459505,0.144596,12.603396,,,0.330024,0.141289
dedicated_trend,趋势专属分支,603699.SH,纽威股份,2023-03-14,0.275255,trend,15.307764,16.147748,15.082097,15.997303,True,4.163265,1.992085,0.545876,0.141307,13.816709,,,0.275255,0.138572
dedicated_trend,趋势专属分支,603078.SH,江化微,2023-03-14,0.273045,trend,92.99372,98.055714,91.687399,98.014891,True,4.527645,2.924732,0.679484,0.207802,12.422982,,,0.273045,0.113377
dedicated_trend,趋势专属分支,601186.SH,中国铁建,2023-03-15,0.319987,trend,11.739789,12.621589,11.502887,12.516299,True,6.61435,2.478685,0.522672,0.06,18.109826,,,0.319987,0.155689
dedicated_trend,趋势专属分支,600970.SH,中材国际,2023-03-15,0.312531,trend,55.713745,58.169447,54.588215,57.657843,True,4.062789,1.583637,0.442408,0.09,20.545067,,,0.312531,0.149779
dedicated_trend,趋势专属分支,601985.SH,中国核电,2023-03-15,0.273579,trend,7.675569,7.860523,7.536854,7.814284,True,2.114804,1.346549,0.673935,0.184632,12.074972,,,0.273579,0.136491
dedicated_trend,趋势专属分支,603222.SH,济民健康,2023-03-16,0.255696,trend,35.862496,37.635601,35.719503,37.321018,True,3.984064,1.55219,0.258098,0.105,15.780233,,,0.255696,0.144921
dedicated_trend,趋势专属分支,600422.SH,昆药集团,2023-03-16,0.225806,trend,48.850285,51.53515,48.280049,51.107473,True,4.671533,1.409834,0.244611,0.075,18.995871,,,0.225806,0.13806
dedicated_trend,趋势专属分支,002022.SZ,科华生物,2023-03-17,0.322065,trend,18.934741,19.832388,18.920716,19.692131,True,3.846154,1.804891,0.581076,0.266871,11.826314,,,0.322065,0.147695
dedicated_trend,趋势专属分支,603258.SH,电魂网络,2023-03-17,0.286897,trend,27.727172,29.087948,27.542106,28.804906,True,4.626335,1.654445,0.471016,0.373576,9.115952,,,0.286897,0.127764
dedicated_trend,趋势专属分支,601598.SH,中国外运,2023-03-17,0.283616,trend,4.932792,5.073729,4.897557,5.02675,True,2.147971,2.007252,0.702552,0.240903,7.789564,,,0.283616,0.135771
dedicated_trend,趋势专属分支,002558.SZ,巨人网络,2023-03-20,0.305527,trend,48.246264,51.124715,48.246264,50.738057,True,9.149723,3.146295,0.365255,0.293262,16.078752,,,0.305527,0.125578
dedicated_trend,趋势专属分支,300613.SZ,富瀚微,2023-03-20,0.289112,trend,349.011963,362.152941,344.562655,359.721343,True,3.02267,2.013912,0.332126,0.23062,7.158294,,,0.289112,0.118675
dedicated_trend,趋势专属分支,002600.SZ,领益智造,2023-03-20,0.286015,trend,24.565434,25.118901,24.352562,24.948603,True,2.268761,1.926394,0.46488,0.517152,6.583176,,,0.286015,0.135178
dedicated_trend,趋势专属分支,600398.SH,海澜之家,2023-03-21,0.365107,trend,9.711555,10.464508,9.65009,10.387676,True,7.643312,1.736021,0.358765,0.105,14.68527,,,0.365107,0.167006
dedicated_trend,趋势专属分支,603110.SH,东方材料,2023-03-21,0.294247,trend,83.490666,88.562723,83.490666,88.416615,True,5.111663,1.885728,0.485162,0.314895,8.100701,,,0.294247,0.135061
dedicated_trend,趋势专属分支,603171.SH,税友股份,2023-03-21,0.281513,trend,40.671143,43.056429,40.206214,42.955357,True,5.145967,2.073957,0.599633,0.205089,13.80859,,,0.281513,0.123157
dedicated_trend,趋势专属分支,300245.SZ,天玑科技,2023-03-22,0.286746,trend,40.78669,42.255011,40.623543,42.214224,True,3.190429,1.456997,0.318619,0.375651,8.671798,,,0.286746,0.113842
dedicated_trend,趋势专属分支,002387.SZ,维信诺,2023-03-22,0.282553,trend,24.796094,26.041235,24.51149,25.898933,True,5.354559,2.811367,0.571188,0.183628,10.168607,,,0.282553,0.137997
dedicated_trend,趋势专属分支,300765.SZ,新诺威,2023-03-22,0.274474,trend,51.970858,54.476148,51.943021,53.947253,True,4.418103,2.065822,0.585418,0.162965,9.067003,,,0.274474,0.132806
dedicated_trend,趋势专属分支,688135.SH,利扬芯片,2023-03-23,0.28959,trend,34.603736,35.531259,34.257189,35.531259,True,2.469136,1.81257,0.571027,0.258549,6.749945,,,0.28959,0.133859
dedicated_trend,趋势专属分支,688220.SH,翱捷科技-U,2023-03-23,0.277394,trend,68.3,71.88,68.25,71.83,True,4.571262,2.167047,0.475092,0.360429,8.652363,,,0.277394,0.126809
dedicated_trend,趋势专属分支,603068.SH,博通集成,2023-03-23,0.276276,trend,34.609922,35.512966,34.376551,35.340474,True,2.411056,1.502439,0.630467,0.336173,4.399449,,,0.276276,0.131035
dedicated_trend,趋势专属分支,300433.SZ,蓝思科技,2023-03-24,0.295266,trend,77.79333,80.143755,77.621348,79.570481,True,2.359882,2.704297,0.501654,0.243074,11.703533,,,0.295266,0.14354
dedicated_trend,趋势专属分支,002635.SZ,安洁科技,2023-03-24,0.289094,trend,72.795823,74.456936,72.502686,74.261511,True,2.150538,2.058928,0.648444,0.30047,6.983763,,,0.289094,0.131829
dedicated_trend,趋势专属分支,300024.SZ,机器人,2023-03-24,0.275607,trend,260.728406,278.284277,259.304957,275.674621,True,5.732484,3.114437,0.567268,0.176903,11.524849,,,0.275607,0.139372
dedicated_trend,趋势专属分支,600446.SH,金证股份,2023-03-27,0.297322,trend,83.669208,88.254638,83.669208,87.540026,True,4.925054,2.68022,0.447472,0.193319,11.777574,,,0.297322,0.134451
dedicated_trend,趋势专属分支,000719.SZ,中原传媒,2023-03-27,0.296712,trend,16.071539,16.661922,15.727149,16.596324,True,3.794872,1.390057,0.421797,0.242829,6.995375,,,0.296712,0.144079
dedicated_trend,趋势专属分支,300080.SZ,易成新能,2023-03-27,0.282127,trend,15.532485,16.455468,15.532485,16.349984,True,4.72973,3.403976,0.546036,0.241883,7.544317,,,0.282127,0.135562
dedicated_trend,趋势专属分支,002690.SZ,美亚光电,2023-03-28,0.261144,trend,147.72818,156.073526,147.676345,155.347844,True,5.56534,2.377439,0.573659,0.186831,14.89733,,,0.261144,0.139282
dedicated_trend,趋势专属分支,600761.SH,安徽合力,2023-03-28,0.25489,trend,54.317701,58.207906,54.28867,57.772435,True,4.847208,1.678612,0.264485,0.178543,7.253843,,,0.25489,0.144691
dedicated_trend,趋势专属分支,003025.SZ,思进智能,2023-03-28,0.251209,trend,54.99145,57.016571,54.344246,56.933061,True,3.530752,1.339187,0.447499,0.419998,8.360157,,,0.251209,0.11958
dedicated_trend,趋势专属分支,300867.SZ,圣元环保,2023-03-29,0.278478,trend,19.173779,20.337974,19.173779,20.186122,True,5.279831,3.410547,0.685016,0.169135,7.476222,,,0.278478,0.132556
dedicated_trend,趋势专属分支,300939.SZ,秋田微,2023-03-29,0.274798,trend,50.196826,53.663966,49.721244,53.372481,True,7.046154,3.249375,0.514339,0.214551,11.202763,,,0.274798,0.117056
dedicated_trend,趋势专属分支,002697.SZ,红旗连锁,2023-03-29,0.265933,trend,43.677477,44.863962,43.529167,44.715652,True,2.030457,2.002838,0.711301,0.086812,7.581886,,,0.265933,0.134074
dedicated_trend,趋势专属分支,002461.SZ,珠江啤酒,2023-03-30,0.288306,trend,19.869011,20.408344,19.761145,20.365197,True,2.497286,2.768422,0.652622,0.169661,8.536066,,,0.288306,0.137105
dedicated_trend,趋势专属分支,000729.SZ,燕京啤酒,2023-03-30,0.278434,trend,29.740608,31.441965,29.740608,31.353583,True,4.338235,1.473091,0.474312,0.27262,9.562551,,,0.278434,0.129444
dedicated_trend,趋势专属分支,000048.SZ,京基智农,2023-03-30,0.25603,trend,32.158906,34.149695,31.929199,33.84342,True,5.288232,2.137317,0.563861,0.12,3.523308,,,0.25603,0.119462
dedicated_trend,趋势专属分支,000521.SZ,长虹美菱,2023-03-31,0.309665,trend,8.665632,9.082248,8.632302,9.032254,True,4.83559,2.306963,0.56962,0.171658,9.888711,,,0.309665,0.141295
dedicated_trend,趋势专属分支,600511.SH,国药股份,2023-03-31,0.308594,trend,41.403559,43.268688,41.391974,43.152842,True,3.934152,1.34334,0.413932,0.178434,2.396471,,,0.308594,0.143154
dedicated_trend,趋势专属分支,603199.SH,九华旅游,2023-03-31,0.296405,trend,29.589413,30.534091,29.180053,30.408134,True,2.912966,1.973763,0.648455,0.06,11.818386,,,0.296405,0.142304
dedicated_trend,趋势专属分支,002100.SZ,天康生物,2023-04-03,0.280432,trend,47.212404,50.079969,47.161198,49.670317,True,8.866442,3.39429,0.633822,0.200688,13.02163,,,0.280432,0.135866
dedicated_trend,趋势专属分支,300148.SZ,天舟文化,2023-04-03,0.27862,trend,22.984979,23.574337,22.808171,23.515401,True,2.046036,1.474881,0.541012,0.351845,3.412224,,,0.27862,0.124697
dedicated_trend,趋势专属分支,000860.SZ,顺鑫农业,2023-04-03,0.275673,trend,48.813985,52.877179,48.813985,52.417983,True,6.112676,1.678365,0.337976,0.189327,21.846519,,,0.275673,0.134618
dedicated_trend,趋势专属分支,600572.SH,康恩贝,2023-04-04,0.302915,trend,36.223966,39.397306,35.984469,39.337431,True,8.595041,2.002363,0.300952,0.105,9.855068,,,0.302915,0.14498
dedicated_trend,趋势专属分支,300498.SZ,温氏股份,2023-04-04,0.265107,trend,42.677886,45.260698,42.34991,44.871226,True,6.262136,2.499018,0.600391,0.075,13.034217,,,0.265107,0.124581
dedicated_trend,趋势专属分支,688300.SH,联瑞新材,2023-04-04,0.24789,trend,103.265649,109.076106,101.794459,108.451965,True,5.967765,1.950386,0.322611,0.13653,5.601992,,,0.24789,0.105974
dedicated_trend,趋势专属分支,600161.SH,天坛生物,2023-04-06,0.294493,trend,76.5717,79.59825,76.178249,79.083736,True,3.280632,1.788452,0.658619,0.242315,3.31639,,,0.294493,0.131266
dedicated_trend,趋势专属分支,002102.SZ,能特科技,2023-04-06,0.287229,trend,21.319585,22.473637,21.137367,22.473637,True,5.113636,2.097398,0.554722,0.15,20.493317,,,0.287229,0.141269
dedicated_trend,趋势专属分支,600547.SH,山东黄金,2023-04-06,0.266056,trend,95.428397,102.25932,95.387493,101.645764,True,9.182777,1.958302,0.406206,0.075,14.236396,,,0.266056,0.143513
dedicated_trend,趋势专属分支,002217.SZ,合力泰,2023-04-07,0.306493,trend,9.623326,10.03216,9.591877,9.937814,True,3.606557,1.63308,0.494236,0.168292,14.520775,,,0.306493,0.130082
dedicated_trend,趋势专属分支,603590.SH,康辰药业,2023-04-07,0.24973,trend,36.088077,38.656064,35.784112,38.42547,True,7.287094,1.832208,0.335667,0.12,16.288228,,,0.24973,0.13031
dedicated_trend,趋势专属分支,002148.SZ,北纬科技,2023-04-07,0.249472,trend,45.651844,47.175881,44.474178,47.037332,True,3.82263,1.835427,0.593387,0.376655,1.107099,,,0.249472,0.105964
dedicated_trend,趋势专属分支,600276.SH,恒瑞医药,2023-04-10,0.296977,trend,469.290057,485.29685,466.691552,480.931361,True,2.48062,2.061182,0.624677,0.095161,9.028137,,,0.296977,0.129948
dedicated_trend,趋势专属分支,600780.SH,通宝能源,2023-04-10,0.280614,trend,10.256424,10.989831,10.166158,10.888283,True,6.984479,1.847292,0.348496,0.215357,10.671005,,,0.280614,0.121959
dedicated_trend,趋势专属分支,600266.SH,城建发展,2023-04-10,0.267077,trend,13.941813,14.33454,13.661294,14.250384,True,2.626263,1.584376,0.527772,0.175755,11.97025,,,0.267077,0.121615
dedicated_trend,趋势专属分支,000921.SZ,海信家电,2023-04-11,0.289875,trend,24.228924,25.35307,23.858196,25.281316,True,4.549951,1.366177,0.493679,0.260247,8.495674,,,0.289875,0.120877
dedicated_trend,趋势专属分支,002755.SZ,奥赛康,2023-04-11,0.272988,trend,18.727736,19.247453,18.458916,19.21161,True,2.583732,2.419984,0.476122,0.314546,13.958057,,,0.272988,0.125524
dedicated_trend,趋势专属分支,000031.SZ,大悦城,2023-04-11,0.259046,trend,4.257954,4.455998,4.213944,4.433993,True,4.134367,1.815162,0.701478,0.182407,3.312428,,,0.259046,0.124079
dedicated_trend,趋势专属分支,600576.SH,祥源文旅,2023-04-12,0.278575,trend,17.999389,18.484073,17.867202,18.462042,True,2.696078,1.873996,0.546454,0.145146,6.528073,,,0.278575,0.111184
dedicated_trend,趋势专属分支,002739.SZ,万达电影,2023-04-12,0.251303,trend,44.659357,45.966609,44.385746,45.601794,True,2.110279,1.681793,0.628713,0.21498,4.089472,,,0.251303,0.128914
dedicated_trend,趋势专属分支,601600.SH,中国铝业,2023-04-12,0.245154,trend,6.055326,6.297136,6.055326,6.246759,True,3.333333,1.450534,0.563912,0.12947,12.370196,,,0.245154,0.102573
dedicated_trend,趋势专属分支,002707.SZ,众信旅游,2023-04-13,0.232928,trend,119.965626,124.949,118.507077,124.219726,True,3.232323,2.065945,0.577779,0.124478,9.277531,,,0.232928,0.124297
dedicated_trend,趋势专属分支,603199.SH,九华旅游,2023-04-13,0.227796,trend,30.817494,31.909122,30.45012,31.867137,True,3.511763,2.260608,0.565678,0.092951,8.831544,,,0.227796,0.120482
dedicated_trend,趋势专属分支,000978.SZ,桂林旅游,2023-04-13,0.189055,trend,12.342946,13.116137,12.160191,13.116137,True,6.872852,2.983726,0.626854,0.123071,8.19625,,,0.189055,0.118263
dedicated_trend,趋势专属分支,603993.SH,洛阳钼业,2023-04-14,0.311297,trend,21.527429,22.219629,21.492819,22.185019,True,4.227642,1.736514,0.546746,0.325229,6.77036,,,0.311297,0.130755
dedicated_trend,趋势专属分支,000807.SZ,云铝股份,2023-04-14,0.251307,trend,19.745084,20.63767,19.609844,20.515954,True,5.640669,1.782318,0.580904,0.078997,11.380234,,,0.251307,0.115991
dedicated_trend,趋势专属分支,301051.SZ,信濠光电,2023-04-14,0.250361,trend,69.674398,75.301671,69.674398,74.691117,True,7.200234,2.793703,0.494222,0.107414,11.080213,,,0.250361,0.123023
dedicated_trend,趋势专属分支,600566.SH,济川药业,2023-04-17,0.282281,trend,50.939091,53.616637,50.462717,53.271677,True,5.155642,1.652762,0.618792,0.174379,11.438878,,,0.282281,0.124259
dedicated_trend,趋势专属分支,601006.SH,大秦铁路,2023-04-17,0.267647,trend,15.432328,15.908762,15.370184,15.846618,True,2.684564,1.872848,0.700697,0.381287,3.967271,,,0.267647,0.130604
dedicated_trend,趋势专属分支,002019.SZ,亿帆医药,2023-04-17,0.263123,trend,39.898481,40.991956,39.65845,40.671914,True,2.348993,1.323749,0.553749,0.388413,6.18773,,,0.263123,0.131307
dedicated_trend,趋势专属分支,601601.SH,中国太保,2023-04-18,0.292097,trend,40.531615,43.07544,40.531615,42.806925,True,5.613668,2.674246,0.606522,0.144282,13.1619,,,0.292097,0.136343
dedicated_trend,趋势专属分支,301015.SZ,百洋医药,2023-04-18,0.273474,trend,29.593061,30.594291,29.314368,30.553003,True,4.005622,1.309336,0.682626,0.174838,9.908925,,,0.273474,0.126529
dedicated_trend,趋势专属分支,300406.SZ,九强生物,2023-04-18,0.262344,trend,92.051798,98.928985,91.624643,98.074676,True,7.945463,2.165123,0.418457,0.252151,10.034836,,,0.262344,0.119594
dedicated_trend,趋势专属分支,601607.SH,上海医药,2023-04-19,0.249569,trend,27.192381,28.130049,27.154874,27.905009,True,2.291476,1.607444,0.617071,0.394098,5.309283,,,0.249569,0.126859
dedicated_trend,趋势专属分支,603611.SH,诺力股份,2023-04-19,0.243389,trend,70.729684,75.102064,70.729684,74.748416,True,4.682575,2.099371,0.454107,0.189683,17.377744,,,0.243389,0.11016
dedicated_trend,趋势专属分支,002368.SZ,太极股份,2023-04-19,0.186782,trend,256.542363,284.017223,254.887251,281.203532,True,8.910256,1.553914,0.330096,0.075,17.190761,,,0.186782,0.050238
dedicated_trend,趋势专属分支,300011.SZ,鼎汉技术,2023-04-20,0.255294,trend,54.572796,56.759071,54.152358,56.674984,True,3.692308,1.433223,0.571438,0.342457,9.55124,,,0.255294,0.118764
dedicated_trend,趋势专属分支,601766.SH,中国中车,2023-04-20,0.253284,trend,8.898725,9.175574,8.885541,9.162391,True,2.810651,1.597557,0.447032,0.455904,4.111458,,,0.253284,0.111251
dedicated_trend,趋势专属分支,600528.SH,中铁工业,2023-04-20,0.233874,trend,12.07901,12.667083,12.055487,12.572991,True,4.089581,1.435475,0.405656,0.265308,4.096758,,,0.233874,0.100946
dedicated_trend,趋势专属分支,688520.SH,神州细胞,2023-04-21,0.291419,trend,73.1,77.88,72.83,77.18,True,5.006803,1.69013,0.440643,0.069653,22.43681,,,0.291419,0.127553
dedicated_trend,趋势专属分支,603028.SH,赛福天,2023-04-21,0.286279,trend,15.227949,15.679738,15.081782,15.626586,True,3.248464,2.131499,0.618252,0.164417,10.58711,,,0.286279,0.128385
dedicated_trend,趋势专属分支,300970.SZ,华绿生物,2023-04-21,0.17553,trend,49.427179,52.957692,49.427179,52.957692,True,7.581967,2.17355,0.317667,0.18,34.109561,,,0.17553,0.100816
dedicated_trend,趋势专属分支,300349.SZ,金卡智能,2023-04-24,0.233707,trend,77.830375,82.8438,77.830375,82.538104,True,6.048704,3.45348,0.625195,0.111033,14.362375,,,0.233707,0.118544
dedicated_trend,趋势专属分支,600863.SH,华能蒙电,2023-04-24,0.222273,trend,12.265059,12.588675,12.200336,12.49159,True,2.387268,1.646206,0.606072,0.045,18.545099,,,0.222273,0.109909
dedicated_trend,趋势专属分支,600757.SH,长江传媒,2023-04-24,0.185999,trend,9.088203,9.635985,9.001055,9.623535,True,6.767956,1.897822,0.380216,0.015,20.811602,,,0.185999,0.082431
dedicated_trend,趋势专属分支,600085.SH,同仁堂,2023-04-25,0.281663,trend,158.575796,167.825102,155.957531,166.715185,True,5.076233,1.704394,0.484354,0.373325,9.457068,,,0.281663,0.131312
dedicated_trend,趋势专属分支,300572.SZ,安车检测,2023-04-25,0.269158,trend,47.402447,49.874083,46.931659,49.403295,True,3.641975,3.068868,0.544237,0.169196,14.178184,,,0.269158,0.116835
dedicated_trend,趋势专属分支,600028.SH,中国石化,2023-04-25,0.262797,trend,16.497142,17.068696,16.445182,16.964777,True,3.322785,1.311974,0.28041,0.356315,12.186434,,,0.262797,0.117153
dedicated_trend,趋势专属分支,301051.SZ,信濠光电,2023-04-26,0.278434,trend,69.063843,75.912225,69.063843,75.301671,True,8.329674,1.870411,0.512782,0.19315,11.398629,,,0.278434,0.123162
dedicated_trend,趋势专属分支,000862.SZ,银星能源,2023-04-26,0.256278,trend,8.533886,8.929973,8.437865,8.929973,True,4.347826,2.395575,0.684345,0.379998,9.959689,,,0.256278,0.118542
dedicated_trend,趋势专属分支,600012.SH,皖通高速,2023-04-26,0.243557,trend,15.0444,15.744139,14.861134,15.660837,True,3.867403,1.585376,0.569511,0.076587,13.827716,,,0.243557,0.107578
dedicated_trend,趋势专属分支,601336.SH,新华保险,2023-04-27,0.320864,trend,40.291396,43.160813,40.291396,42.802135,True,6.865672,2.538327,0.521466,0.045,13.541095,,,0.320864,0.147404
dedicated_trend,趋势专属分支,600886.SH,国投电力,2023-04-27,0.27667,trend,36.666815,38.04744,36.634708,37.886902,True,2.608696,1.59704,0.750722,0.400091,7.525478,,,0.27667,0.131691
dedicated_trend,趋势专属分支,600771.SH,广誉远,2023-04-27,0.255292,trend,53.075905,57.229671,53.005976,56.712198,True,8.85906,2.996956,0.647912,0.075,7.359278,,,0.255292,0.114389
dedicated_trend,趋势专属分支,600814.SH,杭州解百,2023-04-28,0.276692,trend,9.150259,9.692582,9.150259,9.634888,True,5.031447,1.918894,0.72853,0.0725,9.418601,,,0.276692,0.121291
dedicated_trend,趋势专属分支,000623.SZ,吉林敖东,2023-04-28,0.245376,trend,38.142352,39.251276,38.073044,39.251276,True,2.164762,1.50945,0.732068,0.197481,9.547635,,,0.245376,0.125631
dedicated_trend,趋势专属分支,600368.SH,五洲交通,2023-04-28,0.237363,trend,10.493213,10.89777,10.493213,10.89777,True,3.110048,1.67546,0.736577,0.26996,7.957217,,,0.237363,0.105605
dedicated_trend,趋势专属分支,600729.SH,重庆百货,2023-05-04,0.289256,trend,45.704372,48.069191,45.410702,47.914628,True,4.835982,1.67548,0.511732,0.133323,16.465909,,,0.289256,0.140019
dedicated_trend,趋势专属分支,600758.SH,辽宁能源,2023-05-04,0.277598,trend,5.939681,6.103159,5.898812,6.103159,True,2.988506,2.263087,0.714983,0.29171,11.60905,,,0.277598,0.129311
dedicated_trend,趋势专属分支,601601.SH,中国太保,2023-05-04,0.273331,trend,44.516941,48.332679,43.414617,48.163091,True,9.195771,2.226874,0.377601,0.075,21.699637,,,0.273331,0.13539
dedicated_trend,趋势专属分支,600642.SH,申能股份,2023-05-05,0.245431,trend,15.659148,16.020686,15.478378,15.975494,True,2.612482,1.578129,0.514132,0.166641,15.001785,,,0.245431,0.11827
dedicated_trend,趋势专属分支,003013.SZ,地铁设计,2023-05-05,0.237515,trend,19.914693,20.697321,19.904117,20.59156,True,3.674121,1.908243,0.593523,0.213814,8.108761,,,0.237515,0.116631
dedicated_trend,趋势专属分支,605300.SH,佳禾食品,2023-05-05,0.218551,trend,20.07685,21.266142,19.965984,21.094803,True,5.28169,1.615148,0.611254,0.12,5.040234,,,0.218551,0.09089
dedicated_trend,趋势专属分支,601318.SH,中国平安,2023-05-08,0.27256,trend,142.626565,145.506042,141.358538,145.083366,True,2.024893,1.636065,0.55692,0.03,14.971756,,,0.27256,0.128022
dedicated_trend,趋势专属分支,603556.SH,海兴电力,2023-05-08,0.257203,trend,35.630445,37.660027,34.968952,37.359349,True,4.896581,2.64462,0.532966,0.15,7.879106,,,0.257203,0.118543
dedicated_trend,趋势专属分支,601898.SH,中煤能源,2023-05-08,0.256393,trend,11.194557,11.707954,11.169514,11.657867,True,4.372197,2.259598,0.593807,0.218984,7.056237,,,0.256393,0.127203
dedicated_trend,趋势专属分支,601330.SH,绿色动力,2023-05-09,0.227871,trend,8.282612,8.535516,8.219386,8.524979,True,2.926209,1.84278,0.679356,0.197407,8.377595,,,0.227871,0.113076
dedicated_trend,趋势专属分支,600488.SH,津药药业,2023-05-09,0.1725,trend,8.292719,8.901065,8.180655,8.869047,True,7.364341,2.728295,0.490667,0.045,24.36591,,,0.1725,0.104194
dedicated_trend,趋势专属分支,601881.SH,中国银河,2023-05-09,0.155935,trend,15.017973,16.205647,14.707179,16.105749,True,9.344386,4.379657,0.245771,0.135,42.12802,,,0.155935,0.066652
dedicated_trend,趋势专属分支,002515.SZ,金字火腿,2023-05-10,0.30364,trend,51.372176,53.813186,50.928356,53.480321,True,4.103672,2.030493,0.681051,0.168402,8.956984,,,0.30364,0.126454
dedicated_trend,趋势专属分支,600518.SH,康美药业,2023-05-10,0.296695,trend,6.180648,6.48015,6.098965,6.48015,True,4.845815,1.618584,0.686414,0.075,15.861081,,,0.296695,0.134067
dedicated_trend,趋势专属分支,002300.SZ,太阳电缆,2023-05-10,0.242069,trend,60.353447,63.980128,60.011307,63.980128,True,5.769231,2.454661,0.661416,0.045,7.987182,,,0.242069,0.113285
dedicated_trend,趋势专属分支,002135.SZ,东南网架,2023-05-11,0.299382,trend,21.891902,22.989633,21.891902,22.832815,True,3.851641,3.118557,0.679962,0.105,15.171031,,,0.299382,0.128309
dedicated_trend,趋势专属分支,600858.SH,银座股份,2023-05-11,0.260691,trend,11.239225,11.833791,11.239225,11.718714,True,3.911565,1.595027,0.552702,0.04948,19.602528,,,0.260691,0.132986
dedicated_trend,趋势专属分支,000027.SZ,深圳能源,2023-05-11,0.251786,trend,18.74252,19.473113,18.686321,19.388814,True,3.448276,1.760609,0.712615,0.069978,9.148844,,,0.251786,0.114406
dedicated_trend,趋势专属分支,600846.SH,同济科技,2023-05-12,0.198597,trend,23.497302,24.287866,23.299661,24.046305,True,2.62418,1.582666,0.44391,0.021375,11.908944,,,0.198597,0.097616
dedicated_trend,趋势专属分支,603393.SH,新天然气,2023-05-15,0.264438,trend,67.734599,71.303848,66.788208,71.08753,True,6.008065,2.120924,0.615048,0.03,6.39221,,,0.264438,0.113676
dedicated_trend,趋势专属分支,000777.SZ,中核科技,2023-05-15,0.260547,trend,23.613568,25.443331,23.613568,25.212203,True,7.119476,2.613905,0.612744,0.075,16.502908,,,0.260547,0.113324
dedicated_trend,趋势专属分支,605368.SH,蓝天燃气,2023-05-15,0.254681,trend,15.408896,15.879273,15.035839,15.814394,True,3.283898,2.145185,0.669926,0.183769,4.633622,,,0.254681,0.122865
dedicated_trend,趋势专属分支,301006.SZ,迈拓股份,2023-05-16,0.218259,trend,26.141342,28.614865,25.145774,28.337748,True,5.825987,1.670605,0.319029,0.105492,19.883452,,,0.218259,0.083301
dedicated_trend,趋势专属分支,300783.SZ,三只松鼠,2023-05-16,0.213278,trend,21.807679,23.009036,21.644784,23.009036,True,4.291647,1.803755,0.54639,0.139845,5.715705,,,0.213278,0.12072
dedicated_trend,趋势专属分支,603606.SH,东方电缆,2023-05-16,0.205674,trend,208.190793,219.184635,205.625563,217.759507,True,4.596128,1.530349,0.435282,0.015,11.742415,,,0.205674,0.109236
dedicated_trend,趋势专属分支,300743.SZ,天地数码,2023-05-17,0.205722,trend,32.543988,35.339178,32.299964,35.139521,True,7.97546,3.256018,0.56754,0.189067,15.996296,,,0.205722,0.102469
dedicated_trend,趋势专属分支,002971.SZ,和远气体,2023-05-17,0.204587,trend,25.435103,27.1098,25.435103,27.1098,True,5.90801,1.760465,0.499111,0.201386,5.559726,,,0.204587,0.110415
dedicated_trend,趋势专属分支,600262.SH,北方股份,2023-05-17,0.201138,trend,22.582907,23.536801,22.083775,23.536801,True,4.019608,1.620918,0.397778,0.045,23.315166,,,0.201138,0.117318
dedicated_trend,趋势专属分支,002611.SZ,东方精工,2023-05-18,0.279389,trend,36.118906,37.438635,35.979987,37.160797,True,2.884615,1.426405,0.456802,0.506675,3.939744,,,0.279389,0.132837
dedicated_trend,趋势专属分支,003017.SZ,大洋生物,2023-05-18,0.251556,trend,33.698204,34.628523,33.512141,34.452796,True,2.711864,1.320522,0.670334,0.286303,4.806216,,,0.251556,0.120835
dedicated_trend,趋势专属分支,300407.SZ,凯发电气,2023-05-18,0.206204,trend,39.27961,40.430059,38.745473,40.183534,True,2.408377,1.32756,0.509784,0.178999,9.431267,,,0.206204,0.10962
dedicated_trend,趋势专属分支,300228.SZ,富瑞特装,2023-05-19,0.301161,trend,38.840894,39.811917,38.258281,39.682447,True,2.680067,1.694278,0.556798,0.335008,8.039997,,,0.301161,0.130404
dedicated_trend,趋势专属分支,002953.SZ,日丰股份,2023-05-19,0.27968,trend,23.774596,24.800167,23.513542,24.762874,True,4.238619,3.823727,0.456964,0.09,18.292057,,,0.27968,0.125394
dedicated_trend,趋势专属分支,600345.SH,长江通信,2023-05-19,0.195159,trend,21.854086,23.842853,21.664148,23.775816,True,8.793456,2.826428,0.584736,0.110395,9.821134,,,0.195159,0.092328
dedicated_trend,趋势专属分支,600163.SH,中闽能源,2023-05-22,0.333472,trend,5.54,5.84,5.53,5.84,True,5.415162,2.486558,0.700031,0.208151,8.094479,,,0.333472,0.12827
dedicated_trend,趋势专属分支,002099.SZ,海翔药业,2023-05-22,0.26232,trend,37.911109,38.987598,37.209052,38.847186,True,3.362391,1.723996,0.624717,0.239856,10.511198,,,0.26232,0.123964
dedicated_trend,趋势专属分支,600769.SH,祥龙电业,2023-05-22,0.248093,trend,8.48,8.77,8.35,8.76,True,3.301887,1.576404,0.551094,0.25597,5.47759,,,0.248093,0.116285
dedicated_trend,趋势专属分支,300475.SZ,香农芯创,2023-05-23,0.184591,trend,47.71689,52.315022,46.544817,52.067084,True,9.219858,3.180758,0.367369,0.203259,16.416659,,,0.184591,0.080597
dedicated_trend,趋势专属分支,603790.SH,雅运股份,2023-05-24,0.1417,trend,19.602079,20.841683,19.288773,20.773573,True,4.667124,2.15021,0.285963,0.105,45.439649,,,0.1417,0.075631
dedicated_trend,趋势专属分支,601886.SH,江河集团,2023-05-25,0.305488,trend,20.937017,21.653687,20.80904,21.628092,True,2.798054,1.334528,0.450175,0.363101,7.704656,,,0.305488,0.123146
dedicated_trend,趋势专属分支,603109.SH,神驰机电,2023-05-25,0.24084,trend,24.651073,25.080174,24.429125,25.080174,True,2.416918,1.634527,0.658392,0.431448,9.725736,,,0.24084,0.122469
dedicated_trend,趋势专属分支,300490.SZ,华自科技,2023-05-25,0.193763,trend,33.309647,35.535736,33.023727,35.290662,True,5.947272,1.839388,0.288056,0.120388,17.496469,,,0.193763,0.103301
dedicated_trend,趋势专属分支,000513.SZ,丽珠集团,2023-05-26,0.286468,trend,134.702466,142.338007,133.657982,141.833773,True,5.294118,2.575339,0.696211,0.31899,10.094991,,,0.286468,0.129078
dedicated_trend,趋势专属分支,002422.SZ,科伦药业,2023-05-26,0.254725,trend,215.210976,228.984478,215.210976,227.400525,True,5.664,1.905158,0.485427,0.296456,12.344673,,,0.254725,0.126545
dedicated_trend,趋势专属分支,688085.SH,三友医疗,2023-05-26,0.244312,trend,35.386923,38.52995,35.386923,38.318186,True,6.176652,1.301019,0.474556,0.230189,12.609204,,,0.244312,0.117083
dedicated_trend,趋势专属分支,000531.SZ,穗恒运Ａ,2023-05-29,0.270109,trend,23.288273,23.985337,23.034795,23.826913,True,2.173913,1.45011,0.529737,0.230578,8.714495,,,0.270109,0.117986
dedicated_trend,趋势专属分支,600023.SH,浙能电力,2023-05-29,0.251952,trend,9.051765,9.506171,9.051765,9.41529,True,4.016064,1.38776,0.281971,0.202614,12.948317,,,0.251952,0.11524
dedicated_trend,趋势专属分支,002332.SZ,仙琚制药,2023-05-29,0.251635,trend,39.062169,40.427245,38.983415,40.374742,True,3.360215,1.441233,0.565543,0.325589,7.903465,,,0.251635,0.119329
dedicated_trend,趋势专属分支,000888.SZ,峨眉山Ａ,2023-05-30,0.210996,trend,21.502213,22.678289,21.324692,22.522958,True,5.181347,1.846553,0.601809,0.219604,14.824404,,,0.210996,0.099357
dedicated_trend,趋势专属分支,603629.SH,利通电子,2023-05-30,0.200656,trend,29.672614,30.676036,28.812538,30.590028,True,2.793834,1.934554,0.472335,0.204702,18.261727,,,0.200656,0.100516
dedicated_trend,趋势专属分支,688088.SH,虹软科技,2023-05-30,0.174246,trend,43.523545,45.491742,41.829271,45.238108,True,2.741935,1.395559,0.224084,0.208802,34.87075,,,0.174246,0.079778
dedicated_trend,趋势专属分支,000045.SZ,深纺织Ａ,2023-05-31,0.356393,trend,11.195701,11.579669,11.145179,11.498834,True,2.522523,2.133211,0.594019,0.203134,16.30998,,,0.356393,0.140521
dedicated_trend,趋势专属分支,000528.SZ,柳工,2023-05-31,0.279441,trend,19.112666,20.354084,19.112666,20.302358,True,5.369128,2.135736,0.543733,0.324003,6.964539,,,0.279441,0.13053
dedicated_trend,趋势专属分支,000426.SZ,兴业银锡,2023-05-31,0.277841,trend,21.897378,22.88153,21.774359,22.807719,True,3.691275,1.343791,0.477836,0.263581,15.099148,,,0.277841,0.114144
dedicated_trend,趋势专属分支,688018.SH,乐鑫科技,2023-06-01,0.199321,trend,147.392872,162.82915,146.070641,161.568418,True,7.818057,2.257418,0.349475,0.159682,29.393088,,,0.199321,0.0995
dedicated_trend,趋势专属分支,301004.SZ,嘉益股份,2023-06-01,0.187048,trend,33.945253,36.282064,33.60703,36.07708,True,5.960265,2.019087,0.450902,0.249109,15.730763,,,0.187048,0.113204
dedicated_trend,趋势专属分支,002448.SZ,中原内配,2023-06-02,0.361447,trend,37.989728,39.321685,37.642261,39.147952,True,3.363914,1.481215,0.371819,0.317699,10.603959,,,0.361447,0.151196
dedicated_trend,趋势专属分支,300650.SZ,太龙股份,2023-06-02,0.262286,trend,40.090136,42.802554,39.970909,42.802554,True,6.765799,2.842319,0.48572,0.318282,10.720034,,,0.262286,0.123925
dedicated_trend,趋势专属分支,300866.SZ,安克创新,2023-06-02,0.254976,trend,77.31964,82.73595,77.060734,82.011013,True,6.495428,1.835867,0.41809,0.211348,9.11025,,,0.254976,0.122366
dedicated_trend,趋势专属分支,600699.SH,均胜电子,2023-06-05,0.244353,trend,22.732082,23.099412,22.237599,22.972259,True,2.8463,1.705855,0.64224,0.29749,7.78433,,,0.244353,0.108086
dedicated_trend,趋势专属分支,300898.SZ,熊猫乳品,2023-06-05,0.233296,trend,21.812705,23.051249,21.70011,22.82606,True,3.865859,2.083437,0.564258,0.32418,6.410193,,,0.233296,0.110698
dedicated_trend,趋势专属分支,300079.SZ,数码视讯,2023-06-05,0.201965,trend,86.58284,91.735085,86.205847,91.106762,True,5.377907,2.181946,0.492404,0.290852,21.037304,,,0.201965,0.102945
dedicated_trend,趋势专属分支,002357.SZ,富临运业,2023-06-07,0.305417,trend,29.559498,30.178083,29.38276,30.133898,True,2.248876,1.829482,0.589865,0.39364,7.054377,,,0.305417,0.131118
dedicated_trend,趋势专属分支,301317.SZ,鑫磊股份,2023-06-07,0.146342,trend,25.880569,27.338629,25.090786,27.328503,True,3.648233,3.658966,0.588795,0.147845,12.603851,,,0.146342,0.068312
dedicated_trend,趋势专属分支,000333.SZ,美的集团,2023-06-08,0.24952,trend,285.31304,292.535506,282.751882,291.408597,True,2.968326,1.934563,0.65752,0.153067,11.399139,,,0.24952,0.122835
dedicated_trend,趋势专属分支,300962.SZ,中金辐照,2023-06-08,0.239876,trend,18.441116,19.096754,18.22257,19.096754,True,2.628635,2.341653,0.540576,0.328952,8.603317,,,0.239876,0.128565
dedicated_trend,趋势专属分支,600791.SH,京能置业,2023-06-08,0.155205,trend,4.895616,5.471571,4.81029,5.428908,True,9.227468,7.219197,0.508724,0.12,27.404161,,,0.155205,0.077343
dedicated_trend,趋势专属分支,301207.SZ,华兰疫苗,2023-06-09,0.273499,trend,51.177695,55.331335,50.935146,54.815919,True,7.013909,2.85039,0.611155,0.260138,3.615119,,,0.273499,0.119472
dedicated_trend,趋势专属分支,000066.SZ,中国长城,2023-06-09,0.239755,trend,29.055655,29.685474,28.320866,29.685474,True,2.463768,1.668136,0.284492,0.135853,29.738709,,,0.239755,0.120763
dedicated_trend,趋势专属分支,002908.SZ,德生科技,2023-06-09,0.224782,trend,50.236628,52.227714,49.562722,51.952025,True,2.850212,2.140178,0.382855,0.29427,14.516444,,,0.224782,0.095327
dedicated_trend,趋势专属分支,600237.SH,铜峰电子,2023-06-12,0.315555,trend,7.360272,7.671978,7.340162,7.601593,True,3.278689,1.420987,0.509205,0.385349,6.808523,,,0.315555,0.132663
dedicated_trend,趋势专属分支,002454.SZ,松芝股份,2023-06-12,0.27213,trend,22.785144,23.690708,22.668297,23.661496,True,3.846154,2.45774,0.576781,0.376917,4.512916,,,0.27213,0.128464
dedicated_trend,趋势专属分支,002863.SZ,今飞凯达,2023-06-12,0.265482,trend,10.367954,10.644433,10.212434,10.592593,True,2.337229,2.282856,0.650309,0.119607,9.78023,,,0.265482,0.122233
dedicated_trend,趋势专属分支,601886.SH,江河集团,2023-06-13,0.296979,trend,21.116878,22.271507,21.039903,22.245848,True,4.96368,1.737856,0.428066,0.29406,5.282663,,,0.296979,0.135459
dedicated_trend,趋势专属分支,603035.SH,常熟汽饰,2023-06-13,0.279586,trend,21.954907,22.846361,21.932049,22.674927,True,3.279542,1.916684,0.611767,0.266138,4.432877,,,0.279586,0.120622
dedicated_trend,趋势专属分支,688078.SH,龙软科技,2023-06-13,0.239104,trend,55.252299,57.598206,54.593798,57.320401,True,3.530942,1.415933,0.344002,0.150914,17.522494,,,0.239104,0.13442
dedicated_trend,趋势专属分支,000528.SZ,柳工,2023-06-14,0.273083,trend,19.914415,20.535124,19.810964,20.40581,True,2.868318,1.509779,0.598933,0.357578,-1.214299,,,0.273083,0.127503
dedicated_trend,趋势专属分支,600729.SH,重庆百货,2023-06-14,0.257914,trend,47.234549,49.33661,47.234549,49.290241,True,4.352094,1.660605,0.506195,0.333952,6.634965,,,0.257914,0.123401
dedicated_trend,趋势专属分支,002027.SZ,分众传媒,2023-06-14,0.254858,trend,27.999287,28.71013,27.76234,28.473182,True,4.040404,2.220557,0.575947,0.255962,10.581443,,,0.254858,0.124936
dedicated_trend,趋势专属分支,603786.SH,科博达,2023-06-15,0.278297,trend,60.727231,64.209132,59.748591,63.580742,True,5.342209,2.431149,0.54868,0.190128,13.998917,,,0.278297,0.126478
dedicated_trend,趋势专属分支,601865.SH,福莱特,2023-06-15,0.254987,trend,33.348498,36.569196,32.961199,36.334778,True,8.854962,2.867134,0.603817,0.135,9.237989,,,0.254987,0.122088
dedicated_trend,趋势专属分支,300832.SZ,新产业,2023-06-15,0.249765,trend,120.374985,127.023891,119.521543,126.626942,True,5.594174,1.625401,0.493466,0.252548,5.212227,,,0.249765,0.118919
dedicated_trend,趋势专属分支,600776.SH,东方通信,2023-06-16,0.283724,trend,12.713066,13.076296,12.547961,13.021261,True,4.690265,2.495638,0.591986,0.328,4.333295,,,0.283724,0.12864
dedicated_trend,趋势专属分支,600835.SH,上海机电,2023-06-16,0.263798,trend,19.315971,19.940325,19.289956,19.823259,True,3.532609,1.847412,0.660651,0.245684,8.369085,,,0.263798,0.127619
dedicated_trend,趋势专属分支,301051.SZ,信濠光电,2023-06-16,0.254327,trend,85.477573,92.590528,84.71438,92.590528,True,8.321429,1.575163,0.26394,0.28241,2.077829,,,0.254327,0.11952
dedicated_trend,趋势专属分支,002009.SZ,天奇股份,2023-06-19,0.297576,trend,14.755144,15.451338,14.734362,15.326646,True,3.219034,1.447517,0.41776,0.12,4.784945,,,0.297576,0.117433
dedicated_trend,趋势专属分支,002611.SZ,东方精工,2023-06-19,0.285147,trend,37.299716,38.411067,37.299716,38.202689,True,2.230483,1.725288,0.625256,0.179958,6.22702,,,0.285147,0.130669
dedicated_trend,趋势专属分支,002747.SZ,埃斯顿,2023-06-19,0.283795,trend,165.943192,176.140818,165.201546,174.472115,True,4.016212,2.576281,0.460241,0.120484,11.944787,,,0.283795,0.123908
dedicated_trend,趋势专属分支,603638.SH,艾迪精密,2023-06-20,0.323044,trend,89.422834,92.705679,88.544327,91.873409,True,2.264539,3.00224,0.50476,0.195,14.456383,,,0.323044,0.137769
dedicated_trend,趋势专属分支,300719.SZ,安达维尔,2023-06-20,0.287697,trend,21.498699,21.848789,21.021304,21.75331,True,2.014925,1.543022,0.530068,0.291341,5.87625,,,0.287697,0.131423
dedicated_trend,趋势专属分支,300810.SZ,中科海讯,2023-06-20,0.286296,trend,34.507021,36.736195,34.356401,36.555452,True,5.384281,2.29797,0.34471,0.373002,7.420769,,,0.286296,0.116935
dedicated_trend,趋势专属分支,300681.SZ,英搏尔,2023-06-21,0.209775,trend,60.185354,63.574038,60.098464,63.429223,True,5.035971,2.335183,0.506104,0.0,15.707599,,,0.209775,0.109048
dedicated_trend,趋势专属分支,300161.SZ,华中数控,2023-06-21,0.146822,trend,84.60232,91.461549,82.063011,91.043492,True,7.593779,1.358673,0.247586,0.111657,28.463715,,,0.146822,0.052415
dedicated_trend,趋势专属分支,000539.SZ,粤电力Ａ,2023-06-26,0.207214,trend,11.421418,12.600716,11.372954,12.519942,True,9.308886,1.758721,0.327443,0.246066,12.430902,,,0.207214,0.101944
dedicated_trend,趋势专属分支,003009.SZ,中天火箭,2023-06-26,0.203351,trend,52.760135,55.317898,52.158308,55.167442,True,3.597664,1.472004,0.535298,0.331226,5.437131,,,0.203351,0.096867
dedicated_trend,趋势专属分支,300928.SZ,华安鑫创,2023-06-26,0.191453,trend,41.628275,43.854005,41.364033,43.610089,True,4.125212,2.023331,0.45262,0.0,11.816068,,,0.191453,0.110423
dedicated_trend,趋势专属分支,000811.SZ,冰轮环境,2023-06-27,0.286348,trend,55.681475,58.936816,55.643622,58.785405,True,5.288136,2.330908,0.636529,0.274058,8.222161,,,0.286348,0.128794
dedicated_trend,趋势专属分支,002223.SZ,鱼跃医疗,2023-06-27,0.272872,trend,208.509315,221.655797,207.775558,220.310576,True,5.877167,2.192973,0.586491,0.272111,9.486204,,,0.272872,0.133247
dedicated_trend,趋势专属分支,000777.SZ,中核科技,2023-06-27,0.266614,trend,24.518819,25.635938,24.287692,25.597416,True,4.399057,1.333189,0.593776,0.441595,4.914845,,,0.266614,0.127267
dedicated_trend,趋势专属分支,300307.SZ,慈星股份,2023-06-28,0.327229,trend,13.650326,14.485611,13.386551,14.419668,True,5.466238,2.611992,0.476412,0.29026,7.284064,,,0.327229,0.139572
dedicated_trend,趋势专属分支,002254.SZ,泰和新材,2023-06-28,0.286693,trend,105.824234,110.123484,104.480719,109.586077,True,4.617358,3.324464,0.615927,0.18,12.859498,,,0.286693,0.118262
dedicated_trend,趋势专属分支,300700.SZ,岱勒新材,2023-06-28,0.257623,trend,41.35804,43.599348,40.650258,43.410606,True,5.142857,2.886019,0.350486,0.195961,15.672411,,,0.257623,0.115821
dedicated_trend,趋势专属分支,603339.SH,四方科技,2023-06-29,0.32386,trend,24.964256,25.750405,24.884036,25.750405,True,3.1491,1.67084,0.651492,0.217284,13.351991,,,0.32386,0.133504
dedicated_trend,趋势专属分支,002367.SZ,康力电梯,2023-06-29,0.297222,trend,75.384753,77.555973,75.211056,77.208578,True,2.183908,1.5461,0.720544,0.274854,9.926958,,,0.297222,0.130541
dedicated_trend,趋势专属分支,002533.SZ,金杯电工,2023-06-29,0.276666,trend,42.236961,43.769967,42.025512,43.558518,True,2.871411,1.82867,0.615173,0.419826,6.61999,,,0.276666,0.123864
dedicated_trend,趋势专属分支,603338.SH,浙江鼎力,2023-06-30,0.316613,trend,375.116525,398.986289,372.99162,396.719724,True,5.281955,1.683114,0.464091,0.250188,6.899677,,,0.316613,0.138958
dedicated_trend,趋势专属分支,002772.SZ,众兴菌业,2023-06-30,0.282677,trend,23.655998,25.614201,23.655998,25.434136,True,7.414449,3.464685,0.51239,0.131936,7.16208,,,0.282677,0.124712
dedicated_trend,趋势专属分支,600761.SH,安徽合力,2023-06-30,0.274255,trend,56.65667,59.652651,55.796438,59.118714,True,3.748048,1.622004,0.414837,0.153673,15.154437,,,0.274255,0.132999
dedicated_trend,趋势专属分支,002470.SZ,金正大,2023-07-03,0.358464,trend,8.666518,9.008056,8.623826,8.965364,True,3.960396,1.975308,0.458934,0.206654,10.205908,,,0.358464,0.137528
dedicated_trend,趋势专属分支,002429.SZ,兆驰股份,2023-07-03,0.324258,trend,50.172723,52.263253,49.990937,51.80879,True,3.636364,1.508235,0.370751,0.331754,7.174192,,,0.324258,0.147964
dedicated_trend,趋势专属分支,600435.SH,北方导航,2023-07-03,0.294425,trend,35.527953,36.801245,35.527953,36.552798,True,2.436902,1.590976,0.659225,0.208196,9.290947,,,0.294425,0.126005
dedicated_trend,趋势专属分支,300691.SZ,联合光电,2023-07-04,0.296744,trend,46.046101,48.731005,45.885007,48.435665,True,4.944735,2.043438,0.475838,0.204503,5.241923,,,0.296744,0.1182
dedicated_trend,趋势专属分支,600166.SH,福田汽车,2023-07-04,0.286057,trend,15.94486,16.303172,15.765705,16.258383,True,2.253521,1.620878,0.56742,0.196609,9.981522,,,0.286057,0.114208
dedicated_trend,趋势专属分支,600707.SH,彩虹股份,2023-07-04,0.268784,trend,4.92,5.18,4.91,5.16,True,4.665314,2.916717,0.693021,0.216756,12.352927,,,0.268784,0.126718
dedicated_trend,趋势专属分支,600388.SH,龙净环保,2023-07-05,0.355597,trend,112.148156,115.72998,112.0864,114.865402,True,2.705687,1.473905,0.532963,0.411965,8.109061,,,0.355597,0.14229
dedicated_trend,趋势专属分支,000970.SZ,中科三环,2023-07-05,0.246629,trend,30.272015,31.672838,30.105816,31.649095,True,4.222048,3.110534,0.664788,0.078036,14.354809,,,0.246629,0.122806
dedicated_trend,趋势专属分支,000751.SZ,锌业股份,2023-07-05,0.239959,trend,3.5,3.78,3.46,3.75,True,6.534091,6.122963,0.646885,0.105,16.610526,,,0.239959,0.122776
dedicated_trend,趋势专属分支,605589.SH,圣泉集团,2023-07-06,0.285161,trend,23.252001,24.83363,23.159568,24.638494,True,5.962898,2.128432,0.41058,0.196144,13.657799,,,0.285161,0.128929
dedicated_trend,趋势专属分支,000589.SZ,贵州轮胎,2023-07-06,0.270053,trend,13.201242,13.662824,13.039689,13.616666,True,2.966841,1.327524,0.585511,0.149595,12.770587,,,0.270053,0.126465
dedicated_trend,趋势专属分支,301388.SZ,欣灵电气,2023-07-06,0.189661,trend,26.653607,28.350117,26.653607,28.196818,True,4.666161,1.875302,0.476043,0.369826,7.988112,,,0.189661,0.100402
dedicated_trend,趋势专属分支,301181.SZ,标榜股份,2023-07-07,0.173841,trend,41.639677,44.145332,41.289424,43.862436,True,5.30401,1.824994,0.487656,0.09,13.113272,,,0.173841,0.090841
dedicated_trend,趋势专属分支,301377.SZ,鼎泰高科,2023-07-07,0.163706,trend,23.06901,24.19237,22.56751,23.98174,True,3.73102,1.93398,0.238785,0.236155,7.211518,,,0.163706,0.097935
dedicated_trend,趋势专属分支,300475.SZ,香农芯创,2023-07-07,0.156745,trend,72.510637,76.408084,68.975744,76.06819,True,8.290323,3.07692,0.247453,0.187821,29.117697,,,0.156745,0.092153
dedicated_trend,趋势专属分支,600389.SH,江山股份,2023-07-10,0.250185,trend,67.146062,69.359669,66.681478,69.113712,True,5.112219,1.512943,0.474087,0.095366,10.060709,,,0.250185,0.103257
dedicated_trend,趋势专属分支,300700.SZ,岱勒新材,2023-07-10,0.210446,trend,46.241733,49.308786,45.722693,48.836932,True,5.666156,1.664679,0.268283,0.075,20.855691,,,0.210446,0.109712
dedicated_trend,趋势专属分支,600617.SH,国新能源,2023-07-10,0.20582,trend,7.799189,7.973668,7.764293,7.921324,True,2.48307,1.698764,0.67904,0.4423,1.805917,,,0.20582,0.111889
dedicated_trend,趋势专属分支,603501.SH,豪威集团,2023-07-11,0.354057,trend,145.826174,151.781878,145.281029,151.454791,True,3.850107,1.878751,0.560949,0.148559,10.504513,,,0.354057,0.146132
dedicated_trend,趋势专属分支,601058.SH,赛轮轮胎,2023-07-11,0.290103,trend,61.411213,62.47369,60.82685,62.154947,True,2.005231,1.547547,0.486237,0.446794,4.025675,,,0.290103,0.139846
dedicated_trend,趋势专属分支,002402.SZ,和而泰,2023-07-11,0.28916,trend,207.941262,214.593412,207.078946,214.347036,True,3.756708,1.555697,0.575801,0.107398,8.397069,,,0.28916,0.12652
dedicated_trend,趋势专属分支,603505.SH,金石资源,2023-07-12,0.314012,trend,68.365737,71.823926,67.461288,71.238694,True,4.202335,2.285438,0.582258,0.075,15.862044,,,0.314012,0.122306
dedicated_trend,趋势专属分支,002648.SZ,卫星化学,2023-07-12,0.27211,trend,185.61543,195.742154,185.491933,194.507187,True,4.235606,1.377506,0.394238,0.346432,3.891705,,,0.27211,0.117709
dedicated_trend,趋势专属分支,300304.SZ,云意电气,2023-07-12,0.179892,trend,48.598032,51.137998,48.598032,50.968667,True,4.152249,2.351928,0.354817,0.143692,8.98928,,,0.179892,0.084325
dedicated_trend,趋势专属分支,601857.SH,中国石油,2023-07-13,0.300794,trend,11.830523,12.465922,11.785137,12.465922,True,5.912596,1.868291,0.562153,0.280608,8.304169,,,0.300794,0.128238
dedicated_trend,趋势专属分支,603198.SH,迎驾贡酒,2023-07-13,0.260288,trend,76.924349,81.812186,76.924349,81.439068,True,5.800614,1.373292,0.567442,0.3011,3.201926,,,0.260288,0.120852
dedicated_trend,趋势专属分支,688333.SH,铂力特,2023-07-13,0.258027,trend,222.118797,233.438955,222.118797,231.906017,True,5.592841,2.084491,0.380111,0.150096,16.363208,,,0.258027,0.129112
dedicated_trend,趋势专属分支,603327.SH,福蓉科技,2023-07-14,0.320409,trend,22.683032,23.216102,22.554361,23.069048,True,2.03252,1.503928,0.567934,0.407622,4.165383,,,0.320409,0.139089
dedicated_trend,趋势专属分支,000100.SZ,TCL科技,2023-07-14,0.299673,trend,12.10645,12.669541,12.050141,12.613232,True,5.411765,2.074918,0.484664,0.174374,12.231236,,,0.299673,0.14301
dedicated_trend,趋势专属分支,000725.SZ,京东方Ａ,2023-07-14,0.287082,trend,5.862726,6.013052,5.84906,5.972054,True,2.102804,1.5197,0.626604,0.296708,5.371618,,,0.287082,0.127152
dedicated_trend,趋势专属分支,603556.SH,海兴电力,2023-07-17,0.279197,trend,39.406981,41.323242,39.252444,41.168705,True,4.0625,1.707978,0.460837,0.291726,5.624903,,,0.279197,0.129134
dedicated_trend,趋势专属分支,601208.SH,东材科技,2023-07-17,0.278009,trend,41.38962,43.129184,41.089695,42.889244,True,4.075691,1.916108,0.427081,0.11132,15.335585,,,0.278009,0.13761
dedicated_trend,趋势专属分支,600582.SH,天地科技,2023-07-17,0.272007,trend,26.332084,27.011914,26.060152,26.966592,True,2.586207,1.524307,0.569609,0.482937,3.779948,,,0.272007,0.131222
dedicated_trend,趋势专属分支,600166.SH,福田汽车,2023-07-18,0.276541,trend,16.213594,16.885428,15.989649,16.751061,True,3.314917,2.217837,0.471605,0.388487,4.160692,,,0.276541,0.130733
dedicated_trend,趋势专属分支,000417.SZ,合百集团,2023-07-18,0.231693,trend,9.924649,10.22654,9.849177,10.132199,True,2.676864,2.093501,0.601576,0.09,14.661044,,,0.231693,0.126074
dedicated_trend,趋势专属分支,605098.SH,行动教育,2023-07-18,0.226034,trend,65.274207,67.771546,64.821564,67.25647,True,3.308559,1.645809,0.467236,0.202638,11.476099,,,0.226034,0.110783
dedicated_trend,趋势专属分支,603338.SH,浙江鼎力,2023-07-19,0.353475,trend,412.757407,427.692708,409.112908,426.192032,True,3.433923,1.58734,0.377439,0.417807,6.660267,,,0.353475,0.151641
dedicated_trend,趋势专属分支,000893.SZ,亚钾国际,2023-07-19,0.314206,trend,38.280086,40.193324,38.280086,39.856594,True,3.62117,2.203021,0.656884,0.162718,10.429902,,,0.314206,0.123295
dedicated_trend,趋势专属分支,000975.SZ,山金国际,2023-07-19,0.308564,trend,31.75878,32.349092,31.522655,32.112967,True,2.874433,1.70953,0.629802,0.145193,10.674383,,,0.308564,0.133121
dedicated_trend,趋势专属分支,300471.SZ,厚普股份,2023-07-20,0.205973,trend,74.147066,76.813489,73.018964,76.557102,True,3.969359,1.942434,0.594815,0.131656,6.608297,,,0.205973,0.106966
dedicated_trend,趋势专属分支,300464.SZ,星徽股份,2023-07-20,0.188299,trend,16.944779,18.064253,16.893893,18.064253,True,7.088989,3.668478,0.565493,0.411442,7.262918,,,0.188299,0.09658
dedicated_trend,趋势专属分支,600596.SH,新安股份,2023-07-21,0.302456,trend,48.002413,48.85094,47.275104,48.770128,True,2.201524,2.026374,0.626805,0.17518,11.24084,,,0.302456,0.123082
dedicated_trend,趋势专属分支,002329.SZ,皇氏集团,2023-07-21,0.236716,trend,38.765255,40.527312,38.70652,40.351106,True,2.690583,1.544108,0.499015,0.370931,5.791343,,,0.236716,0.111523
dedicated_trend,趋势专属分支,002256.SZ,兆新股份,2023-07-21,0.205053,trend,23.428906,24.459778,23.054043,24.272346,True,4.016064,2.282977,0.550686,0.075,10.782796,,,0.205053,0.098055
dedicated_trend,趋势专属分支,605177.SH,东亚药业,2023-07-24,0.317707,trend,26.636993,28.051438,26.224016,28.041113,True,5.88694,2.117375,0.534678,0.199699,9.657237,,,0.317707,0.132649
dedicated_trend,趋势专属分支,603087.SH,甘李药业,2023-07-24,0.290872,trend,59.442983,62.333655,59.131244,61.738517,True,3.936069,1.877585,0.535998,0.091603,12.993592,,,0.290872,0.133242
dedicated_trend,趋势专属分支,002367.SZ,康力电梯,2023-07-24,0.28754,trend,78.337612,81.637867,77.81652,80.943076,True,4.719101,2.563552,0.593512,0.447448,5.854132,,,0.28754,0.124335
dedicated_trend,趋势专属分支,002158.SZ,汉钟精机,2023-07-25,0.304021,trend,94.40534,98.123293,93.907058,97.548352,True,2.208835,3.162524,0.639834,0.312347,2.995989,,,0.304021,0.119127
dedicated_trend,趋势专属分支,000932.SZ,华菱钢铁,2023-07-25,0.302412,trend,8.983052,9.425399,8.983052,9.374359,True,5.555556,4.222668,0.550349,0.236841,8.58175,,,0.302412,0.136982
dedicated_trend,趋势专属分支,600031.SH,三一重工,2023-07-25,0.278369,trend,101.215287,104.261118,101.215287,103.558234,True,3.210741,1.533686,0.565964,0.385597,4.625702,,,0.278369,0.129459
dedicated_trend,趋势专属分支,601233.SH,桐昆股份,2023-07-26,0.28389,trend,46.381677,48.287773,46.31814,47.97009,True,2.721088,1.869902,0.504515,0.250176,6.978952,,,0.28389,0.120669
dedicated_trend,趋势专属分支,600186.SH,莲花控股,2023-07-26,0.281184,trend,3.252101,3.360504,3.252101,3.349664,True,2.657807,1.966875,0.723613,0.471668,2.386262,,,0.281184,0.129766
dedicated_trend,趋势专属分支,000031.SZ,大悦城,2023-07-26,0.279796,trend,4.533015,4.73106,4.522013,4.709055,True,4.136253,3.317748,0.634873,0.20981,14.650206,,,0.279796,0.132075
dedicated_trend,趋势专属分支,300595.SZ,欧普康视,2023-07-27,0.261712,trend,412.051282,430.547973,409.301774,427.423532,True,3.667778,2.432199,0.536367,0.136719,6.507851,,,0.261712,0.122304
dedicated_trend,趋势专属分支,600763.SH,通策医疗,2023-07-27,0.257255,trend,223.39568,234.022069,221.866124,233.901314,True,4.617877,1.786115,0.488205,0.178473,10.091844,,,0.257255,0.126656
dedicated_trend,趋势专属分支,600809.SH,山西汾酒,2023-07-27,0.244357,trend,751.563778,783.069806,751.563778,776.775191,True,3.413478,1.560112,0.401436,0.234265,10.577434,,,0.244357,0.112109
dedicated_trend,趋势专属分支,603198.SH,迎驾贡酒,2023-07-28,0.351453,trend,84.772249,88.055682,84.336946,87.247261,True,2.738723,1.482097,0.451171,0.309264,5.687921,,,0.351453,0.147322
dedicated_trend,趋势专属分支,000659.SZ,珠海中富,2023-07-28,0.31688,trend,5.310184,5.57134,5.257952,5.519109,True,4.620462,1.570067,0.550548,0.103491,11.218624,,,0.31688,0.122207
dedicated_trend,趋势专属分支,002092.SZ,中泰化学,2023-07-28,0.31136,trend,12.351564,12.714337,12.282464,12.627962,True,2.380952,1.92096,0.610745,0.137908,4.783303,,,0.31136,0.124678
dedicated_trend,趋势专属分支,000061.SZ,农产品,2023-07-31,0.391943,trend,13.698483,14.093822,13.658949,14.014754,True,2.161383,1.302389,0.566303,0.275911,3.125165,,,0.391943,0.142882
dedicated_trend,趋势专属分支,601100.SH,恒立液压,2023-07-31,0.31642,trend,240.702082,251.117577,239.556378,248.99976,True,3.942029,1.443408,0.384283,0.309841,4.837209,,,0.31642,0.138446
dedicated_trend,趋势专属分支,002233.SZ,塔牌集团,2023-07-31,0.311487,trend,26.531368,27.587652,26.500301,27.432316,True,4.250295,3.34446,0.626628,0.152532,7.536311,,,0.311487,0.131653
dedicated_trend,趋势专属分支,601168.SH,西部矿业,2023-08-01,0.308245,trend,15.993713,16.147745,15.891024,16.122073,True,2.196908,1.587215,0.560769,0.278201,5.601318,,,0.308245,0.143643
dedicated_trend,趋势专属分支,000536.SZ,华映科技,2023-08-01,0.299693,trend,3.954878,4.094697,3.934904,4.054749,True,2.01005,2.31895,0.64905,0.181207,2.018039,,,0.299693,0.119071
dedicated_trend,趋势专属分支,688065.SH,凯赛生物,2023-08-01,0.296714,trend,91.602658,94.940637,90.3811,94.54292,True,3.546982,2.380876,0.41355,0.404124,2.25926,,,0.296714,0.135658
dedicated_trend,趋势专属分支,000712.SZ,锦龙股份,2023-08-02,0.274766,trend,28.257549,29.611079,28.111784,29.38202,True,3.979366,3.371023,0.66591,0.12,10.333478,,,0.274766,0.127867
dedicated_trend,趋势专属分支,000727.SZ,冠捷科技,2023-08-02,0.22392,trend,4.7,4.84,4.68,4.82,True,2.118644,2.151095,0.598089,0.269995,2.610795,,,0.22392,0.117386
dedicated_trend,趋势专属分支,002736.SZ,国信证券,2023-08-03,0.328696,trend,11.847132,12.17792,11.761372,12.153417,True,2.585315,2.365456,0.683503,0.200372,5.114828,,,0.328696,0.134164
dedicated_trend,趋势专属分支,600061.SH,国投资本,2023-08-03,0.324022,trend,13.244094,13.56062,13.010865,13.460664,True,2.408112,2.040958,0.639167,0.154201,5.943724,,,0.324022,0.135802
dedicated_trend,趋势专属分支,601066.SH,中信建投,2023-08-03,0.302878,trend,28.321814,29.20322,28.013853,29.097026,True,3.007519,2.285666,0.584259,0.129545,7.599916,,,0.302878,0.132121
dedicated_trend,趋势专属分支,300018.SZ,中元股份,2023-08-04,0.19716,trend,45.957887,47.687128,45.625341,47.687128,True,4.063861,3.392483,0.687171,0.179812,3.7684,,,0.19716,0.098412
dedicated_trend,趋势专属分支,300035.SZ,中科电气,2023-08-04,0.184397,trend,110.40049,115.808912,108.769378,115.293824,True,4.108527,2.260537,0.617127,0.075,14.392218,,,0.184397,0.11153
dedicated_trend,趋势专属分支,300350.SZ,华鹏飞,2023-08-07,0.242154,trend,17.532549,18.662506,17.386748,18.589605,True,3.869654,3.565723,0.567548,0.03,11.049134,,,0.242154,0.116039
dedicated_trend,趋势专属分支,603125.SH,常青科技,2023-08-07,0.189588,trend,31.193895,32.387487,30.772627,32.327306,True,3.867225,3.114554,0.575449,0.091719,8.546095,,,0.189588,0.083998
dedicated_trend,趋势专属分支,300858.SZ,科拓生物,2023-08-07,0.179459,trend,47.951092,50.775067,46.877981,50.37971,True,4.266511,2.706058,0.620202,0.03,8.988161,,,0.179459,0.091595
dedicated_trend,趋势专属分支,000975.SZ,山金国际,2023-08-08,0.294836,trend,31.711555,32.679666,31.546267,32.396317,True,2.159345,1.494132,0.566127,0.355657,3.082378,,,0.294836,0.133747
dedicated_trend,趋势专属分支,000423.SZ,东阿阿胶,2023-08-08,0.28386,trend,64.507786,67.338267,64.174061,67.276466,True,4.012994,2.405761,0.645282,0.310371,6.992268,,,0.28386,0.127237
dedicated_trend,趋势专属分支,300821.SZ,东岳硅材,2023-08-08,0.283354,trend,11.27231,11.671808,11.088757,11.671808,True,3.544061,2.788128,0.699532,0.309462,6.774829,,,0.283354,0.121837
dedicated_trend,趋势专属分支,300771.SZ,智莱科技,2023-08-09,0.268473,trend,29.709584,31.205379,29.451688,30.895904,True,3.902862,2.517398,0.627323,0.333807,5.319028,,,0.268473,0.117416
dedicated_trend,趋势专属分支,603179.SH,新泉股份,2023-08-09,0.250133,trend,133.34069,140.864455,133.34069,140.735623,True,6.18196,1.475107,0.370427,0.157378,16.39445,,,0.250133,0.126918
dedicated_trend,趋势专属分支,300887.SZ,谱尼测试,2023-08-09,0.205317,trend,131.870716,141.824419,131.046524,140.68323,True,6.121473,2.286282,0.623867,0.241634,4.419598,,,0.205317,0.095394
dedicated_trend,趋势专属分支,002453.SZ,华软科技,2023-08-10,0.317705,trend,48.468515,50.906403,48.468515,50.451881,True,3.562341,2.057043,0.470262,0.459917,3.378449,,,0.317705,0.129067
dedicated_trend,趋势专属分支,603871.SH,嘉友国际,2023-08-10,0.316559,trend,139.880524,145.159034,138.600885,144.35926,True,4.274986,1.68267,0.384216,0.406439,5.051108,,,0.316559,0.135459
dedicated_trend,趋势专属分支,600029.SH,南方航空,2023-08-10,0.298448,trend,7.748342,7.974902,7.657719,7.952246,True,4.154303,1.854513,0.559287,0.462867,1.203529,,,0.298448,0.122807
dedicated_trend,趋势专属分支,002379.SZ,宏桥控股,2023-08-11,0.275148,trend,37.037997,37.919854,36.637153,37.759516,True,2.391304,1.30265,0.654518,0.38853,9.278114,,,0.275148,0.124688
dedicated_trend,趋势专属分支,600378.SH,昊华科技,2023-08-11,0.226903,trend,50.371243,52.912186,49.884119,52.635711,True,4.468252,3.514246,0.585362,0.195,12.16132,,,0.226903,0.114953
dedicated_trend,趋势专属分支,002307.SZ,北新路桥,2023-08-14,0.22679,trend,22.265375,23.565237,22.097651,23.523306,True,4.859813,3.289435,0.594454,0.276714,9.404767,,,0.22679,0.122987
dedicated_trend,趋势专属分支,301396.SZ,宏景科技,2023-08-14,0.161494,trend,41.116624,46.19275,41.116624,46.19275,True,8.302635,1.86454,0.426588,0.057677,18.935589,,,0.161494,0.101465
dedicated_trend,趋势专属分支,002309.SZ,中利集团,2023-08-15,0.281975,trend,15.277503,16.107392,15.277503,16.107392,True,4.914005,2.371728,0.735252,0.343185,10.272316,,,0.281975,0.122066
dedicated_trend,趋势专属分支,605196.SH,华通线缆,2023-08-15,0.21239,trend,8.43083,8.875089,8.380346,8.824605,True,4.42055,1.654046,0.391592,0.251714,9.089731,,,0.21239,0.1367
dedicated_trend,趋势专属分支,301373.SZ,凌玮科技,2023-08-15,0.180325,trend,34.350433,36.066441,33.876008,35.713145,True,3.29927,3.20979,0.710244,0.118392,13.52798,,,0.180325,0.092574
dedicated_trend,趋势专属分支,600114.SH,东睦股份,2023-08-17,0.251663,trend,23.636632,25.85432,23.271696,25.71396,True,8.917955,3.313016,0.512329,0.195815,18.272016,,,0.251663,0.109511
dedicated_trend,趋势专属分支,603879.SH,永悦科技,2023-08-17,0.192358,trend,25.644123,26.872584,25.3626,26.770212,True,4.287139,1.72168,0.247886,0.272136,21.082739,,,0.192358,0.091929
dedicated_trend,趋势专属分支,301259.SZ,艾布鲁,2023-08-17,0.184186,trend,20.109271,21.059315,19.673834,21.04612,True,3.638726,1.45224,0.426336,0.194179,14.875278,,,0.184186,0.079522
dedicated_trend,趋势专属分支,603195.SH,公牛集团,2023-08-18,0.275834,trend,163.305151,171.225189,163.305151,170.780778,True,6.566307,3.62484,0.692443,0.315098,12.29234,,,0.275834,0.117229
dedicated_trend,趋势专属分支,300266.SZ,兴源环境,2023-08-18,0.236356,trend,64.336118,67.591219,64.336118,67.01679,True,3.550296,2.77027,0.602144,0.158767,17.705199,,,0.236356,0.121986
dedicated_trend,趋势专属分支,000544.SZ,中原环保,2023-08-21,0.256191,trend,15.063371,15.809082,14.970157,15.809082,True,5.603985,2.428923,0.569186,0.330458,15.109775,,,0.256191,0.131712
dedicated_trend,趋势专属分支,002353.SZ,杰瑞股份,2023-08-22,0.27138,trend,230.848867,239.476383,229.592433,238.554997,True,3.338171,1.963076,0.571835,0.187739,8.456003,,,0.27138,0.114479
dedicated_trend,趋势专属分支,000786.SZ,北新建材,2023-08-22,0.247532,trend,71.28517,74.097058,71.158508,73.387753,True,3.096085,1.895082,0.446838,0.198487,11.605361,,,0.247532,0.114636
dedicated_trend,趋势专属分支,300541.SZ,先进数通,2023-08-22,0.21202,trend,37.715739,39.207617,37.584872,39.207617,True,5.344585,2.198778,0.551358,0.167003,12.337034,,,0.21202,0.103333
dedicated_trend,趋势专属分支,603985.SH,恒润股份,2023-08-24,0.155693,trend,126.211459,136.55514,126.211459,135.859376,True,9.372666,1.875276,0.252918,0.105,31.73098,,,0.155693,0.104995
dedicated_trend,趋势专属分支,000703.SZ,恒逸石化,2023-08-25,0.194575,trend,32.007874,33.341536,31.749746,33.255493,True,3.897849,2.839309,0.658594,0.185323,6.756676,,,0.194575,0.103499
dedicated_trend,趋势专属分支,300422.SZ,博世科,2023-08-28,0.232932,trend,36.573787,38.579944,35.236349,38.322744,True,8.127721,6.239572,0.5525,0.195,20.745223,,,0.232932,0.106299
dedicated_trend,趋势专属分支,601918.SH,新集能源,2023-08-28,0.219734,trend,7.058239,7.326074,7.010974,7.278809,True,9.219858,6.528331,0.728416,0.121774,11.89852,,,0.219734,0.121173
dedicated_trend,趋势专属分支,601567.SH,三星医疗,2023-08-29,0.28474,trend,83.498294,89.155508,83.008728,88.937922,True,6.932636,2.129365,0.412437,0.23883,8.750473,,,0.28474,0.121424
dedicated_trend,趋势专属分支,688002.SH,睿创微纳,2023-08-29,0.237392,trend,49.067499,52.938065,48.734872,52.514722,True,7.201646,1.931178,0.656533,0.09,9.873167,,,0.237392,0.112573
dedicated_trend,趋势专属分支,300251.SZ,光线传媒,2023-08-29,0.236593,trend,242.275059,255.586875,242.275059,255.054403,True,4.471101,1.804152,0.571363,0.12357,11.329394,,,0.236593,0.115332
dedicated_trend,趋势专属分支,002027.SZ,分众传媒,2023-08-30,0.241782,trend,31.053176,32.08279,30.929622,31.959236,True,3.743316,1.75174,0.610996,0.199347,7.521104,,,0.241782,0.114968
dedicated_trend,趋势专属分支,600186.SH,莲花控股,2023-08-30,0.224586,trend,3.685714,3.815798,3.674874,3.794118,True,2.339181,1.638685,0.476046,0.267784,8.805768,,,0.224586,0.103028
dedicated_trend,趋势专属分支,603519.SH,立霸股份,2023-08-30,0.223502,trend,60.676379,64.332573,60.553137,64.086088,True,5.548038,3.127367,0.740963,0.12,13.497839,,,0.223502,0.128119
dedicated_trend,趋势专属分支,000596.SZ,古井贡酒,2023-08-31,0.243782,trend,650.221853,666.075319,628.394618,661.824752,True,3.362279,1.908325,0.534651,0.289538,7.316301,,,0.243782,0.120477
dedicated_trend,趋势专属分支,000932.SZ,华菱钢铁,2023-09-01,0.278652,trend,10.071907,10.480227,10.03788,10.429187,True,3.547297,1.544643,0.418165,0.43251,4.053831,,,0.278652,0.136658
dedicated_trend,趋势专属分支,603919.SH,金徽酒,2023-09-01,0.277278,trend,47.560196,49.18447,47.560196,49.001967,True,3.031466,2.0984,0.539236,0.355575,4.807996,,,0.277278,0.120523
dedicated_trend,趋势专属分支,601225.SH,陕西煤业,2023-09-01,0.255129,trend,25.703941,27.496879,25.703941,27.326859,True,6.25,3.04021,0.720632,0.146062,9.47955,,,0.255129,0.129955
dedicated_trend,趋势专属分支,600809.SH,山西汾酒,2023-09-04,0.328628,trend,836.425726,866.152125,833.789238,866.152125,True,5.46549,2.525808,0.40703,0.223304,12.654927,,,0.328628,0.140611
dedicated_trend,趋势专属分支,600585.SH,海螺水泥,2023-09-04,0.282193,trend,124.505477,127.67878,124.22548,127.212118,True,3.296703,1.632994,0.609548,0.379392,3.616816,,,0.282193,0.123649
dedicated_trend,趋势专属分支,002508.SZ,老板电器,2023-09-04,0.27382,trend,209.641385,216.139703,206.250959,215.786534,True,6.002776,2.962832,0.515295,0.209188,11.346816,,,0.27382,0.129983
dedicated_trend,趋势专属分支,300840.SZ,酷特智能,2023-09-05,0.210552,trend,14.41507,15.362634,14.364667,15.322312,True,6.293706,2.099195,0.490953,0.12,10.442279,,,0.210552,0.099458
dedicated_trend,趋势专属分支,300649.SZ,杭州园林,2023-09-05,0.125465,trend,49.606011,54.186607,48.394104,54.186607,True,5.225369,3.24921,0.338987,0.17009,20.534081,,,0.125465,0.062965
dedicated_trend,趋势专属分支,300319.SZ,麦捷科技,2023-09-06,0.258567,trend,72.051415,75.326479,71.891656,74.927081,True,3.417861,2.482582,0.567445,0.09,15.312736,,,0.258567,0.11617
dedicated_trend,趋势专属分支,300567.SZ,精测电子,2023-09-06,0.254369,trend,288.816224,307.449529,285.80384,307.387418,True,7.016975,1.612999,0.431049,0.165,16.636408,,,0.254369,0.123906
dedicated_trend,趋势专属分支,603306.SH,华懋科技,2023-09-06,0.235691,trend,67.476853,73.586786,67.454554,73.475291,True,7.750164,3.986257,0.499171,0.06,12.654921,,,0.235691,0.118857
dedicated_trend,趋势专属分支,603300.SH,海南华铁,2023-09-08,0.269735,trend,34.435326,35.77262,34.435326,35.661179,True,2.073365,1.332432,0.589076,0.176916,11.449218,,,0.269735,0.128839
dedicated_trend,趋势专属分支,300034.SZ,钢研高纳,2023-09-08,0.253422,trend,153.938639,159.009559,152.852014,158.164406,True,2.263856,1.647572,0.667276,0.149102,16.185041,,,0.253422,0.12386
dedicated_trend,趋势专属分支,000893.SZ,亚钾国际,2023-09-08,0.231517,trend,43.39226,45.183052,43.223895,44.999381,True,3.703704,1.609435,0.554557,0.318752,5.88358,,,0.231517,0.109312
dedicated_trend,趋势专属分支,603393.SH,新天然气,2023-09-11,0.296287,trend,75.541265,80.549679,75.458253,80.023934,True,6.167401,2.811958,0.631114,0.166935,14.867521,,,0.296287,0.135093
dedicated_trend,趋势专属分支,000592.SZ,平潭发展,2023-09-11,0.242173,trend,6.776898,7.036549,6.673038,7.036549,True,2.651515,2.46497,0.616353,0.204884,13.468021,,,0.242173,0.121227
dedicated_trend,趋势专属分支,300201.SZ,海伦哲,2023-09-11,0.216939,trend,44.921124,46.735041,44.921124,46.62834,True,3.554502,1.364455,0.593699,0.109496,4.398638,,,0.216939,0.120084
dedicated_trend,趋势专属分支,603197.SH,保隆科技,2023-09-12,0.268494,trend,87.086281,92.357412,86.110146,91.456364,True,5.0,2.377914,0.644526,0.209406,6.159946,,,0.268494,0.110385
dedicated_trend,趋势专属分支,601728.SH,中国电信,2023-09-14,0.302341,trend,6.719888,6.988684,6.697489,6.943884,True,2.990033,1.454441,0.698501,0.317154,8.482391,,,0.302341,0.122548
dedicated_trend,趋势专属分支,600285.SH,羚锐制药,2023-09-14,0.293073,trend,48.823196,51.23961,48.619403,50.773795,True,4.368642,1.942513,0.617273,0.219054,9.436279,,,0.293073,0.138622
dedicated_trend,趋势专属分支,600489.SH,中金黄金,2023-09-14,0.282291,trend,47.513576,49.410747,47.513576,49.19995,True,4.103479,2.191667,0.659267,0.383828,5.789545,,,0.282291,0.126902
dedicated_trend,趋势专属分支,300832.SZ,新产业,2023-09-15,0.302846,trend,124.642193,129.981166,123.471192,129.00864,True,3.684798,1.865867,0.524117,0.164956,4.850989,,,0.302846,0.128665
dedicated_trend,趋势专属分支,688235.SH,百济神州-U,2023-09-15,0.257898,trend,131.98,138.5,131.3,137.89,True,4.676232,1.513941,0.519349,0.249897,6.73083,,,0.257898,0.124847
dedicated_trend,趋势专属分支,002821.SZ,凯莱英,2023-09-15,0.238613,trend,371.445284,397.966749,366.175735,395.447789,True,9.264,3.705022,0.650594,0.211535,5.910604,,,0.238613,0.128029
dedicated_trend,趋势专属分支,688677.SH,海泰新光,2023-09-18,0.326586,trend,78.478522,81.988652,78.050457,81.332286,True,2.943832,2.137388,0.479457,0.078273,15.310533,,,0.326586,0.124474
dedicated_trend,趋势专属分支,301080.SZ,百普赛斯,2023-09-18,0.267017,trend,107.370941,112.276682,106.522464,112.076133,True,7.789318,3.655164,0.576399,0.260734,16.647858,,,0.267017,0.124685
dedicated_trend,趋势专属分支,601518.SH,吉林高速,2023-09-18,0.207094,trend,4.207765,4.417347,4.191643,4.401225,True,3.018868,2.841657,0.690643,0.045,10.630282,,,0.207094,0.117942
dedicated_trend,趋势专属分支,300841.SZ,康华生物,2023-09-19,0.232796,trend,148.809925,156.27791,146.19842,155.659396,True,4.538462,1.697056,0.614477,0.190161,16.81443,,,0.232796,0.10133
dedicated_trend,趋势专属分支,600801.SH,华新建材,2023-09-19,0.231747,trend,92.369981,96.931461,92.116565,95.981153,True,3.980782,2.02002,0.599,0.165376,9.30289,,,0.231747,0.118726
dedicated_trend,趋势专属分支,600269.SH,赣粤高速,2023-09-19,0.221488,trend,6.10369,6.336655,6.10369,6.274531,True,3.589744,2.265018,0.716716,0.2021,11.507628,,,0.221488,0.109864
dedicated_trend,趋势专属分支,603863.SH,松炀资源,2023-09-20,0.269448,trend,21.679167,23.000083,21.608583,22.788333,True,5.116279,1.833309,0.589149,0.129331,15.115595,,,0.269448,0.121219
dedicated_trend,趋势专属分支,603283.SH,赛腾股份,2023-09-21,0.180463,trend,48.369807,50.657568,47.966725,50.221804,True,3.828829,1.313487,0.314881,0.238933,16.965577,,,0.180463,0.100052
dedicated_trend,趋势专属分支,688166.SH,博瑞医药,2023-09-22,0.236693,trend,21.684918,22.31376,21.340069,22.212334,True,2.816901,2.025283,0.52418,0.09,18.215067,,,0.236693,0.106737
dedicated_trend,趋势专属分支,603766.SH,隆鑫通用,2023-09-22,0.227955,trend,17.378011,18.61027,17.314818,18.515481,True,6.934307,2.935608,0.690823,0.245787,8.748194,,,0.227955,0.123896
dedicated_trend,趋势专属分支,300893.SZ,松原安全,2023-09-22,0.227214,trend,57.661174,60.409144,57.430252,59.970392,True,3.014677,1.810904,0.505322,0.09,18.775485,,,0.227214,0.117848
dedicated_trend,趋势专属分支,688016.SH,心脉医疗,2023-09-25,0.331523,trend,179.265208,193.840871,179.265208,192.625374,True,7.034514,1.870022,0.515216,0.333911,4.554634,,,0.331523,0.13814
dedicated_trend,趋势专属分支,601567.SH,三星医疗,2023-09-25,0.298098,trend,90.515415,95.084702,90.461018,94.649532,True,4.066986,1.355245,0.477992,0.382206,4.85326,,,0.298098,0.131413
dedicated_trend,趋势专属分支,688276.SH,百克生物,2023-09-25,0.275816,trend,59.848568,62.750621,59.456942,62.559829,True,4.198026,1.41173,0.438993,0.120723,11.905162,,,0.275816,0.124811
dedicated_trend,趋势专属分支,300796.SZ,贝斯美,2023-09-26,0.255378,trend,34.404773,37.318699,34.251409,36.986409,True,7.583643,2.116823,0.326709,0.138493,12.851981,,,0.255378,0.112505
dedicated_trend,趋势专属分支,002737.SZ,葵花药业,2023-09-27,0.300799,trend,126.568854,131.098576,126.41084,130.203165,True,2.871411,1.617914,0.654608,0.389477,8.119758,,,0.300799,0.130108
dedicated_trend,趋势专属分支,600529.SH,山东药玻,2023-09-27,0.29975,trend,61.373616,64.00359,60.988189,63.663507,True,4.27033,3.018493,0.658806,0.379204,7.452254,,,0.29975,0.131661
dedicated_trend,趋势专属分支,603456.SH,九洲药业,2023-09-27,0.295131,trend,104.327025,115.228613,104.327025,114.36899,True,8.810409,2.699339,0.598952,0.268373,16.476689,,,0.295131,0.121306
dedicated_trend,趋势专属分支,300866.SZ,安克创新,2023-09-28,0.392627,trend,94.241725,97.814626,93.723913,97.100046,True,2.874698,1.707413,0.445924,0.23699,12.29464,,,0.392627,0.158746
dedicated_trend,趋势专属分支,688575.SH,亚辉龙,2023-09-28,0.337243,trend,27.145508,27.90076,26.79693,27.813615,True,2.570969,1.645913,0.407323,0.285941,5.937562,,,0.337243,0.126496
dedicated_trend,趋势专属分支,002138.SZ,顺络电子,2023-09-28,0.287511,trend,140.721932,147.704512,139.957416,146.583222,True,4.543802,2.492689,0.667947,0.28651,6.180087,,,0.287511,0.129687
dedicated_trend,趋势专属分支,002106.SZ,莱宝高科,2023-10-09,0.241078,trend,19.711402,20.378172,19.711402,20.273989,True,2.854123,2.022976,0.538245,0.397978,6.755316,,,0.241078,0.125209
dedicated_trend,趋势专属分支,000426.SZ,兴业银锡,2023-10-09,0.237343,trend,25.10709,25.748332,24.515174,25.625016,True,7.00309,3.910509,0.53932,0.238975,10.712005,,,0.237343,0.131069
dedicated_trend,趋势专属分支,002983.SZ,芯瑞达,2023-10-09,0.225009,trend,34.217206,35.998376,34.163637,35.971591,True,4.31068,2.091186,0.59594,0.253642,9.349376,,,0.225009,0.11796
dedicated_trend,趋势专属分支,300266.SZ,兴源环境,2023-10-10,0.225565,trend,65.293501,68.357126,65.293501,67.782696,True,3.812317,1.571897,0.63182,0.356614,5.705841,,,0.225565,0.127383
dedicated_trend,趋势专属分支,002993.SZ,奥海科技,2023-10-10,0.219526,trend,49.951031,52.674425,49.618909,52.461867,True,4.748011,2.445422,0.487557,0.30481,12.139197,,,0.219526,0.117027
dedicated_trend,趋势专属分支,300866.SZ,安克创新,2023-10-11,0.261772,trend,96.250834,99.368061,95.898723,98.384219,True,2.791604,1.503569,0.393261,0.240236,14.518535,,,0.261772,0.158349
dedicated_trend,趋势专属分支,300571.SZ,平治信息,2023-10-11,0.215637,trend,113.867274,118.960771,110.093176,118.13231,True,6.855398,3.634665,0.533447,0.156442,15.261263,,,0.215637,0.114556
dedicated_trend,趋势专属分支,603456.SH,九洲药业,2023-10-11,0.214491,trend,111.008644,117.065082,110.930496,116.752491,True,5.137227,1.995784,0.568362,0.223601,10.593922,,,0.214491,0.116749
dedicated_trend,趋势专属分支,300510.SZ,金冠股份,2023-10-12,0.224144,trend,46.722773,48.900265,46.53613,48.838051,True,2.480418,2.039446,0.534175,0.249379,21.044568,,,0.224144,0.106771
dedicated_trend,趋势专属分支,688062.SH,迈威生物-U,2023-10-12,0.224007,trend,25.29,26.91,24.8,26.84,True,6.550218,1.946781,0.355687,0.253009,8.929479,,,0.224007,0.123132
dedicated_trend,趋势专属分支,688596.SH,正帆科技,2023-10-12,0.214978,trend,38.582339,40.486639,38.389883,40.223279,True,4.5,1.333652,0.392105,0.21282,15.391226,,,0.214978,0.124428
dedicated_trend,趋势专属分支,000739.SZ,普洛药业,2023-10-13,0.22578,trend,52.431268,54.776802,52.116623,54.490761,True,3.532609,3.249784,0.645012,0.294122,8.178016,,,0.22578,0.105447
dedicated_trend,趋势专属分支,600867.SH,通化东宝,2023-10-13,0.218284,trend,54.163778,56.169844,54.163778,55.969238,True,2.197802,1.414001,0.60164,0.205618,6.027996,,,0.218284,0.089883
dedicated_trend,趋势专属分支,001309.SZ,德明利,2023-10-13,0.214682,trend,113.510859,122.710652,112.963921,121.574702,True,5.87445,1.772819,0.297116,0.239732,14.55244,,,0.214682,0.091109
dedicated_trend,趋势专属分支,002413.SZ,雷科防务,2023-10-16,0.228935,trend,28.542601,29.287191,28.095847,29.038994,True,2.631579,2.400236,0.590441,0.233402,10.541245,,,0.228935,0.113301
dedicated_trend,趋势专属分支,600256.SH,广汇能源,2023-10-16,0.221542,trend,55.548358,58.200344,55.548358,58.056994,True,5.744125,1.732756,0.475883,0.244289,8.886833,,,0.221542,0.113498
dedicated_trend,趋势专属分支,300228.SZ,富瑞特装,2023-10-16,0.211588,trend,43.825476,46.868013,43.825476,46.414869,True,5.596465,2.71946,0.418839,0.075,24.736229,,,0.211588,0.14553
dedicated_trend,趋势专属分支,603033.SH,三维股份,2023-10-17,0.232808,trend,118.889872,122.594655,117.879476,122.055778,True,2.66289,2.575266,0.375405,0.122869,20.147049,,,0.232808,0.113239
dedicated_trend,趋势专属分支,300531.SZ,优博讯,2023-10-17,0.219165,trend,52.230338,53.829226,51.910561,53.829226,True,4.844291,2.417966,0.701076,0.455462,7.232827,,,0.219165,0.122124
dedicated_trend,趋势专属分支,002823.SZ,凯中精密,2023-10-18,0.230958,trend,23.064838,24.017056,22.747432,23.784291,True,3.024748,3.219167,0.611359,0.147854,10.933103,,,0.230958,0.11537
dedicated_trend,趋势专属分支,301298.SZ,东利机械,2023-10-18,0.202434,trend,17.360876,18.406218,17.13541,18.365224,True,5.349794,2.204711,0.625835,0.09,7.951755,,,0.202434,0.088169
dedicated_trend,趋势专属分支,002997.SZ,瑞鹄模具,2023-10-18,0.178113,trend,47.232846,51.688775,46.30021,51.605874,True,7.489747,1.787867,0.248942,0.06,42.510731,,,0.178113,0.050038
dedicated_trend,趋势专属分支,300842.SZ,帝科股份,2023-10-19,0.207038,trend,72.1,75.51,71.67,75.51,True,4.729542,1.675277,0.525611,0.201907,16.627385,,,0.207038,0.092459
dedicated_trend,趋势专属分支,002803.SZ,吉宏股份,2023-10-20,0.21634,trend,56.487919,59.897468,55.904303,59.897468,True,5.405405,3.461103,0.584561,0.230817,11.348821,,,0.21634,0.11386
dedicated_trend,趋势专属分支,300129.SZ,泰胜风能,2023-10-20,0.205233,trend,58.144656,62.244599,57.896174,61.747636,True,6.083244,2.08756,0.362744,0.139581,10.594321,,,0.205233,0.10732
dedicated_trend,趋势专属分支,300850.SZ,新强联,2023-10-23,0.1993,trend,100.438172,105.387299,99.098996,105.387299,True,4.957959,2.708445,0.50929,0.045,23.130419,,,0.1993,0.092256
dedicated_trend,趋势专属分支,003006.SZ,百亚股份,2023-10-24,0.222738,trend,16.882867,17.635336,16.882867,17.529354,True,2.732919,1.582905,0.534818,0.099317,15.655053,,,0.222738,0.103543
dedicated_trend,趋势专属分支,603725.SH,天安新材,2023-10-24,0.21704,trend,13.977472,14.782457,13.977472,14.782457,True,6.540084,1.547114,0.487362,0.25904,7.920325,,,0.21704,0.102952
dedicated_trend,趋势专属分支,688278.SH,特宝生物,2023-10-24,0.215954,trend,41.454202,43.456137,41.009328,43.173035,True,3.741497,1.677916,0.336079,0.247933,15.413581,,,0.215954,0.125033
dedicated_trend,趋势专属分支,300690.SZ,双一科技,2023-10-25,0.178303,trend,48.090465,51.812721,48.090465,51.296496,True,4.888889,1.503293,0.403391,0.015,16.560873,,,0.178303,0.021358
dedicated_trend,趋势专属分支,300679.SZ,电连技术,2023-10-26,0.227949,trend,143.098252,148.554147,140.791397,147.528878,True,2.780612,1.362009,0.460749,0.271977,7.395047,,,0.227949,0.10929
dedicated_trend,趋势专属分支,688728.SH,格科微,2023-10-26,0.224364,trend,16.722576,17.333767,16.692518,17.313728,True,2.673797,1.655442,0.526782,0.309114,11.55373,,,0.224364,0.112215
dedicated_trend,趋势专属分支,000680.SZ,山推股份,2023-10-26,0.21616,trend,8.50154,8.677655,8.277394,8.613613,True,2.671756,3.244824,0.647427,0.09,20.287655,,,0.21616,0.105295
dedicated_trend,趋势专属分支,000516.SZ,国际医学,2023-10-27,0.228178,trend,43.512934,45.98928,42.249493,45.686054,True,4.387991,1.742183,0.495239,0.136661,8.736582,,,0.228178,0.103223
dedicated_trend,趋势专属分支,688180.SH,君实生物-U,2023-10-27,0.224103,trend,39.9,43.36,39.65,43.35,True,8.728367,2.166507,0.616612,0.148053,7.114931,,,0.224103,0.119353
dedicated_trend,趋势专属分支,600987.SH,航民股份,2023-10-27,0.217125,trend,25.920113,27.926619,25.656965,27.893726,True,8.025478,2.51059,0.576928,0.06,10.099457,,,0.217125,0.094954
dedicated_trend,趋势专属分支,600183.SH,生益科技,2023-10-30,0.246272,trend,48.784216,51.176437,48.784216,50.806212,True,4.144775,1.550052,0.516636,0.101253,6.8055,,,0.246272,0.132042
dedicated_trend,趋势专属分支,600161.SH,天坛生物,2023-10-30,0.235531,trend,84.395265,86.730312,84.092012,86.305758,True,2.632528,1.894136,0.569236,0.250989,4.671779,,,0.235531,0.1171
dedicated_trend,趋势专属分支,300054.SZ,鼎龙股份,2023-10-30,0.226747,trend,296.315069,308.317378,294.895441,305.478122,True,2.157963,1.577916,0.605732,0.103113,4.049188,,,0.226747,0.113486
dedicated_trend,趋势专属分支,002318.SZ,久立特材,2023-10-31,0.228561,trend,121.601723,125.583643,121.172901,124.419697,True,3.940635,1.958275,0.586566,0.305777,5.513454,,,0.228561,0.117187
dedicated_trend,趋势专属分支,600985.SH,淮北矿业,2023-10-31,0.220083,trend,45.135632,46.746491,45.009291,46.367466,True,2.37099,1.400889,0.521438,0.344295,7.222173,,,0.220083,0.113699
dedicated_trend,趋势专属分支,688019.SH,安集科技,2023-10-31,0.202432,trend,340.415247,356.4208,327.610805,354.829391,True,2.716442,1.671701,0.297105,0.121801,9.00938,,,0.202432,0.102445
dedicated_trend,趋势专属分支,600060.SH,海信视像,2023-11-01,0.228847,trend,66.135901,68.41645,65.907847,68.387943,True,3.094113,1.4739,0.673729,0.144375,6.038522,,,0.228847,0.12033
dedicated_trend,趋势专属分支,300304.SZ,云意电气,2023-11-01,0.2186,trend,51.561326,54.016628,51.561326,53.762631,True,4.269294,2.296834,0.613429,0.045,10.201919,,,0.2186,0.11186
dedicated_trend,趋势专属分支,002588.SZ,史丹利,2023-11-01,0.21481,trend,61.489849,63.249494,61.001058,62.662946,True,2.232855,1.843462,0.512129,0.105,19.579678,,,0.21481,0.123756
dedicated_trend,趋势专属分支,300835.SZ,龙磁科技,2023-11-02,0.199669,trend,51.139611,53.649531,50.215821,53.161491,True,3.284795,2.297229,0.587768,0.06,17.176377,,,0.199669,0.082995
dedicated_trend,趋势专属分支,688403.SH,汇成股份,2023-11-03,0.226028,trend,10.55,11.11,10.5,11.02,True,4.454976,1.58928,0.597909,0.105,14.642269,,,0.226028,0.110756
dedicated_trend,趋势专属分支,600879.SH,航天电子,2023-11-03,0.216023,trend,17.956853,18.905604,17.841151,18.882464,True,5.699482,2.476533,0.712972,0.03,12.190695,,,0.216023,0.115973
dedicated_trend,趋势专属分支,603567.SH,珍宝岛,2023-11-03,0.21192,trend,28.79408,30.994077,28.49212,30.79996,True,9.341501,4.133805,0.608309,0.135,15.050182,,,0.21192,0.108027
dedicated_trend,趋势专属分支,300441.SZ,鲍斯股份,2023-11-06,0.229473,trend,46.144415,47.462827,46.075025,47.462827,True,3.323263,1.381686,0.598627,0.241053,13.780854,,,0.229473,0.113187
dedicated_trend,趋势专属分支,002658.SZ,雪迪龙,2023-11-06,0.227471,trend,43.30076,45.160302,42.238165,45.160302,True,3.785104,2.663733,0.532146,0.06,18.096876,,,0.227471,0.110763
dedicated_trend,趋势专属分支,688016.SH,心脉医疗,2023-11-06,0.226671,trend,198.795566,205.666215,198.064208,204.141693,True,3.122073,1.350024,0.550885,0.247943,5.541753,,,0.226671,0.11612
dedicated_trend,趋势专属分支,600987.SH,航民股份,2023-11-07,0.2373,trend,27.630577,28.650277,27.202961,28.452916,True,3.841537,1.552965,0.55119,0.06,10.162356,,,0.2373,0.110785
dedicated_trend,趋势专属分支,300708.SZ,聚灿光电,2023-11-07,0.221021,trend,20.900322,21.683857,20.77277,21.50164,True,2.787456,2.242809,0.602813,0.015,10.206274,,,0.221021,0.098885
dedicated_trend,趋势专属分支,605289.SH,罗曼股份,2023-11-07,0.219307,trend,45.156979,47.35851,45.003384,46.974522,True,4.261364,1.790467,0.493228,0.196014,7.746764,,,0.219307,0.096015
dedicated_trend,趋势专属分支,603520.SH,司太立,2023-11-08,0.229591,trend,47.411525,49.081365,47.202795,48.812998,True,3.020768,1.803806,0.581241,0.222584,10.010227,,,0.229591,0.126785
dedicated_trend,趋势专属分支,300705.SZ,九典制药,2023-11-08,0.225963,trend,79.189434,82.398645,78.235345,82.311909,True,6.231343,1.979079,0.28865,0.184279,13.494785,,,0.225963,0.120779
dedicated_trend,趋势专属分支,300446.SZ,航天智造,2023-11-08,0.215912,trend,49.463526,51.510053,48.388232,51.232558,True,3.940887,2.039205,0.508598,0.067332,7.926936,,,0.215912,0.099915
dedicated_trend,趋势专属分支,603360.SH,百傲化学,2023-11-09,0.206127,trend,36.613959,38.065614,36.549441,38.065614,True,4.240283,2.470797,0.618383,0.045,13.219409,,,0.206127,0.122318
dedicated_trend,趋势专属分支,688658.SH,悦康药业,2023-11-09,0.197068,trend,20.808084,22.4206,20.808084,22.199708,True,7.314469,2.063399,0.509975,0.06,12.84205,,,0.197068,0.0784
dedicated_trend,趋势专属分支,601699.SH,潞安环能,2023-11-10,0.2227,trend,78.610208,81.257286,78.008599,80.735892,True,2.651708,1.755352,0.591213,0.222024,5.382379,,,0.2227,0.111611
dedicated_trend,趋势专属分支,603883.SH,老百姓,2023-11-10,0.214952,trend,52.921956,57.151014,52.706587,56.681118,True,6.005126,2.843471,0.510213,0.03,14.386962,,,0.214952,0.101152
dedicated_trend,趋势专属分支,600106.SH,重庆路桥,2023-11-10,0.214838,trend,20.697099,22.431713,20.618253,22.313444,True,6.19137,2.808994,0.582297,0.06116,4.332645,,,0.214838,0.069882
dedicated_trend,趋势专属分支,000533.SZ,顺钠股份,2023-11-13,0.227177,trend,5.487048,5.601097,5.449031,5.588425,True,2.797203,1.501092,0.683845,0.34635,5.372192,,,0.227177,0.122527
dedicated_trend,趋势专属分支,300543.SZ,朗科智能,2023-11-13,0.225653,trend,48.568916,50.248533,48.568916,49.921941,True,2.785783,1.536836,0.602625,0.248379,6.908022,,,0.225653,0.106547
dedicated_trend,趋势专属分支,002046.SZ,国机精工,2023-11-13,0.22303,trend,29.472819,30.943923,28.965541,30.893195,True,7.124011,2.509994,0.561975,0.03,15.13576,,,0.22303,0.105497
dedicated_trend,趋势专属分支,002515.SZ,金字火腿,2023-11-14,0.247295,trend,60.618586,63.070073,59.838568,62.73578,True,4.259259,1.998095,0.654107,0.134099,10.124759,,,0.247295,0.125467
dedicated_trend,趋势专属分支,300830.SZ,金现代,2023-11-14,0.246825,trend,9.137454,9.766224,9.086746,9.766224,True,6.644518,3.457638,0.604214,0.156501,14.512102,,,0.246825,0.139519
dedicated_trend,趋势专属分支,300248.SZ,新开普,2023-11-14,0.233655,trend,103.299158,107.50081,101.864447,106.885934,True,5.353535,3.210058,0.608317,0.150357,12.003862,,,0.233655,0.116839
dedicated_trend,趋势专属分支,601137.SH,博威合金,2023-11-15,0.233801,trend,36.584713,37.842313,36.196001,37.636524,True,5.041481,2.631614,0.60944,0.399323,5.042466,,,0.233801,0.123011
dedicated_trend,趋势专属分支,688319.SH,欧林生物,2023-11-15,0.227859,trend,21.36,22.05,21.2,22.04,True,4.356061,1.616132,0.267025,0.25491,11.722338,,,0.227859,0.12399
dedicated_trend,趋势专属分支,300432.SZ,富临精工,2023-11-15,0.225048,trend,92.403273,96.71814,91.01926,96.473902,True,5.614973,2.071375,0.412943,0.342825,10.567686,,,0.225048,0.114408
dedicated_trend,趋势专属分支,000403.SZ,派林生物,2023-11-16,0.247015,trend,43.264863,45.45526,43.264863,45.238031,True,4.560669,2.629952,0.353223,0.374463,4.887192,,,0.247015,0.132374
dedicated_trend,趋势专属分支,688373.SH,盟科药业-U,2023-11-16,0.208285,trend,7.78,8.2,7.69,8.15,True,5.433376,3.438232,0.4839,0.151437,17.263192,,,0.208285,0.109368
dedicated_trend,趋势专属分支,301099.SZ,雅创电子,2023-11-16,0.179778,trend,56.400426,58.288561,54.705164,58.217502,True,6.598513,2.44934,0.337154,0.258577,14.556844,,,0.179778,0.057382
dedicated_trend,趋势专属分支,600201.SH,生物股份,2023-11-17,0.245129,trend,39.041397,41.996556,39.041397,41.913313,True,6.448203,2.790154,0.630953,0.275569,7.348518,,,0.245129,0.129347
dedicated_trend,趋势专属分支,600993.SH,马应龙,2023-11-17,0.238934,trend,72.302381,78.240975,72.183609,77.795581,True,7.421074,2.567918,0.579812,0.150825,12.36629,,,0.238934,0.119867
dedicated_trend,趋势专属分支,002429.SZ,兆驰股份,2023-11-17,0.237478,trend,51.80879,53.990212,51.627004,53.717534,True,3.684211,2.298074,0.606675,0.156586,11.747741,,,0.237478,0.126035
dedicated_trend,趋势专属分支,603087.SH,甘李药业,2023-11-20,0.238006,trend,68.440908,73.485414,68.440908,72.833596,True,6.616884,2.037607,0.51398,0.343994,7.00697,,,0.238006,0.11385
dedicated_trend,趋势专属分支,002780.SZ,三夫户外,2023-11-20,0.222319,trend,25.722656,26.563777,25.233632,26.426851,True,2.659574,1.832885,0.600793,0.257412,9.370669,,,0.222319,0.113965
dedicated_trend,趋势专属分支,300718.SZ,长盛轴承,2023-11-20,0.220039,trend,61.551309,64.963393,61.350599,64.695778,True,5.740842,1.834989,0.488315,0.20063,7.638305,,,0.220039,0.134613
dedicated_trend,趋势专属分支,688375.SH,国博电子,2023-11-21,0.210797,trend,88.598021,91.168426,87.434255,90.571363,True,2.227299,2.476604,0.645961,0.261657,7.27515,,,0.210797,0.080641
dedicated_trend,趋势专属分支,600838.SH,上海九百,2023-11-21,0.209359,trend,8.619442,8.983178,8.56433,8.939088,True,3.57599,2.456909,0.64239,0.390914,6.943582,,,0.209359,0.087715
dedicated_trend,趋势专属分支,605188.SH,国光连锁,2023-11-21,0.209056,trend,10.654969,11.48549,10.53343,11.465233,True,6.792453,2.254923,0.348042,0.193856,9.810503,,,0.209056,0.120913
dedicated_trend,趋势专属分支,600088.SH,中视传媒,2023-11-22,0.222587,trend,23.568063,24.623349,23.497711,24.570585,True,3.789004,2.440604,0.491428,0.234058,3.965764,,,0.222587,0.112769
dedicated_trend,趋势专属分支,000917.SZ,电广传媒,2023-11-22,0.219686,trend,14.197925,15.081049,14.152636,14.945184,True,4.265403,1.731568,0.509044,0.245419,3.384343,,,0.219686,0.09907
dedicated_trend,趋势专属分支,002159.SZ,三特索道,2023-11-22,0.216679,trend,15.58423,16.688704,15.503168,16.648173,True,6.688312,3.146951,0.517522,0.263173,10.0804,,,0.216679,0.124698
dedicated_trend,趋势专属分支,600780.SH,通宝能源,2023-11-23,0.23765,trend,12.061735,12.817709,12.027885,12.738727,True,5.514019,1.858706,0.37665,0.093773,12.542151,,,0.23765,0.154905
dedicated_trend,趋势专属分支,000597.SZ,东北制药,2023-11-23,0.224174,trend,12.765844,13.039887,12.765844,13.01705,True,2.333932,1.390536,0.646158,0.412406,7.171496,,,0.224174,0.119853
dedicated_trend,趋势专属分支,002011.SZ,盾安环境,2023-11-23,0.221121,trend,25.059554,27.025009,24.995463,26.790009,True,6.361323,1.562387,0.499944,0.331195,6.886883,,,0.221121,0.123008
dedicated_trend,趋势专属分支,603300.SH,海南华铁,2023-11-24,0.230032,trend,36.218385,37.834282,36.106944,37.499959,True,2.748092,2.987745,0.625344,0.135,16.987495,,,0.230032,0.135404
dedicated_trend,趋势专属分支,301087.SZ,可孚医疗,2023-11-24,0.222532,trend,56.368236,57.358842,55.047428,57.166225,True,3.486924,3.362594,0.59224,0.36791,8.688362,,,0.222532,0.119939
dedicated_trend,趋势专属分支,600479.SH,千金药业,2023-11-24,0.21258,trend,30.339171,31.688732,30.313218,31.688732,True,3.826531,3.890833,0.641377,0.326047,10.467038,,,0.21258,0.100729
dedicated_trend,趋势专属分支,601699.SH,潞安环能,2023-11-27,0.228826,trend,83.623614,88.356269,83.503292,87.794768,True,6.210577,2.090866,0.485412,0.151811,10.628162,,,0.228826,0.113
dedicated_trend,趋势专属分支,300597.SZ,吉大通信,2023-11-27,0.221002,trend,9.669277,10.185647,9.669277,10.185647,True,4.356846,2.257059,0.590413,0.499415,5.596333,,,0.221002,0.108395
dedicated_trend,趋势专属分支,601038.SH,一拖股份,2023-11-27,0.21554,trend,13.530011,14.378995,13.530011,14.378995,True,5.770751,2.645144,0.643386,0.06426,17.130471,,,0.21554,0.108062
dedicated_trend,趋势专属分支,600329.SH,达仁堂,2023-11-28,0.226932,trend,79.935949,84.5568,78.602096,84.413887,True,5.633383,1.815961,0.417039,0.134815,17.401765,,,0.226932,0.119048
dedicated_trend,趋势专属分支,600587.SH,新华医疗,2023-11-28,0.218253,trend,62.047153,64.495144,62.047153,63.9773,True,3.859381,1.529378,0.500883,0.166461,15.640485,,,0.218253,0.117994
dedicated_trend,趋势专属分支,300568.SZ,星源材质,2023-11-28,0.217534,trend,109.280098,114.13065,107.425475,113.916656,True,4.039088,2.442298,0.519192,0.316248,7.047273,,,0.217534,0.098468
dedicated_trend,趋势专属分支,603358.SH,华达科技,2023-11-29,0.220219,trend,64.027497,67.148483,64.027497,66.517981,True,3.482099,1.618124,0.282184,0.249889,12.90759,,,0.220219,0.125148
dedicated_trend,趋势专属分支,601001.SH,晋控煤业,2023-11-29,0.216213,trend,29.527542,30.614303,28.9726,30.521813,True,3.529412,1.521648,0.448743,0.2387,9.236205,,,0.216213,0.110665
dedicated_trend,趋势专属分支,300633.SZ,开立医疗,2023-11-29,0.206788,trend,50.991174,52.630827,50.606564,52.266459,True,2.115879,1.401726,0.624081,0.372338,11.625289,,,0.206788,0.121973
dedicated_trend,趋势专属分支,688575.SH,亚辉龙,2023-11-30,0.229686,trend,34.204211,36.092342,34.204211,35.918053,True,4.038704,1.638577,0.266952,0.265122,10.170403,,,0.229686,0.110419
dedicated_trend,趋势专属分支,300601.SZ,康泰生物,2023-11-30,0.227293,trend,77.888911,80.041496,77.097156,79.472421,True,2.195355,2.068975,0.63745,0.317912,10.462481,,,0.227293,0.115164
dedicated_trend,趋势专属分支,603658.SH,安图生物,2023-11-30,0.217462,trend,69.845512,73.323592,69.802924,72.897705,True,4.263959,2.274113,0.529446,0.13035,13.423679,,,0.217462,0.120162
dedicated_trend,趋势专属分支,300832.SZ,新产业,2023-12-01,0.224122,trend,139.388873,144.231659,138.555279,144.112574,True,3.34472,1.600046,0.550734,0.278302,9.46609,,,0.224122,0.114191
dedicated_trend,趋势专属分支,600637.SH,东方明珠,2023-12-01,0.223457,trend,12.772333,13.057572,12.74064,13.057572,True,2.106568,1.44282,0.608602,0.322836,8.028513,,,0.223457,0.098804
dedicated_trend,趋势专属分支,002252.SZ,上海莱士,2023-12-01,0.220286,trend,188.291102,194.702023,187.578778,193.752257,True,2.641509,2.361312,0.527645,0.147896,13.55915,,,0.220286,0.115959
dedicated_trend,趋势专属分支,002166.SZ,莱茵生物,2023-12-04,0.225322,trend,58.288663,60.845183,58.21562,60.55301,True,3.884712,1.558504,0.649862,0.335328,8.185445,,,0.225322,0.108829
dedicated_trend,趋势专属分支,002100.SZ,天康生物,2023-12-04,0.224601,trend,40.479986,42.427657,40.269427,42.059179,True,3.90117,1.663818,0.489809,0.390796,8.518828,,,0.224601,0.124359
dedicated_trend,趋势专属分支,600435.SH,北方导航,2023-12-04,0.224112,trend,35.496897,37.795034,35.310561,37.639754,True,6.502636,1.862656,0.480076,0.391155,5.183135,,,0.224112,0.09074
dedicated_trend,趋势专属分支,688192.SH,迪哲医药-U,2023-12-06,0.253775,trend,46.34,50.88,46.18,50.44,True,8.824164,2.338549,0.244541,0.320155,21.224688,,,0.253775,0.123094
dedicated_trend,趋势专属分支,688062.SH,迈威生物-U,2023-12-06,0.237384,trend,29.78,31.16,29.33,30.89,True,4.182125,1.504184,0.300853,0.227689,19.132367,,,0.237384,0.106466
dedicated_trend,趋势专属分支,002567.SZ,唐人神,2023-12-06,0.22437,trend,36.716912,38.998454,36.080203,38.733159,True,6.104651,2.447391,0.599291,0.198442,14.859712,,,0.22437,0.107464
dedicated_trend,趋势专属分支,600825.SH,新华传媒,2023-12-07,0.22578,trend,6.118272,6.29308,6.080813,6.230648,True,2.04499,1.920106,0.518126,0.277723,9.173233,,,0.22578,0.126275
dedicated_trend,趋势专属分支,603096.SH,新经典,2023-12-07,0.22437,trend,27.721213,28.39734,27.585987,28.262114,True,2.400784,1.433106,0.449768,0.25955,9.857856,,,0.22437,0.128698
dedicated_trend,趋势专属分支,002891.SZ,中宠股份,2023-12-07,0.224364,trend,65.070267,68.455575,64.915215,67.964576,True,3.911497,2.249674,0.531497,0.204942,14.683814,,,0.224364,0.108061
dedicated_trend,趋势专属分支,301153.SZ,中科江南,2023-12-08,0.215458,trend,128.670057,135.845036,127.268261,135.734368,True,7.211538,2.648814,0.456929,0.120518,20.282181,,,0.215458,0.115896
dedicated_trend,趋势专属分支,600995.SH,南网储能,2023-12-08,0.210408,trend,11.342109,11.842325,11.342109,11.842325,True,4.410256,3.084992,0.700044,0.257057,11.186768,,,0.210408,0.101799
dedicated_trend,趋势专属分支,300760.SZ,迈瑞医疗,2023-12-08,0.209362,trend,299.942049,315.612405,299.093857,313.8312,True,4.59364,2.728751,0.620639,0.365586,8.435731,,,0.209362,0.116448
dedicated_trend,趋势专属分支,601699.SH,潞安环能,2023-12-11,0.225648,trend,86.471229,90.522061,86.3108,90.401739,True,5.623243,1.670579,0.485978,0.342516,5.602909,,,0.225648,0.117553
dedicated_trend,趋势专属分支,600880.SH,博瑞传播,2023-12-11,0.224886,trend,15.650485,16.237379,15.538696,16.125589,True,3.035714,1.777048,0.489152,0.216874,9.287861,,,0.224886,0.113745
dedicated_trend,趋势专属分支,688400.SH,凌云光,2023-12-11,0.22461,trend,25.678347,26.871989,25.487766,26.72153,True,2.461538,2.347633,0.524257,0.119715,10.706539,,,0.22461,0.099301
dedicated_trend,趋势专属分支,601598.SH,中国外运,2023-12-12,0.250947,trend,6.345525,6.753717,6.320786,6.704239,True,5.447471,2.53236,0.529108,0.12,23.051226,,,0.250947,0.12173
dedicated_trend,趋势专属分支,688799.SH,华纳药厂,2023-12-12,0.246161,trend,47.389934,52.055698,47.327166,51.720935,True,8.707124,3.790818,0.486266,0.306757,12.449038,,,0.246161,0.12778
dedicated_trend,趋势专属分支,600160.SH,巨化股份,2023-12-12,0.245344,trend,66.492216,69.037179,66.209442,68.350443,True,2.545455,1.655528,0.550442,0.215363,7.309751,,,0.245344,0.115217
dedicated_trend,趋势专属分支,603977.SH,国泰集团,2023-12-13,0.239384,trend,19.464593,20.13504,19.399711,20.070158,True,2.768549,1.873423,0.675105,0.31985,10.562216,,,0.239384,0.123279
dedicated_trend,趋势专属分支,601567.SH,三星医疗,2023-12-13,0.231198,trend,104.277674,108.357395,103.8969,107.813433,True,3.336809,1.366656,0.485521,0.439475,7.663778,,,0.231198,0.119552
dedicated_trend,趋势专属分支,300416.SZ,苏试试验,2023-12-13,0.221786,trend,125.439801,132.890993,124.619486,131.8656,True,5.065359,2.125415,0.328776,0.282626,11.349141,,,0.221786,0.121874
dedicated_trend,趋势专属分支,002270.SZ,华明装备,2023-12-14,0.229751,trend,33.593338,34.727595,33.352006,34.510397,True,2.582496,1.54384,0.632031,0.29223,10.366301,,,0.229751,0.117309
dedicated_trend,趋势专属分支,688676.SH,金盘科技,2023-12-14,0.218625,trend,35.983964,37.221944,35.19991,36.871183,True,3.624239,1.500053,0.684099,0.159702,16.941244,,,0.218625,0.101314
dedicated_trend,趋势专属分支,002021.SZ,中捷资源,2023-12-14,0.218294,trend,3.731057,3.862433,3.691645,3.862433,True,5.0,1.719761,0.271429,0.230218,30.305845,,,0.218294,0.143843
dedicated_trend,趋势专属分支,002425.SZ,凯撒文化,2023-12-15,0.219719,trend,22.654294,23.494981,22.433061,23.406488,True,2.718447,2.165462,0.52283,0.269622,6.976124,,,0.219719,0.101437
dedicated_trend,趋势专属分支,300165.SZ,天瑞仪器,2023-12-15,0.21425,trend,43.015524,44.967715,42.948207,44.563813,True,3.4375,3.303666,0.516727,0.396697,8.309804,,,0.21425,0.123136
dedicated_trend,趋势专属分支,600798.SH,宁波海运,2023-12-18,0.233708,trend,4.461487,4.60795,4.416421,4.585417,True,6.266319,3.834586,0.639181,0.406873,9.21981,,,0.233708,0.113758
dedicated_trend,趋势专属分支,600976.SH,健民集团,2023-12-18,0.215896,trend,82.361703,87.14695,82.108579,86.399632,True,4.170905,2.083582,0.479896,0.262119,8.651378,,,0.215896,0.122873
dedicated_trend,趋势专属分支,601919.SH,中远海控,2023-12-18,0.215184,trend,19.564919,20.227815,19.451279,20.133116,True,5.982054,3.762535,0.766257,0.170356,9.55054,,,0.215184,0.102598
dedicated_trend,趋势专属分支,301345.SZ,涛涛车业,2023-12-19,0.219192,trend,57.3068,59.461347,57.3068,58.98714,True,2.932182,1.796679,0.485347,0.172704,7.599834,,,0.219192,0.108637
dedicated_trend,趋势专属分支,300421.SZ,力星股份,2023-12-19,0.215339,trend,27.568681,29.220138,26.902771,29.220138,True,6.401552,3.910597,0.483137,0.239931,13.712828,,,0.215339,0.107914
dedicated_trend,趋势专属分支,688520.SH,神州细胞,2023-12-19,0.212603,trend,53.73,56.2,52.95,56.0,True,4.089219,1.730718,0.577907,0.135,16.551671,,,0.212603,0.112244
dedicated_trend,趋势专属分支,600685.SH,中船防务,2023-12-21,0.222159,trend,33.378029,35.087969,33.33699,34.814379,True,3.455285,1.998023,0.672768,0.115965,9.666103,,,0.222159,0.115105
dedicated_trend,趋势专属分支,002438.SZ,江苏神通,2023-12-21,0.214802,trend,47.14204,49.656282,46.597287,49.446762,True,3.873239,1.94675,0.592815,0.045,15.352147,,,0.214802,0.098323
dedicated_trend,趋势专属分支,601226.SH,华电科工,2023-12-21,0.211297,trend,9.655396,10.118217,9.431966,10.070339,True,4.643449,2.247457,0.71661,0.09,13.265505,,,0.211297,0.083881
dedicated_trend,趋势专属分支,603615.SH,茶花股份,2023-12-22,0.210012,trend,18.770908,20.47526,18.667265,20.325553,True,9.220297,2.251797,0.246564,0.28774,23.807196,,,0.210012,0.113251
dedicated_trend,趋势专属分支,603712.SH,七一二,2023-12-22,0.20439,trend,30.729985,32.316311,30.557116,32.153611,True,5.4,2.367253,0.477399,0.253042,9.199114,,,0.20439,0.080473
dedicated_trend,趋势专属分支,002972.SZ,科安达,2023-12-22,0.196635,trend,18.992724,19.430205,18.570328,19.400034,True,2.063492,3.651391,0.642893,0.03,12.884233,,,0.196635,0.074447
dedicated_trend,趋势专属分支,600985.SH,淮北矿业,2023-12-25,0.241661,trend,52.968828,55.590422,52.810901,55.400909,True,4.218657,1.462967,0.460754,0.296981,9.779135,,,0.241661,0.120119
dedicated_trend,趋势专属分支,601898.SH,中煤能源,2023-12-25,0.221842,trend,12.552439,13.038255,12.355487,12.933214,True,3.249476,1.336325,0.583563,0.288714,3.339015,,,0.221842,0.105352
dedicated_trend,趋势专属分支,002011.SZ,盾安环境,2023-12-25,0.215409,trend,27.238646,28.947737,27.110464,28.734101,True,5.490196,1.620268,0.487723,0.297413,3.768603,,,0.215409,0.101586
dedicated_trend,趋势专属分支,600886.SH,国投电力,2023-12-26,0.230121,trend,43.039566,44.088512,42.941227,43.891834,True,2.21374,1.658751,0.714591,0.2849,7.504622,,,0.230121,0.123033
dedicated_trend,趋势专属分支,002021.SZ,中捷资源,2023-12-26,0.205126,trend,4.401071,4.453621,4.204008,4.414209,True,4.024768,1.750963,0.244755,0.105,24.716039,,,0.205126,0.132948
dedicated_trend,趋势专属分支,605117.SH,德业股份,2023-12-26,0.193529,trend,193.169015,210.301864,190.62224,209.067064,True,7.642384,2.51798,0.28274,0.06,43.1943,,,0.193529,0.084229
dedicated_trend,趋势专属分支,601168.SH,西部矿业,2023-12-27,0.231988,trend,17.43135,18.201512,17.405678,18.163004,True,4.044118,2.229148,0.676345,0.110712,12.75605,,,0.231988,0.123148
dedicated_trend,趋势专属分支,600123.SH,兰花科创,2023-12-27,0.223711,trend,41.197541,43.075383,41.197541,42.845443,True,3.903346,2.662624,0.517145,0.06,12.786697,,,0.223711,0.130961
dedicated_trend,趋势专属分支,603939.SH,益丰药房,2023-12-27,0.215224,trend,207.844963,215.804074,205.654872,214.949404,True,2.731682,1.359935,0.576933,0.159462,10.542918,,,0.215224,0.11505
dedicated_trend,趋势专属分支,000400.SZ,许继电气,2023-12-28,0.220964,trend,44.225214,45.470995,43.934532,45.36718,True,3.114677,1.465924,0.499505,0.415325,1.491704,,,0.220964,0.115563
dedicated_trend,趋势专属分支,688639.SH,华恒生物,2023-12-28,0.22091,trend,173.872502,179.919472,171.542206,179.196785,True,3.457084,1.91497,0.504423,0.203175,1.212806,,,0.22091,0.073221
dedicated_trend,趋势专属分支,600707.SH,彩虹股份,2023-12-28,0.217971,trend,6.4,6.52,6.29,6.49,True,2.365931,2.216296,0.689611,0.194111,5.052417,,,0.217971,0.105381
dedicated_trend,趋势专属分支,600603.SH,广汇物流,2023-12-29,0.230575,trend,18.030502,18.752685,17.934211,18.728612,True,3.871829,1.652378,0.598623,0.150077,6.589525,,,0.230575,0.127368
dedicated_trend,趋势专属分支,603556.SH,海兴电力,2023-12-29,0.225784,trend,43.131327,45.171218,43.131327,44.862144,True,4.199569,1.649312,0.37218,0.323609,2.768463,,,0.225784,0.09656
dedicated_trend,趋势专属分支,688209.SH,英集芯,2023-12-29,0.221431,trend,17.216685,18.26289,17.216685,18.141002,True,5.617978,3.995826,0.586742,0.075,9.224624,,,0.221431,0.095948
dedicated_trend,趋势专属分支,000983.SZ,山西焦煤,2024-01-02,0.234843,trend,23.007151,24.24134,22.960577,24.078334,True,4.65587,1.963232,0.557433,0.355694,1.791871,,,0.234843,0.117088
dedicated_trend,趋势专属分支,601225.SH,陕西煤业,2024-01-02,0.232664,trend,31.994682,33.15391,31.96377,32.999346,True,2.202011,1.580927,0.578748,0.174615,7.328204,,,0.232664,0.124634
dedicated_trend,趋势专属分支,603979.SH,金诚信,2024-01-02,0.223177,trend,61.532082,63.699393,60.929145,63.145343,True,2.621822,1.748891,0.680907,0.231358,5.927257,,,0.223177,0.113575
dedicated_trend,趋势专属分支,600795.SH,国电电力,2024-01-03,0.217339,trend,12.942537,13.245641,12.881917,13.245641,True,2.102804,1.346211,0.555531,0.300319,3.97381,,,0.217339,0.095446
dedicated_trend,趋势专属分支,601101.SH,昊华能源,2024-01-03,0.217006,trend,28.169121,28.903592,28.169121,28.903592,True,2.293578,1.320594,0.639482,0.416507,3.04078,,,0.217006,0.113265
dedicated_trend,趋势专属分支,601985.SH,中国核电,2024-01-03,0.215184,trend,9.100977,9.432352,9.065473,9.408682,True,3.515625,2.50496,0.705574,0.195389,7.279162,,,0.215184,0.111292
dedicated_trend,趋势专属分支,600188.SH,兖矿能源,2024-01-04,0.229098,trend,58.156947,59.911801,57.855331,59.665024,True,2.884161,2.273093,0.709806,0.163696,7.026035,,,0.229098,0.115851
dedicated_trend,趋势专属分支,601918.SH,新集能源,2024-01-04,0.223651,trend,8.980349,9.358469,8.980349,9.311204,True,2.961672,2.063935,0.579605,0.135,11.283616,,,0.223651,0.109978
dedicated_trend,趋势专属分支,002564.SZ,天沃科技,2024-01-04,0.221376,trend,13.30544,13.857129,13.272988,13.857129,True,4.914005,2.038061,0.301854,0.243032,7.984536,,,0.221376,0.107387
dedicated_trend,趋势专属分支,600336.SH,澳柯玛,2024-01-05,0.20536,trend,13.103197,13.707627,12.930502,13.642867,True,3.267974,1.862984,0.57993,0.169724,4.515601,,,0.20536,0.08214
dedicated_trend,趋势专属分支,605020.SH,永和股份,2024-01-08,0.213795,trend,38.712816,40.394123,38.470593,40.265888,True,5.80307,3.668151,0.540027,0.213888,17.353032,,,0.213795,0.105297
dedicated_trend,趋势专属分支,601168.SH,西部矿业,2024-01-09,0.23469,trend,18.766298,19.510789,18.753462,19.318248,True,2.6603,1.450541,0.486559,0.097993,11.656209,,,0.23469,0.124975
dedicated_trend,趋势专属分支,601298.SH,青岛港,2024-01-09,0.21179,trend,8.014956,8.371997,7.953397,8.32275,True,3.522205,2.290838,0.696007,0.200515,8.773127,,,0.21179,0.109749
dedicated_trend,趋势专属分支,300853.SZ,申昊科技,2024-01-09,0.178303,trend,50.579848,54.352532,50.579848,53.908686,True,6.193078,1.582067,0.439943,0.03,12.058256,,,0.178303,0.04822
dedicated_trend,趋势专属分支,000620.SZ,盈新发展,2024-01-10,0.210585,trend,2.118052,2.222219,2.106478,2.222219,True,4.918033,1.317637,0.499992,0.220626,11.778338,,,0.210585,0.092941
dedicated_trend,趋势专属分支,002419.SZ,天虹股份,2024-01-10,0.195179,trend,24.563244,25.878375,23.926891,25.666257,True,5.954466,4.824775,0.687018,0.15,15.155315,,,0.195179,0.076595
dedicated_trend,趋势专属分支,002345.SZ,潮宏基,2024-01-11,0.226155,trend,51.977598,53.49741,51.597644,53.193448,True,2.040816,1.348721,0.649481,0.35614,6.482617,,,0.226155,0.115592
dedicated_trend,趋势专属分支,603167.SH,渤海轮渡,2024-01-11,0.22576,trend,12.549646,13.379153,12.48275,13.365774,True,6.730769,1.762882,0.350582,0.18,13.719459,,,0.22576,0.108188
dedicated_trend,趋势专属分支,300017.SZ,网宿科技,2024-01-11,0.211385,trend,191.05707,202.015456,188.913039,201.062553,True,5.105853,1.493926,0.492701,0.100125,12.418405,,,0.211385,0.078858
dedicated_trend,趋势专属分支,002270.SZ,华明装备,2024-01-12,0.234024,trend,35.475723,37.116777,35.37919,36.923712,True,3.728814,1.805544,0.535654,0.186045,15.334224,,,0.234024,0.123437
dedicated_trend,趋势专属分支,000889.SZ,中嘉博创,2024-01-12,0.217502,trend,3.293855,3.39454,3.265087,3.365773,True,3.0837,2.016403,0.522061,0.085835,10.181825,,,0.217502,0.094922
dedicated_trend,趋势专属分支,603556.SH,海兴电力,2024-01-12,0.214546,trend,46.871127,49.297361,46.685682,48.988286,True,3.594771,1.684297,0.27565,0.135364,17.601391,,,0.214546,0.131113
dedicated_trend,趋势专属分支,688676.SH,金盘科技,2024-01-15,0.220245,trend,41.358862,43.556277,41.358862,43.288048,True,4.196672,1.701838,0.352527,0.075,21.485881,,,0.220245,0.109635
dedicated_trend,趋势专属分支,600642.SH,申能股份,2024-01-15,0.21576,trend,15.980535,16.212137,15.864734,16.096336,True,2.507375,2.120808,0.551309,0.2025,12.632764,,,0.21576,0.100211
dedicated_trend,趋势专属分支,002867.SZ,周大生,2024-01-15,0.214754,trend,44.830403,46.654575,44.775125,46.51638,True,3.696858,1.930793,0.693476,0.10013,15.246878,,,0.214754,0.120645
dedicated_trend,趋势专属分支,601156.SH,东航物流,2024-01-16,0.245935,trend,15.783561,16.915492,15.603722,16.809704,True,6.57277,2.396056,0.273769,0.332911,8.457465,,,0.245935,0.127306
dedicated_trend,趋势专属分支,000921.SZ,海信家电,2024-01-16,0.223776,trend,28.71078,29.883646,28.332042,29.822559,True,4.629233,1.646272,0.521511,0.075,21.771812,,,0.223776,0.107349
dedicated_trend,趋势专属分支,601825.SH,沪农商行,2024-01-16,0.223438,trend,7.388394,7.734725,7.365306,7.677004,True,3.90625,3.409554,0.618759,0.03,17.775432,,,0.223438,0.098642
dedicated_trend,趋势专属分支,600961.SH,株冶集团,2024-01-18,0.210218,trend,8.424625,8.647928,8.12012,8.627628,True,2.040816,1.646664,0.719706,0.368647,6.455285,,,0.210218,0.098357
dedicated_trend,趋势专属分支,300896.SZ,爱美客,2024-01-18,0.205576,trend,560.888933,605.697635,560.283162,602.815633,True,6.426627,1.690756,0.437001,0.03,20.991998,,,0.205576,0.076932
dedicated_trend,趋势专属分支,600621.SH,华鑫股份,2024-01-18,0.201094,trend,15.890169,17.031062,15.878407,16.878159,True,6.217617,2.004131,0.550413,0.09,8.77299,,,0.201094,0.081852
dedicated_trend,趋势专属分支,000564.SZ,供销大集,2024-01-19,0.199974,trend,5.371033,5.445978,5.32107,5.445978,True,4.807692,1.966232,0.25,0.135,33.107612,,,0.199974,0.116201
dedicated_trend,趋势专属分支,301030.SZ,仕净科技,2024-01-23,0.200612,trend,40.06,43.8,39.85,43.78,True,9.395302,1.938579,0.59479,0.045,16.717514,,,0.200612,0.089175
dedicated_trend,趋势专属分支,600970.SH,中材国际,2024-01-24,0.217685,trend,51.262283,55.403101,50.842959,54.931362,True,7.708119,1.836072,0.619578,0.141031,5.433209,,,0.217685,0.114195
dedicated_trend,趋势专属分支,601728.SH,中国电信,2024-01-25,0.225358,trend,6.059099,6.473492,6.0367,6.462292,True,7.050093,2.730501,0.732427,0.03,11.482238,,,0.225358,0.121833
dedicated_trend,趋势专属分支,600938.SH,中国海油,2024-01-25,0.220932,trend,25.084872,26.449715,24.86132,26.261461,True,5.681818,2.025654,0.638244,0.111384,7.232404,,,0.220932,0.111979
dedicated_trend,趋势专属分支,601985.SH,中国核电,2024-01-25,0.21709,trend,9.444187,9.751892,9.444187,9.751892,True,3.258145,1.314005,0.601914,0.180983,3.134914,,,0.21709,0.102905
dedicated_trend,趋势专属分支,601009.SH,南京银行,2024-01-26,0.206989,trend,47.40365,48.70725,47.344395,48.647995,True,2.753442,1.798519,0.661529,0.148905,6.656704,,,0.206989,0.102414
dedicated_trend,趋势专属分支,000999.SZ,华润三九,2024-01-26,0.205047,trend,63.820074,67.627521,63.602505,67.264907,True,4.683973,1.493325,0.570762,0.075,10.889596,,,0.205047,0.095466
dedicated_trend,趋势专属分支,001308.SZ,康冠科技,2024-01-26,0.193408,trend,48.798831,51.184002,48.798831,50.918983,True,2.965345,1.82948,0.629975,0.165,5.228802,,,0.193408,0.08158
dedicated_trend,趋势专属分支,600012.SH,皖通高速,2024-01-29,0.212508,trend,20.872563,21.87656,20.837335,21.718034,True,3.700589,1.551805,0.590314,0.137872,4.502509,,,0.212508,0.091567
dedicated_trend,趋势专属分支,601169.SH,北京银行,2024-01-29,0.211771,trend,21.5815,22.277677,21.537989,22.103633,True,2.419355,1.87443,0.664898,0.13541,6.924849,,,0.211771,0.112728
dedicated_trend,趋势专属分支,601088.SH,中国神华,2024-01-31,0.220979,trend,81.713911,85.870029,81.621553,85.708403,True,3.803132,1.39547,0.524528,0.09,9.153968,,,0.220979,0.108967
dedicated_trend,趋势专属分支,600027.SH,华电国际,2024-01-31,0.205663,trend,9.017048,9.450858,8.970569,9.404379,True,4.655172,1.744905,0.528812,0.075,8.049318,,,0.205663,0.101359
dedicated_trend,趋势专属分支,000429.SZ,粤高速Ａ,2024-02-02,0.219626,trend,15.521083,15.89386,15.31775,15.843027,True,2.185792,1.564451,0.695406,0.257601,7.577657,,,0.219626,0.104988
dedicated_trend,趋势专属分支,600188.SH,兖矿能源,2024-02-05,0.228654,trend,62.406983,64.902166,62.379564,64.353774,True,3.437638,1.465729,0.565963,0.149481,14.783348,,,0.228654,0.099323
dedicated_trend,趋势专属分支,000983.SZ,山西焦煤,2024-02-05,0.222222,trend,24.520779,25.428956,24.218053,25.33581,True,3.127962,1.489862,0.63862,0.2026,12.970797,,,0.222222,0.106835
dedicated_trend,趋势专属分支,600377.SH,宁沪高速,2024-02-05,0.221842,trend,23.919381,24.960259,23.794475,24.856171,True,3.466205,1.679232,0.578514,0.079028,11.027387,,,0.221842,0.103825
dedicated_trend,趋势专属分支,000157.SZ,中联重科,2024-02-06,0.2201,trend,37.8947,39.945834,37.638308,39.945834,True,4.704301,1.667491,0.496498,0.079332,8.185558,,,0.2201,0.096193
dedicated_trend,趋势专属分支,600690.SH,海尔智家,2024-02-06,0.218807,trend,119.796594,124.333949,119.43152,124.125335,True,3.613409,1.542345,0.631264,0.16331,7.972984,,,0.218807,0.11353
dedicated_trend,趋势专属分支,603979.SH,金诚信,2024-02-06,0.216229,trend,63.829757,65.997068,62.933501,65.834113,True,3.061224,1.634325,0.672347,0.09,8.949689,,,0.216229,0.084837
dedicated_trend,趋势专属分支,600066.SH,宇通客车,2024-02-07,0.223633,trend,85.62617,93.53432,84.917164,93.425242,True,8.417722,1.685522,0.359288,0.15,9.348533,,,0.223633,0.0963
dedicated_trend,趋势专属分支,603816.SH,顾家家居,2024-02-07,0.221293,trend,76.576316,81.708999,75.60359,81.377858,True,6.27027,2.448757,0.655018,0.06,15.063627,,,0.221293,0.112789
dedicated_trend,趋势专属分支,002318.SZ,久立特材,2024-02-07,0.220243,trend,125.828684,134.466389,124.787259,133.302443,True,5.733722,2.599668,0.694579,0.06,6.228826,,,0.220243,0.088696
dedicated_trend,趋势专属分支,600968.SH,海油发展,2024-02-08,0.209749,trend,3.312771,3.442261,3.280399,3.409888,True,2.931596,1.807021,0.630436,0.03,3.977331,,,0.209749,0.096807
dedicated_trend,趋势专属分支,600378.SH,昊华科技,2024-02-08,0.187679,trend,44.354605,44.48626,41.471358,44.22295,True,9.342448,3.34206,0.326163,0.075,18.793917,,,0.187679,0.097998
dedicated_trend,趋势专属分支,603993.SH,洛阳钼业,2024-02-19,0.229521,trend,19.983236,21.036833,19.842756,20.966593,True,5.105634,1.497272,0.498277,0.111199,6.446167,,,0.229521,0.130534
dedicated_trend,趋势专属分支,600938.SH,中国海油,2024-02-19,0.223968,trend,26.920351,29.085274,26.885053,28.955849,True,7.702407,1.410343,0.474788,0.085243,5.461901,,,0.223968,0.11383
dedicated_trend,趋势专属分支,601699.SH,潞安环能,2024-02-19,0.222656,trend,94.292142,101.75209,93.850962,101.511447,True,7.200339,1.482815,0.61013,0.171947,5.832482,,,0.222656,0.087483
dedicated_trend,趋势专属分支,000028.SZ,国药一致,2024-02-20,0.222873,trend,45.134597,47.065801,44.768838,47.036541,True,3.77663,1.362435,0.592411,0.045,0.207405,,,0.222873,0.111595
dedicated_trend,趋势专属分支,600546.SH,山煤国际,2024-02-20,0.215176,trend,50.89862,54.897603,50.599377,54.707176,True,6.458444,1.936159,0.550036,0.06,15.477782,,,0.215176,0.097384
dedicated_trend,趋势专属分支,600096.SH,云天化,2024-02-20,0.207956,trend,19.011407,19.978461,18.846568,19.857579,True,4.936121,2.095342,0.509532,0.15,12.67231,,,0.207956,0.099446
dedicated_trend,趋势专属分支,603288.SH,海天味业,2024-02-21,0.223791,trend,312.282287,332.862256,311.699049,329.946066,True,4.734197,1.977502,0.619379,0.03,6.647302,,,0.223791,0.101707
dedicated_trend,趋势专属分支,002039.SZ,黔源电力,2024-02-21,0.211897,trend,36.481666,39.043145,36.326425,38.887904,True,6.823028,2.946295,0.696135,0.015,1.368735,,,0.211897,0.110277
dedicated_trend,趋势专属分支,000983.SZ,山西焦煤,2024-02-22,0.237207,trend,26.569999,28.991804,26.500139,28.991804,True,8.828671,2.024415,0.445421,0.135,10.246103,,,0.237207,0.123283
dedicated_trend,趋势专属分支,000937.SZ,冀中能源,2024-02-22,0.225332,trend,35.48337,38.14688,35.48337,38.011447,True,6.582278,1.665128,0.564328,0.015,3.232729,,,0.225332,0.092795
dedicated_trend,趋势专属分支,600971.SH,恒源煤电,2024-02-22,0.218522,trend,53.723051,57.036561,53.45797,56.948201,True,6.528926,1.60419,0.518312,0.015,9.171131,,,0.218522,0.097884
dedicated_trend,趋势专属分支,000408.SZ,藏格矿业,2024-02-23,0.217755,trend,31.218847,32.296157,31.160927,32.087646,True,2.821084,1.390622,0.628416,0.075,4.330848,,,0.217755,0.094344
dedicated_trend,趋势专属分支,000690.SZ,宝新能源,2024-02-23,0.206411,trend,10.068958,10.496991,10.007811,10.496991,True,4.462475,1.975986,0.617254,0.09,-0.033116,,,0.206411,0.103901
dedicated_trend,趋势专属分支,603979.SH,金诚信,2024-02-23,0.201329,trend,71.537563,73.802648,69.679868,73.330076,True,2.272727,1.330302,0.497939,0.045,10.122907,,,0.201329,0.073642
dedicated_trend,趋势专属分支,600066.SH,宇通客车,2024-02-27,0.218062,trend,94.025171,101.38793,94.025171,100.406229,True,5.441008,1.446157,0.279568,0.135,12.240282,,,0.218062,0.112254
dedicated_trend,趋势专属分支,688399.SH,硕世生物,2024-02-27,0.215387,trend,63.439085,68.275752,63.439085,67.792086,True,6.861702,2.347288,0.634123,0.008716,4.519269,,,0.215387,0.082951
dedicated_trend,趋势专属分支,688289.SH,圣湘生物,2024-02-27,0.199055,trend,33.33765,34.658761,32.96252,34.626141,True,4.068627,1.364221,0.513904,0.118792,9.27327,,,0.199055,0.077844
dedicated_trend,趋势专属分支,002601.SZ,龙佰集团,2024-02-29,0.227261,trend,192.694249,204.554031,192.694249,204.33642,True,4.974846,1.719243,0.563311,0.269035,1.729102,,,0.227261,0.113482
dedicated_trend,趋势专属分支,600398.SH,海澜之家,2024-02-29,0.224562,trend,13.497554,14.284775,13.415552,14.153571,True,4.860267,1.463599,0.582171,0.088209,1.123152,,,0.224562,0.091227
dedicated_trend,趋势专属分支,600566.SH,济川药业,2024-02-29,0.223511,trend,59.916777,62.694937,59.865957,62.677997,True,4.166667,1.337377,0.483118,0.205611,1.042134,,,0.223511,0.106506
dedicated_trend,趋势专属分支,002415.SZ,海康威视,2024-03-01,0.236416,trend,780.882586,801.89689,776.411458,797.649318,True,2.088698,1.400944,0.589698,0.314517,0.895165,,,0.236416,0.100572
dedicated_trend,趋势专属分支,000039.SZ,中集集团,2024-03-01,0.222289,trend,21.846432,23.137247,21.578527,22.991117,True,5.47486,2.018945,0.547448,0.09394,2.379559,,,0.222289,0.074076
dedicated_trend,趋势专属分支,603690.SH,至纯科技,2024-03-01,0.215546,trend,33.210494,33.869578,32.856542,33.613267,True,2.722865,1.881997,0.488068,0.146673,5.910862,,,0.215546,0.101815
dedicated_trend,趋势专属分支,002543.SZ,万和电气,2024-03-04,0.225378,trend,50.548626,52.465421,50.548626,52.246358,True,4.720088,2.1175,0.572901,0.288326,3.891862,,,0.225378,0.087476
dedicated_trend,趋势专属分支,600938.SH,中国海油,2024-03-04,0.224892,trend,29.767696,31.756131,29.720632,31.732599,True,7.321926,1.315755,0.318757,0.115188,5.562907,,,0.224892,0.107312
dedicated_trend,趋势专属分支,000708.SZ,中信特钢,2024-03-04,0.219721,trend,36.964342,38.150228,36.93911,38.049302,True,2.654867,1.452737,0.612511,0.407518,0.550286,,,0.219721,0.105903
dedicated_trend,趋势专属分支,600406.SH,国电南瑞,2024-03-05,0.231392,trend,406.124245,422.917568,405.438803,420.347161,True,2.808047,1.467578,0.584456,0.226074,2.63035,,,0.231392,0.110465
dedicated_trend,趋势专属分支,600660.SH,福耀玻璃,2024-03-05,0.224107,trend,75.428909,79.680356,74.674619,79.080353,True,4.91244,1.522093,0.506132,0.13703,7.731407,,,0.224107,0.119926
dedicated_trend,趋势专属分支,601899.SH,紫金矿业,2024-03-05,0.221936,trend,27.834276,28.591532,27.81381,28.345936,True,2.897474,1.343418,0.56427,0.281177,1.19084,,,0.221936,0.105466
dedicated_trend,趋势专属分支,001286.SZ,陕西能源,2024-03-06,0.214223,trend,9.334773,9.944687,9.324436,9.872324,True,5.060506,3.010607,0.526871,0.058468,9.76094,,,0.214223,0.099544
dedicated_trend,趋势专属分支,600905.SH,三峡能源,2024-03-06,0.211911,trend,4.814253,4.947413,4.793767,4.916684,True,2.345416,1.604664,0.657958,0.418858,1.397139,,,0.211911,0.096807
dedicated_trend,趋势专属分支,002911.SZ,佛燃能源,2024-03-06,0.208162,trend,25.36296,26.380735,25.322249,26.197536,True,3.790323,1.634301,0.600622,0.304015,4.525664,,,0.208162,0.092401
dedicated_trend,趋势专属分支,000975.SZ,山金国际,2024-03-07,0.223764,trend,37.945248,39.527284,37.921636,39.291159,True,4.326019,1.804778,0.518204,0.135985,11.502576,,,0.223764,0.142104
dedicated_trend,趋势专属分支,600027.SH,华电国际,2024-03-07,0.218088,trend,9.714243,10.256505,9.714243,10.210026,True,4.603175,1.397021,0.471991,0.159195,3.534924,,,0.218088,0.075959
dedicated_trend,趋势专属分支,600589.SH,大位科技,2024-03-07,0.192732,trend,5.455256,5.627806,5.38889,5.627806,True,4.950495,1.848759,0.25,0.104451,23.471331,,,0.192732,0.099581
dedicated_trend,趋势专属分支,600295.SH,鄂尔多斯,2024-03-08,0.228847,trend,29.88411,30.459859,29.500277,30.432442,True,2.682701,1.326186,0.654444,0.393922,3.037414,,,0.228847,0.117728
dedicated_trend,趋势专属分支,600578.SH,京能电力,2024-03-08,0.215567,trend,11.670354,12.003793,11.596257,11.966744,True,2.539683,1.51348,0.607764,0.319209,5.019789,,,0.215567,0.094885
dedicated_trend,趋势专属分支,000027.SZ,深圳能源,2024-03-08,0.214394,trend,18.901156,19.504385,18.901156,19.504385,True,2.878788,1.394853,0.669128,0.353743,3.20308,,,0.214394,0.095766
dedicated_trend,趋势专属分支,688147.SH,微导纳米,2024-03-11,0.214929,trend,37.5,39.0,37.5,38.79,True,3.164894,1.306789,0.413492,0.152523,1.472164,,,0.214929,0.097053
dedicated_trend,趋势专属分支,002991.SZ,甘源食品,2024-03-11,0.213995,trend,79.267228,84.039062,79.214559,83.280625,True,5.049163,1.488,0.408535,0.380985,3.468441,,,0.213995,0.113241
dedicated_trend,趋势专属分支,603505.SH,金石资源,2024-03-11,0.208855,trend,75.814144,81.347247,75.760941,80.735413,True,8.470336,1.643652,0.312278,0.192227,8.471963,,,0.208855,0.123
dedicated_trend,趋势专属分支,600809.SH,山西汾酒,2024-03-12,0.238018,trend,797.900049,849.608164,796.384069,841.830526,True,5.505762,1.655563,0.411867,0.214454,10.052703,,,0.238018,0.143044
dedicated_trend,趋势专属分支,600529.SH,山东药玻,2024-03-12,0.221515,trend,63.48213,66.338826,63.368769,65.817365,True,4.763623,1.947496,0.47363,0.219851,9.624161,,,0.221515,0.11343
dedicated_trend,趋势专属分支,603288.SH,海天味业,2024-03-12,0.219167,trend,333.278854,352.442389,332.778936,351.359232,True,5.425,1.504415,0.443942,0.331106,1.727322,,,0.219167,0.096863
dedicated_trend,趋势专属分支,603187.SH,海容冷链,2024-03-13,0.209705,trend,63.602323,66.218356,63.561447,65.850477,True,4.678363,1.36768,0.426587,0.169184,11.697153,,,0.209705,0.090486
dedicated_trend,趋势专属分支,002215.SZ,诺普信,2024-03-13,0.202393,trend,41.975353,44.543257,41.629674,44.098812,True,5.182568,1.310141,0.20297,0.163495,11.985034,,,0.202393,0.126141
dedicated_trend,趋势专属分支,301071.SZ,力量钻石,2024-03-13,0.197811,trend,114.217045,124.520694,113.267063,124.155316,True,8.736,2.120104,0.308667,0.051921,20.249808,,,0.197811,0.096305
dedicated_trend,趋势专属分支,603568.SH,伟明环保,2024-03-14,0.230766,trend,67.586678,69.872752,67.439189,69.688391,True,3.222283,1.583266,0.454843,0.542084,4.274328,,,0.230766,0.133935
dedicated_trend,趋势专属分支,600428.SH,中远海特,2024-03-14,0.221298,trend,6.259197,6.800969,6.24767,6.766388,True,7.706422,3.808349,0.577204,0.304525,7.593116,,,0.221298,0.10531
dedicated_trend,趋势专属分支,603355.SH,莱克电气,2024-03-14,0.211208,trend,39.303516,40.023232,38.917327,39.935462,True,2.385239,1.575698,0.389778,0.353339,3.237368,,,0.211208,0.093383
dedicated_trend,趋势专属分支,002432.SZ,九安医疗,2024-03-15,0.241876,trend,134.997238,141.371923,133.835186,140.873901,True,4.276235,2.075134,0.381311,0.549883,2.477076,,,0.241876,0.129425
dedicated_trend,趋势专属分支,000960.SZ,锡业股份,2024-03-15,0.23512,trend,19.309679,20.243594,19.309679,20.230441,True,4.911323,2.253528,0.368251,0.203616,9.183193,,,0.23512,0.111585
dedicated_trend,趋势专属分支,600583.SH,海油工程,2024-03-15,0.23512,trend,9.527414,9.768794,9.399624,9.740396,True,3.782148,1.300871,0.353792,0.297606,6.951771,,,0.23512,0.110589
dedicated_trend,趋势专属分支,688358.SH,祥生医疗,2024-03-18,0.233266,trend,47.828254,51.535871,47.605797,51.268923,True,9.398734,1.627029,0.193605,0.216266,9.102749,,,0.233266,0.166522
dedicated_trend,趋势专属分支,600183.SH,生益科技,2024-03-18,0.229984,trend,49.89489,52.970602,49.89489,52.54342,True,5.549199,2.112746,0.336352,0.314645,4.386896,,,0.229984,0.126338
dedicated_trend,趋势专属分支,603998.SH,方盛制药,2024-03-18,0.229191,trend,48.836413,51.709143,48.705835,51.665617,True,5.323869,1.376625,0.249475,0.221678,7.73224,,,0.229191,0.112626
dedicated_trend,趋势专属分支,600673.SH,东阳光,2024-03-19,0.246443,trend,22.862654,23.748374,22.751939,23.60998,True,3.268765,1.534193,0.308542,0.261633,10.872706,,,0.246443,0.152378
dedicated_trend,趋势专属分支,600518.SH,康美药业,2024-03-19,0.221871,trend,5.391049,5.60887,5.363822,5.581642,True,4.060914,1.923432,0.641787,0.3015,9.285858,,,0.221871,0.106584
dedicated_trend,趋势专属分支,000915.SZ,华特达因,2024-03-19,0.215105,trend,50.470473,52.277675,50.091544,51.767577,True,2.540416,2.031103,0.270424,0.285842,9.019795,,,0.215105,0.124166
dedicated_trend,趋势专属分支,002416.SZ,爱施德,2024-03-20,0.234851,trend,34.137028,37.616379,33.972908,37.419435,True,8.571429,2.419274,0.246377,0.239042,21.482062,,,0.234851,0.134835
dedicated_trend,趋势专属分支,002625.SZ,光启技术,2024-03-20,0.224164,trend,104.904479,109.721522,104.503059,109.654618,True,5.469755,2.074501,0.249601,0.230136,8.372642,,,0.224164,0.136555
dedicated_trend,趋势专属分支,688399.SH,硕世生物,2024-03-20,0.220578,trend,71.818893,75.317041,71.818893,74.709645,True,4.025059,1.653567,0.425176,0.222787,15.579845,,,0.220578,0.119948
dedicated_trend,趋势专属分支,002714.SZ,牧原股份,2024-03-21,0.226076,trend,773.675641,810.05951,773.487124,804.969539,True,4.044834,2.19228,0.558174,0.173978,6.7829,,,0.226076,0.122995
dedicated_trend,趋势专属分支,302132.SZ,中航成飞,2024-03-21,0.219454,trend,259.882248,270.578712,259.46395,269.264063,True,3.04139,1.344061,0.345257,0.392977,5.702769,,,0.219454,0.118442
dedicated_trend,趋势专属分支,600210.SH,紫江企业,2024-03-21,0.218755,trend,7.859967,8.226659,7.859967,8.194773,True,3.838384,2.309617,0.460545,0.496926,5.851513,,,0.218755,0.132544
dedicated_trend,趋势专属分支,002400.SZ,省广集团,2024-03-22,0.225056,trend,114.786252,118.899115,111.982028,118.899115,True,3.583062,1.573715,0.295888,0.352649,7.429826,,,0.225056,0.087578
dedicated_trend,趋势专属分支,688789.SH,宏华数科,2024-03-22,0.212155,trend,155.142213,161.27165,153.763822,159.819941,True,3.005387,1.353254,0.243951,0.230294,15.685749,,,0.212155,0.096904
dedicated_trend,趋势专属分支,300811.SZ,铂科新材,2024-03-22,0.211051,trend,192.233165,203.525551,190.755964,201.884216,True,4.043309,1.542297,0.243527,0.20731,0.899772,,,0.211051,0.065486
dedicated_trend,趋势专属分支,000525.SZ,红太阳,2024-03-25,0.206865,trend,9.86249,10.278107,9.806325,10.278107,True,5.051665,1.48966,0.250351,0.219225,21.220865,,,0.206865,0.127348
dedicated_trend,趋势专属分支,300777.SZ,中简科技,2024-03-25,0.203787,trend,27.17812,29.566071,26.874567,29.292874,True,5.349345,3.07611,0.221698,0.16019,17.33803,,,0.203787,0.092517
dedicated_trend,趋势专属分支,002338.SZ,奥普光电,2024-03-25,0.202302,trend,98.260213,108.324778,97.541316,107.442494,True,9.090909,2.28718,0.233668,0.318161,11.405713,,,0.202302,0.122555
dedicated_trend,趋势专属分支,002239.SZ,奥特佳,2024-03-26,0.21782,trend,17.841948,18.682982,17.7218,18.622909,True,4.026846,1.78141,0.1875,0.209519,10.265948,,,0.21782,0.127224
dedicated_trend,趋势专属分支,301186.SZ,超达装备,2024-03-26,0.215954,trend,36.457275,39.618605,36.314505,39.373857,True,7.25,2.774539,0.23043,0.245019,12.12439,,,0.215954,0.131051
dedicated_trend,趋势专属分支,600176.SH,中国巨石,2024-03-26,0.215763,trend,69.459552,73.728774,69.459552,73.389947,True,4.435873,2.550222,0.546451,0.233048,6.435878,,,0.215763,0.115427
dedicated_trend,趋势专属分支,600452.SH,涪陵电力,2024-03-28,0.231266,trend,76.768647,80.664012,76.64879,80.004796,True,3.649068,1.60405,0.410723,0.316449,11.21592,,,0.231266,0.132968
dedicated_trend,趋势专属分支,301004.SZ,嘉益股份,2024-03-28,0.225101,trend,70.15648,74.204577,70.10377,74.004281,True,4.573216,1.360753,0.225075,0.323819,9.726106,,,0.225101,0.121336
dedicated_trend,趋势专属分支,600968.SH,海油发展,2024-03-28,0.216465,trend,3.539378,3.690449,3.517796,3.679658,True,3.647416,1.702086,0.501292,0.556362,5.759439,,,0.216465,0.114383
dedicated_trend,趋势专属分支,300174.SZ,元力股份,2024-03-29,0.227966,trend,58.932486,61.317482,58.470874,61.163612,True,4.262295,2.035106,0.272727,0.239375,9.443033,,,0.227966,0.128447
dedicated_trend,趋势专属分支,002648.SZ,卫星化学,2024-03-29,0.227912,trend,210.561749,228.715753,210.314755,228.46876,True,8.504399,2.517154,0.298841,0.232761,8.593962,,,0.227912,0.127707
dedicated_trend,趋势专属分支,600098.SH,广州发展,2024-03-29,0.226479,trend,8.065756,8.281201,8.05229,8.267736,True,2.675585,1.318585,0.563201,0.56382,3.414783,,,0.226479,0.101879
dedicated_trend,趋势专属分支,603977.SH,国泰集团,2024-04-01,0.243132,trend,26.169064,27.423448,26.0393,27.423448,True,5.403159,1.31372,0.25,0.344981,4.409346,,,0.243132,0.146568
dedicated_trend,趋势专属分支,002106.SZ,莱宝高科,2024-04-01,0.230911,trend,19.919767,20.378172,19.732238,20.378172,True,4.375667,1.987963,0.188668,0.410257,4.817644,,,0.230911,0.134203
dedicated_trend,趋势专属分支,600867.SH,通化东宝,2024-04-01,0.230717,trend,51.606044,54.81575,51.606044,54.765598,True,6.536585,2.359751,0.527877,0.370339,5.522474,,,0.230717,0.127148
dedicated_trend,趋势专属分支,002683.SZ,广东宏大,2024-04-02,0.239208,trend,57.378599,58.905364,56.629096,58.62777,True,2.623907,1.489326,0.243137,0.34459,2.141396,,,0.239208,0.133592
dedicated_trend,趋势专属分支,601872.SH,招商轮船,2024-04-02,0.229686,trend,12.454759,12.908513,12.329585,12.814632,True,2.889447,1.370284,0.3688,0.250789,6.973695,,,0.229686,0.107045
dedicated_trend,趋势专属分支,300529.SZ,健帆生物,2024-04-02,0.226953,trend,46.867549,50.307936,46.867549,50.143127,True,5.826087,1.867195,0.248027,0.32014,3.050464,,,0.226953,0.103553
dedicated_trend,趋势专属分支,002545.SZ,东方铁塔,2024-04-03,0.247259,trend,40.718194,42.5767,40.605557,42.295109,True,3.443526,2.378165,0.511668,0.275416,7.470401,,,0.247259,0.126366
dedicated_trend,趋势专属分支,600141.SH,兴发集团,2024-04-03,0.234134,trend,32.930002,34.151491,32.879804,34.017629,True,3.093306,1.997552,0.36384,0.247433,9.909073,,,0.234134,0.136336
dedicated_trend,趋势专属分支,002157.SZ,正邦科技,2024-04-03,0.231034,trend,14.820368,15.467075,14.766476,15.35929,True,3.636364,1.674226,0.52981,0.265111,10.105728,,,0.231034,0.127301
dedicated_trend,趋势专属分支,301187.SZ,欧圣电气,2024-04-08,0.237509,trend,20.788209,22.261723,20.660999,22.261723,True,5.421687,1.943811,0.191524,0.187428,14.945623,,,0.237509,0.138446
dedicated_trend,趋势专属分支,600987.SH,航民股份,2024-04-08,0.22029,trend,25.920113,27.56479,25.887219,27.433216,True,6.786172,2.987158,0.381988,0.20676,19.210959,,,0.22029,0.124372
dedicated_trend,趋势专属分支,002039.SZ,黔源电力,2024-04-08,0.21727,trend,40.802544,43.234655,40.69905,43.234655,True,5.6926,3.382844,0.45712,0.45256,8.294499,,,0.21727,0.094796
dedicated_trend,趋势专属分支,600673.SH,东阳光,2024-04-09,0.212896,trend,24.357307,25.215348,24.218913,24.96624,True,2.850627,1.447781,0.253844,0.282745,4.24188,,,0.212896,0.120423
dedicated_trend,趋势专属分支,600993.SH,马应龙,2024-04-09,0.211479,trend,69.659707,74.232424,69.630014,73.816723,True,6.193934,3.034387,0.627423,0.165522,11.257448,,,0.211479,0.102947
dedicated_trend,趋势专属分支,600259.SH,中稀有色,2024-04-09,0.210778,trend,32.59,34.76,32.3,34.51,True,6.381011,2.634912,0.320124,0.189431,14.219219,,,0.210778,0.119706
dedicated_trend,趋势专属分支,600971.SH,恒源煤电,2024-04-10,0.231438,trend,56.63894,58.715406,56.55058,58.317785,True,2.643857,1.553467,0.453517,0.253215,10.140738,,,0.231438,0.112041
dedicated_trend,趋势专属分支,601101.SH,昊华能源,2024-04-10,0.217902,trend,33.828868,35.29781,33.828868,35.081789,True,3.43949,1.768162,0.454995,0.290579,14.163604,,,0.217902,0.108677
dedicated_trend,趋势专属分支,600886.SH,国投电力,2024-04-10,0.21605,trend,49.46436,50.97222,49.43158,50.546085,True,2.186879,1.328709,0.6569,0.417148,5.781345,,,0.21605,0.105622
dedicated_trend,趋势专属分支,601107.SH,四川成渝,2024-04-11,0.236507,trend,7.195964,7.879991,7.141242,7.866311,True,8.695652,2.171145,0.36467,0.271897,13.200466,,,0.236507,0.120093
dedicated_trend,趋势专属分支,002922.SZ,伊戈尔,2024-04-11,0.217698,trend,27.3055,28.868441,27.048074,28.592628,True,4.22252,2.486755,0.205882,0.268912,11.164236,,,0.217698,0.106428
dedicated_trend,趋势专属分支,603605.SH,珀莱雅,2024-04-11,0.211251,trend,198.823648,208.463829,198.11182,207.426594,True,3.73271,1.631595,0.390191,0.300555,10.616521,,,0.211251,0.099995
dedicated_trend,趋势专属分支,603977.SH,国泰集团,2024-04-12,0.235374,trend,27.25043,28.656206,26.947647,28.418305,True,4.701195,1.53933,0.24525,0.236797,14.63414,,,0.235374,0.120522
dedicated_trend,趋势专属分支,603556.SH,海兴电力,2024-04-12,0.222627,trend,60.964918,64.102023,60.578575,63.762041,True,4.588086,1.414129,0.282257,0.156976,15.062951,,,0.222627,0.122763
dedicated_trend,趋势专属分支,600312.SH,平高电气,2024-04-12,0.21904,trend,21.096125,21.898848,21.025711,21.701688,True,2.596538,1.920893,0.472579,0.165,13.251074,,,0.21904,0.083844
dedicated_trend,趋势专属分支,600066.SH,宇通客车,2024-04-15,0.222592,trend,124.730606,134.438541,124.730606,133.674996,True,7.217848,1.586385,0.246524,0.12825,29.71279,,,0.222592,0.117604
dedicated_trend,趋势专属分支,603338.SH,浙江鼎力,2024-04-15,0.216643,trend,454.704879,488.14852,450.345772,484.218177,True,6.457188,1.804284,0.493877,0.064064,20.028997,,,0.216643,0.096962
dedicated_trend,趋势专属分支,600710.SH,苏美达,2024-04-15,0.215422,trend,12.642487,13.030382,12.355158,12.944183,True,2.386364,2.302708,0.456814,0.126414,12.534941,,,0.215422,0.102293
dedicated_trend,趋势专属分支,603868.SH,飞科电器,2024-04-16,0.212285,trend,63.203773,66.70429,61.550751,66.461198,True,5.764023,2.586204,0.519576,0.246965,15.595258,,,0.212285,0.102265
dedicated_trend,趋势专属分支,600690.SH,海尔智家,2024-04-16,0.210494,trend,141.075223,145.925499,141.075223,144.778122,True,2.096359,1.361072,0.502468,0.2009,12.007962,,,0.210494,0.099802
dedicated_trend,趋势专属分支,300856.SZ,科思股份,2024-04-16,0.210152,trend,130.429341,136.292368,129.692625,135.23334,True,3.052632,1.928744,0.245195,0.180243,13.461312,,,0.210152,0.103727
dedicated_trend,趋势专属分支,600282.SH,南钢股份,2024-04-17,0.240917,trend,8.158232,8.549046,8.158232,8.549046,True,3.960396,1.348867,0.311596,0.272416,12.781416,,,0.240917,0.103595
dedicated_trend,趋势专属分支,688169.SH,石头科技,2024-04-17,0.215994,trend,697.504658,746.699945,693.597739,746.699945,True,7.06222,1.522616,0.533577,0.084963,12.011582,,,0.215994,0.086269
dedicated_trend,趋势专属分支,600761.SH,安徽合力,2024-04-17,0.21478,trend,67.246424,74.157945,67.246424,73.535018,True,8.680403,1.766159,0.391033,0.088311,18.888736,,,0.21478,0.103427
dedicated_trend,趋势专属分支,603156.SH,养元饮品,2024-04-18,0.211494,trend,87.477092,89.714102,86.809328,89.346832,True,2.137405,1.370521,0.583644,0.472134,5.533732,,,0.211494,0.108377
dedicated_trend,趋势专属分支,603355.SH,莱克电气,2024-04-18,0.209987,trend,44.464407,46.009163,44.148434,45.552758,True,2.044829,1.916453,0.331146,0.239695,10.261316,,,0.209987,0.100626
dedicated_trend,趋势专属分支,603568.SH,伟明环保,2024-04-18,0.208928,trend,72.933142,75.440449,72.453804,74.813622,True,2.994924,2.156332,0.453961,0.234566,7.544703,,,0.208928,0.117365
dedicated_trend,趋势专属分支,300181.SZ,佐力药业,2024-04-19,0.221776,trend,104.149702,112.944566,103.378223,111.864495,True,8.614232,2.602597,0.244427,0.225,9.42835,,,0.221776,0.099723
dedicated_trend,趋势专属分支,605183.SH,确成股份,2024-04-19,0.212773,trend,16.278874,17.265472,16.139463,17.244024,True,4.551365,1.921924,0.362204,0.045,17.508297,,,0.212773,0.086564
dedicated_trend,趋势专属分支,000598.SZ,兴蓉环境,2024-04-19,0.211703,trend,36.06816,37.303019,36.06816,37.200114,True,5.393586,2.647748,0.4842,0.158694,11.114377,,,0.211703,0.104848
dedicated_trend,趋势专属分支,600694.SH,大商股份,2024-04-22,0.21124,trend,26.749987,27.694767,26.749987,27.49735,True,2.362205,1.527065,0.358894,0.134129,8.069285,,,0.21124,0.109771
dedicated_trend,趋势专属分支,600562.SH,国睿科技,2024-04-22,0.206466,trend,71.34761,74.053898,69.674631,73.709462,True,6.923626,3.209659,0.364601,0.172808,12.449469,,,0.206466,0.098443
dedicated_trend,趋势专属分支,000526.SZ,学大教育,2024-04-22,0.20631,trend,61.98,65.0,60.21,64.7,True,4.371673,1.435182,0.351276,0.212626,6.833274,,,0.20631,0.113658
dedicated_trend,趋势专属分支,603323.SH,苏农银行,2024-04-23,0.210291,trend,8.21554,8.522982,8.21554,8.454662,True,2.484472,1.779737,0.637799,0.209399,6.994714,,,0.210291,0.106652
dedicated_trend,趋势专属分支,300796.SZ,贝斯美,2024-04-23,0.209087,trend,40.973887,42.890943,40.564915,42.686457,True,4.309806,1.805124,0.418365,0.12,14.37698,,,0.209087,0.093232
dedicated_trend,趋势专属分支,603605.SH,珀莱雅,2024-04-23,0.200956,trend,210.314581,220.259831,210.294243,220.158141,True,3.687739,1.63262,0.444838,0.138379,13.649536,,,0.200956,0.08416
dedicated_trend,趋势专属分支,603367.SH,辰欣药业,2024-04-24,0.217222,trend,17.32476,17.791795,17.057884,17.736196,True,2.969658,1.936047,0.490182,0.163125,7.142243,,,0.217222,0.105482
dedicated_trend,趋势专属分支,300573.SZ,兴齐眼药,2024-04-24,0.216305,trend,337.640623,359.52149,334.717328,358.542186,True,5.956546,1.405767,0.248556,0.223046,10.41253,,,0.216305,0.110018
dedicated_trend,趋势专属分支,002773.SZ,康弘药业,2024-04-24,0.211151,trend,36.15409,37.293442,36.052362,37.232406,True,2.924634,1.960197,0.561365,0.276913,6.347535,,,0.211151,0.107867
dedicated_trend,趋势专属分支,600299.SH,安迪苏,2024-04-25,0.212204,trend,10.651662,10.960572,10.583016,10.880484,True,2.478448,1.329127,0.433256,0.229478,3.077959,,,0.212204,0.105296
dedicated_trend,趋势专属分支,600919.SH,江苏银行,2024-04-25,0.211823,trend,11.825584,12.230867,11.796635,12.216392,True,3.431373,1.605388,0.665461,0.276479,5.688272,,,0.211823,0.110761
dedicated_trend,趋势专属分支,600926.SH,杭州银行,2024-04-25,0.208279,trend,29.091774,29.987631,29.044623,29.89333,True,3.257329,1.5402,0.573175,0.055534,10.680548,,,0.208279,0.112548
dedicated_trend,趋势专属分支,688617.SH,惠泰医疗,2024-04-26,0.216027,trend,473.323085,499.548016,472.797171,499.295172,True,4.165084,1.356303,0.486952,0.161643,5.858201,,,0.216027,0.09538
dedicated_trend,趋势专属分支,600999.SH,招商证券,2024-04-26,0.207777,trend,30.886377,31.804621,30.281171,31.804621,True,5.686546,3.327834,0.707313,0.046929,9.853046,,,0.207777,0.110435
dedicated_trend,趋势专属分支,002255.SZ,海陆重工,2024-04-26,0.206749,trend,21.787691,22.984363,21.746426,22.819305,True,4.734848,2.076836,0.434852,0.168329,2.616612,,,0.206749,0.086453
dedicated_trend,趋势专属分支,605377.SH,华旺科技,2024-04-29,0.220557,trend,33.810449,34.953209,32.561032,34.66371,True,5.470561,2.659964,0.571348,0.176634,2.010374,,,0.220557,0.079092
dedicated_trend,趋势专属分支,002371.SZ,北方华创,2024-04-29,0.218282,trend,1490.753315,1544.919256,1485.898371,1537.398853,True,2.977747,1.309098,0.481143,0.31005,1.079675,,,0.218282,0.104735
dedicated_trend,趋势专属分支,300529.SZ,健帆生物,2024-04-29,0.21727,trend,54.345756,56.035048,53.995537,55.829037,True,3.632887,2.205208,0.362842,0.140368,15.207398,,,0.21727,0.100424
dedicated_trend,趋势专属分支,000921.SZ,海信家电,2024-04-30,0.211806,trend,45.167555,47.659895,44.678861,47.256723,True,5.596506,1.613185,0.244399,0.097635,7.952396,,,0.211806,0.095024
dedicated_trend,趋势专属分支,600062.SH,华润双鹤,2024-04-30,0.210439,trend,38.087982,39.180816,37.944659,39.001663,True,2.014995,1.458156,0.562674,0.279288,2.818109,,,0.210439,0.090101
dedicated_trend,趋势专属分支,000538.SZ,云南白药,2024-04-30,0.208726,trend,186.300113,192.085625,185.901113,190.356621,True,2.232143,1.321585,0.542354,0.161279,4.734036,,,0.208726,0.10806
dedicated_trend,趋势专属分支,603883.SH,老百姓,2024-05-06,0.222625,trend,66.118182,69.094185,65.609129,68.957133,True,5.228563,1.611339,0.479013,0.147967,10.074307,,,0.222625,0.124709
dedicated_trend,趋势专属分支,002550.SZ,千红制药,2024-05-06,0.220424,trend,55.203933,57.666562,55.203933,57.461343,True,4.868914,2.230447,0.521395,0.075,16.302327,,,0.220424,0.122407
dedicated_trend,趋势专属分支,603367.SH,辰欣药业,2024-05-06,0.217143,trend,18.014193,18.503467,17.936353,18.458987,True,3.555833,1.471115,0.409981,0.053202,8.22078,,,0.217143,0.110349
dedicated_trend,趋势专属分支,600663.SH,陆家嘴,2024-05-07,0.223249,trend,26.934815,27.694365,26.934815,27.665151,True,2.267819,1.662545,0.583337,0.120521,11.05026,,,0.223249,0.145116
dedicated_trend,趋势专属分支,603766.SH,隆鑫通用,2024-05-07,0.216027,trend,21.738312,22.401836,21.169577,22.243854,True,2.474527,1.708698,0.290556,0.208208,8.893504,,,0.216027,0.088341
dedicated_trend,趋势专属分支,600623.SH,华谊集团,2024-05-07,0.206613,trend,8.42386,8.777394,8.41167,8.692059,True,3.034682,1.982807,0.417119,0.156458,4.07808,,,0.206613,0.104309
dedicated_trend,趋势专属分支,002714.SZ,牧原股份,2024-05-08,0.216464,trend,848.894106,889.048325,840.787856,882.827248,True,3.812902,2.075894,0.450224,0.34511,5.204131,,,0.216464,0.103045
dedicated_trend,趋势专属分支,601128.SH,常熟银行,2024-05-08,0.208004,trend,9.519302,9.819785,9.495263,9.771708,True,2.522068,1.466458,0.57606,0.208623,5.039122,,,0.208004,0.111356
dedicated_trend,趋势专属分支,601156.SH,东航物流,2024-05-08,0.20535,trend,20.53344,21.855789,20.110288,21.718265,True,7.094418,1.655929,0.306331,0.194988,19.847473,,,0.20535,0.094834
dedicated_trend,趋势专属分支,600893.SH,航发动力,2024-05-09,0.210696,trend,75.474669,79.6477,75.199291,79.351139,True,4.84187,1.83961,0.527565,0.08042,6.520909,,,0.210696,0.103707
dedicated_trend,趋势专属分支,000768.SZ,中航西飞,2024-05-09,0.209553,trend,24.513026,25.943129,24.502433,25.900756,True,5.342525,2.427417,0.463708,0.082735,7.858502,,,0.209553,0.112317
dedicated_trend,趋势专属分支,002688.SZ,金河生物,2024-05-09,0.209472,trend,26.456921,28.731498,26.277349,28.492069,True,7.692308,2.514941,0.28619,0.26763,26.269312,,,0.209472,0.095384
dedicated_trend,趋势专属分支,002444.SZ,巨星科技,2024-05-10,0.218901,trend,120.801607,124.508274,119.05992,123.481125,True,4.339623,1.310952,0.331226,0.135126,8.615714,,,0.218901,0.088289
dedicated_trend,趋势专属分支,600489.SH,中金黄金,2024-05-10,0.212186,trend,58.812279,60.540812,57.926933,60.414334,True,4.981685,1.415781,0.324345,0.16332,10.906593,,,0.212186,0.076479
dedicated_trend,趋势专属分支,600036.SH,招商银行,2024-05-10,0.211494,trend,62.211343,64.014829,62.139917,63.604134,True,2.238806,1.353885,0.619169,0.323043,2.145804,,,0.211494,0.112523
dedicated_trend,趋势专属分支,601872.SH,招商轮船,2024-05-13,0.217348,trend,14.301067,14.942581,14.09766,14.817408,True,3.610503,1.61116,0.298731,0.132185,6.697651,,,0.217348,0.085842
dedicated_trend,趋势专属分支,002311.SZ,海大集团,2024-05-13,0.211703,trend,366.646249,384.333777,365.02548,382.713008,True,4.321936,1.785754,0.345428,0.157524,6.256329,,,0.211703,0.109448
dedicated_trend,趋势专属分支,601665.SH,齐鲁银行,2024-05-13,0.210826,trend,5.395488,5.7425,5.350712,5.686531,True,5.394191,1.685962,0.524311,0.09,8.826306,,,0.210826,0.115776
dedicated_trend,趋势专属分支,300856.SZ,科思股份,2024-05-14,0.214862,trend,130.429341,137.520228,129.201482,137.351397,True,5.431197,1.583463,0.406436,0.111378,9.117044,,,0.214862,0.098552
dedicated_trend,趋势专属分支,600233.SH,圆通速递,2024-05-14,0.214852,trend,37.594822,39.52041,37.388509,39.337021,True,4.443092,1.625525,0.403778,0.221811,-0.279507,,,0.214852,0.101675
dedicated_trend,趋势专属分支,601099.SH,太平洋,2024-05-14,0.20955,trend,10.465095,10.949855,10.322519,10.921339,True,2.956989,1.730839,0.424532,0.09,24.502881,,,0.20955,0.111057
dedicated_trend,趋势专属分支,600078.SH,澄星股份,2024-05-15,0.200402,trend,7.98125,8.033211,7.783797,8.033211,True,5.027174,1.543311,0.246575,0.243499,4.869812,,,0.200402,0.097715
dedicated_trend,趋势专属分支,603567.SH,珍宝岛,2024-05-15,0.198707,trend,27.499964,28.168591,27.305847,27.931336,True,2.290679,1.521572,0.477589,0.074599,12.530372,,,0.198707,0.090412
dedicated_trend,趋势专属分支,002948.SZ,青岛银行,2024-05-16,0.21732,trend,4.668391,4.799895,4.65524,4.773594,True,2.253521,1.31574,0.714604,0.286411,7.261293,,,0.21732,0.115442
dedicated_trend,趋势专属分支,300145.SZ,南方泵业,2024-05-16,0.209871,trend,60.026002,62.958868,60.026002,62.763344,True,4.560261,1.992074,0.4697,0.494621,1.128437,,,0.209871,0.109379
dedicated_trend,趋势专属分支,002142.SZ,宁波银行,2024-05-16,0.208342,trend,55.333225,57.594438,54.823343,57.306244,True,4.024145,1.4809,0.4715,0.168125,12.724793,,,0.208342,0.11718
dedicated_trend,趋势专属分支,600663.SH,陆家嘴,2024-05-17,0.22964,trend,29.155038,30.031442,28.804476,29.943802,True,3.326613,2.178505,0.46199,0.133305,11.218402,,,0.22964,0.125299
dedicated_trend,趋势专属分支,600007.SH,中国国贸,2024-05-17,0.22524,trend,31.864505,32.681544,31.6273,32.615653,True,2.061856,1.355806,0.376681,0.48037,4.227518,,,0.22524,0.098907
dedicated_trend,趋势专属分支,600848.SH,上海临港,2024-05-17,0.225043,trend,14.174364,14.574187,14.071184,14.574187,True,3.479853,2.769354,0.587036,0.350894,5.067738,,,0.225043,0.124697
dedicated_trend,趋势专属分支,600362.SH,江西铜业,2024-05-20,0.218764,trend,34.99177,35.88384,34.38868,35.582295,True,5.869159,1.548557,0.297613,0.256712,7.851257,,,0.218764,0.097536
dedicated_trend,趋势专属分支,002714.SZ,牧原股份,2024-05-20,0.214874,trend,898.851232,939.571003,897.343093,930.333648,True,3.480814,1.480966,0.483565,0.162026,10.747081,,,0.214874,0.10624
dedicated_trend,趋势专属分支,000683.SZ,博源化工,2024-05-20,0.213454,trend,22.565558,23.398129,22.536848,23.36942,True,5.30401,1.468153,0.290446,0.252311,4.127755,,,0.213454,0.108138
dedicated_trend,趋势专属分支,601528.SH,瑞丰银行,2024-05-21,0.216245,trend,7.362614,7.572974,7.34859,7.530902,True,2.285714,1.349099,0.68575,0.168855,7.812677,,,0.216245,0.113356
dedicated_trend,趋势专属分支,600057.SH,厦门象屿,2024-05-21,0.210528,trend,15.683808,16.314524,15.536641,16.230429,True,3.485255,1.763179,0.625434,0.017964,12.067641,,,0.210528,0.101459
dedicated_trend,趋势专属分支,002807.SZ,江阴银行,2024-05-21,0.210439,trend,6.126725,6.328876,6.111175,6.297776,True,2.272727,1.393268,0.671298,0.195425,7.834004,,,0.210439,0.117918
dedicated_trend,趋势专属分支,002157.SZ,正邦科技,2024-05-22,0.206265,trend,16.329351,17.137735,16.275459,17.02995,True,3.947368,2.576089,0.526671,0.338585,7.471733,,,0.206265,0.111588
dedicated_trend,趋势专属分支,688392.SH,骄成超声,2024-05-22,0.20517,trend,81.567194,84.347252,80.353564,83.54287,True,2.404428,2.049561,0.315215,0.101758,8.871615,,,0.20517,0.100249
dedicated_trend,趋势专属分支,600876.SH,凯盛新能,2024-05-22,0.202863,trend,12.51,13.28,12.22,13.21,True,4.344392,3.479828,0.538057,0.09,17.515225,,,0.202863,0.106962
dedicated_trend,趋势专属分支,000564.SZ,供销大集,2024-05-23,0.220882,trend,5.021291,5.246125,4.99631,5.246125,True,5.0,1.763614,0.566518,0.266948,11.147654,,,0.220882,0.116927
dedicated_trend,趋势专属分支,300298.SZ,三诺生物,2024-05-23,0.203471,trend,158.085546,163.144283,156.062051,162.19577,True,2.888087,1.329999,0.364925,0.263235,6.700742,,,0.203471,0.103545
dedicated_trend,趋势专属分支,603098.SH,森特股份,2024-05-23,0.198642,trend,12.904959,13.500183,12.487036,13.487518,True,4.926108,3.581828,0.369201,0.249733,7.764195,,,0.198642,0.104479
dedicated_trend,趋势专属分支,600886.SH,国投电力,2024-05-24,0.213235,trend,53.594585,55.594138,53.594585,55.069665,True,2.626756,1.780717,0.646937,0.286247,9.321924,,,0.213235,0.106014
dedicated_trend,趋势专属分支,600875.SH,东方电气,2024-05-27,0.21971,trend,40.465128,42.502117,40.465128,42.456342,True,5.039638,2.068357,0.531692,0.435385,2.769976,,,0.21971,0.09521
dedicated_trend,趋势专属分支,600023.SH,浙能电力,2024-05-27,0.213793,trend,11.850906,12.559779,11.832729,12.541603,True,5.828221,1.531683,0.565882,0.097929,8.772087,,,0.213793,0.089948
dedicated_trend,趋势专属分支,601009.SH,南京银行,2024-05-27,0.211683,trend,59.847108,61.328472,59.610089,61.209962,True,2.277228,1.301144,0.632952,0.265319,8.84526,,,0.211683,0.113979
dedicated_trend,趋势专属分支,001286.SZ,陕西能源,2024-05-28,0.213551,trend,11.0508,11.495313,11.040463,11.422951,True,3.658537,2.656472,0.573806,0.369268,6.547157,,,0.213551,0.094833
dedicated_trend,趋势专属分支,605598.SH,上海港湾,2024-05-28,0.201585,trend,27.813664,29.318245,27.166835,29.107323,True,4.704097,1.530736,0.420111,0.235033,10.428725,,,0.201585,0.106249
dedicated_trend,趋势专属分支,300010.SZ,豆神教育,2024-05-28,0.196825,trend,17.154987,18.203041,16.934344,18.147881,True,7.166124,1.885583,0.250082,0.146312,23.160914,,,0.196825,0.095957
dedicated_trend,趋势专属分支,002469.SZ,三维化学,2024-05-29,0.211494,trend,57.408925,59.549597,57.214318,59.06308,True,2.881356,2.057847,0.570532,0.497587,3.05293,,,0.211494,0.109756
dedicated_trend,趋势专属分支,600985.SH,淮北矿业,2024-05-29,0.210806,trend,61.307392,63.739473,60.896781,63.423618,True,2.921579,1.308265,0.479168,0.359219,7.897877,,,0.210806,0.088943
dedicated_trend,趋势专属分支,601958.SH,金钼股份,2024-05-29,0.210594,trend,14.474467,15.320054,14.31281,15.295184,True,6.401384,2.042943,0.635981,0.277702,7.023885,,,0.210594,0.096775
dedicated_trend,趋势专属分支,000726.SZ,鲁泰Ａ,2024-05-31,0.212054,trend,10.316811,10.862996,10.316811,10.847824,True,5.147059,3.470637,0.689524,0.12,15.44176,,,0.212054,0.108275
dedicated_trend,趋势专属分支,601077.SH,渝农商行,2024-05-31,0.211823,trend,6.382129,6.572451,6.382129,6.547075,True,2.788845,1.441415,0.656979,0.374882,8.62056,,,0.211823,0.114602
dedicated_trend,趋势专属分支,603009.SH,北特科技,2024-05-31,0.204982,trend,49.852686,53.39485,49.616542,52.975038,True,6.263158,1.438342,0.244591,0.180649,12.813034,,,0.204982,0.077207
dedicated_trend,趋势专属分支,002223.SZ,鱼跃医疗,2024-06-03,0.214401,trend,244.180288,257.596788,241.559391,255.662316,True,5.240175,2.082866,0.516284,0.378749,10.253853,,,0.214401,0.109881
dedicated_trend,趋势专属分支,601611.SH,中国核建,2024-06-03,0.213551,trend,8.414211,8.657335,8.382499,8.646765,True,2.377972,2.501152,0.637794,0.45422,6.444844,,,0.213551,0.099824
dedicated_trend,趋势专属分支,688403.SH,汇成股份,2024-06-03,0.203138,trend,8.83,8.98,8.65,8.97,True,2.280502,1.553688,0.515292,0.2157,13.646932,,,0.203138,0.116019
dedicated_trend,趋势专属分支,000039.SZ,中集集团,2024-06-04,0.220235,trend,23.867897,25.377907,23.819187,25.329197,True,6.122449,2.769238,0.612691,0.287511,12.519659,,,0.220235,0.109785
dedicated_trend,趋势专属分支,300492.SZ,华图山鼎,2024-06-04,0.218534,trend,193.461576,200.078798,192.19781,199.517124,True,2.42386,1.334732,0.326399,0.557356,6.7592,,,0.218534,0.106838
dedicated_trend,趋势专属分支,000883.SZ,湖北能源,2024-06-04,0.213631,trend,15.614842,16.279869,15.455235,16.279869,True,4.258944,1.37873,0.571091,0.439806,4.330022,,,0.213631,0.094496
dedicated_trend,趋势专属分支,300433.SZ,蓝思科技,2024-06-05,0.213454,trend,90.412338,93.270534,90.004024,92.395576,True,2.657161,1.939524,0.496385,0.335026,6.166209,,,0.213454,0.093692
dedicated_trend,趋势专属分支,600795.SH,国电电力,2024-06-05,0.212422,trend,16.882888,17.398165,16.822268,17.307234,True,2.513465,1.632434,0.6566,0.229827,12.665059,,,0.212422,0.106717
dedicated_trend,趋势专属分支,000768.SZ,中航西飞,2024-06-05,0.211494,trend,25.646515,26.991872,25.635922,26.727038,True,3.613963,1.859391,0.446358,0.359621,5.665805,,,0.211494,0.107735
dedicated_trend,趋势专属分支,300666.SZ,江丰电子,2024-06-06,0.202469,trend,48.356875,50.763595,48.275977,50.419778,True,5.30095,3.009965,0.478554,0.145053,12.407263,,,0.202469,0.106027
dedicated_trend,趋势专属分支,600803.SH,新奥股份,2024-06-07,0.226992,trend,24.374213,25.258315,24.239142,25.196919,True,3.323263,2.529193,0.686445,0.222246,12.463584,,,0.226992,0.130871
dedicated_trend,趋势专属分支,000598.SZ,兴蓉环境,2024-06-07,0.214401,trend,39.052402,40.90469,38.898045,40.750333,True,4.347826,1.655575,0.55791,0.363055,8.076792,,,0.214401,0.111315
dedicated_trend,趋势专属分支,601328.SH,交通银行,2024-06-07,0.213595,trend,16.232698,16.662254,16.21009,16.639646,True,2.506964,1.708935,0.680523,0.4465,5.453887,,,0.213595,0.103468
dedicated_trend,趋势专属分支,301358.SZ,湖南裕能,2024-06-11,0.218777,trend,40.319107,41.850212,39.512725,41.605236,True,4.325569,1.713563,0.349427,0.247883,16.337632,,,0.218777,0.0905
dedicated_trend,趋势专属分支,688981.SH,中芯国际,2024-06-11,0.214394,trend,47.09,49.0,47.05,48.94,True,3.664478,1.923444,0.591166,0.09,16.024209,,,0.214394,0.111892
dedicated_trend,趋势专属分支,002594.SZ,比亚迪,2024-06-11,0.212436,trend,240.539384,252.195749,240.231828,250.791244,True,3.876858,1.591062,0.56042,0.135,19.966314,,,0.212436,0.108899
dedicated_trend,趋势专属分支,600039.SH,四川路桥,2024-06-12,0.21732,trend,53.864678,55.514944,53.666646,55.448933,True,2.941176,1.663859,0.646802,0.259909,11.606271,,,0.21732,0.113695
dedicated_trend,趋势专属分支,605499.SH,东鹏饮料,2024-06-12,0.215036,trend,233.506772,239.316799,233.423325,238.252845,True,2.196868,1.335721,0.422575,0.444515,6.33636,,,0.215036,0.105301
dedicated_trend,趋势专属分支,600938.SH,中国海油,2024-06-12,0.214401,trend,35.109408,37.097843,35.109408,36.968419,True,4.281447,1.571903,0.710337,0.284096,8.491653,,,0.214401,0.113788
dedicated_trend,趋势专属分支,002653.SZ,海思科,2024-06-13,0.213185,trend,105.306619,109.379614,103.532896,108.91976,True,3.754693,1.394745,0.439593,0.190595,8.191988,,,0.213185,0.097823
dedicated_trend,趋势专属分支,688268.SH,华特气体,2024-06-13,0.207258,trend,55.289747,57.519665,55.187924,57.356749,True,3.910718,1.808335,0.421669,0.157784,15.826959,,,0.207258,0.10233
dedicated_trend,趋势专属分支,300613.SZ,富瀚微,2024-06-13,0.206635,trend,179.540313,187.479523,178.502508,187.064401,True,4.190751,2.177293,0.445957,0.075,15.074713,,,0.206635,0.097992
dedicated_trend,趋势专属分支,603228.SH,景旺电子,2024-06-14,0.221313,trend,55.849035,58.929909,55.521283,58.361805,True,4.622013,2.14596,0.258756,0.366607,8.596632,,,0.221313,0.112499
dedicated_trend,趋势专属分支,300628.SZ,亿联网络,2024-06-14,0.219342,trend,712.25321,738.211893,701.263402,732.716989,True,2.600159,1.415879,0.397875,0.354779,7.544197,,,0.219342,0.098174
dedicated_trend,趋势专属分支,002475.SZ,立讯精密,2024-06-14,0.212222,trend,1131.381957,1182.157834,1130.018847,1170.571393,True,3.370448,1.449473,0.409516,0.20494,7.947015,,,0.212222,0.102393
dedicated_trend,趋势专属分支,603606.SH,东方电缆,2024-06-17,0.221313,trend,199.345795,210.402294,199.263591,210.114579,True,4.36913,1.506284,0.382309,0.28163,8.458471,,,0.221313,0.112764
dedicated_trend,趋势专属分支,300049.SZ,福瑞医科,2024-06-17,0.215602,trend,196.595573,204.523401,196.450109,202.595993,True,2.032967,1.431095,0.464393,0.226427,12.197521,,,0.215602,0.091664
dedicated_trend,趋势专属分支,603160.SH,汇顶科技,2024-06-17,0.214087,trend,69.444603,72.505153,69.125152,71.876555,True,2.422907,1.53652,0.518405,0.105808,14.103769,,,0.214087,0.118324
dedicated_trend,趋势专属分支,605333.SH,沪光股份,2024-06-18,0.230945,trend,28.72059,31.120668,28.529789,30.909782,True,8.151792,1.987831,0.356598,0.265564,10.662054,,,0.230945,0.145549
dedicated_trend,趋势专属分支,002139.SZ,拓邦股份,2024-06-18,0.211494,trend,62.823178,64.516199,62.823178,64.395269,True,2.700096,1.654669,0.650515,0.302459,7.172744,,,0.211494,0.108105
dedicated_trend,趋势专属分支,601127.SH,赛力斯,2024-06-18,0.211341,trend,96.857425,104.660464,96.109331,104.265636,True,8.019376,2.51476,0.500152,0.241475,12.098826,,,0.211341,0.112506
dedicated_trend,趋势专属分支,301187.SZ,欧圣电气,2024-06-19,0.201834,trend,23.762635,25.555834,23.696628,25.500828,True,8.317757,2.072457,0.447803,0.324258,11.38383,,,0.201834,0.090965
dedicated_trend,趋势专属分支,688352.SH,颀中科技,2024-06-19,0.199995,trend,12.10118,12.312951,11.879325,12.272614,True,3.048264,1.642805,0.425591,0.0269,9.494917,,,0.199995,0.085302
dedicated_trend,趋势专属分支,603931.SH,格林达,2024-06-19,0.194911,trend,48.333431,49.862079,47.730018,49.781624,True,2.484472,1.403157,0.319451,0.119959,9.08508,,,0.194911,0.084434
dedicated_trend,趋势专属分支,601298.SH,青岛港,2024-06-20,0.213812,trend,11.080584,11.523807,11.019025,11.47456,True,3.786192,1.39538,0.566328,0.092308,14.69971,,,0.213812,0.105547
dedicated_trend,趋势专属分支,600236.SH,桂冠电力,2024-06-20,0.213454,trend,19.321888,20.209941,19.294977,20.021566,True,3.333333,1.328685,0.465556,0.256606,6.311369,,,0.213454,0.095533
dedicated_trend,趋势专属分支,300480.SZ,光力科技,2024-06-20,0.198654,trend,61.512993,64.293242,60.400894,64.119476,True,5.068337,2.372259,0.382442,0.192438,15.597149,,,0.198654,0.090759
dedicated_trend,趋势专属分支,600521.SH,华海药业,2024-06-21,0.214401,trend,76.279969,80.946508,76.010745,80.228579,True,4.991192,2.236812,0.443738,0.45154,4.861267,,,0.214401,0.100716
dedicated_trend,趋势专属分支,300360.SZ,炬华科技,2024-06-21,0.212971,trend,106.947823,112.519438,106.879877,112.451491,True,3.4375,1.868946,0.527976,0.199184,20.567331,,,0.212971,0.091557
dedicated_trend,趋势专属分支,688536.SH,思瑞浦,2024-06-21,0.203937,trend,162.009875,172.226983,159.933591,170.583881,True,4.770642,1.323987,0.275278,0.096869,21.339189,,,0.203937,0.099189
dedicated_trend,趋势专属分支,002350.SZ,北京科锐,2024-06-24,0.193636,trend,26.47633,28.43754,25.986028,28.33948,True,3.770197,2.238752,0.463657,0.105,29.755435,,,0.193636,0.087669
dedicated_trend,趋势专属分支,002001.SZ,新和成,2024-06-25,0.208885,trend,194.031823,204.164033,191.49877,202.137591,True,4.724409,2.95177,0.629958,0.344012,9.025941,,,0.208885,0.104985
dedicated_trend,趋势专属分支,300863.SZ,卡倍亿,2024-06-25,0.202548,trend,74.571083,79.582638,74.485048,79.109444,True,6.20849,2.473496,0.363425,0.147509,14.532615,,,0.202548,0.079557
dedicated_trend,趋势专属分支,603528.SH,多伦科技,2024-06-25,0.192057,trend,22.254784,23.608329,21.278974,23.608329,True,3.59116,2.262653,0.421992,0.045,24.747572,,,0.192057,0.044339
dedicated_trend,趋势专属分支,300433.SZ,蓝思科技,2024-06-26,0.211723,trend,99.049464,105.047064,98.811935,104.215713,True,5.46875,1.463269,0.378651,0.015,16.698295,,,0.211723,0.097756
dedicated_trend,趋势专属分支,603050.SH,科林电气,2024-06-26,0.2111,trend,58.429335,60.925739,58.316885,60.633367,True,4.536642,4.905161,0.406787,0.476136,5.573924,,,0.2111,0.104452
dedicated_trend,趋势专属分支,002106.SZ,莱宝高科,2024-06-26,0.204107,trend,21.435112,23.184046,21.371126,23.077404,True,7.02275,1.5232,0.556755,0.227424,5.796436,,,0.204107,0.084438
dedicated_trend,趋势专属分支,601009.SH,南京银行,2024-06-27,0.213639,trend,62.080327,64.022294,61.82975,63.771718,True,2.932255,1.62009,0.60743,0.307381,9.881253,,,0.213639,0.098651
dedicated_trend,趋势专属分支,003816.SZ,中国广核,2024-06-28,0.212039,trend,4.981235,5.193917,4.958848,5.182723,True,3.811659,1.308244,0.637801,0.186378,8.205067,,,0.212039,0.09601
dedicated_trend,趋势专属分支,600150.SH,中国船舶,2024-06-28,0.211151,trend,82.069653,88.948574,81.809252,88.340972,True,7.84106,2.306246,0.673448,0.197664,8.993743,,,0.211151,0.097678
dedicated_trend,趋势专属分支,600765.SH,中航重机,2024-06-28,0.205713,trend,42.905736,45.577604,42.571753,45.421745,True,5.864037,1.463661,0.482179,0.391509,6.337043,,,0.205713,0.082885
dedicated_trend,趋势专属分支,000598.SZ,兴蓉环境,2024-07-01,0.215414,trend,40.231408,41.547881,39.65216,41.495222,True,4.787234,1.33046,0.648432,0.183657,8.74252,,,0.215414,0.102416
dedicated_trend,趋势专属分支,600236.SH,桂冠电力,2024-07-01,0.214399,trend,20.667423,22.228244,20.53287,22.228244,True,7.692308,1.731227,0.406461,0.124236,18.142745,,,0.214399,0.091501
dedicated_trend,趋势专属分支,600285.SH,羚锐制药,2024-07-01,0.213631,trend,72.763121,77.154777,72.642802,77.154777,True,5.947955,1.536932,0.597369,0.2756,5.567893,,,0.213631,0.099274
dedicated_trend,趋势专属分支,601398.SH,工商银行,2024-07-02,0.213595,trend,12.206044,12.541605,12.185071,12.520633,True,2.57732,1.389715,0.760964,0.171371,11.62287,,,0.213595,0.108991
dedicated_trend,趋势专属分支,601816.SH,京沪高铁,2024-07-02,0.203149,trend,5.703027,5.807862,5.692544,5.797379,True,2.02952,1.342952,0.759718,0.252723,10.873681,,,0.203149,0.118614
dedicated_trend,趋势专属分支,300025.SZ,华星创业,2024-07-02,0.198931,trend,86.310759,89.731369,85.35617,89.492722,True,3.878116,1.391024,0.317915,0.166514,4.821312,,,0.198931,0.096503
dedicated_trend,趋势专属分支,603393.SH,新天然气,2024-07-03,0.211151,trend,98.867744,102.990692,98.674048,102.354264,True,3.151143,1.425784,0.684849,0.06,11.646695,,,0.211151,0.105694
dedicated_trend,趋势专属分支,002267.SZ,陕天然气,2024-07-03,0.206018,trend,22.975617,23.68826,22.918605,23.631249,True,2.472188,2.108116,0.63449,0.175812,10.644154,,,0.206018,0.109724
dedicated_trend,趋势专属分支,600489.SH,中金黄金,2024-07-05,0.217033,trend,63.323329,69.60507,63.070373,68.97268,True,8.848969,2.434216,0.556909,0.217757,10.768301,,,0.217033,0.104343
dedicated_trend,趋势专属分支,300294.SZ,博雅生物,2024-07-05,0.211494,trend,164.190665,172.099939,164.09302,171.855826,True,4.018913,1.364097,0.664872,0.243012,9.000592,,,0.211494,0.107938
dedicated_trend,趋势专属分支,605116.SH,奥锐特,2024-07-05,0.19989,trend,25.436969,27.806553,25.07638,27.579897,True,8.117932,2.461262,0.486289,0.075,20.036708,,,0.19989,0.095866
dedicated_trend,趋势专属分支,002600.SZ,领益智造,2024-07-08,0.177413,trend,29.291478,31.747051,29.028381,31.571653,True,9.422492,1.60681,0.246226,0.0,32.122481,,,0.177413,0.072501
dedicated_trend,趋势专属分支,688187.SH,时代电气,2024-07-09,0.21573,trend,55.166441,56.909943,54.612623,56.561242,True,2.987862,1.763225,0.594289,0.127881,19.227446,,,0.21573,0.09974
dedicated_trend,趋势专属分支,688009.SH,中国通号,2024-07-09,0.213814,trend,6.921975,7.310979,6.853327,7.265213,True,4.785479,1.61054,0.651576,0.196801,10.957967,,,0.213814,0.099903
dedicated_trend,趋势专属分支,600018.SH,上港集团,2024-07-09,0.213595,trend,9.263187,9.62126,9.216482,9.590123,True,3.878583,2.281809,0.735457,0.242482,9.743042,,,0.213595,0.106817
dedicated_trend,趋势专属分支,600183.SH,生益科技,2024-07-10,0.215571,trend,62.318675,66.453839,62.114829,66.191751,True,9.016787,2.120584,0.465775,0.06692,12.568819,,,0.215571,0.09632
dedicated_trend,趋势专属分支,600601.SH,方正科技,2024-07-10,0.192262,trend,4.053939,4.40364,4.028035,4.364784,True,6.984127,1.574736,0.258604,0.03,22.697021,,,0.192262,0.066093
dedicated_trend,趋势专属分支,002384.SZ,东山精密,2024-07-10,0.177413,trend,185.76774,197.869873,183.120399,196.962213,True,9.090909,1.380936,0.247724,0.0,37.099,,,0.177413,0.080809
dedicated_trend,趋势专属分支,601677.SH,明泰铝业,2024-07-11,0.217889,trend,20.490247,21.643725,20.169837,21.435458,True,6.274821,3.341711,0.511863,0.155294,17.271296,,,0.217889,0.12063
dedicated_trend,趋势专属分支,600988.SH,赤峰黄金,2024-07-11,0.215634,trend,76.041646,78.807525,75.199856,78.166162,True,3.448276,1.308734,0.508926,0.163221,21.088523,,,0.215634,0.114104
dedicated_trend,趋势专属分支,603995.SH,甬金股份,2024-07-11,0.213844,trend,31.550352,32.379341,30.981438,32.086757,True,3.296703,4.667536,0.564108,0.122019,14.695236,,,0.213844,0.111604
dedicated_trend,趋势专属分支,002594.SZ,比亚迪,2024-07-12,0.21605,trend,259.905147,270.649096,258.234094,269.234339,True,3.77776,1.555048,0.464665,0.365081,4.632674,,,0.21605,0.110185
dedicated_trend,趋势专属分支,601398.SH,工商银行,2024-07-12,0.213595,trend,12.41577,12.793276,12.394797,12.751331,True,2.529511,1.358275,0.69646,0.206803,6.356284,,,0.213595,0.092985
dedicated_trend,趋势专属分支,600000.SH,浦发银行,2024-07-12,0.211648,trend,34.725968,35.611219,34.645491,35.57098,True,2.790698,1.380287,0.672837,0.255065,7.101525,,,0.211648,0.103648
dedicated_trend,趋势专属分支,605499.SH,东鹏饮料,2024-07-15,0.219955,trend,236.896824,246.378538,235.217444,245.377169,True,3.579763,1.918866,0.59511,0.165,9.57149,,,0.219955,0.138578
dedicated_trend,趋势专属分支,601939.SH,建设银行,2024-07-15,0.205923,trend,16.387843,16.921504,16.365607,16.877032,True,2.985075,1.300397,0.692896,0.238227,5.821327,,,0.205923,0.087653
dedicated_trend,趋势专属分支,600399.SH,抚顺特钢,2024-07-15,0.196905,trend,15.609369,16.816014,15.609369,16.713321,True,7.960199,2.547274,0.376804,0.12,17.77718,,,0.196905,0.091183
dedicated_trend,趋势专属分支,300408.SZ,三环集团,2024-07-16,0.213595,trend,132.540013,140.163802,132.540013,139.857098,True,5.207647,2.253637,0.570007,0.173812,14.215801,,,0.213595,0.105753
dedicated_trend,趋势专属分支,600584.SH,长电科技,2024-07-16,0.212859,trend,38.511053,40.633091,38.511053,40.453447,True,3.683453,1.305393,0.246917,0.152438,16.560138,,,0.212859,0.115177
dedicated_trend,趋势专属分支,300373.SZ,扬杰科技,2024-07-16,0.208776,trend,223.656989,237.591836,222.365729,236.946206,True,5.687545,1.92935,0.506563,0.182755,15.991828,,,0.208776,0.10376
dedicated_trend,趋势专属分支,601601.SH,中国太保,2024-07-17,0.211823,trend,42.830398,44.887354,42.708505,44.67404,True,3.787611,1.737815,0.643013,0.140928,4.700666,,,0.211823,0.104276
dedicated_trend,趋势专属分支,600941.SH,中国移动,2024-07-18,0.212265,trend,122.679236,128.021006,122.599847,127.068334,True,3.129602,1.423344,0.612167,0.337452,0.467748,,,0.212265,0.109447
dedicated_trend,趋势专属分支,600482.SH,中国动力,2024-07-18,0.202955,trend,23.235458,24.637327,22.858836,24.438555,True,5.130513,1.434771,0.446909,0.109407,16.519202,,,0.202955,0.111405
dedicated_trend,趋势专属分支,688120.SH,华海清科,2024-07-18,0.202749,trend,307.332143,327.684232,306.97548,325.588836,True,4.882953,2.029226,0.390745,0.076855,15.326049,,,0.202749,0.08613
dedicated_trend,趋势专属分支,600893.SH,航发动力,2024-07-19,0.21605,trend,82.938535,85.108809,82.89598,85.044978,True,2.487179,2.61817,0.673449,0.213694,9.731312,,,0.21605,0.117135
dedicated_trend,趋势专属分支,688981.SH,中芯国际,2024-07-19,0.20709,trend,48.5,51.35,48.34,51.2,True,5.025641,2.177728,0.572952,0.333944,6.630609,,,0.20709,0.10971
dedicated_trend,趋势专属分支,600216.SH,浙江医药,2024-07-19,0.188586,trend,28.849583,29.788544,28.661791,29.53033,True,2.027575,1.476985,0.306539,0.123067,12.149268,,,0.188586,0.094686
dedicated_trend,趋势专属分支,600030.SH,中信证券,2024-07-22,0.214922,trend,43.872452,44.421132,42.95067,44.311396,True,4.125838,4.463599,0.725573,0.06,12.044783,,,0.214922,0.113256
dedicated_trend,趋势专属分支,601398.SH,工商银行,2024-07-23,0.213193,trend,12.848467,13.378301,12.826391,13.267919,True,2.910959,1.490151,0.582104,0.159926,6.501691,,,0.213193,0.100104
dedicated_trend,趋势专属分支,003816.SZ,中国广核,2024-07-24,0.213114,trend,5.630271,5.949396,5.618874,5.937999,True,5.040323,1.518849,0.398353,0.164303,8.182441,,,0.213114,0.082975
dedicated_trend,趋势专属分支,601985.SH,中国核电,2024-07-24,0.211703,trend,14.105922,14.683638,14.093886,14.683638,True,4.095563,1.391209,0.390878,0.111774,10.698836,,,0.211703,0.092362
dedicated_trend,趋势专属分支,603606.SH,东方电缆,2024-07-25,0.212048,trend,203.86704,217.307468,203.49712,215.375663,True,4.758097,1.759116,0.562956,0.186663,12.862569,,,0.212048,0.107647
dedicated_trend,趋势专属分支,300939.SZ,秋田微,2024-07-25,0.194527,trend,46.515833,49.950945,46.295229,49.509738,True,5.400872,2.66611,0.560459,0.198697,9.552466,,,0.194527,0.055424
dedicated_trend,趋势专属分支,000768.SZ,中航西飞,2024-07-26,0.214401,trend,26.564218,27.904663,26.564218,27.904663,True,5.046055,2.216315,0.678368,0.333311,9.009906,,,0.214401,0.113881
dedicated_trend,趋势专属分支,000738.SZ,航发控制,2024-07-26,0.212621,trend,21.235384,22.866493,21.235384,22.690994,True,6.543868,2.74302,0.689304,0.124598,13.845968,,,0.212621,0.115829
dedicated_trend,趋势专属分支,600760.SH,中航沈飞,2024-07-26,0.210826,trend,84.06737,88.760255,83.96623,88.41638,True,4.920787,1.756299,0.711007,0.210687,10.037282,,,0.210826,0.109788
dedicated_trend,趋势专属分支,600012.SH,皖通高速,2024-07-29,0.214036,trend,25.459883,26.875342,25.239292,26.673134,True,4.014337,1.543737,0.668455,0.067577,7.833686,,,0.214036,0.102066
dedicated_trend,趋势专属分支,600679.SH,上海凤凰,2024-07-29,0.199191,trend,9.935893,10.430166,9.784585,10.329294,True,3.853955,3.04444,0.540823,0.075,18.69124,,,0.199191,0.102205
dedicated_trend,趋势专属分支,688090.SH,瑞松科技,2024-07-29,0.189656,trend,50.188977,53.50145,48.468212,53.48711,True,8.49331,1.398124,0.249885,0.102528,20.497659,,,0.189656,0.07006
dedicated_trend,趋势专属分支,002262.SZ,恩华药业,2024-07-31,0.218268,trend,142.969091,152.610099,141.852145,151.140433,True,7.035803,3.114061,0.679933,0.188767,14.95912,,,0.218268,0.108423
dedicated_trend,趋势专属分支,600577.SH,精达股份,2024-07-31,0.214922,trend,21.664399,22.898135,21.615049,22.750086,True,4.535147,1.918867,0.490123,0.135,22.696584,,,0.214922,0.114817
dedicated_trend,趋势专属分支,600217.SH,中再资环,2024-07-31,0.212942,trend,4.549439,4.749854,4.549439,4.719792,True,2.169197,1.78699,0.435133,0.06,10.224554,,,0.212942,0.117778
dedicated_trend,趋势专属分支,601766.SH,中国中车,2024-08-01,0.214401,trend,10.671785,11.052435,10.603812,10.984462,True,5.897772,2.216591,0.592777,0.331134,6.877133,,,0.214401,0.103245
dedicated_trend,趋势专属分支,000429.SZ,粤高速Ａ,2024-08-01,0.213595,trend,19.154276,20.063837,19.100772,19.938995,True,3.136531,1.627685,0.673346,0.121667,10.387429,,,0.213595,0.105001
dedicated_trend,趋势专属分支,600377.SH,宁沪高速,2024-08-01,0.21308,trend,27.403058,29.193966,27.187286,29.107658,True,4.736025,1.522542,0.573127,0.198358,10.608996,,,0.21308,0.107667
dedicated_trend,趋势专属分支,002488.SZ,金固股份,2024-08-05,0.201286,trend,31.614516,32.849458,31.367528,32.725964,True,2.912621,1.800263,0.48778,0.09436,23.450397,,,0.201286,0.104153
dedicated_trend,趋势专属分支,000739.SZ,普洛药业,2024-08-06,0.237983,trend,43.507745,45.112658,43.361844,44.995937,True,3.978422,1.76087,0.560954,0.069706,12.25625,,,0.237983,0.122812
dedicated_trend,趋势专属分支,688235.SH,百济神州-U,2024-08-06,0.225165,trend,132.0,137.33,132.0,137.08,True,4.633234,1.959361,0.576361,0.167407,12.965585,,,0.225165,0.120838
dedicated_trend,趋势专属分支,600763.SH,通策医疗,2024-08-06,0.210669,trend,131.146656,133.420054,129.811035,133.391637,True,3.232901,1.44477,0.444673,0.061055,11.474339,,,0.210669,0.100817
dedicated_trend,趋势专属分支,600812.SH,华北制药,2024-08-08,0.225178,trend,5.120275,5.318009,5.109868,5.286788,True,3.252033,1.757501,0.434705,0.076783,16.850002,,,0.225178,0.103984
dedicated_trend,趋势专属分支,600368.SH,五洲交通,2024-08-12,0.210291,trend,14.567573,15.054407,14.492675,14.979509,True,2.564103,1.530188,0.673484,0.056567,13.333985,,,0.210291,0.112297
dedicated_trend,趋势专属分支,603050.SH,科林电气,2024-08-13,0.202464,trend,62.97234,66.975582,62.207676,66.975582,True,6.547406,1.749706,0.310141,0.16629,21.022407,,,0.202464,0.136031
dedicated_trend,趋势专属分支,300863.SZ,卡倍亿,2024-08-14,0.201927,trend,78.743794,82.765944,78.184565,82.443311,True,4.469883,1.735824,0.537042,0.383996,4.595323,,,0.201927,0.083934
dedicated_trend,趋势专属分支,603662.SH,柯力传感,2024-08-15,0.176425,trend,61.080457,65.202759,61.080457,64.674903,True,5.278232,1.88302,0.369148,0.045095,8.80356,,,0.176425,0.075569
dedicated_trend,趋势专属分支,000739.SZ,普洛药业,2024-08-16,0.21878,trend,44.674955,45.667083,43.653646,45.433641,True,4.707465,2.066409,0.550011,0.33463,6.490256,,,0.21878,0.119217
dedicated_trend,趋势专属分支,301127.SZ,武汉天源,2024-08-16,0.2166,trend,12.610326,13.852793,12.567482,13.738543,True,8.089888,3.484783,0.481638,0.15,19.764184,,,0.2166,0.085726
dedicated_trend,趋势专属分支,688235.SH,百济神州-U,2024-08-16,0.209949,trend,143.85,147.53,141.35,147.3,True,3.375675,1.449318,0.398682,0.135527,15.172135,,,0.209949,0.100464
dedicated_trend,趋势专属分支,000525.SZ,红太阳,2024-08-19,0.222493,trend,9.210981,9.738928,9.076186,9.738928,True,4.96368,2.056077,0.25,0.15526,27.846245,,,0.222493,0.100682
dedicated_trend,趋势专属分支,601766.SH,中国中车,2024-08-19,0.214401,trend,10.874138,11.237074,10.83226,11.195197,True,5.249344,1.895841,0.650582,0.336788,5.713114,,,0.214401,0.109643
dedicated_trend,趋势专属分支,601939.SH,建设银行,2024-08-19,0.211362,trend,17.521873,17.96659,17.410693,17.899883,True,2.15736,1.375872,0.644916,0.347906,6.639679,,,0.211362,0.087775
dedicated_trend,趋势专属分支,003001.SZ,中岩大地,2024-08-21,0.17901,trend,26.891285,30.116626,26.474678,29.928481,True,9.327442,2.155495,0.246527,0.135,34.187448,,,0.17901,0.058094
dedicated_trend,趋势专属分支,601988.SH,中国银行,2024-08-22,0.212047,trend,11.323092,11.643341,11.300217,11.597591,True,2.424242,1.343208,0.638609,0.320978,10.631727,,,0.212047,0.102854
dedicated_trend,趋势专属分支,600377.SH,宁沪高速,2024-08-23,0.212064,trend,30.380713,31.459574,29.992323,31.222224,True,2.769886,1.419668,0.525994,0.284044,9.920732,,,0.212064,0.085255
dedicated_trend,趋势专属分支,603826.SH,坤彩科技,2024-08-23,0.199397,trend,59.601161,64.393679,58.74998,63.801553,True,7.649079,1.656729,0.361343,0.090116,27.742354,,,0.199397,0.092041
dedicated_trend,趋势专属分支,300985.SZ,致远新能,2024-08-23,0.197999,trend,23.836879,25.137332,23.579647,25.137332,True,4.206161,2.25249,0.555075,0.075,20.201435,,,0.197999,0.063482
dedicated_trend,趋势专属分支,601898.SH,中煤能源,2024-08-26,0.209682,trend,17.888855,18.367898,17.642489,18.285776,True,3.08642,1.45193,0.569575,0.249486,7.923389,,,0.209682,0.110149
dedicated_trend,趋势专属分支,601298.SH,青岛港,2024-08-26,0.205663,trend,12.023051,12.42975,11.806992,12.353494,True,2.639916,1.351644,0.662663,0.315415,8.049353,,,0.205663,0.081959
dedicated_trend,趋势专属分支,300566.SZ,激智科技,2024-08-26,0.203016,trend,45.947105,49.40223,45.947105,49.099149,True,6.508876,3.333253,0.518246,0.164672,15.681044,,,0.203016,0.095572
dedicated_trend,趋势专属分支,600028.SH,中国石化,2024-08-27,0.204952,trend,19.494914,20.342519,19.46666,20.286012,True,4.208999,1.870758,0.621466,0.350055,9.003949,,,0.204952,0.103665
dedicated_trend,趋势专属分支,002202.SZ,金风科技,2024-08-28,0.238291,trend,24.145028,24.879366,23.763172,24.732498,True,2.060606,2.184677,0.412085,0.249361,12.200855,,,0.238291,0.130189
dedicated_trend,趋势专属分支,600143.SH,金发科技,2024-08-28,0.217082,trend,14.98658,15.478294,14.98658,15.435536,True,2.556818,2.032259,0.524094,0.277512,7.020109,,,0.217082,0.105826
dedicated_trend,趋势专属分支,601222.SH,林洋能源,2024-08-28,0.213301,trend,35.529014,36.709737,35.368007,36.548729,True,3.181818,2.594418,0.710689,0.251366,9.299707,,,0.213301,0.116525
dedicated_trend,趋势专属分支,601100.SH,恒立液压,2024-08-29,0.214425,trend,173.010128,178.506987,169.874099,177.802262,True,3.190184,1.869464,0.567701,0.221466,14.657765,,,0.214425,0.11897
dedicated_trend,趋势专属分支,300532.SZ,今天国际,2024-08-29,0.20479,trend,50.908044,53.194007,50.545193,52.940011,True,3.475177,1.471847,0.355205,0.107665,23.913147,,,0.20479,0.122063
dedicated_trend,趋势专属分支,002468.SZ,申通快递,2024-09-02,0.225666,trend,20.78144,22.466422,20.78144,22.28669,True,9.130913,5.188795,0.534595,0.177499,19.720411,,,0.225666,0.107941
dedicated_trend,趋势专属分支,601319.SH,中国人保,2024-09-02,0.211885,trend,6.892887,7.123418,6.869833,7.065785,True,2.166667,1.96639,0.560059,0.278398,9.720081,,,0.211885,0.097778
dedicated_trend,趋势专属分支,600062.SH,华润双鹤,2024-09-02,0.210268,trend,37.47332,38.782431,37.200588,38.5097,True,2.815534,1.571493,0.541894,0.168614,15.100021,,,0.210268,0.09555
dedicated_trend,趋势专属分支,002444.SZ,巨星科技,2024-09-03,0.220255,trend,120.860981,125.881912,120.143705,124.761168,True,3.227003,1.867671,0.51375,0.251795,21.323266,,,0.220255,0.126038
dedicated_trend,趋势专属分支,600298.SH,安琪酵母,2024-09-03,0.2122,trend,90.182273,92.019213,89.866549,91.674787,True,2.044728,1.399379,0.693453,0.304465,7.680449,,,0.2122,0.115002
dedicated_trend,趋势专属分支,603529.SH,爱玛科技,2024-09-03,0.1999,trend,66.242608,71.446427,66.063936,70.910411,True,3.82603,1.554099,0.481765,0.105,23.286438,,,0.1999,0.10062
dedicated_trend,趋势专属分支,300037.SZ,新宙邦,2024-09-04,0.203138,trend,211.440515,219.670822,209.350278,217.907185,True,2.772643,1.565227,0.65765,0.185902,7.129226,,,0.203138,0.099678
dedicated_trend,趋势专属分支,000506.SZ,招金黄金,2024-09-04,0.191249,trend,1.891152,1.891152,1.818416,1.891152,True,4.697987,2.336544,0.25,0.394466,31.017063,,,0.191249,0.063351
dedicated_trend,趋势专属分支,002217.SZ,合力泰,2024-09-05,0.20955,trend,4.245585,4.591522,4.214136,4.591522,True,5.035971,1.732546,0.594188,0.06,23.338132,,,0.20955,0.098598
dedicated_trend,趋势专属分支,300558.SZ,贝达药业,2024-09-05,0.200487,trend,36.441838,38.522765,36.441838,38.276744,True,5.420666,1.597907,0.513002,0.246245,8.053231,,,0.200487,0.074463
dedicated_trend,趋势专属分支,603997.SH,继峰股份,2024-09-05,0.195466,trend,19.24306,20.332933,19.157914,20.230757,True,5.225864,2.719685,0.610499,0.232272,10.662291,,,0.195466,0.100144
dedicated_trend,趋势专属分支,603707.SH,健友股份,2024-09-10,0.21672,trend,48.189304,50.274418,47.764558,49.888286,True,3.525641,1.442568,0.553036,0.122218,24.062869,,,0.21672,0.133343
dedicated_trend,趋势专属分支,002841.SZ,视源股份,2024-09-10,0.208285,trend,55.615162,57.947072,55.615162,57.789273,True,3.161189,1.435777,0.586209,0.220746,11.771934,,,0.208285,0.115562
dedicated_trend,趋势专属分支,603991.SH,至正股份,2024-09-10,0.205866,trend,42.859049,45.187795,42.524925,44.833421,True,5.478799,1.601352,0.277061,0.170464,22.028342,,,0.205866,0.097022
dedicated_trend,趋势专属分支,300274.SZ,阳光电源,2024-09-11,0.209502,trend,729.245596,767.72796,724.735194,765.232844,True,4.921053,1.699188,0.432039,0.220877,15.016814,,,0.209502,0.104131
dedicated_trend,趋势专属分支,688235.SH,百济神州-U,2024-09-11,0.209125,trend,151.0,161.36,150.73,161.1,True,7.078764,1.851531,0.323131,0.098086,9.271328,,,0.209125,0.098949
dedicated_trend,趋势专属分支,688266.SH,泽璟制药-U,2024-09-11,0.206749,trend,59.04,61.95,58.51,61.48,True,4.027073,1.933705,0.53219,0.14898,12.254593,,,0.206749,0.1008
dedicated_trend,趋势专属分支,688050.SH,爱博医疗,2024-09-12,0.202967,trend,143.331892,149.644154,143.331892,148.392585,True,3.087198,1.498931,0.560538,0.213864,11.138544,,,0.202967,0.078611
dedicated_trend,趋势专属分支,601118.SH,海南橡胶,2024-09-12,0.202469,trend,4.96213,5.212321,4.951705,5.201896,True,4.831933,1.941476,0.597763,0.212682,7.60309,,,0.202469,0.112793
dedicated_trend,趋势专属分支,600660.SH,福耀玻璃,2024-09-18,0.220003,trend,87.813217,91.438372,87.813217,91.068817,True,4.334677,1.488537,0.597857,0.308174,11.78055,,,0.220003,0.104522
dedicated_trend,趋势专属分支,601628.SH,中国人寿,2024-09-18,0.216578,trend,43.74291,45.344041,43.704483,44.985388,True,3.051643,1.320229,0.561801,0.431818,5.659251,,,0.216578,0.110957
dedicated_trend,趋势专属分支,600536.SH,中国软件,2024-09-18,0.210837,trend,115.212727,118.670156,114.199944,118.181227,True,2.390318,1.549117,0.591964,0.199934,15.94285,,,0.210837,0.118471
dedicated_trend,趋势专属分支,603129.SH,春风动力,2024-09-19,0.210246,trend,159.076195,165.39113,158.528472,164.70379,True,2.857143,1.705473,0.551397,0.211374,15.754283,,,0.210246,0.106437
dedicated_trend,趋势专属分支,600071.SH,凤凰光学,2024-09-19,0.206106,trend,16.846771,17.433274,16.846771,17.433274,True,2.863962,1.354082,0.576774,0.249813,5.659651,,,0.206106,0.082522
dedicated_trend,趋势专属分支,601799.SH,星宇股份,2024-09-19,0.203598,trend,164.908193,173.290917,164.123539,172.754737,True,4.857914,2.278623,0.651581,0.068524,14.266001,,,0.203598,0.105303
dedicated_trend,趋势专属分支,600718.SH,东软集团,2024-09-20,0.21938,trend,12.260125,12.527875,12.119204,12.499691,True,2.424942,1.302479,0.608092,0.387676,7.166967,,,0.21938,0.108609
dedicated_trend,趋势专属分支,002474.SZ,榕基软件,2024-09-20,0.203138,trend,28.165713,29.294851,27.977523,29.169391,True,3.333333,2.305476,0.621214,0.151643,9.210617,,,0.203138,0.097374
dedicated_trend,趋势专属分支,002017.SZ,东信和平,2024-09-20,0.193177,trend,25.496991,26.740042,25.236818,26.740042,True,4.875283,3.190582,0.61967,0.18,18.51231,,,0.193177,0.080699
dedicated_trend,趋势专属分支,600007.SH,中国国贸,2024-09-23,0.215369,trend,34.29603,35.327699,33.933551,35.24405,True,2.764228,1.512028,0.560116,0.018769,16.39478,,,0.215369,0.11485
dedicated_trend,趋势专属分支,688036.SH,传音控股,2024-09-23,0.194776,trend,133.098303,138.161658,130.798182,137.544176,True,5.531209,1.427184,0.563598,0.056105,9.814866,,,0.194776,0.071837
dedicated_trend,趋势专属分支,300295.SZ,三六五网,2024-09-23,0.17793,trend,40.203667,42.680121,39.855416,42.525342,True,4.26945,1.455619,0.44443,0.136767,9.126229,,,0.17793,0.028599
dedicated_trend,趋势专属分支,000528.SZ,柳工,2024-09-24,0.220671,trend,27.920825,29.627542,27.920825,29.574207,True,6.124402,1.891544,0.518528,0.081602,14.625401,,,0.220671,0.127557
dedicated_trend,趋势专属分支,002736.SZ,国信证券,2024-09-24,0.21732,trend,11.484383,11.92609,11.459142,11.90085,True,3.969129,2.06208,0.641436,0.093052,7.340794,,,0.21732,0.110656
dedicated_trend,趋势专属分支,601601.SH,中国太保,2024-09-24,0.216829,trend,47.233808,50.00689,46.71576,49.930706,True,6.707913,2.206383,0.579159,0.162101,2.012733,,,0.216829,0.102832
dedicated_trend,趋势专属分支,600000.SH,浦发银行,2024-09-25,0.21534,trend,38.670095,39.838124,38.586665,39.587832,True,4.40044,2.693745,0.652393,0.09,6.713266,,,0.21534,0.109093
dedicated_trend,趋势专属分支,600015.SH,华夏银行,2024-09-25,0.208726,trend,22.301919,22.893133,22.301919,22.827442,True,3.576751,1.521432,0.711036,0.03,0.062535,,,0.208726,0.095534
dedicated_trend,趋势专属分支,603206.SH,嘉环科技,2024-09-25,0.20126,trend,13.800751,14.216436,13.644869,14.143691,True,3.106061,2.213972,0.590157,0.088562,6.884109,,,0.20126,0.07263
dedicated_trend,趋势专属分支,600031.SH,三一重工,2024-09-26,0.21732,trend,99.207296,102.118169,98.732051,102.118169,True,2.934132,1.477346,0.708915,0.049974,1.488,,,0.21732,0.111252
dedicated_trend,趋势专属分支,601216.SH,君正集团,2024-09-26,0.215614,trend,69.786367,72.071563,69.259014,71.895779,True,3.282828,1.799265,0.672907,0.053362,3.949218,,,0.215614,0.109332
dedicated_trend,趋势专属分支,002043.SZ,兔宝宝,2024-09-26,0.214851,trend,42.242885,45.790953,41.950691,45.707469,True,8.308605,2.332495,0.565228,0.105,9.58192,,,0.214851,0.130012
dedicated_trend,趋势专属分支,601919.SH,中远海控,2024-09-27,0.233534,trend,29.668393,30.092516,28.799951,29.971338,True,2.133517,1.324883,0.387501,0.06,11.797413,,,0.233534,0.141742
dedicated_trend,趋势专属分支,000021.SZ,深科技,2024-09-27,0.218441,trend,24.655707,25.978696,24.518253,25.858424,True,6.51097,2.19634,0.558452,0.126355,-2.31516,,,0.218441,0.137825
dedicated_trend,趋势专属分支,300525.SZ,博思软件,2024-09-27,0.218441,trend,115.899188,123.650407,115.345529,123.465854,True,7.383628,2.993171,0.585098,0.098467,-3.332609,,,0.218441,0.128659
dedicated_trend,趋势专属分支,601669.SH,中国电建,2024-09-30,0.223151,trend,7.031439,7.411163,6.887406,7.384975,True,8.880309,3.073002,0.39412,0.165,1.534488,,,0.223151,0.148548
dedicated_trend,趋势专属分支,601825.SH,沪农商行,2024-09-30,0.221195,trend,9.073411,9.491015,8.921554,9.402433,True,4.647887,2.955938,0.554758,0.167205,-10.986183,,,0.221195,0.122022
dedicated_trend,趋势专属分支,000902.SZ,新洋丰,2024-09-30,0.220332,trend,29.968559,31.630877,29.523713,31.607464,True,8.958838,2.522505,0.56518,0.105,-15.261191,,,0.220332,0.116669
dedicated_trend,趋势专属分支,002094.SZ,青岛金王,2024-10-08,0.183164,trend,7.815757,7.841637,7.116997,7.763997,True,9.090909,2.625154,0.24359,0.205276,3.530157,,,0.183164,0.112037
dedicated_trend,趋势专属分支,000547.SZ,航天发展,2024-10-08,0.182797,trend,24.122449,24.122449,21.960134,24.010121,True,9.475032,4.293418,0.246743,0.202932,4.532123,,,0.182797,0.119981
dedicated_trend,趋势专属分支,002422.SZ,科伦药业,2024-10-08,0.18279,trend,248.231041,248.301601,228.121363,246.749275,True,9.28125,1.965518,0.433414,0.03,-18.345979,,,0.18279,0.095421
dedicated_trend,趋势专属分支,000525.SZ,红太阳,2024-10-10,0.137476,trend,10.581395,10.783588,10.334271,10.749889,True,4.704595,1.479707,0.260327,0.089708,-16.95024,,,0.137476,0.043494
dedicated_trend,趋势专属分支,603016.SH,新宏泰,2024-10-11,0.084203,trend,26.244908,28.869399,25.666826,28.672851,True,9.251101,1.762793,0.246185,0.015,31.275225,,,0.084203,0.017023
dedicated_trend,趋势专属分支,605499.SH,东鹏饮料,2024-10-14,0.200595,trend,304.576138,312.168312,298.625515,312.168312,True,3.435772,1.920696,0.362283,0.06,9.733211,,,0.200595,0.111625
dedicated_trend,趋势专属分支,601077.SH,渝农商行,2024-10-14,0.180587,trend,7.548489,8.099179,7.548489,8.045453,True,9.306569,2.876323,0.550563,0.075,-1.552173,,,0.180587,0.092913
dedicated_trend,趋势专属分支,600962.SH,国投中鲁,2024-10-14,0.111146,trend,18.244562,20.25712,17.889405,20.086118,True,9.071429,2.987143,0.292487,0.06,8.907652,,,0.111146,0.052116
dedicated_trend,趋势专属分支,002380.SZ,科远智慧,2024-10-15,0.112948,trend,70.300754,73.651601,68.625331,73.584584,True,4.273504,2.153796,0.278143,0.075,19.685156,,,0.112948,0.090039
dedicated_trend,趋势专属分支,002130.SZ,沃尔核材,2024-10-15,0.09287,trend,116.091429,119.556845,115.883504,118.378604,True,8.928571,2.664788,0.22226,0.09,32.202609,,,0.09287,0.028647
dedicated_trend,趋势专属分支,603900.SH,莱绅通灵,2024-10-15,0.079588,trend,10.544402,11.891929,10.190676,11.824553,True,9.345794,2.108038,0.246377,0.075,18.168061,,,0.079588,0.010192
dedicated_trend,趋势专属分支,601963.SH,重庆银行,2024-10-16,0.147633,trend,10.001782,11.074263,9.989732,10.98991,True,8.313539,3.496827,0.321277,0.075,11.438627,,,0.147633,0.096172
dedicated_trend,趋势专属分支,000503.SZ,国新健康,2024-10-16,0.10647,trend,12.662284,14.13855,12.662284,14.018528,True,9.056956,1.945984,0.245487,0.0,37.100584,,,0.10647,0.062365
dedicated_trend,趋势专属分支,002941.SZ,新疆交建,2024-10-16,0.097432,trend,11.869438,12.945628,11.806747,12.903834,True,7.204861,2.285773,0.277261,0.135,17.906678,,,0.097432,0.037915
dedicated_trend,趋势专属分支,002197.SZ,证通电子,2024-10-17,0.161253,trend,10.478277,11.012883,10.371356,11.012883,True,5.102041,1.329467,0.367057,0.105,14.682602,,,0.161253,0.096959
dedicated_trend,趋势专属分支,603615.SH,茶花股份,2024-10-17,0.103633,trend,21.270823,22.657298,20.912651,22.472434,True,7.458564,1.469454,0.246,0.075,34.603224,,,0.103633,0.073856
dedicated_trend,趋势专属分支,002971.SZ,和远气体,2024-10-17,0.096555,trend,27.180017,29.591896,26.901723,29.379862,True,7.516974,2.147172,0.24511,0.045,36.088717,,,0.096555,0.06003
dedicated_trend,趋势专属分支,603969.SH,银龙股份,2024-10-18,0.14175,trend,25.978205,26.826858,25.318142,26.779711,True,2.898551,1.605562,0.298638,0.06,16.431937,,,0.14175,0.09321
dedicated_trend,趋势专属分支,603992.SH,松霖科技,2024-10-18,0.116833,trend,23.110263,24.098067,22.849744,23.880967,True,2.135562,1.37352,0.290296,0.0,22.148604,,,0.116833,0.076939
dedicated_trend,趋势专属分支,605158.SH,华达新材,2024-10-18,0.09741,trend,13.155561,14.044832,13.084984,13.946024,True,5.218317,1.519728,0.245536,0.075,22.16341,,,0.09741,0.078295
dedicated_trend,趋势专属分支,603018.SH,华设集团,2024-10-21,0.285499,trend,62.236962,64.999638,61.776516,64.922897,True,3.803681,1.628416,0.200151,0.06,11.642737,,,0.285499,0.118695
dedicated_trend,趋势专属分支,002111.SZ,威海广泰,2024-10-21,0.186446,trend,35.68589,38.616468,35.68589,38.250146,True,7.185629,2.476488,0.296249,0.045,17.434777,,,0.186446,0.108113
dedicated_trend,趋势专属分支,603867.SH,新化股份,2024-10-21,0.156288,trend,34.507925,36.695544,33.886924,36.695544,True,7.216495,2.874739,0.326633,0.015,11.530929,,,0.156288,0.085894
dedicated_trend,趋势专属分支,000070.SZ,特发信息,2024-10-22,0.169094,trend,11.536318,12.004672,11.437717,12.004672,True,4.956897,1.473975,0.524942,0.048789,9.751873,,,0.169094,0.096484
dedicated_trend,趋势专属分支,600850.SH,电科数字,2024-10-22,0.13963,trend,48.850733,51.000165,47.678316,50.64844,True,8.724832,3.421597,0.24571,0.0,19.168495,,,0.13963,0.0714
dedicated_trend,趋势专属分支,002973.SZ,侨银股份,2024-10-22,0.139201,trend,10.899329,11.88265,10.723367,11.768792,True,8.908046,2.499378,0.243176,0.045,20.937112,,,0.139201,0.103946
dedicated_trend,趋势专属分支,002849.SZ,威星智能,2024-10-23,0.118358,trend,30.209346,32.280844,29.777784,32.043484,True,6.223176,1.73275,0.24555,0.09,12.578282,,,0.118358,0.066693
dedicated_trend,趋势专属分支,002183.SZ,怡亚通,2024-10-23,0.111604,trend,20.051073,22.080935,20.001565,21.932409,True,9.382716,1.909489,0.245714,0.06,14.331423,,,0.111604,0.065037
dedicated_trend,趋势专属分支,002079.SZ,苏州固锝,2024-10-23,0.106429,trend,27.095639,28.770642,26.997109,28.573583,True,5.5505,1.498751,0.245011,0.015,6.872632,,,0.106429,0.078713
dedicated_trend,趋势专属分支,603319.SH,美湖股份,2024-10-24,0.155363,trend,49.200994,54.060023,49.200994,53.582086,True,8.787062,2.538254,0.288815,0.03,15.095603,,,0.155363,0.106278
dedicated_trend,趋势专属分支,603955.SH,大千生态,2024-10-24,0.129089,trend,12.491969,13.245795,12.222745,13.124644,True,4.389722,2.541059,0.290256,0.100704,16.027278,,,0.129089,0.092336
dedicated_trend,趋势专属分支,000586.SZ,汇源通信,2024-10-24,0.086369,trend,9.07,9.83,8.97,9.78,True,7.002188,2.067073,0.287913,0.045,16.919163,,,0.086369,0.05629
dedicated_trend,趋势专属分支,600052.SH,东望时代,2024-10-25,0.184084,trend,5.029595,5.351578,5.018492,5.351578,True,6.167401,1.792395,0.297214,0.05421,14.362972,,,0.184084,0.099624
dedicated_trend,趋势专属分支,600135.SH,乐凯胶片,2024-10-25,0.171851,trend,6.83653,7.157639,6.83653,7.157639,True,5.335366,1.337421,0.257164,0.240984,11.311684,,,0.171851,0.113987
dedicated_trend,趋势专属分支,000796.SZ,凯撒旅业,2024-10-25,0.161108,trend,4.817947,5.058844,4.66084,5.027423,True,4.347826,3.773379,0.246073,0.129933,23.544765,,,0.161108,0.104676
dedicated_trend,趋势专属分支,600664.SH,哈药股份,2024-10-28,0.219095,trend,9.013951,9.677414,8.968195,9.585902,True,7.435897,1.987826,0.288226,0.061632,15.355948,,,0.219095,0.11769
dedicated_trend,趋势专属分支,002491.SZ,通鼎互联,2024-10-28,0.191045,trend,17.569619,18.410271,17.485554,18.326206,True,3.809524,1.310654,0.300014,0.077861,15.272866,,,0.191045,0.096899
dedicated_trend,趋势专属分支,002480.SZ,新筑股份,2024-10-28,0.186764,trend,19.003527,20.645301,19.003527,20.604256,True,7.725322,1.488916,0.248821,0.144768,12.233201,,,0.186764,0.102172
dedicated_trend,趋势专属分支,002328.SZ,新朋股份,2024-10-29,0.138526,trend,16.871825,18.065735,16.840407,17.908641,True,5.751391,2.735395,0.32567,0.0,13.138904,,,0.138526,0.081518
dedicated_trend,趋势专属分支,603360.SH,百傲化学,2024-10-29,0.136588,trend,97.23111,98.964869,91.092664,97.980844,True,8.90625,1.616689,0.244908,0.015,16.155251,,,0.136588,0.096091
dedicated_trend,趋势专属分支,603185.SH,弘元绿能,2024-10-29,0.100949,trend,71.077925,76.303113,71.077925,75.688385,True,9.141274,2.535331,0.24493,0.024541,29.640496,,,0.100949,0.058692
dedicated_trend,趋势专属分支,002546.SZ,新联电子,2024-10-30,0.1897,trend,43.489843,45.576476,43.050551,45.356831,True,6.443299,3.115672,0.316792,0.146231,12.894362,,,0.1897,0.113563
dedicated_trend,趋势专属分支,603508.SH,思维列控,2024-10-30,0.158597,trend,54.194174,57.715652,54.034107,57.166851,True,6.022053,1.971504,0.253941,0.131132,17.537548,,,0.158597,0.103956
dedicated_trend,趋势专属分支,600626.SH,申达股份,2024-10-30,0.148511,trend,6.883188,7.196853,6.656653,7.127149,True,3.544304,1.415058,0.243103,0.060007,10.238563,,,0.148511,0.089762
dedicated_trend,趋势专属分支,000823.SZ,超声电子,2024-10-31,0.208785,trend,10.779073,11.404441,10.699481,11.393071,True,5.584826,1.762976,0.328675,0.183267,12.590801,,,0.208785,0.109711
dedicated_trend,趋势专属分支,002310.SZ,东方新能,2024-10-31,0.204052,trend,76.309385,80.962397,76.309385,80.962397,True,4.819277,1.429655,0.315764,0.179192,27.136599,,,0.204052,0.112411
dedicated_trend,趋势专属分支,002195.SZ,岩山科技,2024-10-31,0.201949,trend,69.985914,71.833727,69.062008,71.371774,True,3.0,1.322981,0.280412,0.082951,9.64949,,,0.201949,0.088375
dedicated_trend,趋势专属分支,603959.SH,百利科技,2024-11-01,0.115734,trend,5.296341,5.296341,4.780592,5.296341,True,5.11811,1.454222,0.25,0.118478,37.820188,,,0.115734,0.050109
dedicated_trend,趋势专属分支,603669.SH,灵康药业,2024-11-01,0.108336,trend,17.488188,18.293353,17.133915,18.164527,True,3.867403,1.578078,0.327127,0.072046,30.552283,,,0.108336,0.036497
dedicated_trend,趋势专属分支,600517.SH,国网英大,2024-11-04,0.19645,trend,13.481164,13.68171,12.968657,13.614861,True,4.802744,2.049122,0.246591,0.15068,16.582954,,,0.19645,0.119952
dedicated_trend,趋势专属分支,600715.SH,文投控股,2024-11-04,0.178654,trend,4.575171,4.595415,4.392974,4.595415,True,5.092593,1.637131,0.380464,0.124797,13.827302,,,0.178654,0.101837
dedicated_trend,趋势专属分支,002075.SZ,沙钢股份,2024-11-04,0.177936,trend,9.469475,10.353492,9.379575,10.263592,True,9.076433,1.531566,0.244592,0.11566,9.532591,,,0.177936,0.084577
dedicated_trend,趋势专属分支,688425.SH,铁建重工,2024-11-05,0.262364,trend,5.043943,5.322377,5.001107,5.29025,True,5.555556,1.770283,0.268608,0.147497,13.227485,,,0.262364,0.128766
dedicated_trend,趋势专属分支,601688.SH,华泰证券,2024-11-05,0.247286,trend,25.308074,26.762405,24.981869,26.721629,True,6.44288,1.45769,0.247807,0.196154,11.655697,,,0.247286,0.140335
dedicated_trend,趋势专属分支,600512.SH,腾达建设,2024-11-05,0.232256,trend,5.313923,5.470215,5.291595,5.447887,True,2.521008,1.489203,0.328038,0.279757,4.824468,,,0.232256,0.104061
dedicated_trend,趋势专属分支,301158.SZ,德石股份,2024-11-06,0.225084,trend,15.120818,16.42398,15.017392,16.310212,True,8.013699,2.81987,0.213084,0.200772,9.614676,,,0.225084,0.099224
dedicated_trend,趋势专属分支,002329.SZ,皇氏集团,2024-11-06,0.215095,trend,21.20342,21.614566,20.733538,21.497096,True,2.234637,1.379849,0.230903,0.162681,10.984474,,,0.215095,0.093073
dedicated_trend,趋势专属分支,002172.SZ,澳洋健康,2024-11-06,0.203585,trend,4.68154,4.831589,4.5615,4.801579,True,3.896104,1.77759,0.237616,0.212851,11.78874,,,0.203585,0.098849
dedicated_trend,趋势专属分支,002736.SZ,国信证券,2024-11-07,0.255904,trend,15.346164,16.545083,15.270443,16.519843,True,6.336312,1.792691,0.212288,0.260854,8.108722,,,0.255904,0.114388
dedicated_trend,趋势专属分支,000728.SZ,国元证券,2024-11-07,0.221002,trend,19.770603,21.281014,19.657886,21.100666,True,5.762712,1.569798,0.222527,0.188154,7.797441,,,0.221002,0.103491
dedicated_trend,趋势专属分支,600739.SH,辽宁成大,2024-11-07,0.21967,trend,19.235276,20.432425,19.170565,20.335359,True,4.924875,1.451543,0.206687,0.211777,8.030385,,,0.21967,0.114895
dedicated_trend,趋势专属分支,000922.SZ,佳电股份,2024-11-08,0.249656,trend,15.323845,15.891394,15.117463,15.801102,True,4.344123,1.454423,0.286097,0.185443,6.331591,,,0.249656,0.098459
dedicated_trend,趋势专属分支,605123.SH,派克新材,2024-11-08,0.179372,trend,62.443933,66.285994,61.754868,65.680452,True,5.909091,2.397532,0.274527,0.166407,3.076848,,,0.179372,0.096387
dedicated_trend,趋势专属分支,002863.SZ,今飞凯达,2024-11-08,0.172404,trend,8.154426,8.275875,8.032977,8.275875,True,2.141328,1.927044,0.304518,0.276512,5.172808,,,0.172404,0.095445
dedicated_trend,趋势专属分支,688510.SH,航亚科技,2024-11-11,0.23615,trend,18.104701,19.060255,18.104701,19.060255,True,4.865772,1.373688,0.200617,0.148768,3.670523,,,0.23615,0.123683
dedicated_trend,趋势专属分支,001212.SZ,中旗新材,2024-11-11,0.23085,trend,30.177634,32.617982,30.084287,32.404618,True,6.299213,1.731643,0.241682,0.157256,5.892113,,,0.23085,0.112795
dedicated_trend,趋势专属分支,688539.SH,高华科技,2024-11-11,0.229781,trend,40.079703,41.972672,40.079703,41.602618,True,3.104056,1.373099,0.232965,0.148665,9.611886,,,0.229781,0.116065
dedicated_trend,趋势专属分支,300836.SZ,佰奥智能,2024-11-12,0.191877,trend,68.913172,71.908823,66.64334,71.88243,True,5.808081,1.59361,0.249781,0.296724,11.739649,,,0.191877,0.082294
dedicated_trend,趋势专属分支,002930.SZ,宏川智慧,2024-11-12,0.186301,trend,24.339976,25.366724,24.319843,25.165401,True,3.476821,2.387948,0.250926,0.192636,4.68558,,,0.186301,0.093798
dedicated_trend,趋势专属分支,603535.SH,嘉诚国际,2024-11-12,0.18296,trend,23.785683,24.721075,23.785683,24.721075,True,4.029991,1.459513,0.32268,0.173388,5.796317,,,0.18296,0.101334
dedicated_trend,趋势专属分支,603867.SH,新化股份,2024-11-13,0.202862,trend,36.52618,37.923434,36.018088,37.895206,True,5.129209,1.927691,0.305114,0.226238,10.289334,,,0.202862,0.104357
dedicated_trend,趋势专属分支,601968.SH,宝钢包装,2024-11-13,0.188118,trend,6.061106,6.290859,6.006403,6.258037,True,3.623188,2.085428,0.268974,0.230633,5.590659,,,0.188118,0.101922
dedicated_trend,趋势专属分支,300442.SZ,润泽科技,2024-11-13,0.18746,trend,65.505287,69.828942,64.759169,69.733286,True,5.40775,1.636705,0.22773,0.212445,6.047875,,,0.18746,0.095805
dedicated_trend,趋势专属分支,002404.SZ,嘉欣丝绸,2024-11-14,0.161397,trend,35.142905,36.813634,35.142905,36.756022,True,4.078303,2.199064,0.378396,0.311798,2.337902,,,0.161397,0.096257
dedicated_trend,趋势专属分支,300586.SZ,美联新材,2024-11-14,0.137013,trend,52.337121,56.089114,51.51041,55.961927,True,6.796117,2.785207,0.227857,0.192857,4.156956,,,0.137013,0.070884
dedicated_trend,趋势专属分支,600715.SH,文投控股,2024-11-14,0.134083,trend,4.919321,5.243227,4.878833,5.243227,True,4.8583,1.378008,0.25,0.05102,21.909651,,,0.134083,0.08958
dedicated_trend,趋势专属分支,002833.SZ,弘亚数控,2024-11-15,0.209285,trend,68.047528,71.811219,68.047528,71.096118,True,4.249448,2.277382,0.264459,0.21958,12.737096,,,0.209285,0.095271
dedicated_trend,趋势专属分支,603037.SH,凯众股份,2024-11-15,0.128541,trend,43.792566,46.311473,43.428386,45.947293,True,4.198211,2.331924,0.320385,0.049759,13.458397,,,0.128541,0.06334
dedicated_trend,趋势专属分支,603211.SH,晋拓股份,2024-11-15,0.090352,trend,16.7532,17.95346,16.218631,17.802166,True,3.762493,2.730801,0.334021,0.075,21.660088,,,0.090352,0.027956
dedicated_trend,趋势专属分支,603167.SH,渤海轮渡,2024-11-18,0.214774,trend,12.712908,13.298757,12.683616,13.210879,True,4.157044,2.427861,0.348487,0.415658,4.863386,,,0.214774,0.107907
dedicated_trend,趋势专属分支,601186.SH,中国铁建,2024-11-18,0.189721,trend,13.894445,14.528573,13.683069,14.458114,True,9.498399,4.174166,0.248825,0.326341,10.896527,,,0.189721,0.114754
dedicated_trend,趋势专属分支,605167.SH,利柏特,2024-11-18,0.182753,trend,9.619074,10.393491,9.262435,10.373112,True,8.067941,3.158155,0.447296,0.108704,13.983126,,,0.182753,0.10915
dedicated_trend,趋势专属分支,300109.SZ,新开源,2024-11-19,0.198031,trend,100.657566,107.440226,97.843483,107.440226,True,7.199424,3.015384,0.198223,0.167968,10.677778,,,0.198031,0.098496
dedicated_trend,趋势专属分支,301125.SZ,腾亚精工,2024-11-19,0.172947,trend,22.580731,24.723275,22.580731,24.723275,True,9.183673,2.261031,0.24669,0.209953,9.063897,,,0.172947,0.09094
dedicated_trend,趋势专属分支,600163.SH,中闽能源,2024-11-19,0.170579,trend,6.393484,6.754407,6.187243,6.723471,True,5.16129,1.638891,0.246842,0.17504,12.192937,,,0.170579,0.096484
dedicated_trend,趋势专属分支,605507.SH,国邦医药,2024-11-20,0.248157,trend,22.863663,23.797092,22.745643,23.582511,True,2.28013,1.575512,0.38316,0.184313,12.871411,,,0.248157,0.117515
dedicated_trend,趋势专属分支,002393.SZ,力生制药,2024-11-20,0.224331,trend,30.860593,31.828226,30.791476,31.793668,True,4.843305,2.421124,0.373659,0.318476,7.561817,,,0.224331,0.110494
dedicated_trend,趋势专属分支,603387.SH,基蛋生物,2024-11-20,0.217312,trend,38.93948,39.843048,38.638291,39.498832,True,2.455357,1.940468,0.319173,0.341273,7.701137,,,0.217312,0.102714
dedicated_trend,趋势专属分支,002092.SZ,中泰化学,2024-11-21,0.287109,trend,8.067385,8.412883,8.01556,8.412883,True,4.956897,1.960713,0.288149,0.188255,14.959737,,,0.287109,0.135048
dedicated_trend,趋势专属分支,002749.SZ,国光股份,2024-11-21,0.212563,trend,103.087585,107.219788,102.652616,106.422345,True,3.23488,1.613137,0.398001,0.268702,12.593872,,,0.212563,0.110784
dedicated_trend,趋势专属分支,300166.SZ,东方国信,2024-11-21,0.189064,trend,188.888913,205.143449,187.020576,203.275112,True,5.120773,2.470948,0.225174,0.248213,12.247099,,,0.189064,0.08649
dedicated_trend,趋势专属分支,002217.SZ,合力泰,2024-11-22,0.150182,trend,8.428272,8.554067,8.271028,8.49117,True,4.247104,1.521034,0.246732,0.12,21.192251,,,0.150182,0.04789
dedicated_trend,趋势专属分支,603155.SH,新亚强,2024-11-25,0.208376,trend,29.453046,30.970324,29.453046,30.881073,True,4.216867,1.596863,0.390788,0.235702,10.599525,,,0.208376,0.104394
dedicated_trend,趋势专属分支,000889.SZ,中嘉博创,2024-11-25,0.194493,trend,3.380157,3.452075,3.365773,3.452075,True,4.803493,1.35983,0.25,0.085953,15.448685,,,0.194493,0.093427
dedicated_trend,趋势专属分支,300889.SZ,爱克股份,2024-11-25,0.193714,trend,13.98774,15.264882,13.98774,15.143249,True,7.792208,2.535401,0.292742,0.223453,15.585024,,,0.193714,0.097039
dedicated_trend,趋势专属分支,002386.SZ,天原股份,2024-11-26,0.193307,trend,11.942126,12.433572,11.622687,12.310711,True,3.298969,2.686036,0.420098,0.058029,14.217469,,,0.193307,0.095323
dedicated_trend,趋势专属分支,301083.SZ,百胜智能,2024-11-26,0.117254,trend,15.45368,16.243063,15.45368,16.232943,True,3.81877,2.178366,0.255879,0.144889,11.745129,,,0.117254,0.074486
dedicated_trend,趋势专属分支,688018.SH,乐鑫科技,2024-11-27,0.197984,trend,194.734732,209.70439,192.754087,208.398313,True,4.989154,1.579898,0.246606,0.184708,14.378412,,,0.197984,0.088826
dedicated_trend,趋势专属分支,300388.SZ,节能国祯,2024-11-27,0.185197,trend,44.544335,48.017696,44.30059,47.773951,True,6.666667,2.395344,0.326099,0.377299,8.525379,,,0.185197,0.079785
dedicated_trend,趋势专属分支,688506.SH,百利天恒,2024-11-27,0.177688,trend,203.82,219.96,201.37,219.2,True,7.932444,1.302716,0.260278,0.158331,20.133111,,,0.177688,0.085211
dedicated_trend,趋势专属分支,600051.SH,宁波联合,2024-11-28,0.169247,trend,8.857129,9.238902,8.857129,9.187999,True,3.438395,1.41976,0.415248,0.22193,13.695691,,,0.169247,0.084797
dedicated_trend,趋势专属分支,002330.SZ,得利斯,2024-11-28,0.153118,trend,9.497502,9.78593,9.435697,9.724124,True,2.608696,1.374245,0.434004,0.333444,8.56053,,,0.153118,0.081985
dedicated_trend,趋势专属分支,300720.SZ,海川智能,2024-11-28,0.150198,trend,52.583053,56.95022,52.169942,56.920712,True,8.309938,1.770378,0.227158,0.292751,10.710337,,,0.150198,0.088423
dedicated_trend,趋势专属分支,000963.SZ,华东医药,2024-11-29,0.207535,trend,155.415537,166.882015,155.415537,166.157367,True,6.794521,2.047362,0.434336,0.128122,13.231464,,,0.207535,0.093025
dedicated_trend,趋势专属分支,002394.SZ,联发股份,2024-11-29,0.164803,trend,40.775241,42.373259,40.775241,42.012416,True,3.164557,1.988664,0.404319,0.219451,11.154723,,,0.164803,0.083181
dedicated_trend,趋势专属分支,002404.SZ,嘉欣丝绸,2024-11-29,0.164199,trend,37.10169,38.369139,36.928856,38.138694,True,2.954899,1.540341,0.524121,0.179408,8.958725,,,0.164199,0.092363
dedicated_trend,趋势专属分支,001206.SZ,依依股份,2024-12-02,0.206888,trend,36.298866,38.128311,35.696488,37.882898,True,5.139319,1.832352,0.334607,0.259953,9.759501,,,0.206888,0.09397
dedicated_trend,趋势专属分支,002422.SZ,科伦药业,2024-12-02,0.206246,trend,237.414433,245.380406,235.636314,244.029035,True,4.859413,1.376458,0.509972,0.157808,15.010952,,,0.206246,0.100345
dedicated_trend,趋势专属分支,002367.SZ,康力电梯,2024-12-02,0.203899,trend,64.038177,66.592406,63.03473,66.501184,True,4.741379,2.357319,0.432455,0.197587,10.524124,,,0.203899,0.102166
dedicated_trend,趋势专属分支,605166.SH,聚合顺,2024-12-03,0.196347,trend,12.698405,13.108379,12.590517,13.000491,True,3.700516,1.655491,0.489891,0.183524,10.573887,,,0.196347,0.089141
dedicated_trend,趋势专属分支,000789.SZ,万年青,2024-12-03,0.192689,trend,17.2629,17.715598,16.991281,17.655239,True,2.272727,2.120344,0.426007,0.362413,8.363438,,,0.192689,0.090241
dedicated_trend,趋势专属分支,601229.SH,上海银行,2024-12-03,0.192535,trend,29.044758,29.972477,28.937713,29.972477,True,3.575832,1.528286,0.605953,0.315184,8.19608,,,0.192535,0.102708
dedicated_trend,趋势专属分支,000048.SZ,京基智农,2024-12-04,0.200897,trend,30.500639,31.59231,30.368315,31.410365,True,2.482461,2.004172,0.248936,0.175828,19.043317,,,0.200897,0.112758
dedicated_trend,趋势专属分支,603223.SH,恒通股份,2024-12-04,0.133604,trend,37.466052,38.661777,36.987762,38.62192,True,3.085106,1.746887,0.491715,0.120307,10.017612,,,0.133604,0.06791
dedicated_trend,趋势专属分支,300650.SZ,太龙股份,2024-12-04,0.11285,trend,39.754491,41.284664,39.004406,40.89462,True,3.414264,1.374744,0.288463,0.131871,11.839134,,,0.11285,0.059338
dedicated_trend,趋势专属分支,000898.SZ,鞍钢股份,2024-12-05,0.212969,trend,4.295223,4.463006,4.295223,4.463006,True,3.501946,1.492759,0.393298,0.232218,10.268715,,,0.212969,0.098593
dedicated_trend,趋势专属分支,002358.SZ,森源电气,2024-12-05,0.212442,trend,40.875254,44.039238,40.789741,43.611673,True,6.471816,1.981112,0.217611,0.334025,10.43929,,,0.212442,0.108143
dedicated_trend,趋势专属分支,002249.SZ,大洋电机,2024-12-05,0.206701,trend,37.821343,39.29143,37.687699,38.95732,True,2.821869,2.033273,0.505907,0.283889,4.519156,,,0.206701,0.107364
dedicated_trend,趋势专属分支,600758.SH,辽宁能源,2024-12-06,0.234572,trend,5.165486,5.289789,5.137863,5.275978,True,2.139037,1.326593,0.370555,0.354967,4.826276,,,0.234572,0.108234
dedicated_trend,趋势专属分支,600496.SH,精工钢构,2024-12-06,0.216409,trend,11.789645,12.116128,11.753369,12.043576,True,2.469136,1.78991,0.385101,0.258934,8.257432,,,0.216409,0.107298
dedicated_trend,趋势专属分支,000523.SZ,红棉股份,2024-12-06,0.213242,trend,8.294016,8.613016,8.244939,8.588478,True,3.857567,1.544569,0.296516,0.269574,10.489251,,,0.213242,0.104374
dedicated_trend,趋势专属分支,600051.SH,宁波联合,2024-12-09,0.22161,trend,9.238902,9.658852,9.162548,9.658852,True,4.834254,1.836353,0.357889,0.25007,7.723993,,,0.22161,0.112589
dedicated_trend,趋势专属分支,600075.SH,新疆天业,2024-12-09,0.212686,trend,7.024578,7.208628,7.009241,7.193291,True,2.401747,1.664751,0.456906,0.427792,1.143295,,,0.212686,0.105459
dedicated_trend,趋势专属分支,301123.SZ,奕东电子,2024-12-09,0.191063,trend,21.394581,22.122288,21.311415,22.080705,True,2.807357,1.343076,0.35649,0.34569,5.84415,,,0.191063,0.084789
dedicated_trend,趋势专属分支,002949.SZ,华阳国际,2024-12-10,0.19918,trend,18.653436,18.956554,18.093833,18.886604,True,4.583602,1.78091,0.374654,0.279018,7.063071,,,0.19918,0.089242
dedicated_trend,趋势专属分支,002361.SZ,神剑股份,2024-12-10,0.176424,trend,45.655668,47.632104,44.963916,47.632104,True,6.637168,2.350568,0.270188,0.197354,16.753965,,,0.176424,0.093632
dedicated_trend,趋势专属分支,301303.SZ,真兰仪表,2024-12-10,0.162065,trend,23.539714,23.975634,23.176446,23.757674,True,3.35019,1.485966,0.264828,0.238963,5.978878,,,0.162065,0.082743
dedicated_trend,趋势专属分支,000663.SZ,永安林业,2024-12-11,0.230785,trend,6.35,6.59,6.34,6.58,True,5.111821,2.020025,0.338787,0.344315,9.05535,,,0.230785,0.096931
dedicated_trend,趋势专属分支,000401.SZ,金隅冀东,2024-12-11,0.227626,trend,7.257963,7.528141,7.257963,7.503579,True,3.209459,1.360605,0.363089,0.40119,3.799249,,,0.227626,0.101736
dedicated_trend,趋势专属分支,600662.SH,外服控股,2024-12-11,0.219302,trend,6.744469,6.983545,6.731886,6.945796,True,2.985075,1.684602,0.405449,0.496978,3.653828,,,0.219302,0.107917
dedicated_trend,趋势专属分支,000848.SZ,承德露露,2024-12-12,0.215392,trend,78.303569,80.874979,77.805877,80.79203,True,3.948773,2.46332,0.417873,0.324672,4.436079,,,0.215392,0.104174
dedicated_trend,趋势专属分支,002035.SZ,华帝股份,2024-12-12,0.211466,trend,45.216885,46.93258,45.16154,46.7112,True,3.431373,1.421772,0.430959,0.419188,2.943676,,,0.211466,0.103772
dedicated_trend,趋势专属分支,002867.SZ,周大生,2024-12-12,0.211166,trend,41.524673,43.100054,41.019362,42.832536,True,2.928571,1.569614,0.337538,0.202926,8.112905,,,0.211166,0.111954
dedicated_trend,趋势专属分支,000429.SZ,粤高速Ａ,2024-12-16,0.211413,trend,21.829454,23.042202,21.758116,22.828187,True,4.234528,1.550023,0.574822,0.192486,10.214913,,,0.211413,0.103196
dedicated_trend,趋势专属分支,600183.SH,生益科技,2024-12-16,0.205681,trend,65.230762,69.307685,64.997795,68.725267,True,5.877075,2.247499,0.424295,0.262507,11.913215,,,0.205681,0.096295
dedicated_trend,趋势专属分支,603983.SH,丸美生物,2024-12-16,0.19233,trend,34.217938,35.73686,33.964784,35.420418,True,3.578038,1.692877,0.379489,0.166611,9.22921,,,0.19233,0.089812
dedicated_trend,趋势专属分支,300481.SZ,濮阳惠成,2024-12-17,0.167348,trend,57.806679,59.879699,57.194968,59.743763,True,3.716814,3.036416,0.384214,0.385244,5.336139,,,0.167348,0.082264
dedicated_trend,趋势专属分支,301012.SZ,扬电科技,2024-12-17,0.153385,trend,34.509391,37.123739,34.353944,37.067213,True,6.409736,2.889316,0.326649,0.335018,8.653516,,,0.153385,0.09135
dedicated_trend,趋势专属分支,002986.SZ,宇新股份,2024-12-17,0.147011,trend,36.212857,38.789152,36.212857,38.615469,True,6.891026,4.149516,0.475076,0.190471,7.305053,,,0.147011,0.089003
dedicated_trend,趋势专属分支,600715.SH,文投控股,2024-12-18,0.199931,trend,5.755251,5.755251,5.544693,5.755251,True,5.128205,1.58449,0.25,0.316182,26.063866,,,0.199931,0.106128
dedicated_trend,趋势专属分支,000713.SZ,国投丰乐,2024-12-18,0.161574,trend,17.528355,18.500896,17.370034,18.387809,True,4.097311,3.533889,0.342001,0.394809,8.547006,,,0.161574,0.076041
dedicated_trend,趋势专属分支,001359.SZ,平安电工,2024-12-18,0.160636,trend,25.945817,27.624307,25.945817,27.523193,True,6.328125,2.866866,0.469201,0.226759,12.051739,,,0.160636,0.083022
dedicated_trend,趋势专属分支,002916.SZ,深南电路,2024-12-19,0.227368,trend,194.087473,212.923796,194.087473,211.027642,True,7.079967,2.766147,0.358093,0.255452,19.340341,,,0.227368,0.108281
dedicated_trend,趋势专属分支,688158.SH,优刻得-W,2024-12-19,0.16634,trend,15.001844,16.493021,14.951805,16.362919,True,7.213115,2.347722,0.384179,0.151492,7.45463,,,0.16634,0.059589
dedicated_trend,趋势专属分支,603386.SH,骏亚科技,2024-12-19,0.151945,trend,19.831412,21.123113,19.831412,21.016737,True,3.286034,1.833298,0.437838,0.32363,7.185413,,,0.151945,0.082796
dedicated_trend,趋势专属分支,301263.SZ,泰恩康,2024-12-20,0.202491,trend,28.890395,30.239881,28.795361,30.087826,True,4.488449,1.364176,0.411229,0.391887,5.424532,,,0.202491,0.089854
dedicated_trend,趋势专属分支,001328.SZ,登康口腔,2024-12-20,0.142778,trend,32.767212,34.845846,32.474741,34.67872,True,5.396825,1.466141,0.476426,0.257073,10.317196,,,0.142778,0.071764
dedicated_trend,趋势专属分支,603001.SH,奥康国际,2024-12-20,0.129816,trend,9.812047,10.659451,9.812047,10.629717,True,8.497724,1.812014,0.26648,0.108995,15.17767,,,0.129816,0.059669
dedicated_trend,趋势专属分支,603959.SH,百利科技,2024-12-23,0.155025,trend,6.605549,6.605549,6.506366,6.605549,True,5.047319,2.407115,0.232365,0.184833,8.598918,,,0.155025,0.076102
dedicated_trend,趋势专属分支,301019.SZ,宁波色母,2024-12-23,0.150393,trend,37.052102,39.544496,36.362243,39.344214,True,5.678422,2.41025,0.42106,0.153345,9.565015,,,0.150393,0.082783
dedicated_trend,趋势专属分支,002668.SZ,TCL智家,2024-12-24,0.203484,trend,59.283438,61.407761,59.283438,61.21015,True,3.336113,1.313274,0.467002,0.182406,11.121942,,,0.203484,0.103527
dedicated_trend,趋势专属分支,300557.SZ,理工光科,2024-12-24,0.170023,trend,41.344847,44.916028,40.859705,44.70041,True,6.211976,2.544192,0.361947,0.134256,6.749621,,,0.170023,0.079964
dedicated_trend,趋势专属分支,688252.SH,天德钰,2024-12-24,0.154218,trend,24.873318,26.118993,24.561899,26.118993,True,5.734038,1.698959,0.335443,0.106948,11.220545,,,0.154218,0.080506
dedicated_trend,趋势专属分支,603868.SH,飞科电器,2024-12-25,0.176669,trend,58.125,60.916421,56.830796,60.789538,True,3.032258,2.620651,0.456954,0.18,11.915001,,,0.176669,0.090869
dedicated_trend,趋势专属分支,601500.SH,通用股份,2024-12-25,0.140181,trend,7.372125,7.649571,7.279643,7.649571,True,4.324324,2.131131,0.528036,0.09,11.212704,,,0.140181,0.072146
dedicated_trend,趋势专属分支,300566.SZ,激智科技,2024-12-25,0.137221,trend,57.555113,60.585925,55.918475,60.010071,True,4.265403,2.742331,0.371862,0.121273,5.175808,,,0.137221,0.079228
dedicated_trend,趋势专属分支,600183.SH,生益科技,2024-12-26,0.193738,trend,70.647245,75.597794,69.598894,75.190102,True,5.993432,1.307362,0.377381,0.127532,14.562776,,,0.193738,0.096977
dedicated_trend,趋势专属分支,301377.SZ,鼎泰高科,2024-12-26,0.153073,trend,21.890043,23.006046,21.357638,22.985569,True,5.004677,2.614369,0.397881,0.169666,7.014583,,,0.153073,0.082448
dedicated_trend,趋势专属分支,002927.SZ,泰永长征,2024-12-26,0.141792,trend,35.857001,38.034757,35.451837,37.756206,True,4.705056,2.047517,0.402774,0.18,9.218651,,,0.141792,0.065296
dedicated_trend,趋势专属分支,002911.SZ,佛燃能源,2024-12-27,0.157944,trend,34.402163,35.369292,34.12584,35.341659,True,2.32,1.851955,0.637124,0.421763,4.660913,,,0.157944,0.091385
dedicated_trend,趋势专属分支,000729.SZ,燕京啤酒,2024-12-30,0.273078,trend,26.204359,27.103308,26.09199,27.013413,True,3.087479,1.477798,0.525584,0.239653,5.766937,,,0.273078,0.113477
dedicated_trend,趋势专属分支,002595.SZ,豪迈科技,2024-12-30,0.228243,trend,239.164302,251.299805,239.164302,249.651774,True,4.363257,1.492756,0.633592,0.152495,12.954863,,,0.228243,0.116875
dedicated_trend,趋势专属分支,600299.SH,安迪苏,2024-12-30,0.181919,trend,13.828109,14.311287,13.759083,14.230758,True,3.514644,2.01009,0.668856,0.191297,7.628435,,,0.181919,0.106012
dedicated_trend,趋势专属分支,000429.SZ,粤高速Ａ,2024-12-31,0.224466,trend,25.057503,26.252416,24.754316,26.216747,True,5.150215,1.361513,0.330496,0.120211,13.713556,,,0.224466,0.116305
dedicated_trend,趋势专属分支,600803.SH,新奥股份,2024-12-31,0.218841,trend,27.361725,28.160044,27.232964,27.915398,True,2.071563,1.333358,0.594399,0.122909,9.610811,,,0.218841,0.105849
dedicated_trend,趋势专属分支,300239.SZ,东宝生物,2024-12-31,0.15024,trend,33.121066,34.599196,32.902083,34.270722,True,2.622951,3.437475,0.558577,0.183639,12.059454,,,0.15024,0.07605
dedicated_trend,趋势专属分支,002345.SZ,潮宏基,2025-01-02,0.11215,trend,46.230726,49.955093,46.230726,49.631235,True,5.507745,2.814205,0.50356,0.173875,14.334414,,,0.11215,0.079769
dedicated_trend,趋势专属分支,301498.SZ,乖宝宠物,2025-01-03,0.159338,trend,79.220469,84.186228,77.216035,83.501295,True,5.163009,1.371077,0.272762,0.138848,21.093328,,,0.159338,0.096701
dedicated_trend,趋势专属分支,001328.SZ,登康口腔,2025-01-03,0.150942,trend,34.135559,36.778245,33.456608,36.485773,True,6.819572,2.659787,0.478518,0.139294,15.205206,,,0.150942,0.080146
dedicated_trend,趋势专属分支,603535.SH,嘉诚国际,2025-01-06,0.168212,trend,26.257791,27.705421,25.634196,27.68315,True,3.410982,2.093371,0.481417,0.254558,16.735038,,,0.168212,0.092876
dedicated_trend,趋势专属分支,301363.SZ,美好医疗,2025-01-06,0.162494,trend,33.947743,35.205818,32.720104,35.114506,True,4.561934,2.521242,0.584907,0.045,13.602369,,,0.162494,0.082374
dedicated_trend,趋势专属分支,002393.SZ,力生制药,2025-01-06,0.162363,trend,31.11978,33.089605,30.860593,33.089605,True,6.035437,3.590133,0.723936,0.195313,15.509203,,,0.162363,0.10741
dedicated_trend,趋势专属分支,000913.SZ,钱江摩托,2025-01-07,0.181215,trend,20.220769,21.635996,20.073585,21.5341,True,5.784205,1.998823,0.593857,0.01759,16.574361,,,0.181215,0.092139
dedicated_trend,趋势专属分支,300938.SZ,信测标准,2025-01-07,0.143979,trend,67.759036,69.846989,67.013339,69.846989,True,3.119266,1.31273,0.316116,0.177445,13.260319,,,0.143979,0.06579
dedicated_trend,趋势专属分支,002225.SZ,濮耐股份,2025-01-07,0.134851,trend,7.892497,8.490414,7.772914,8.415674,True,6.226415,2.631097,0.24424,0.190476,17.925588,,,0.134851,0.075891
dedicated_trend,趋势专属分支,605499.SH,东鹏饮料,2025-01-08,0.237301,trend,353.726915,370.70329,351.620258,367.857935,True,3.954693,1.382508,0.427515,0.218767,15.946491,,,0.237301,0.112714
dedicated_trend,趋势专属分支,000921.SZ,海信家电,2025-01-08,0.219421,trend,39.779683,42.550281,39.411117,42.435898,True,6.677316,2.081951,0.543233,0.144357,13.821371,,,0.219421,0.097131
dedicated_trend,趋势专属分支,603129.SH,春风动力,2025-01-08,0.205475,trend,173.585508,189.115091,170.836149,187.504138,True,7.307929,2.080222,0.580811,0.12,15.880522,,,0.205475,0.106056
dedicated_trend,趋势专属分支,002041.SZ,登海种业,2025-01-09,0.14292,trend,57.182835,60.225591,57.182835,59.700978,True,2.707581,2.207235,0.448373,0.045,22.361106,,,0.14292,0.089442
dedicated_trend,趋势专属分支,688665.SH,四方光电,2025-01-09,0.14288,trend,51.745762,55.782559,51.282278,55.558293,True,7.058485,1.805326,0.415073,0.09,11.364114,,,0.14288,0.07452
dedicated_trend,趋势专属分支,300131.SZ,英唐智控,2025-01-09,0.132914,trend,162.708964,172.345485,159.558562,172.160168,True,4.382022,1.904965,0.292068,0.165851,25.343454,,,0.132914,0.048555
dedicated_trend,趋势专属分支,001226.SZ,拓山重工,2025-01-10,0.12759,trend,28.129283,29.824437,27.944357,29.742248,True,4.663774,1.320367,0.567032,0.180159,16.9756,,,0.12759,0.078019
dedicated_trend,趋势专属分支,002472.SZ,双环传动,2025-01-14,0.230539,trend,159.34126,171.35426,157.4171,170.574195,True,6.944897,2.163479,0.549556,0.12095,9.82854,,,0.230539,0.096698
dedicated_trend,趋势专属分支,605319.SH,无锡振华,2025-01-14,0.193328,trend,23.188613,25.53881,22.697682,25.340349,True,9.131804,3.136435,0.488685,0.213353,17.564173,,,0.193328,0.105321
dedicated_trend,趋势专属分支,605555.SH,德昌股份,2025-01-14,0.188214,trend,46.287341,49.550795,46.225376,49.385556,True,6.645852,1.875985,0.403908,0.203707,12.166642,,,0.188214,0.092097
dedicated_trend,趋势专属分支,002126.SZ,银轮股份,2025-01-16,0.209081,trend,110.469219,114.589542,109.745378,113.977062,True,3.908629,1.60389,0.574166,0.015,12.381733,,,0.209081,0.0943
dedicated_trend,趋势专属分支,603298.SH,杭叉集团,2025-01-16,0.180441,trend,44.552582,46.85222,44.204152,46.573476,True,5.415352,2.119266,0.62488,0.084118,12.036602,,,0.180441,0.091735
dedicated_trend,趋势专属分支,000807.SZ,云铝股份,2025-01-16,0.165577,trend,22.47719,23.681072,22.47719,23.553602,True,5.253165,1.757578,0.49872,0.06,21.645441,,,0.165577,0.098638
dedicated_trend,趋势专属分支,002221.SZ,东华能源,2025-01-17,0.173821,trend,44.893258,46.864181,44.893258,46.469996,True,3.816047,2.620356,0.613851,0.105,11.647889,,,0.173821,0.081308
dedicated_trend,趋势专属分支,301004.SZ,嘉益股份,2025-01-17,0.165469,trend,131.899807,137.440724,127.278768,136.520845,True,3.401639,1.373719,0.358507,0.144568,16.989568,,,0.165469,0.085124
dedicated_trend,趋势专属分支,603306.SH,华懋科技,2025-01-17,0.144974,trend,78.749365,86.291114,78.569264,85.75081,True,8.48761,1.515446,0.313179,0.139004,26.06656,,,0.144974,0.07002
dedicated_trend,趋势专属分支,605589.SH,圣泉集团,2025-01-20,0.196647,trend,26.849143,27.62677,26.418296,27.584736,True,3.878116,1.749723,0.59573,0.06,13.218699,,,0.196647,0.094236
dedicated_trend,趋势专属分支,600711.SH,盛屯矿业,2025-01-21,0.218893,trend,24.261749,25.15338,24.074037,24.965669,True,3.300971,1.437235,0.639243,0.112789,10.802957,,,0.218893,0.112334
dedicated_trend,趋势专属分支,001309.SZ,德明利,2025-01-21,0.174463,trend,174.482687,180.469122,174.300173,178.79,True,2.89916,1.602766,0.40136,0.130863,7.521086,,,0.174463,0.0854
dedicated_trend,趋势专属分支,300488.SZ,恒锋工具,2025-01-21,0.165399,trend,75.951526,80.347256,75.562031,79.67955,True,5.332843,1.585586,0.370505,0.269318,19.526261,,,0.165399,0.08484
dedicated_trend,趋势专属分支,601818.SH,光大银行,2025-01-23,0.182715,trend,7.242786,7.657224,7.242786,7.637489,True,6.027397,1.960059,0.726279,0.193578,7.389323,,,0.182715,0.107709
dedicated_trend,趋势专属分支,001282.SZ,三联锻造,2025-01-23,0.129219,trend,32.402776,35.33683,31.804571,34.994998,True,8.957871,3.332671,0.339362,0.160096,24.152742,,,0.129219,0.08634
dedicated_trend,趋势专属分支,002241.SZ,歌尔股份,2025-01-24,0.214002,trend,310.351723,331.448139,309.1797,329.924509,True,6.467474,1.613175,0.497607,0.223308,11.37052,,,0.214002,0.097967
dedicated_trend,趋势专属分支,603337.SH,杰克科技,2025-01-24,0.195926,trend,73.648972,79.029719,73.288654,78.45321,True,6.523157,2.079019,0.681913,0.137065,11.426555,,,0.195926,0.098559
dedicated_trend,趋势专属分支,002801.SZ,微光股份,2025-01-24,0.176108,trend,114.037944,117.716588,113.20587,117.059687,True,2.374569,1.520656,0.523971,0.138592,9.292119,,,0.176108,0.087401
dedicated_trend,趋势专属分支,002353.SZ,杰瑞股份,2025-01-27,0.181598,trend,338.356625,358.049338,337.589376,355.065594,True,4.964718,1.35836,0.495406,0.075,10.027155,,,0.181598,0.096247
dedicated_trend,趋势专属分支,600114.SH,东睦股份,2025-02-05,0.235825,trend,50.314398,52.336085,49.63101,52.193713,True,6.507844,2.213754,0.517237,0.170463,13.605261,,,0.235825,0.097478
dedicated_trend,趋势专属分支,600988.SH,赤峰黄金,2025-02-05,0.225226,trend,74.518408,77.965736,74.478323,77.725225,True,8.44519,1.964834,0.576008,0.070776,15.264368,,,0.225226,0.110396
dedicated_trend,趋势专属分支,002517.SZ,恺英网络,2025-02-05,0.210554,trend,90.955484,97.882982,90.955484,97.369834,True,9.444845,2.504835,0.595871,0.250391,15.405488,,,0.210554,0.104681
dedicated_trend,趋势专属分支,603699.SH,纽威股份,2025-02-06,0.220583,trend,36.896071,38.827307,36.747514,38.449163,True,3.339383,1.35364,0.351977,0.114087,17.788729,,,0.220583,0.110014
dedicated_trend,趋势专属分支,601665.SH,齐鲁银行,2025-02-06,0.215808,trend,6.812375,7.004273,6.812375,6.980285,True,3.374778,1.545359,0.643661,0.177256,8.58328,,,0.215808,0.108604
dedicated_trend,趋势专属分支,300679.SZ,电连技术,2025-02-06,0.215485,trend,232.509467,253.048911,232.509467,253.048911,True,9.215561,1.500091,0.39407,0.20876,16.06151,,,0.215485,0.123569
dedicated_trend,趋势专属分支,002602.SZ,世纪华通,2025-02-07,0.270408,trend,49.636413,51.464111,49.540219,51.079332,True,3.106796,1.583775,0.449358,0.372424,6.6057,,,0.270408,0.114064
dedicated_trend,趋势专属分支,600699.SH,均胜电子,2025-02-07,0.206122,trend,26.582563,26.869942,25.878484,26.711883,True,2.367841,2.066178,0.471656,0.105,7.63592,,,0.206122,0.110031
dedicated_trend,趋势专属分支,002250.SZ,联化科技,2025-02-07,0.198134,trend,38.088651,40.503145,37.726476,40.322058,True,6.88,2.095656,0.424904,0.147588,25.051709,,,0.198134,0.107951
dedicated_trend,趋势专属分支,600718.SH,东软集团,2025-02-10,0.229683,trend,15.459031,15.825426,15.149005,15.670413,True,5.803996,2.224287,0.306156,0.266948,15.845008,,,0.229683,0.12003
dedicated_trend,趋势专属分支,002649.SZ,博彦科技,2025-02-10,0.20425,trend,72.127985,73.32319,71.296539,73.219259,True,2.696793,1.532218,0.247124,0.196163,12.975633,,,0.20425,0.108579
dedicated_trend,趋势专属分支,300768.SZ,迪普科技,2025-02-10,0.181734,trend,31.214945,32.934608,30.78503,32.857837,True,7.537688,3.359547,0.24963,0.216261,22.745908,,,0.181734,0.099295
dedicated_trend,趋势专属分支,002648.SZ,卫星化学,2025-02-11,0.188997,trend,254.663044,267.270126,254.410903,265.252993,True,4.728721,1.468507,0.554888,0.319394,4.439101,,,0.188997,0.107452
dedicated_trend,趋势专属分支,002334.SZ,英威腾,2025-02-11,0.188509,trend,96.869993,101.574763,95.543007,100.971587,True,4.36409,2.094932,0.569388,0.16441,7.730558,,,0.188509,0.097187
dedicated_trend,趋势专属分支,300611.SZ,美力科技,2025-02-11,0.178138,trend,25.815109,26.462575,25.668907,26.462575,True,3.091945,1.449608,0.351105,0.301832,5.614226,,,0.178138,0.106336
dedicated_trend,趋势专属分支,688093.SH,世华科技,2025-02-12,0.213524,trend,30.363822,32.301938,30.363822,32.031503,True,4.612365,1.812446,0.529182,0.187578,5.946909,,,0.213524,0.102326
dedicated_trend,趋势专属分支,300454.SZ,深信服,2025-02-12,0.208264,trend,76.229325,82.471204,75.385013,82.018894,True,7.467404,2.361963,0.246318,0.075,36.75917,,,0.208264,0.102078
dedicated_trend,趋势专属分支,002413.SZ,雷科防务,2025-02-12,0.208064,trend,23.926146,25.316046,23.777228,25.266407,True,4.08998,2.945534,0.29211,0.190394,22.173437,,,0.208064,0.103049
dedicated_trend,趋势专属分支,000526.SZ,学大教育,2025-02-13,0.217759,trend,48.63,51.9,48.6,51.55,True,5.204082,2.510439,0.493052,0.12,23.500456,,,0.217759,0.101775
dedicated_trend,趋势专属分支,600100.SH,同方股份,2025-02-13,0.208636,trend,17.115114,17.788425,16.811039,17.636387,True,3.17662,2.556141,0.370043,0.130678,18.891547,,,0.208636,0.104357
dedicated_trend,趋势专属分支,002062.SZ,宏润建设,2025-02-13,0.164588,trend,25.036237,26.276564,24.944361,26.184688,True,4.204753,1.423358,0.446608,0.268096,7.832029,,,0.164588,0.081139
dedicated_trend,趋势专属分支,002268.SZ,电科网安,2025-02-14,0.285334,trend,129.730129,132.141733,127.673172,131.219649,True,2.892102,2.184861,0.266479,0.105041,13.458457,,,0.285334,0.117591
dedicated_trend,趋势专属分支,603444.SH,吉比特,2025-02-14,0.221867,trend,303.039022,317.163502,296.379967,315.485732,True,3.40168,1.815792,0.543619,0.145297,14.008005,,,0.221867,0.103522
dedicated_trend,趋势专属分支,300369.SZ,绿盟科技,2025-02-14,0.217909,trend,71.484973,75.059222,71.152485,74.726734,True,5.023364,2.110767,0.206128,0.154218,26.169739,,,0.217909,0.121787
dedicated_trend,趋势专属分支,300203.SZ,聚光科技,2025-02-17,0.219202,trend,18.825416,20.048805,18.646126,20.017165,True,6.390135,1.747195,0.306955,0.13679,7.746897,,,0.219202,0.10311
dedicated_trend,趋势专属分支,603259.SH,药明康德,2025-02-17,0.204056,trend,151.048206,155.318471,149.210999,154.72262,True,4.774714,2.13305,0.561633,0.173207,8.576401,,,0.204056,0.104572
dedicated_trend,趋势专属分支,688065.SH,凯赛生物,2025-02-17,0.199041,trend,62.870236,67.366064,62.827418,66.738075,True,7.965828,2.68166,0.389858,0.085005,4.014063,,,0.199041,0.100917
dedicated_trend,趋势专属分支,603040.SH,新坐标,2025-02-18,0.167923,trend,66.90957,70.457427,65.83522,69.757849,True,3.216266,2.517586,0.396426,0.03,13.39149,,,0.167923,0.085748
dedicated_trend,趋势专属分支,002490.SZ,山东墨龙,2025-02-18,0.138546,trend,7.399872,7.788263,7.399872,7.788263,True,4.958678,1.824408,0.25,0.148713,20.396003,,,0.138546,0.09724
dedicated_trend,趋势专属分支,688059.SH,华锐精密,2025-02-19,0.244327,trend,69.088333,75.551624,68.912461,74.965384,True,8.506576,2.36872,0.328678,0.25268,5.870612,,,0.244327,0.11042
dedicated_trend,趋势专属分支,301308.SZ,江波龙,2025-02-19,0.20508,trend,91.014125,97.678382,90.953449,96.748015,True,6.977524,2.287587,0.44276,0.117375,8.006621,,,0.20508,0.092165
dedicated_trend,趋势专属分支,688385.SH,复旦微电,2025-02-19,0.202535,trend,40.252153,43.572956,39.859695,43.271065,True,8.285067,1.88594,0.424665,0.09,11.582542,,,0.202535,0.094291
dedicated_trend,趋势专属分支,002602.SZ,世纪华通,2025-02-20,0.264123,trend,62.045517,64.546576,61.756933,64.354187,True,4.694836,1.843624,0.248077,0.112433,27.663301,,,0.264123,0.12312
dedicated_trend,趋势专属分支,688739.SH,成大生物,2025-02-20,0.245551,trend,30.451908,31.784857,30.451908,31.492258,True,3.490028,2.296953,0.555973,0.093785,9.961161,,,0.245551,0.113916
dedicated_trend,趋势专属分支,002821.SZ,凯莱英,2025-02-20,0.240512,trend,243.33739,256.382342,242.178499,255.342312,True,5.565111,2.491143,0.455641,0.219739,6.587643,,,0.240512,0.114022
dedicated_trend,趋势专属分支,688266.SH,泽璟制药-U,2025-02-21,0.272082,trend,70.34,74.49,69.51,74.3,True,7.060519,1.90134,0.52678,0.133111,12.29885,,,0.272082,0.123757
dedicated_trend,趋势专属分支,002197.SZ,证通电子,2025-02-21,0.255085,trend,12.349398,12.750353,12.162286,12.750353,True,5.066079,2.354693,0.379934,0.133294,11.368815,,,0.255085,0.127319
dedicated_trend,趋势专属分支,688005.SH,容百科技,2025-02-21,0.249382,trend,37.251405,38.55254,36.780128,38.337392,True,4.583566,1.854238,0.366465,0.089944,6.893596,,,0.249382,0.11554
dedicated_trend,趋势专属分支,688012.SH,中微公司,2025-02-24,0.255766,trend,210.774974,220.159479,210.574236,218.904866,True,3.188872,1.312966,0.468874,0.097387,12.332998,,,0.255766,0.116654
dedicated_trend,趋势专属分支,603369.SH,今世缘,2025-02-24,0.222269,trend,132.826537,141.755337,132.37301,140.564831,True,4.885787,1.784241,0.54796,0.075,11.485125,,,0.222269,0.10857
dedicated_trend,趋势专属分支,002967.SZ,广电计量,2025-02-24,0.205268,trend,32.163157,33.670805,32.012392,33.453034,True,4.064617,1.691357,0.371768,0.362595,4.407024,,,0.205268,0.097996
dedicated_trend,趋势专属分支,688375.SH,国博电子,2025-02-25,0.21007,trend,76.136742,81.725179,74.857645,80.948584,True,6.001994,2.356312,0.541658,0.135826,3.860707,,,0.21007,0.095987
dedicated_trend,趋势专属分支,688598.SH,金博股份,2025-02-25,0.206749,trend,56.512857,61.787391,56.512857,61.189019,True,4.742033,1.687178,0.192061,0.076877,21.9992,,,0.206749,0.102688
dedicated_trend,趋势专属分支,688257.SH,新锐股份,2025-02-25,0.199054,trend,40.811262,43.266074,40.320299,42.938766,True,5.055055,1.938207,0.365833,0.103693,15.906244,,,0.199054,0.118728
dedicated_trend,趋势专属分支,301195.SZ,北路智控,2025-02-26,0.256781,trend,55.115592,56.958975,54.852252,56.649163,True,2.869198,1.371872,0.365142,0.244432,4.549119,,,0.256781,0.102115
dedicated_trend,趋势专属分支,688192.SH,迪哲医药-U,2025-02-26,0.24392,trend,46.6,48.95,46.08,48.71,True,4.415863,1.381091,0.441815,0.112658,16.068871,,,0.24392,0.116194
dedicated_trend,趋势专属分支,688235.SH,百济神州-U,2025-02-26,0.212968,trend,221.0,230.0,216.82,228.29,True,3.354763,1.542615,0.253691,0.06,18.369816,,,0.212968,0.122894
dedicated_trend,趋势专属分支,603799.SH,华友钴业,2025-02-27,0.216929,trend,80.622957,84.483775,80.622957,83.726752,True,3.849765,2.265955,0.588068,0.063828,7.317097,,,0.216929,0.098289
dedicated_trend,趋势专属分支,301607.SZ,富特科技,2025-02-27,0.199904,trend,41.0,42.24,40.3,41.85,True,2.422907,1.516084,0.4385,0.0405,10.525617,,,0.199904,0.077273
dedicated_trend,趋势专属分支,000959.SZ,首钢股份,2025-02-27,0.184129,trend,3.658549,3.790786,3.61447,3.768747,True,2.702703,3.205917,0.61864,0.107901,10.152059,,,0.184129,0.107647
dedicated_trend,趋势专属分支,300243.SZ,瑞丰高材,2025-03-03,0.224776,trend,48.201476,51.765187,48.201476,51.308301,True,6.749049,2.652781,0.437884,0.008069,13.012107,,,0.224776,0.112311
dedicated_trend,趋势专属分支,001206.SZ,依依股份,2025-03-03,0.216192,trend,47.295274,49.76069,46.865522,49.738071,True,5.467626,1.753218,0.267839,0.350499,11.884309,,,0.216192,0.099382
dedicated_trend,趋势专属分支,300801.SZ,泰和科技,2025-03-03,0.197342,trend,33.657056,35.221591,33.598386,35.221591,True,4.831199,2.4749,0.462681,0.094191,9.143669,,,0.197342,0.095924
dedicated_trend,趋势专属分支,301209.SZ,联合化学,2025-03-04,0.216917,trend,33.589063,35.539789,33.426502,35.448349,True,5.53539,1.50807,0.351849,0.329532,10.455906,,,0.216917,0.097363
dedicated_trend,趋势专属分支,600558.SH,大西洋,2025-03-04,0.199532,trend,22.377815,23.504051,22.279881,23.308184,True,3.478261,2.066964,0.448109,0.326227,10.129699,,,0.199532,0.096946
dedicated_trend,趋势专属分支,300353.SZ,东土科技,2025-03-04,0.18954,trend,83.763781,91.551195,83.240258,90.83135,True,8.4375,2.289239,0.27222,0.015,12.639896,,,0.18954,0.08137
dedicated_trend,趋势专属分支,000807.SZ,云铝股份,2025-03-05,0.239338,trend,24.516708,25.63561,24.275932,25.465651,True,4.352873,1.416271,0.452228,0.209305,12.978934,,,0.239338,0.117679
dedicated_trend,趋势专属分支,002532.SZ,天山铝业,2025-03-05,0.203126,trend,72.003811,76.453485,70.95207,76.129872,True,5.849269,1.519118,0.586067,0.133184,10.627672,,,0.203126,0.102706
dedicated_trend,趋势专属分支,002955.SZ,鸿合科技,2025-03-05,0.189362,trend,47.831596,50.452254,47.831596,50.452254,True,4.438543,2.012081,0.364154,0.10138,6.513828,,,0.189362,0.085386
dedicated_trend,趋势专属分支,600662.SH,外服控股,2025-03-06,0.242656,trend,6.731886,7.109375,6.731886,7.059043,True,4.859813,1.761877,0.366638,0.436566,2.80964,,,0.242656,0.116831
dedicated_trend,趋势专属分支,603020.SH,爱普股份,2025-03-06,0.204959,trend,19.586916,20.038227,19.406391,19.9254,True,2.199074,1.429907,0.543721,0.26281,6.334408,,,0.204959,0.10394
dedicated_trend,趋势专属分支,000301.SZ,东方盛虹,2025-03-06,0.203379,trend,11.180574,11.515036,10.965563,11.431421,True,2.572347,1.709252,0.574587,0.236315,5.049961,,,0.203379,0.1022
dedicated_trend,趋势专属分支,300435.SZ,中泰股份,2025-03-07,0.231979,trend,41.853225,43.355976,41.053889,43.132162,True,4.089506,2.754319,0.539714,0.222213,12.722786,,,0.231979,0.11282
dedicated_trend,趋势专属分支,605333.SH,沪光股份,2025-03-07,0.21752,trend,36.579457,39.235391,36.317888,38.9034,True,6.587652,2.108915,0.502615,0.13279,15.749542,,,0.21752,0.107875
dedicated_trend,趋势专属分支,002683.SZ,广东宏大,2025-03-07,0.217101,trend,82.995023,87.105964,82.391318,86.272277,True,3.876774,1.53511,0.559224,0.039682,21.922284,,,0.217101,0.107839
dedicated_trend,趋势专属分支,301177.SZ,迪阿股份,2025-03-10,0.234184,trend,28.632109,30.742983,28.426434,30.494008,True,6.62377,1.673391,0.457751,0.172538,12.374554,,,0.234184,0.093658
dedicated_trend,趋势专属分支,002483.SZ,润邦股份,2025-03-10,0.217131,trend,21.229466,21.952451,21.130877,21.886725,True,3.095975,1.420377,0.368387,0.546852,2.71007,,,0.217131,0.098879
dedicated_trend,趋势专属分支,600315.SH,上海家化,2025-03-10,0.211189,trend,42.999131,45.000149,42.999131,45.000149,True,4.819915,1.511053,0.446797,0.045,16.155753,,,0.211189,0.116374
dedicated_trend,趋势专属分支,600809.SH,山西汾酒,2025-03-11,0.249088,trend,699.838713,741.311143,696.388371,741.311143,True,5.334692,1.455066,0.442645,0.120568,11.396448,,,0.249088,0.113975
dedicated_trend,趋势专属分支,300745.SZ,欣锐科技,2025-03-11,0.22242,trend,19.941859,21.308841,19.831294,21.308841,True,5.31545,1.661376,0.259097,0.0,13.149557,,,0.22242,0.11119
dedicated_trend,趋势专属分支,600562.SH,国睿科技,2025-03-11,0.213959,trend,107.071935,113.785689,107.071935,112.890522,True,3.511172,1.48881,0.437519,0.069301,15.414732,,,0.213959,0.107409
dedicated_trend,趋势专属分支,600885.SH,宏发股份,2025-03-12,0.201493,trend,75.82509,79.949287,75.610288,79.648565,True,6.003431,2.015761,0.617195,0.236172,11.11751,,,0.201493,0.112741
dedicated_trend,趋势专属分支,603979.SH,金诚信,2025-03-12,0.195623,trend,67.819722,70.846657,67.574294,70.683039,True,4.146577,1.706796,0.628958,0.083934,10.470687,,,0.195623,0.096355
dedicated_trend,趋势专属分支,002745.SZ,木林森,2025-03-12,0.168976,trend,22.206707,23.951183,21.994541,23.762591,True,7.922912,2.03221,0.363211,0.015,8.633504,,,0.168976,0.088518
dedicated_trend,趋势专属分支,001212.SZ,中旗新材,2025-03-13,0.240571,trend,33.324749,34.658272,33.231402,34.404903,True,3.739445,2.047589,0.348523,0.181432,11.634084,,,0.240571,0.106481
dedicated_trend,趋势专属分支,000889.SZ,中嘉博创,2025-03-13,0.22004,trend,3.926735,4.041804,3.869201,4.027421,True,2.564103,1.445112,0.434709,0.055222,13.424772,,,0.22004,0.105649
dedicated_trend,趋势专属分支,600375.SH,汉马科技,2025-03-13,0.208139,trend,7.534903,7.62807,7.348568,7.62807,True,2.024922,1.352155,0.559633,0.128775,10.048321,,,0.208139,0.113682
dedicated_trend,趋势专属分支,300771.SZ,智莱科技,2025-03-14,0.221583,trend,30.158999,31.019939,29.872019,30.889494,True,2.157032,1.580213,0.373572,0.292661,2.343052,,,0.221583,0.091169
dedicated_trend,趋势专属分支,002568.SZ,百润股份,2025-03-14,0.217391,trend,258.045682,269.955483,257.86523,268.150967,True,3.194444,1.366506,0.454226,0.139603,15.600344,,,0.217391,0.107131
dedicated_trend,趋势专属分支,600882.SH,妙可蓝多,2025-03-14,0.211822,trend,20.974527,22.332981,20.974527,22.191701,True,6.631854,2.219465,0.457737,0.243563,3.138029,,,0.211822,0.097013
dedicated_trend,趋势专属分支,301127.SZ,武汉天源,2025-03-17,0.258371,trend,27.534212,29.60499,27.462805,29.60499,True,8.647799,2.147026,0.25,0.173864,14.465622,,,0.258371,0.133227
dedicated_trend,趋势专属分支,300316.SZ,晶盛机电,2025-03-17,0.20862,trend,322.186189,337.605439,321.900647,337.415078,True,4.726736,1.593589,0.540341,0.209613,5.359701,,,0.20862,0.100259
dedicated_trend,趋势专属分支,300971.SZ,博亚精工,2025-03-17,0.208117,trend,24.008923,24.957476,23.745437,24.957476,True,4.042179,1.97775,0.393531,0.133502,8.70225,,,0.208117,0.09633
dedicated_trend,趋势专属分支,300435.SZ,中泰股份,2025-03-18,0.24854,trend,43.931498,45.881878,43.835578,45.62609,True,6.971514,3.099221,0.446311,0.15,14.102518,,,0.24854,0.118266
dedicated_trend,趋势专属分支,002857.SZ,三晖电气,2025-03-18,0.213273,trend,25.4423,26.211296,25.4423,26.211296,True,2.560819,1.5274,0.375556,0.25138,12.514842,,,0.213273,0.101999
dedicated_trend,趋势专属分支,600988.SH,赤峰黄金,2025-03-18,0.209972,trend,78.567014,84.700051,78.567014,83.858262,True,7.613169,2.124241,0.442347,0.247676,8.95844,,,0.209972,0.100477
dedicated_trend,趋势专属分支,002595.SZ,豪迈科技,2025-03-19,0.21972,trend,270.277135,283.910849,268.279522,282.112997,True,5.746911,1.86664,0.546727,0.235279,4.272087,,,0.21972,0.111566
dedicated_trend,趋势专属分支,000975.SZ,山金国际,2025-03-19,0.212186,trend,44.839738,45.606639,44.408356,45.390948,True,2.600217,1.729314,0.586441,0.181671,9.313916,,,0.212186,0.111654
dedicated_trend,趋势专属分支,603181.SH,皇马科技,2025-03-19,0.186447,trend,37.450051,38.891642,37.230678,38.546914,True,2.842809,1.435176,0.605339,0.31372,-0.085972,,,0.186447,0.090714
dedicated_trend,趋势专属分支,603312.SH,西典新能,2025-03-20,0.228959,trend,37.114697,39.232906,37.114697,39.232906,True,6.087438,2.851364,0.495246,0.509119,5.145776,,,0.228959,0.114364
dedicated_trend,趋势专属分支,300123.SZ,亚光科技,2025-03-20,0.191187,trend,40.21758,42.462,39.61098,42.28002,True,4.185351,1.860077,0.40592,0.038257,9.117136,,,0.191187,0.087424
dedicated_trend,趋势专属分支,600237.SH,铜峰电子,2025-03-20,0.188436,trend,7.350217,7.591538,7.320052,7.551318,True,2.735978,1.389089,0.506355,0.278219,4.855534,,,0.188436,0.098882
dedicated_trend,趋势专属分支,002977.SZ,天箭科技,2025-03-21,0.178418,trend,48.62171,51.267555,48.62171,51.14729,True,4.713331,2.462171,0.608685,0.291323,7.40765,,,0.178418,0.088658
dedicated_trend,趋势专属分支,300963.SZ,中洲特材,2025-03-21,0.122011,trend,27.506699,29.310417,27.196685,29.310417,True,4.417671,3.622954,0.533738,0.053281,8.627189,,,0.122011,0.074899
dedicated_trend,趋势专属分支,002923.SZ,润都股份,2025-03-21,0.099534,trend,44.039657,47.198779,44.039657,47.198779,True,5.907173,2.001305,0.344659,0.18,30.795186,,,0.099534,0.063618
dedicated_trend,趋势专属分支,002310.SZ,东方新能,2025-03-24,0.240895,trend,93.525527,98.64384,92.129624,98.64384,True,4.950495,1.588514,0.447663,0.146454,16.329607,,,0.240895,0.114313
dedicated_trend,趋势专属分支,601963.SH,重庆银行,2025-03-24,0.220933,trend,11.608563,11.964805,11.534858,11.878815,True,2.328042,2.152938,0.714696,0.12478,12.550053,,,0.220933,0.117707
dedicated_trend,趋势专属分支,688410.SH,山外山,2025-03-24,0.209913,trend,24.686373,26.264498,24.528561,26.219409,True,6.59945,2.792761,0.576578,0.192881,10.925365,,,0.209913,0.099972
dedicated_trend,趋势专属分支,002318.SZ,久立特材,2025-03-25,0.215822,trend,156.104452,159.101657,154.543407,158.102588,True,3.643062,2.23376,0.685824,0.052139,9.228391,,,0.215822,0.113225
dedicated_trend,趋势专属分支,601611.SH,中国核建,2025-03-25,0.215076,trend,9.418406,10.017079,9.418406,9.920864,True,5.334847,1.988569,0.580594,0.285848,5.805921,,,0.215076,0.105216
dedicated_trend,趋势专属分支,600976.SH,健民集团,2025-03-25,0.206901,trend,54.814629,56.846624,54.728423,56.440225,True,2.139514,1.836347,0.687048,0.045,13.531775,,,0.206901,0.103263
dedicated_trend,趋势专属分支,603233.SH,大参林,2025-03-26,0.223462,trend,47.174895,49.016013,47.174895,48.684008,True,2.217997,1.620051,0.60121,0.339748,7.877423,,,0.223462,0.105368
dedicated_trend,趋势专属分支,600020.SH,中原高速,2025-03-26,0.201534,trend,6.529708,6.753328,6.5148,6.708604,True,2.739726,1.864001,0.680413,0.137014,11.863051,,,0.201534,0.107778
dedicated_trend,趋势专属分支,002534.SZ,西子洁能,2025-03-26,0.19402,trend,31.65777,33.483291,31.288044,33.437076,True,4.931109,2.311256,0.494961,0.184362,5.13163,,,0.19402,0.08998
dedicated_trend,趋势专属分支,300121.SZ,阳谷华泰,2025-03-27,0.208774,trend,85.848603,91.527304,85.447753,90.859222,True,5.836576,2.451047,0.471607,0.254692,7.747672,,,0.208774,0.104341
dedicated_trend,趋势专属分支,600801.SH,华新建材,2025-03-27,0.201992,trend,86.190861,89.548946,86.190861,88.758809,True,3.932151,2.073917,0.642155,0.257959,4.288568,,,0.201992,0.096316
dedicated_trend,趋势专属分支,600812.SH,华北制药,2025-03-27,0.201096,trend,6.639707,6.889476,6.55645,6.847848,True,3.296703,2.221326,0.366462,0.531204,4.411596,,,0.201096,0.096482
dedicated_trend,趋势专属分支,600645.SH,中源协和,2025-03-28,0.205226,trend,22.47,24.04,22.37,23.9,True,6.364041,2.588435,0.556537,0.181544,9.216147,,,0.205226,0.101798
dedicated_trend,趋势专属分支,600208.SH,衢州发展,2025-03-28,0.196489,trend,6.672387,6.917996,6.631452,6.877061,True,3.384615,1.734872,0.613764,0.225444,16.179329,,,0.196489,0.10507
dedicated_trend,趋势专属分支,000831.SZ,中国稀土,2025-03-28,0.170325,trend,31.95821,33.835729,31.090109,33.593469,True,4.489796,1.321997,0.559416,0.252456,4.304322,,,0.170325,0.077898
dedicated_trend,趋势专属分支,002515.SZ,金字火腿,2025-03-31,0.211652,trend,58.906623,61.258408,58.906623,60.922439,True,3.816794,1.621574,0.363263,0.417011,8.165606,,,0.211652,0.094978
dedicated_trend,趋势专属分支,000975.SZ,山金国际,2025-03-31,0.203462,trend,44.576116,46.325609,44.336459,46.014055,True,2.673797,1.865139,0.54794,0.223782,11.644525,,,0.203462,0.105024
dedicated_trend,趋势专属分支,688608.SH,恒玄科技,2025-03-31,0.188199,trend,377.956637,409.870111,374.854918,409.165175,True,6.921053,1.460825,0.392282,0.207918,19.010999,,,0.188199,0.080104
dedicated_trend,趋势专属分支,002294.SZ,信立泰,2025-04-01,0.253796,trend,385.636706,400.604879,383.397373,398.836984,True,3.076454,1.9557,0.605356,0.249179,13.691949,,,0.253796,0.116532
dedicated_trend,趋势专属分支,688235.SH,百济神州-U,2025-04-01,0.253765,trend,240.5,251.26,236.99,249.51,True,4.467426,1.786653,0.278636,0.211843,14.244518,,,0.253765,0.123779
dedicated_trend,趋势专属分支,600578.SH,京能电力,2025-04-01,0.193296,trend,13.677933,14.212824,13.639726,14.174618,True,3.631285,1.63375,0.726219,0.162339,11.792841,,,0.193296,0.098816
dedicated_trend,趋势专属分支,000059.SZ,华锦股份,2025-04-02,0.184391,trend,5.86114,6.151176,5.824885,6.127006,True,4.320988,2.090484,0.684196,0.136735,10.779894,,,0.184391,0.091454
dedicated_trend,趋势专属分支,688513.SH,苑东生物,2025-04-02,0.138649,trend,51.850423,54.496794,50.58878,54.312164,True,5.436081,3.659001,0.637882,0.15,16.386502,,,0.138649,0.103617
dedicated_trend,趋势专属分支,000729.SZ,燕京啤酒,2025-04-03,0.199137,trend,27.979783,28.81131,27.934835,28.766363,True,2.073365,1.541115,0.605299,0.449797,6.666901,,,0.199137,0.106518
dedicated_trend,趋势专属分支,000672.SZ,上峰水泥,2025-04-03,0.192155,trend,12.576512,13.132995,12.497014,13.005798,True,3.544304,2.562225,0.609774,0.385561,7.191795,,,0.192155,0.104368
dedicated_trend,趋势专属分支,600258.SH,首旅酒店,2025-04-03,0.178168,trend,23.725595,24.75275,23.658241,24.584364,True,2.744546,1.598008,0.609908,0.155102,10.050361,,,0.178168,0.09174
dedicated_trend,趋势专属分支,600359.SH,新农开发,2025-04-07,0.196375,trend,7.159341,7.642672,6.907606,7.572186,True,8.985507,6.187267,0.577112,0.165,19.715972,,,0.196375,0.062999
dedicated_trend,趋势专属分支,603156.SH,养元饮品,2025-04-08,0.203086,trend,81.554832,85.295879,81.127284,84.832702,True,3.656944,2.067086,0.648357,0.214185,14.762744,,,0.203086,0.111839
dedicated_trend,趋势专属分支,688617.SH,惠泰医疗,2025-04-08,0.203086,trend,588.233284,624.983158,586.865642,624.968453,True,5.475032,2.398257,0.545187,0.169636,19.916733,,,0.203086,0.094846
dedicated_trend,趋势专属分支,600161.SH,天坛生物,2025-04-08,0.200514,trend,80.479904,84.721462,79.52921,84.611767,True,5.086285,3.98392,0.646253,0.075,23.501243,,,0.200514,0.095844
dedicated_trend,趋势专属分支,600600.SH,青岛啤酒,2025-04-09,0.199626,trend,92.825491,96.846983,91.855602,96.598597,True,2.988651,1.486687,0.567094,0.261775,13.281202,,,0.199626,0.1025
dedicated_trend,趋势专属分支,603939.SH,益丰药房,2025-04-09,0.196621,trend,170.665953,180.82464,165.291679,180.82464,True,4.904943,2.819718,0.614396,0.180011,16.251168,,,0.196621,0.086619
dedicated_trend,趋势专属分支,300395.SZ,菲利华,2025-04-10,0.199979,trend,349.377624,371.755116,339.27166,370.022665,True,5.451553,1.659141,0.283693,0.178737,17.857543,,,0.199979,0.07864
dedicated_trend,趋势专属分支,603199.SH,九华旅游,2025-04-10,0.19789,trend,40.068907,42.818945,39.821834,42.818945,True,4.318241,2.074926,0.564563,0.045,13.42967,,,0.19789,0.095755
dedicated_trend,趋势专属分支,600195.SH,中牧股份,2025-04-10,0.197789,trend,19.925169,20.949892,19.612059,20.779104,True,2.240896,2.457369,0.601436,0.045,10.039915,,,0.197789,0.081022
dedicated_trend,趋势专属分支,688386.SH,泛亚微透,2025-04-11,0.199979,trend,47.192621,50.72687,47.192621,50.290287,True,5.40305,1.48844,0.244792,0.135,12.568416,,,0.199979,0.137521
dedicated_trend,趋势专属分支,605318.SH,法狮龙,2025-04-11,0.199626,trend,32.559944,34.331988,32.092473,34.277631,True,3.174084,1.41264,0.248939,0.18,12.604985,,,0.199626,0.067706
dedicated_trend,趋势专属分支,002294.SZ,信立泰,2025-04-14,0.200514,trend,392.944003,406.026422,386.697442,403.19779,True,2.609478,1.479028,0.536959,0.12,8.03013,,,0.200514,0.098478
dedicated_trend,趋势专属分支,002749.SZ,国光股份,2025-04-14,0.199979,trend,114.811448,121.255704,113.478154,120.589057,True,5.372168,1.467092,0.4676,0.03,14.283221,,,0.199979,0.092046
dedicated_trend,趋势专属分支,600547.SH,山东黄金,2025-04-14,0.199626,trend,121.539192,128.773668,121.208473,127.740171,True,4.215852,1.325823,0.424688,0.06,20.150532,,,0.199626,0.094296
dedicated_trend,趋势专属分支,603879.SH,永悦科技,2025-04-15,0.199979,trend,12.361388,12.412574,11.772751,12.412574,True,4.978355,2.156203,0.477686,0.086895,21.535824,,,0.199979,0.095316
dedicated_trend,趋势专属分支,688049.SH,炬芯科技,2025-04-15,0.19789,trend,59.000091,61.404788,58.198525,60.821831,True,3.471074,1.65682,0.207856,0.105,7.88167,,,0.19789,0.083968
dedicated_trend,趋势专属分支,002487.SZ,大金重工,2025-04-15,0.197789,trend,120.204051,122.441273,117.640568,121.975185,True,4.51278,2.607376,0.375187,0.12,13.062696,,,0.197789,0.088426
dedicated_trend,趋势专属分支,601229.SH,上海银行,2025-04-16,0.199979,trend,35.717202,36.966055,35.68152,36.966055,True,3.29013,1.335238,0.663099,0.278861,6.866289,,,0.199979,0.110891
dedicated_trend,趋势专属分支,000848.SZ,承德露露,2025-04-16,0.199626,trend,76.3128,77.888826,75.234467,77.805877,True,2.178649,2.075062,0.698345,0.12,11.645167,,,0.199626,0.095934
dedicated_trend,趋势专属分支,601816.SH,京沪高铁,2025-04-16,0.198687,trend,6.1014,6.394939,6.080433,6.394939,True,4.452055,1.704681,0.746873,0.184672,11.110582,,,0.198687,0.10313
dedicated_trend,趋势专属分支,002251.SZ,步步高,2025-04-17,0.202889,trend,11.046482,11.318929,10.972178,11.318929,True,5.057471,1.483993,0.590725,0.06,18.877401,,,0.202889,0.095123
dedicated_trend,趋势专属分支,600715.SH,文投控股,2025-04-17,0.199979,trend,5.100181,5.334135,5.100181,5.334135,True,5.069124,1.987055,0.622856,0.083449,10.434723,,,0.199979,0.097598
dedicated_trend,趋势专属分支,002891.SZ,中宠股份,2025-04-17,0.199626,trend,115.386516,123.997057,114.807214,123.233432,True,6.170599,1.361973,0.38039,0.12,13.473564,,,0.199626,0.096138
dedicated_trend,趋势专属分支,002258.SZ,利尔化学,2025-04-18,0.196621,trend,34.08434,36.120274,34.08434,36.120274,True,5.430328,1.50173,0.493011,0.131414,17.663039,,,0.196621,0.079604
dedicated_trend,趋势专属分支,301040.SZ,中环海陆,2025-04-18,0.196375,trend,18.047212,18.713012,17.603345,18.622221,True,4.117315,1.444585,0.247589,0.12,15.764651,,,0.196375,0.060909
dedicated_trend,趋势专属分支,002571.SZ,德力股份,2025-04-18,0.195376,trend,30.167038,32.942406,30.126816,32.741292,True,8.96921,1.343918,0.247024,0.06,24.526516,,,0.195376,0.065621
dedicated_trend,趋势专属分支,002683.SZ,广东宏大,2025-04-21,0.202889,trend,84.518658,91.849358,83.972449,91.590628,True,8.367347,1.990808,0.472734,0.165243,12.07635,,,0.202889,0.099023
dedicated_trend,趋势专属分支,002237.SZ,恒邦股份,2025-04-21,0.198687,trend,47.033302,50.809392,46.823519,50.389826,True,9.082652,1.728025,0.514938,0.03,16.360414,,,0.198687,0.088729
dedicated_trend,趋势专属分支,688050.SH,爱博医疗,2025-04-21,0.198687,trend,181.98543,196.695904,181.423131,194.95459,True,6.563553,1.388979,0.572026,0.219655,0.25931,,,0.198687,0.092533
dedicated_trend,趋势专属分支,300130.SZ,新国都,2025-04-22,0.19789,trend,177.51456,186.54705,177.439911,185.054077,True,7.782609,2.827964,0.268255,0.09,39.151169,,,0.19789,0.080165
dedicated_trend,趋势专属分支,002124.SZ,天邦食品,2025-04-22,0.197789,trend,26.10905,27.644876,26.10905,27.483211,True,4.294479,1.590726,0.449038,0.075,10.064004,,,0.197789,0.098641
dedicated_trend,趋势专属分支,002311.SZ,海大集团,2025-04-22,0.197789,trend,372.734863,391.040397,371.666447,389.188476,True,4.774688,1.394736,0.687363,0.38736,5.02307,,,0.197789,0.093585
dedicated_trend,趋势专属分支,000989.SZ,九芝堂,2025-04-23,0.199979,trend,16.195673,16.747798,16.122056,16.674181,True,2.721088,1.570453,0.59672,0.06,14.947565,,,0.199979,0.098376
dedicated_trend,趋势专属分支,603458.SH,勘设股份,2025-04-23,0.19789,trend,20.424127,21.557186,20.336968,21.353817,True,4.700855,1.817353,0.332315,0.234336,17.579826,,,0.19789,0.08712
dedicated_trend,趋势专属分支,600731.SH,湖南海利,2025-04-23,0.197789,trend,9.232928,9.614792,9.178376,9.532964,True,3.555556,1.587631,0.572992,0.0,10.57534,,,0.197789,0.076906
dedicated_trend,趋势专属分支,600039.SH,四川路桥,2025-04-24,0.198687,trend,60.783627,63.345935,60.143051,62.990059,True,4.117647,1.361861,0.473373,0.301938,0.993778,,,0.198687,0.104736
dedicated_trend,趋势专属分支,000902.SZ,新洋丰,2025-04-24,0.196375,trend,32.590808,33.316609,32.356678,33.222957,True,2.307138,1.423005,0.559735,0.323729,3.327657,,,0.196375,0.094354
dedicated_trend,趋势专属分支,603676.SH,卫信康,2025-04-24,0.195376,trend,11.997446,13.441583,11.997446,13.352713,True,8.778281,4.02441,0.318825,0.09,30.624559,,,0.195376,0.039832
dedicated_trend,趋势专属分支,688685.SH,迈信林,2025-04-25,0.199033,trend,80.430706,86.349391,79.889041,86.071953,True,7.597027,1.352511,0.213257,0.260937,10.872908,,,0.199033,0.093583
dedicated_trend,趋势专属分支,000791.SZ,甘肃能源,2025-04-25,0.19789,trend,11.46853,11.899429,11.385665,11.84971,True,3.473227,1.545004,0.511773,0.28301,7.196854,,,0.19789,0.081114
dedicated_trend,趋势专属分支,600059.SH,古越龙山,2025-04-25,0.19789,trend,10.292596,10.880745,10.292596,10.810167,True,5.875576,2.496751,0.738143,0.290084,5.763767,,,0.19789,0.093615
dedicated_trend,趋势专属分支,002392.SZ,北京利尔,2025-04-28,0.198216,trend,48.759417,50.312814,48.414217,49.967615,True,2.659574,2.338869,0.401635,0.101279,16.846301,,,0.198216,0.090608
dedicated_trend,趋势专属分支,300648.SZ,星云股份,2025-04-28,0.19749,trend,55.137604,57.451774,53.930211,57.109679,True,3.275109,1.712939,0.314874,0.256553,12.74074,,,0.19749,0.097382
dedicated_trend,趋势专属分支,000875.SZ,电投绿能,2025-04-28,0.196718,trend,5.842866,6.073643,5.769437,6.052663,True,4.151625,2.795632,0.679801,0.222862,8.475806,,,0.196718,0.089685
dedicated_trend,趋势专属分支,600919.SH,江苏银行,2025-04-29,0.199979,trend,16.171106,16.553477,16.171106,16.521612,True,2.3692,1.434129,0.711334,0.259566,7.991442,,,0.199979,0.106616
dedicated_trend,趋势专属分支,603379.SH,三美股份,2025-04-29,0.199979,trend,64.302138,65.650315,63.613396,65.357233,True,4.768616,1.529961,0.636599,0.167607,7.387482,,,0.199979,0.100601
dedicated_trend,趋势专属分支,603193.SH,润本股份,2025-04-29,0.199626,trend,35.690781,39.642877,35.690781,39.256811,True,8.93713,1.855218,0.348242,0.152461,7.897606,,,0.199626,0.081458
dedicated_trend,趋势专属分支,000029.SZ,深深房Ａ,2025-04-30,0.200514,trend,16.342654,17.390809,16.321264,17.283854,True,6.036745,1.991667,0.539022,0.121289,13.702391,,,0.200514,0.100464
dedicated_trend,趋势专属分支,002052.SZ,同洲电子,2025-04-30,0.199033,trend,17.797134,17.797134,17.113402,17.797134,True,4.982206,2.387794,0.25,0.2378,38.125157,,,0.199033,0.107163
dedicated_trend,趋势专属分支,003041.SZ,真爱美家,2025-04-30,0.19789,trend,44.416473,46.862819,44.416473,46.664053,True,4.270584,1.53739,0.543147,0.257392,10.24014,,,0.19789,0.094723
dedicated_trend,趋势专属分支,002480.SZ,新筑股份,2025-05-06,0.200759,trend,22.53334,23.76467,22.24603,23.682582,True,5.87156,2.100226,0.572572,0.257491,9.151668,,,0.200759,0.096971
dedicated_trend,趋势专属分支,300019.SZ,硅宝科技,2025-05-06,0.199626,trend,143.697575,147.49336,142.5356,147.02857,True,3.096143,1.545627,0.415171,0.307166,7.494307,,,0.199626,0.088196
dedicated_trend,趋势专属分支,002267.SZ,陕天然气,2025-05-06,0.198687,trend,25.566013,26.345282,25.566013,26.285338,True,2.934272,1.866944,0.651865,0.362598,5.598525,,,0.198687,0.104579
dedicated_trend,趋势专属分支,600562.SH,国睿科技,2025-05-07,0.199979,trend,108.812538,115.377097,106.873009,114.730588,True,9.388336,3.142612,0.52515,0.127954,22.599073,,,0.199979,0.097428
dedicated_trend,趋势专属分支,002956.SZ,西麦食品,2025-05-07,0.19789,trend,58.564819,62.987683,58.564819,62.896176,True,7.732497,1.345134,0.367164,0.139783,12.988859,,,0.19789,0.087407
dedicated_trend,趋势专属分支,300420.SZ,五洋自控,2025-05-07,0.19789,trend,31.371521,32.498642,31.371521,32.216862,True,3.003003,1.63663,0.196667,0.142888,18.78418,,,0.19789,0.093487
dedicated_trend,趋势专属分支,002297.SZ,博云新材,2025-05-08,0.19789,trend,21.585962,22.761734,21.435222,22.641142,True,3.301238,1.687915,0.450547,0.180831,5.335631,,,0.19789,0.066579
dedicated_trend,趋势专属分支,300440.SZ,运达科技,2025-05-08,0.19789,trend,39.832678,40.849682,38.476672,40.680182,True,3.11493,1.759638,0.518727,0.353476,6.189465,,,0.19789,0.078492
dedicated_trend,趋势专属分支,600336.SH,澳柯玛,2025-05-08,0.19789,trend,15.415142,16.000527,15.241694,15.935484,True,3.521127,2.012454,0.339909,0.125976,14.500431,,,0.19789,0.099859
dedicated_trend,趋势专属分支,600993.SH,马应龙,2025-05-09,0.199626,trend,80.229067,82.700436,80.048235,82.097663,True,2.329076,1.421678,0.65928,0.449137,0.111796,,,0.199626,0.099477
dedicated_trend,趋势专属分支,002701.SZ,奥瑞金,2025-05-09,0.198687,trend,53.582116,55.588937,53.281093,55.087232,True,3.195489,1.763361,0.665232,0.335544,3.933023,,,0.198687,0.101091
dedicated_trend,趋势专属分支,600067.SH,冠城新材,2025-05-09,0.19789,trend,6.176854,6.423928,6.131932,6.401467,True,3.26087,1.811215,0.297988,0.124043,20.673696,,,0.19789,0.092648
dedicated_trend,趋势专属分支,603883.SH,老百姓,2025-05-12,0.199626,trend,52.852881,54.716711,52.267106,54.23744,True,2.413273,1.800473,0.537519,0.210323,4.133914,,,0.199626,0.081354
dedicated_trend,趋势专属分支,603917.SH,合力科技,2025-05-12,0.199626,trend,20.221599,21.502401,20.221599,21.396923,True,5.891126,2.100375,0.23635,0.232438,10.679412,,,0.199626,0.10144
dedicated_trend,趋势专属分支,688103.SH,国力电子,2025-05-12,0.199626,trend,52.640057,55.881013,52.018364,55.646604,True,7.037836,2.038303,0.454308,0.253346,7.944036,,,0.199626,0.091424
dedicated_trend,趋势专属分支,000766.SZ,通化金马,2025-05-13,0.199979,trend,18.55,19.46,18.38,19.35,True,4.088219,1.735645,0.613392,0.15,3.420198,,,0.199979,0.093844
dedicated_trend,趋势专属分支,601229.SH,上海银行,2025-05-13,0.199979,trend,38.072182,39.535125,37.822412,39.42808,True,3.755869,1.566835,0.577046,0.344016,1.584222,,,0.199979,0.10881
dedicated_trend,趋势专属分支,601128.SH,常熟银行,2025-05-13,0.199626,trend,10.279075,10.592212,10.211002,10.592212,True,2.910053,1.758852,0.699415,0.305498,4.948754,,,0.199626,0.100839
dedicated_trend,趋势专属分支,600276.SH,恒瑞医药,2025-05-14,0.202108,trend,534.80887,558.184483,534.704047,554.515665,True,3.259809,1.397222,0.605949,0.412179,1.106653,,,0.202108,0.101804
dedicated_trend,趋势专属分支,600415.SH,小商品城,2025-05-14,0.199626,trend,152.820837,161.531814,151.873992,160.774338,True,5.139319,1.321283,0.324116,0.295784,5.423292,,,0.199626,0.102663
dedicated_trend,趋势专属分支,002311.SZ,海大集团,2025-05-14,0.198687,trend,386.766732,411.482764,385.698315,408.135059,True,5.447184,1.777203,0.589141,0.419177,3.198373,,,0.198687,0.107292
dedicated_trend,趋势专属分支,603520.SH,司太立,2025-05-15,0.197855,trend,26.160922,27.720977,26.010917,27.51097,True,6.011561,4.485737,0.615149,0.287798,10.592233,,,0.197855,0.099861
dedicated_trend,趋势专属分支,600475.SH,华光环能,2025-05-15,0.197789,trend,21.277381,21.93073,20.994264,21.778282,True,2.249489,2.149387,0.59886,0.12,9.418761,,,0.197789,0.10395
dedicated_trend,趋势专属分支,600315.SH,上海家化,2025-05-15,0.196621,trend,54.004726,58.916314,53.663644,58.80262,True,8.291457,1.765299,0.248768,0.015,12.591336,,,0.196621,0.077504
dedicated_trend,趋势专属分支,600936.SH,北投科技,2025-05-16,0.200759,trend,3.866407,4.1228,3.866407,4.081777,True,5.851064,2.640238,0.449811,0.244641,7.229271,,,0.200759,0.105309
dedicated_trend,趋势专属分支,000525.SZ,红太阳,2025-05-16,0.200514,trend,8.680917,9.118715,8.668408,9.043664,True,4.028777,1.570174,0.448828,0.360796,6.029737,,,0.200514,0.097804
dedicated_trend,趋势专属分支,301216.SZ,万凯新材,2025-05-16,0.199626,trend,20.419705,22.323893,20.419705,22.184562,True,8.478425,2.417704,0.384894,0.324612,5.376332,,,0.199626,0.099425
dedicated_trend,趋势专属分支,600323.SH,瀚蓝环境,2025-05-19,0.200759,trend,51.763259,53.177907,51.270276,53.092171,True,2.609776,1.383907,0.70433,0.451768,3.940751,,,0.200759,0.104124
dedicated_trend,趋势专属分支,603168.SH,莎普爱思,2025-05-19,0.200514,trend,34.85175,35.615624,34.565297,35.615624,True,2.331962,1.52276,0.410308,0.217422,9.017588,,,0.200514,0.101388
dedicated_trend,趋势专属分支,002480.SZ,新筑股份,2025-05-19,0.199626,trend,23.190049,24.544513,22.902739,24.503468,True,6.227758,1.954384,0.516432,0.29647,6.714794,,,0.199626,0.097851
dedicated_trend,趋势专属分支,688177.SH,百奥泰,2025-05-20,0.202688,trend,22.88,23.7,22.88,23.53,True,3.565141,1.425607,0.504296,0.402234,1.853919,,,0.202688,0.095702
dedicated_trend,趋势专属分支,688033.SH,天宜新材,2025-05-20,0.200514,trend,6.397617,6.651491,6.346842,6.610871,True,2.358491,2.18341,0.325551,0.075881,17.315774,,,0.200514,0.103832
dedicated_trend,趋势专属分支,002422.SZ,科伦药业,2025-05-20,0.199979,trend,248.652144,263.872842,248.652144,262.450347,True,5.549199,1.370114,0.407965,0.225347,0.863439,,,0.199979,0.089684
dedicated_trend,趋势专属分支,688550.SH,瑞联新材,2025-05-21,0.202108,trend,102.010255,112.271319,101.791935,111.452617,True,9.256287,2.350104,0.506487,0.316023,4.839163,,,0.202108,0.097437
dedicated_trend,趋势专属分支,300572.SZ,安车检测,2025-05-21,0.199626,trend,60.115844,62.296517,59.497005,62.0313,True,3.236881,1.859503,0.439341,0.118566,9.222671,,,0.199626,0.089752
dedicated_trend,趋势专属分支,600535.SH,天士力,2025-05-21,0.199626,trend,58.956868,60.618145,58.735364,60.175138,True,2.002503,1.707327,0.712594,0.368499,4.046198,,,0.199626,0.095853
dedicated_trend,趋势专属分支,601998.SH,中信银行,2025-05-22,0.202108,trend,14.643644,15.181731,14.547558,15.162514,True,3.815789,1.709113,0.651351,0.344011,6.499777,,,0.202108,0.104029
dedicated_trend,趋势专属分支,601825.SH,沪农商行,2025-05-22,0.198687,trend,11.136125,11.515765,11.072851,11.465147,True,2.954545,1.314237,0.727347,0.29859,5.131366,,,0.198687,0.10421
dedicated_trend,趋势专属分支,300901.SZ,中胤时尚,2025-05-22,0.196375,trend,14.531874,15.529057,14.531874,15.529057,True,6.254442,2.470287,0.370699,0.272462,6.594141,,,0.196375,0.088725
dedicated_trend,趋势专属分支,002595.SZ,豪迈科技,2025-05-23,0.199979,trend,309.829887,317.870282,308.980901,316.721654,True,2.372881,1.365473,0.496333,0.397793,4.409783,,,0.199979,0.116518
dedicated_trend,趋势专属分支,300779.SZ,惠城环保,2025-05-23,0.199626,trend,207.224923,221.516297,207.19634,219.515505,True,5.6033,1.397271,0.409813,0.246501,12.494222,,,0.199626,0.088181
dedicated_trend,趋势专属分支,600660.SH,福耀玻璃,2025-05-23,0.198687,trend,106.775357,110.552444,106.412175,109.499218,True,2.20339,1.797611,0.626015,0.393659,6.509271,,,0.198687,0.107412
dedicated_trend,趋势专属分支,601111.SH,中国国航,2025-05-26,0.200759,trend,8.923716,9.21778,8.901095,9.183849,True,3.43949,1.37105,0.633421,0.354769,8.619339,,,0.200759,0.101593
dedicated_trend,趋势专属分支,002256.SZ,兆新股份,2025-05-26,0.200514,trend,22.304318,23.33519,22.210603,23.241474,True,3.333333,2.498625,0.426866,0.16015,11.006236,,,0.200514,0.102295
dedicated_trend,趋势专属分支,002102.SZ,能特科技,2025-05-26,0.199626,trend,19.132961,19.801096,18.829263,19.740357,True,3.833866,1.359018,0.291633,0.144273,16.855442,,,0.199626,0.107633
dedicated_trend,趋势专属分支,000553.SZ,安道麦A,2025-05-27,0.199626,trend,7.206995,7.466987,7.165396,7.425388,True,3.179191,1.311705,0.343923,0.274325,9.970023,,,0.199626,0.100777
dedicated_trend,趋势专属分支,002121.SZ,科陆电子,2025-05-27,0.199626,trend,18.813538,19.888597,18.736748,19.888597,True,5.284553,2.844392,0.263327,0.234971,11.438153,,,0.199626,0.102031
dedicated_trend,趋势专属分支,002867.SZ,周大生,2025-05-27,0.199626,trend,42.297501,44.378193,42.000259,44.1404,True,4.356992,2.184459,0.613776,0.248113,11.215482,,,0.199626,0.104638
dedicated_trend,趋势专属分支,688578.SH,艾力斯,2025-05-28,0.202108,trend,87.182926,92.406613,87.182926,91.495505,True,5.129696,1.681525,0.609101,0.336476,11.082175,,,0.202108,0.099805
dedicated_trend,趋势专属分支,601187.SH,厦门银行,2025-05-28,0.199979,trend,7.702834,7.94698,7.666211,7.922566,True,2.365931,1.343875,0.670367,0.226415,8.070013,,,0.199979,0.111639
dedicated_trend,趋势专属分支,300627.SZ,华测导航,2025-05-28,0.199626,trend,178.603668,189.599165,178.603668,188.553966,True,5.571161,2.318014,0.553393,0.435035,6.677831,,,0.199626,0.102834
dedicated_trend,趋势专属分支,002425.SZ,凯撒文化,2025-05-29,0.203086,trend,11.105914,11.725367,11.105914,11.636874,True,4.365079,1.782204,0.315153,0.122352,10.824616,,,0.203086,0.116379
dedicated_trend,趋势专属分支,688180.SH,君实生物-U,2025-05-29,0.200759,trend,30.78,33.2,30.32,32.96,True,7.606921,2.702597,0.550147,0.169278,17.175156,,,0.200759,0.092218
dedicated_trend,趋势专属分支,300049.SZ,福瑞医科,2025-05-29,0.200514,trend,124.081409,130.372758,123.099522,130.190927,True,4.985337,2.610229,0.449257,0.152598,15.43586,,,0.200514,0.102597
dedicated_trend,趋势专属分支,002515.SZ,金字火腿,2025-05-30,0.200759,trend,62.514294,65.893445,62.289017,65.442891,True,6.021898,2.306422,0.562848,0.349853,11.086027,,,0.200759,0.093329
dedicated_trend,趋势专属分支,688326.SH,经纬恒润-W,2025-05-30,0.200199,trend,103.0,105.69,97.5,105.01,True,2.850147,1.995239,0.24577,0.06,29.489155,,,0.200199,0.080773
dedicated_trend,趋势专属分支,002721.SZ,金一文化,2025-05-30,0.199979,trend,8.862907,9.167474,8.83245,9.137017,True,3.448276,1.664365,0.464167,0.250551,7.639138,,,0.199979,0.109394
dedicated_trend,趋势专属分支,603766.SH,隆鑫通用,2025-06-03,0.208571,trend,41.949675,43.103372,40.860073,42.879042,True,2.371844,1.303707,0.291619,0.460846,1.023318,,,0.208571,0.104236
dedicated_trend,趋势专属分支,002311.SZ,海大集团,2025-06-03,0.203086,trend,432.708636,447.880149,430.215665,445.885772,True,3.283287,1.411273,0.433326,0.299224,10.453522,,,0.203086,0.117478
dedicated_trend,趋势专属分支,002352.SZ,顺丰控股,2025-06-03,0.200759,trend,169.483489,177.496108,169.298867,176.94224,True,3.83532,2.133711,0.614531,0.152462,12.090085,,,0.200759,0.108082
dedicated_trend,趋势专属分支,000893.SZ,亚钾国际,2025-06-04,0.208571,trend,44.647345,46.070795,44.387144,45.963653,True,3.373494,1.736832,0.421988,0.525747,7.131104,,,0.208571,0.11041
dedicated_trend,趋势专属分支,000070.SZ,特发信息,2025-06-04,0.200759,trend,16.466368,16.959373,16.466368,16.836122,True,2.552553,1.380936,0.39579,0.43458,3.927113,,,0.200759,0.107783
dedicated_trend,趋势专属分支,000915.SZ,华特达因,2025-06-04,0.200759,trend,49.791936,51.426004,49.603389,51.284594,True,3.651953,1.907491,0.606984,0.400873,8.97772,,,0.200759,0.107722
dedicated_trend,趋势专属分支,688002.SH,睿创微纳,2025-06-05,0.200759,trend,62.037315,65.047457,61.915693,64.591375,True,4.116974,1.601379,0.427711,0.394047,10.211572,,,0.200759,0.097412
dedicated_trend,趋势专属分支,688008.SH,澜起科技,2025-06-05,0.200759,trend,83.259191,86.439694,82.641617,86.254422,True,4.358655,1.957851,0.465553,0.246402,10.086397,,,0.200759,0.112092
dedicated_trend,趋势专属分支,000010.SZ,美丽生态,2025-06-05,0.200514,trend,3.05,3.13,3.04,3.12,True,2.631579,2.255183,0.303131,0.191082,7.840664,,,0.200514,0.102774
dedicated_trend,趋势专属分支,688080.SH,映翰通,2025-06-06,0.207388,trend,71.007765,73.782618,69.157863,73.483787,True,3.30066,1.380002,0.224187,0.15,24.559637,,,0.207388,0.107287
dedicated_trend,趋势专属分支,600846.SH,同济科技,2025-06-06,0.202108,trend,22.199852,23.028892,22.176823,22.936777,True,3.319502,1.969821,0.487171,0.3251,7.88592,,,0.202108,0.106735
dedicated_trend,趋势专属分支,601858.SH,中国科传,2025-06-06,0.200514,trend,23.678435,24.509057,23.268812,24.497679,True,4.565323,2.795751,0.542247,0.078787,15.418542,,,0.200514,0.098155
dedicated_trend,趋势专属分支,600352.SH,浙江龙盛,2025-06-09,0.200759,trend,27.025183,28.415202,27.025183,28.254815,True,4.240631,3.446386,0.639404,0.390633,6.475871,,,0.200759,0.101681
dedicated_trend,趋势专属分支,603811.SH,诚意药业,2025-06-09,0.200759,trend,40.741753,42.450279,40.741753,42.056004,True,3.225806,1.395244,0.479798,0.340846,3.371728,,,0.200759,0.109872
dedicated_trend,趋势专属分支,603899.SH,晨光股份,2025-06-09,0.200759,trend,73.631999,80.579291,73.167297,79.812533,True,8.943863,3.216376,0.52982,0.121034,23.930672,,,0.200759,0.111926
dedicated_trend,趋势专属分支,002425.SZ,凯撒文化,2025-06-10,0.199626,trend,12.521807,13.141261,12.477561,13.052767,True,4.240283,1.635044,0.245455,0.034079,18.335078,,,0.199626,0.104568
dedicated_trend,趋势专属分支,301048.SZ,金鹰重工,2025-06-10,0.199626,trend,10.82048,11.320672,10.66736,11.320672,True,4.622642,2.396992,0.371771,0.254201,11.655537,,,0.199626,0.091717
dedicated_trend,趋势专属分支,603087.SH,甘李药业,2025-06-10,0.199626,trend,81.848191,85.099104,81.704346,84.466183,True,2.819121,1.625123,0.286429,0.12,15.611232,,,0.199626,0.113401
dedicated_trend,趋势专属分支,688019.SH,安集科技,2025-06-11,0.202889,trend,423.223095,442.235256,418.553441,441.711111,True,4.386014,1.333219,0.530769,0.309017,6.36477,,,0.202889,0.096458
dedicated_trend,趋势专属分支,002539.SZ,云图控股,2025-06-11,0.200759,trend,56.285002,59.886175,56.218314,59.68611,True,6.168446,3.257217,0.528652,0.374063,2.995609,,,0.200759,0.10365
dedicated_trend,趋势专属分支,002714.SZ,牧原股份,2025-06-11,0.200759,trend,817.860924,858.291902,815.358054,854.441333,True,4.793388,2.254604,0.68213,0.105,12.972468,,,0.200759,0.102855
dedicated_trend,趋势专属分支,603259.SH,药明康德,2025-06-12,0.203086,trend,165.028081,171.978234,164.24175,171.749945,True,4.089162,1.608648,0.290295,0.299828,8.370895,,,0.203086,0.111363
dedicated_trend,趋势专属分支,000408.SZ,藏格矿业,2025-06-12,0.200759,trend,48.051555,49.278096,47.630683,48.929374,True,2.313301,1.593723,0.547368,0.155513,8.842105,,,0.200759,0.111424
dedicated_trend,趋势专属分支,600057.SH,厦门象屿,2025-06-12,0.200759,trend,15.106252,15.720149,15.018553,15.6763,True,4.227405,2.084005,0.504783,0.420565,-0.327247,,,0.200759,0.106329
dedicated_trend,趋势专属分支,600160.SH,巨化股份,2025-06-13,0.202108,trend,111.056736,114.290604,110.933931,113.922189,True,2.240999,1.415485,0.541742,0.413975,6.356794,,,0.202108,0.10504
dedicated_trend,趋势专属分支,600562.SH,国睿科技,2025-06-13,0.199626,trend,144.51976,150.835662,142.381306,150.835662,True,6.197479,1.373061,0.25,0.169743,18.939193,,,0.199626,0.091502
dedicated_trend,趋势专属分支,600938.SH,中国海油,2025-06-13,0.199626,trend,33.844258,34.101862,33.353583,33.917859,True,2.979516,3.558276,0.681371,0.39482,7.403623,,,0.199626,0.104576
dedicated_trend,趋势专属分支,002736.SZ,国信证券,2025-06-16,0.200759,trend,14.387029,14.842727,14.334949,14.803667,True,2.895928,1.764068,0.591901,0.431941,3.57959,,,0.200759,0.101277
dedicated_trend,趋势专属分支,600673.SH,东阳光,2025-06-16,0.200759,trend,30.792404,32.610512,30.792404,32.350782,True,6.558935,3.0361,0.547184,0.15,17.499834,,,0.200759,0.100014
dedicated_trend,趋势专属分支,601555.SH,东吴证券,2025-06-16,0.200759,trend,11.826016,12.5225,11.826016,12.45143,True,4.534606,2.400939,0.553933,0.165,12.290834,,,0.200759,0.107354
dedicated_trend,趋势专属分支,002270.SZ,华明装备,2025-06-17,0.200759,trend,41.024786,43.476668,40.923677,43.350282,True,5.929586,3.164211,0.564152,0.139743,12.056021,,,0.200759,0.103819
dedicated_trend,趋势专属分支,300550.SZ,和仁科技,2025-06-17,0.200514,trend,37.011358,38.514074,36.705249,38.235793,True,4.248862,2.442011,0.457109,0.15568,9.796086,,,0.200514,0.098666
dedicated_trend,趋势专属分支,000070.SZ,特发信息,2025-06-17,0.199626,trend,17.698881,18.389088,17.550979,18.241186,True,3.20781,1.877441,0.337223,0.183269,10.634324,,,0.199626,0.114476
dedicated_trend,趋势专属分支,601838.SH,成都银行,2025-06-18,0.200759,trend,26.478115,27.49338,26.464578,27.398622,True,3.635433,1.665883,0.559829,0.40898,4.384475,,,0.200759,0.110558
dedicated_trend,趋势专属分支,002952.SZ,亚世光电,2025-06-18,0.200514,trend,53.841371,57.521355,52.952247,57.496657,True,5.149051,1.327423,0.249728,0.111816,4.988072,,,0.200514,0.104343
dedicated_trend,趋势专属分支,300739.SZ,明阳电路,2025-06-18,0.200514,trend,34.21977,36.337772,34.041144,36.133628,True,5.435592,3.433779,0.298549,0.255818,6.868499,,,0.200514,0.101107
dedicated_trend,趋势专属分支,603790.SH,雅运股份,2025-06-19,0.202108,trend,25.363562,26.268906,25.057138,26.129623,True,3.646409,1.623925,0.387042,0.448891,6.322759,,,0.202108,0.096659
dedicated_trend,趋势专属分支,688002.SH,睿创微纳,2025-06-19,0.200759,trend,63.486643,65.787324,63.131912,65.300836,True,2.742784,1.620867,0.510695,0.347344,1.987204,,,0.200759,0.095861
dedicated_trend,趋势专属分支,300057.SZ,万顺新材,2025-06-20,0.200514,trend,12.938822,13.704588,12.912416,13.57256,True,4.684318,3.108728,0.458088,0.203153,4.965363,,,0.200514,0.099987
dedicated_trend,趋势专属分支,002352.SZ,顺丰控股,2025-06-20,0.199979,trend,182.554765,188.795007,182.554765,187.02263,True,3.030919,1.472182,0.50021,0.167008,8.701464,,,0.199979,0.108621
dedicated_trend,趋势专属分支,301012.SZ,扬电科技,2025-06-20,0.19789,trend,36.650841,39.723248,36.591375,39.425918,True,6.820623,1.962199,0.337194,0.127706,7.929448,,,0.19789,0.094513
dedicated_trend,趋势专属分支,600015.SH,华夏银行,2025-06-23,0.200759,trend,26.962716,27.861473,26.896141,27.728324,True,2.839506,1.70095,0.67568,0.352031,9.026295,,,0.200759,0.106098
dedicated_trend,趋势专属分支,688458.SH,美芯晟,2025-06-23,0.200759,trend,59.766298,62.869225,59.402892,62.617637,True,4.13761,1.357829,0.374783,0.301486,7.855198,,,0.200759,0.09308
dedicated_trend,趋势专属分支,688006.SH,杭可科技,2025-06-23,0.200514,trend,27.526983,28.501128,27.305586,28.38305,True,2.232855,1.732788,0.569482,0.241035,6.295668,,,0.200514,0.100445
dedicated_trend,趋势专属分支,002539.SZ,云图控股,2025-06-24,0.202108,trend,60.219617,61.953516,59.68611,61.553385,True,2.783964,1.983214,0.555373,0.211752,8.492133,,,0.202108,0.104433
dedicated_trend,趋势专属分支,300018.SZ,中元股份,2025-06-24,0.202108,trend,50.624708,52.323524,50.42085,52.255571,True,3.360215,1.307728,0.480422,0.253777,1.94733,,,0.202108,0.101663
dedicated_trend,趋势专属分支,002706.SZ,良信股份,2025-06-24,0.200759,trend,109.314892,116.371605,109.058284,115.473478,True,5.882353,2.246468,0.521988,0.28736,5.763782,,,0.200759,0.106135
dedicated_trend,趋势专属分支,002701.SZ,奥瑞金,2025-06-25,0.202108,trend,58.900191,61.107694,58.498827,60.605989,True,3.247863,1.788787,0.563606,0.452979,2.099779,,,0.202108,0.10244
dedicated_trend,趋势专属分支,002314.SZ,南山控股,2025-06-25,0.200759,trend,6.246798,6.414337,6.19893,6.390402,True,2.692308,1.37643,0.559536,0.342867,0.618561,,,0.200759,0.101123
dedicated_trend,趋势专属分支,002985.SZ,北摩高科,2025-06-25,0.200759,trend,61.863187,65.372185,61.863187,65.212685,True,5.375552,2.590759,0.546898,0.341069,4.674225,,,0.200759,0.104738
dedicated_trend,趋势专属分支,002948.SZ,青岛银行,2025-06-26,0.199979,trend,7.183417,7.524807,7.154968,7.510582,True,4.970179,1.916832,0.429963,0.375865,1.022345,,,0.199979,0.115672
dedicated_trend,趋势专属分支,601963.SH,重庆银行,2025-06-26,0.199626,trend,13.992249,14.557466,13.879206,14.456983,True,3.2287,1.471069,0.571777,0.515874,0.295672,,,0.199626,0.09265
dedicated_trend,趋势专属分支,603993.SH,洛阳钼业,2025-06-26,0.199626,trend,28.567346,29.388657,28.3888,29.102984,True,2.774275,1.347222,0.480282,0.399971,2.571308,,,0.199626,0.097899
dedicated_trend,趋势专属分支,000408.SZ,藏格矿业,2025-06-27,0.205949,trend,51.081833,53.041894,50.769185,52.596972,True,4.019025,1.530509,0.381932,0.343267,6.616791,,,0.205949,0.113704
dedicated_trend,趋势专属分支,002026.SZ,山东威达,2025-06-27,0.200759,trend,22.935986,24.137026,22.819757,23.904567,True,4.222973,1.443302,0.350937,0.256613,7.136779,,,0.200759,0.096554
dedicated_trend,趋势专属分支,600362.SH,江西铜业,2025-06-27,0.200759,trend,29.248262,30.695812,29.222413,30.46317,True,6.123368,3.664965,0.66113,0.186846,4.110377,,,0.200759,0.101644
dedicated_trend,趋势专属分支,002993.SZ,奥海科技,2025-06-30,0.200759,trend,57.087032,58.916653,55.342509,58.817372,True,4.353296,2.675638,0.445468,0.082957,7.495039,,,0.200759,0.09833
dedicated_trend,趋势专属分支,300911.SZ,亿田智能,2025-06-30,0.200759,trend,73.909603,77.657183,71.916987,77.620622,True,8.482371,1.635913,0.393502,0.17565,10.423833,,,0.200759,0.108071
dedicated_trend,趋势专属分支,603458.SH,勘设股份,2025-06-30,0.200759,trend,22.544982,23.184144,22.196348,22.980774,True,3.669725,1.630141,0.432709,0.13757,6.011219,,,0.200759,0.095831
dedicated_trend,趋势专属分支,603799.SH,华友钴业,2025-07-01,0.203086,trend,94.89037,97.937309,94.403884,97.502032,True,2.863317,1.541735,0.457934,0.286216,2.487169,,,0.203086,0.11542
dedicated_trend,趋势专属分支,300357.SZ,我武生物,2025-07-01,0.200759,trend,115.025123,123.663153,114.579289,122.492839,True,6.492248,2.87304,0.609766,0.237451,4.777069,,,0.200759,0.101277
dedicated_trend,趋势专属分支,605589.SH,圣泉集团,2025-07-01,0.200759,trend,29.745993,30.850078,29.585204,30.67857,True,3.135135,1.479786,0.594452,0.189136,6.909742,,,0.200759,0.105529
dedicated_trend,趋势专属分支,002192.SZ,融捷股份,2025-07-02,0.200514,trend,47.165311,48.442128,46.611511,48.149845,True,2.960526,1.633982,0.602529,0.156765,7.020602,,,0.200514,0.10128
dedicated_trend,趋势专属分支,603806.SH,福斯特,2025-07-02,0.200514,trend,89.390778,91.854842,88.706315,91.71795,True,3.235747,2.495283,0.684627,0.194866,5.187545,,,0.200514,0.099696
dedicated_trend,趋势专属分支,688601.SH,力芯微,2025-07-02,0.200514,trend,86.864782,90.924695,86.495698,90.79443,True,4.91721,1.903622,0.47547,0.227248,3.513729,,,0.200514,0.102004
dedicated_trend,趋势专属分支,002515.SZ,金字火腿,2025-07-03,0.200759,trend,66.456636,68.596765,66.343998,67.920935,True,2.55102,1.88924,0.501241,0.348828,5.592789,,,0.200759,0.106816
dedicated_trend,趋势专属分支,300709.SZ,精研科技,2025-07-03,0.200759,trend,74.483498,79.882535,74.483498,79.127831,True,6.623207,2.71807,0.390923,0.217684,3.9302,,,0.200759,0.098186
dedicated_trend,趋势专属分支,002273.SZ,水晶光电,2025-07-03,0.200514,trend,229.566099,242.022272,229.333273,240.508905,True,4.979675,2.342408,0.493292,0.166068,2.751103,,,0.200514,0.098936
dedicated_trend,趋势专属分支,300779.SZ,惠城环保,2025-07-04,0.200759,trend,264.247506,275.237572,262.246713,272.72229,True,2.685105,1.443983,0.24454,0.20021,13.191509,,,0.200759,0.108462
dedicated_trend,趋势专属分支,601166.SH,兴业银行,2025-07-04,0.200759,trend,131.781994,136.873695,131.179749,135.942954,True,3.157457,1.40494,0.534109,0.2295,3.686621,,,0.200759,0.109234
dedicated_trend,趋势专属分支,301178.SZ,天亿马,2025-07-04,0.200199,trend,67.98965,73.693385,67.818965,72.967972,True,6.630638,1.4564,0.245278,0.060467,14.461193,,,0.200199,0.090395
dedicated_trend,趋势专属分支,300828.SZ,锐新科技,2025-07-07,0.202108,trend,27.852309,29.058846,27.733355,28.871918,True,3.408399,2.530842,0.517732,0.384622,4.074741,,,0.202108,0.102358
dedicated_trend,趋势专属分支,601002.SH,晋亿实业,2025-07-07,0.200759,trend,5.717569,5.995909,5.717569,5.984311,True,4.032258,2.248578,0.519188,0.297188,8.426292,,,0.200759,0.105386
dedicated_trend,趋势专属分支,600016.SH,民生银行,2025-07-07,0.199979,trend,16.29418,16.901219,16.262231,16.80537,True,3.339882,1.387142,0.373005,0.106758,6.802728,,,0.199979,0.116945
dedicated_trend,趋势专属分支,688711.SH,宏微科技,2025-07-08,0.202688,trend,37.309965,38.676551,37.24489,38.589784,True,4.095963,1.603168,0.624353,0.389682,2.105604,,,0.202688,0.102933
dedicated_trend,趋势专属分支,600141.SH,兴发集团,2025-07-08,0.200759,trend,37.946183,39.50091,37.891948,39.320128,True,3.917821,2.656468,0.718552,0.317633,4.199162,,,0.200759,0.102823
dedicated_trend,趋势专属分支,600176.SH,中国巨石,2025-07-08,0.200759,trend,84.735527,89.474493,84.594066,88.696454,True,4.152824,2.426357,0.686693,0.077372,9.84651,,,0.200759,0.107909
dedicated_trend,趋势专属分支,600052.SH,东望时代,2025-07-09,0.202688,trend,5.096212,5.318269,5.074007,5.284961,True,3.253796,2.827317,0.621672,0.206018,9.139456,,,0.202688,0.102502
dedicated_trend,趋势专属分支,002807.SZ,江阴银行,2025-07-09,0.199979,trend,7.996934,8.192378,7.980647,8.159804,True,2.03666,1.363188,0.553397,0.256521,1.038009,,,0.199979,0.106067
dedicated_trend,趋势专属分支,000042.SZ,中洲控股,2025-07-09,0.199626,trend,18.744239,19.214609,18.697202,19.097016,True,2.01005,1.849036,0.517369,0.208776,11.674114,,,0.199626,0.110705
dedicated_trend,趋势专属分支,601318.SH,中国平安,2025-07-10,0.202108,trend,168.312182,173.37058,168.041196,172.015652,True,2.200358,1.472999,0.644288,0.394668,0.464056,,,0.202108,0.103271
dedicated_trend,趋势专属分支,000623.SZ,吉林敖东,2025-07-10,0.200759,trend,43.131094,44.448848,43.131094,44.296799,True,2.521994,1.71341,0.736148,0.375918,3.584811,,,0.200759,0.10548
dedicated_trend,趋势专属分支,000893.SZ,亚钾国际,2025-07-10,0.200759,trend,47.310573,49.223812,47.203432,49.131977,True,3.749192,1.571264,0.605256,0.327497,5.377991,,,0.200759,0.107151
dedicated_trend,趋势专属分支,688176.SH,亚虹医药-U,2025-07-11,0.199979,trend,9.55,10.03,9.5,9.93,True,4.636459,1.912991,0.457492,0.220261,9.577754,,,0.199979,0.104408
dedicated_trend,趋势专属分支,000426.SZ,兴业银锡,2025-07-11,0.199626,trend,42.6289,44.31325,42.009654,43.892162,True,5.225653,1.597996,0.24615,0.225306,7.894939,,,0.199626,0.103383
dedicated_trend,趋势专属分支,000688.SZ,国城矿业,2025-07-11,0.199626,trend,13.129742,13.768486,13.129742,13.65696,True,4.095827,2.411979,0.581159,0.40161,1.004183,,,0.199626,0.0943
dedicated_trend,趋势专属分支,688578.SH,艾力斯,2025-07-14,0.202889,trend,96.454862,101.120558,95.987276,100.622477,True,4.408818,1.853336,0.583253,0.309279,4.322257,,,0.202889,0.102594
dedicated_trend,趋势专属分支,002838.SZ,道恩股份,2025-07-14,0.202108,trend,95.046149,97.94173,94.792151,97.636932,True,2.616124,1.33924,0.577501,0.429888,5.241508,,,0.202108,0.107226
dedicated_trend,趋势专属分支,300158.SZ,振东制药,2025-07-14,0.200759,trend,27.551085,28.963961,27.551085,28.787351,True,4.042553,1.627267,0.450575,0.379758,9.063522,,,0.200759,0.097105
dedicated_trend,趋势专属分支,002028.SZ,思源电气,2025-07-15,0.200759,trend,150.994188,162.974736,149.52117,162.189127,True,7.260683,4.252269,0.665076,0.105327,11.785698,,,0.200759,0.104944
dedicated_trend,趋势专属分支,600499.SH,科达制造,2025-07-15,0.200759,trend,34.123178,34.924944,34.026966,34.604238,True,4.150579,2.406947,0.534318,0.250259,4.370166,,,0.200759,0.107448
dedicated_trend,趋势专属分支,688166.SH,博瑞医药,2025-07-15,0.200199,trend,65.000484,70.787361,64.266937,70.46134,True,8.384266,1.75061,0.247579,0.263918,25.713326,,,0.200199,0.104034
dedicated_trend,趋势专属分支,600323.SH,瀚蓝环境,2025-07-16,0.200759,trend,57.15627,58.197892,56.845999,58.087081,True,2.302888,1.908282,0.711709,0.179324,9.501991,,,0.200759,0.108371
dedicated_trend,趋势专属分支,688408.SH,中信博,2025-07-16,0.200514,trend,71.291425,76.960233,71.291425,76.80619,True,8.156182,2.148373,0.498577,0.203097,5.041806,,,0.200514,0.101431
dedicated_trend,趋势专属分支,002527.SZ,新时达,2025-07-16,0.199626,trend,44.092574,45.460868,43.282768,45.377095,True,2.978454,1.979219,0.426169,0.125371,11.472211,,,0.199626,0.10163
dedicated_trend,趋势专属分支,605376.SH,博迁新材,2025-07-17,0.202889,trend,40.025674,42.386269,39.868997,42.260928,True,5.971713,1.686919,0.320303,0.261721,2.221451,,,0.202889,0.09733
dedicated_trend,趋势专属分支,002353.SZ,杰瑞股份,2025-07-17,0.200759,trend,326.431779,340.961126,325.21375,338.003055,True,3.544776,1.492148,0.52932,0.070094,11.756709,,,0.200759,0.107645
dedicated_trend,趋势专属分支,600862.SH,中航高科,2025-07-17,0.200759,trend,53.971393,57.197367,53.865276,56.688003,True,5.033425,1.631688,0.563848,0.255332,4.276072,,,0.200759,0.105798
dedicated_trend,趋势专属分支,000739.SZ,普洛药业,2025-07-18,0.202108,trend,44.404952,45.721541,44.01596,45.482162,True,2.633356,1.664169,0.716922,0.460062,3.345998,,,0.202108,0.101277
dedicated_trend,趋势专属分支,600893.SH,航发动力,2025-07-18,0.200759,trend,80.863854,84.042935,80.437132,83.488196,True,3.109354,1.975765,0.615518,0.287556,3.073449,,,0.200759,0.101679
dedicated_trend,趋势专属分支,603069.SH,海汽集团,2025-07-18,0.200759,trend,23.084933,23.35063,22.533102,23.299534,True,2.888087,1.488453,0.43016,0.203063,3.248892,,,0.200759,0.095853
dedicated_trend,趋势专属分支,000682.SZ,东方电子,2025-07-21,0.202108,trend,10.936921,11.219232,10.905553,11.208776,True,3.27553,1.786599,0.63293,0.542697,0.737766,,,0.202108,0.103246
dedicated_trend,趋势专属分支,002443.SZ,金洲管道,2025-07-21,0.202108,trend,28.691572,29.50643,28.348474,29.334881,True,4.109589,1.721307,0.58894,0.491411,-0.947706,,,0.202108,0.107152
dedicated_trend,趋势专属分支,002960.SZ,青鸟消防,2025-07-21,0.202108,trend,33.521226,34.421796,33.454517,34.388442,True,2.791625,1.546567,0.692942,0.408638,3.80212,,,0.202108,0.102655
dedicated_trend,趋势专属分支,000408.SZ,藏格矿业,2025-07-22,0.200759,trend,53.751364,56.493044,53.558965,56.252546,True,4.911415,1.689632,0.439913,0.160738,7.68189,,,0.200759,0.113908
dedicated_trend,趋势专属分支,000822.SZ,山东海化,2025-07-22,0.200759,trend,6.853005,7.228668,6.761935,7.183133,True,4.991681,2.432232,0.580163,0.330768,1.803472,,,0.200759,0.101754
dedicated_trend,趋势专属分支,002051.SZ,中工国际,2025-07-22,0.200759,trend,47.379416,48.99279,46.626508,48.939011,True,3.409091,2.588747,0.687779,0.361691,4.813299,,,0.200759,0.105379
dedicated_trend,趋势专属分支,600030.SH,中信证券,2025-07-23,0.200759,trend,65.79571,68.177147,65.77303,67.542097,True,2.938127,2.52023,0.612878,0.281174,3.867671,,,0.200759,0.107375
dedicated_trend,趋势专属分支,601336.SH,新华保险,2025-07-23,0.200759,trend,79.090501,82.011747,78.720561,81.578025,True,2.730924,1.464063,0.41059,0.310214,4.734597,,,0.200759,0.110356
dedicated_trend,趋势专属分支,600690.SH,海尔智家,2025-07-23,0.200514,trend,144.401268,148.548563,144.401268,148.117675,True,2.573667,2.129212,0.738533,0.208388,5.52252,,,0.200514,0.09778
dedicated_trend,趋势专属分支,300171.SZ,东富龙,2025-07-24,0.202108,trend,125.542607,128.752243,124.717272,128.018612,True,2.647059,1.633739,0.565593,0.496799,2.854776,,,0.202108,0.105854
dedicated_trend,趋势专属分支,600655.SH,豫园股份,2025-07-24,0.200759,trend,15.045155,15.750396,15.045155,15.672036,True,3.986135,2.489078,0.761085,0.313351,3.105311,,,0.200759,0.103475
dedicated_trend,趋势专属分支,601788.SH,光大证券,2025-07-24,0.200759,trend,22.937878,23.629536,22.912727,23.61696,True,2.960526,1.668186,0.693476,0.507146,1.099077,,,0.200759,0.102565
dedicated_trend,趋势专属分支,603281.SH,江瀚新材,2025-07-25,0.200759,trend,38.381595,40.54943,38.381595,40.362278,True,5.246035,2.011184,0.649718,0.277728,4.33379,,,0.200759,0.104574
dedicated_trend,趋势专属分支,688401.SH,路维光电,2025-07-25,0.200759,trend,50.880223,52.615787,50.346203,52.452615,True,3.120443,1.544437,0.681358,0.341408,2.065032,,,0.200759,0.105788
dedicated_trend,趋势专属分支,001979.SZ,招商蛇口,2025-07-25,0.200514,trend,12.61619,12.960894,12.588613,12.933318,True,2.290076,1.765117,0.732148,0.203161,1.733177,,,0.200514,0.101052
dedicated_trend,趋势专属分支,000009.SZ,中国宝安,2025-07-28,0.200759,trend,21.055527,21.868033,20.893025,21.659103,True,2.980132,2.296113,0.555668,0.395832,2.126647,,,0.200759,0.103836
dedicated_trend,趋势专属分支,002025.SZ,航天电器,2025-07-28,0.200759,trend,74.125779,78.388744,73.261467,78.066458,True,5.545653,2.231125,0.636805,0.243649,6.822211,,,0.200759,0.102567
dedicated_trend,趋势专属分支,300976.SZ,达瑞电子,2025-07-28,0.200759,trend,135.839934,145.953956,135.597843,145.496673,True,7.108911,2.034885,0.480845,0.245217,6.841909,,,0.200759,0.102507
dedicated_trend,趋势专属分支,688103.SH,国力电子,2025-07-29,0.202889,trend,61.416932,64.638636,60.854412,64.290896,True,4.679434,1.743387,0.624429,0.143183,8.343625,,,0.202889,0.10021
dedicated_trend,趋势专属分支,000768.SZ,中航西飞,2025-07-29,0.202108,trend,30.851981,31.600297,30.606106,31.589606,True,2.426343,1.306121,0.506186,0.277372,4.146305,,,0.202108,0.105788
dedicated_trend,趋势专属分支,002925.SZ,盈趣科技,2025-07-29,0.200759,trend,36.895847,39.170248,36.579957,39.022833,True,5.704507,2.744209,0.580088,0.386321,6.858228,,,0.200759,0.11021
dedicated_trend,趋势专属分支,002072.SZ,凯瑞德,2025-07-30,0.199626,trend,7.07,7.29,6.91,7.23,True,3.87931,1.412563,0.244361,0.18,22.804173,,,0.199626,0.108885
dedicated_trend,趋势专属分支,603255.SH,鼎际得,2025-07-30,0.199626,trend,30.403685,31.698527,30.353497,31.427513,True,2.824302,1.985668,0.431064,0.43174,0.04675,,,0.199626,0.093276
dedicated_trend,趋势专属分支,688386.SH,泛亚微透,2025-07-30,0.199626,trend,79.457209,84.316688,79.051125,83.504518,True,4.950663,1.540905,0.28308,0.272127,10.435147,,,0.199626,0.10552
dedicated_trend,趋势专属分支,002515.SZ,金字火腿,2025-07-31,0.200759,trend,71.300086,74.679237,70.962171,74.003407,True,2.978056,1.685457,0.544055,0.093707,6.33422,,,0.200759,0.114724
dedicated_trend,趋势专属分支,688392.SH,骄成超声,2025-07-31,0.199626,trend,103.910657,112.18988,102.742161,112.09013,True,7.312415,1.642023,0.249418,0.217082,7.403057,,,0.199626,0.090755
dedicated_trend,趋势专属分支,300807.SZ,天迈科技,2025-07-31,0.19789,trend,43.203996,46.338703,42.929201,46.318348,True,6.780854,2.28813,0.590777,0.18127,5.862444,,,0.19789,0.090384
dedicated_trend,趋势专属分支,688484.SH,南芯科技,2025-08-01,0.200759,trend,39.467313,41.205511,38.751584,41.05214,True,4.939885,2.853156,0.542542,0.254144,9.728736,,,0.200759,0.104281
dedicated_trend,趋势专属分支,600666.SH,奥瑞德,2025-08-01,0.200593,trend,14.734877,15.696684,14.465572,15.542795,True,6.315789,1.538576,0.243976,0.235502,21.047278,,,0.200593,0.098978
dedicated_trend,趋势专属分支,300369.SZ,绿盟科技,2025-08-01,0.199626,trend,67.661358,68.076969,66.082039,67.661358,True,2.005013,2.179799,0.611222,0.39863,2.996906,,,0.199626,0.099045
dedicated_trend,趋势专属分支,002829.SZ,星网宇达,2025-08-04,0.202108,trend,52.35844,55.075498,51.917836,54.585938,True,4.011194,2.249588,0.590871,0.304756,7.834694,,,0.202108,0.101226
dedicated_trend,趋势专属分支,002346.SZ,柘中股份,2025-08-04,0.200759,trend,34.347956,35.970885,34.347956,35.728657,True,2.859135,1.325695,0.705776,0.219596,8.344317,,,0.200759,0.10402
dedicated_trend,趋势专属分支,002465.SZ,海格通信,2025-08-04,0.200759,trend,94.94573,99.261445,94.873801,99.261445,True,4.624716,1.998028,0.442316,0.419286,6.437067,,,0.200759,0.106657
dedicated_trend,趋势专属分支,300701.SZ,森霸传感,2025-08-05,0.202688,trend,39.28339,39.973209,39.101859,39.973209,True,2.038925,1.356368,0.664309,0.569189,3.36996,,,0.202688,0.104568
dedicated_trend,趋势专属分支,002446.SZ,盛路通信,2025-08-05,0.202108,trend,36.941247,38.184223,36.79209,37.985347,True,2.82638,1.999183,0.673017,0.384786,6.193682,,,0.202108,0.105529
dedicated_trend,趋势专属分支,300647.SZ,超频三,2025-08-05,0.202108,trend,18.271557,18.79048,18.271557,18.763169,True,3.153153,1.570257,0.574877,0.439395,6.558888,,,0.202108,0.102843
dedicated_trend,趋势专属分支,300866.SZ,安克创新,2025-08-06,0.208571,trend,175.140289,185.361388,173.561306,185.290898,True,5.795702,1.535563,0.393594,0.33454,7.381038,,,0.208571,0.097942
dedicated_trend,趋势专属分支,688002.SH,睿创微纳,2025-08-06,0.202889,trend,66.452187,71.951818,65.833225,71.809762,True,8.029309,2.060449,0.597358,0.186102,5.371071,,,0.202889,0.095863
dedicated_trend,趋势专属分支,300887.SZ,谱尼测试,2025-08-06,0.202108,trend,56.034515,58.015211,55.778942,57.63185,True,2.61661,1.457988,0.506397,0.3621,9.353484,,,0.202108,0.094296
dedicated_trend,趋势专属分支,603776.SH,永安行,2025-08-07,0.200759,trend,56.928163,60.906022,56.928163,60.405497,True,4.942792,1.823107,0.327634,0.164105,9.707797,,,0.200759,0.102494
dedicated_trend,趋势专属分支,300667.SZ,必创科技,2025-08-07,0.200514,trend,39.068517,40.4262,38.647167,40.028259,True,2.39521,2.080053,0.661177,0.266485,8.307977,,,0.200514,0.099975
dedicated_trend,趋势专属分支,300398.SZ,飞凯材料,2025-08-07,0.199626,trend,116.628424,120.319197,116.230956,119.581042,True,2.38211,1.889975,0.618505,0.202859,8.222591,,,0.199626,0.092405
dedicated_trend,趋势专属分支,601002.SH,晋亿实业,2025-08-08,0.200759,trend,6.193066,6.413419,6.158274,6.367029,True,3.001876,2.022476,0.602242,0.336104,5.109243,,,0.200759,0.106836
dedicated_trend,趋势专属分支,002458.SZ,益生股份,2025-08-08,0.199626,trend,79.362104,80.054466,77.977378,79.881376,True,2.555556,1.510719,0.673763,0.299189,4.8316,,,0.199626,0.099924
dedicated_trend,趋势专属分支,300453.SZ,三鑫医疗,2025-08-08,0.199626,trend,62.532439,64.740304,61.962667,64.455418,True,2.491506,1.641617,0.629898,0.246593,4.800488,,,0.199626,0.096392
dedicated_trend,趋势专属分支,002326.SZ,永太科技,2025-08-11,0.200759,trend,79.227539,81.482922,78.591406,80.962449,True,2.339181,1.50381,0.462634,0.354936,4.566139,,,0.200759,0.097673
dedicated_trend,趋势专属分支,002967.SZ,广电计量,2025-08-11,0.200759,trend,29.128555,31.93165,29.128555,31.84722,True,9.333333,3.973561,0.689581,0.29965,8.278406,,,0.200759,0.100694
dedicated_trend,趋势专属分支,688326.SH,经纬恒润-W,2025-08-11,0.200514,trend,94.22,100.29,94.22,99.68,True,5.358842,1.311217,0.426773,0.206188,3.778059,,,0.200514,0.09931
dedicated_trend,趋势专属分支,603173.SH,福斯达,2025-08-12,0.203086,trend,45.747731,47.775446,45.261494,47.734064,True,4.436397,1.420717,0.277861,0.141296,12.734067,,,0.203086,0.114792
dedicated_trend,趋势专属分支,600066.SH,宇通客车,2025-08-12,0.200759,trend,161.289436,169.659381,160.556303,169.231719,True,4.964002,1.641804,0.703036,0.148396,10.380457,,,0.200759,0.10325
dedicated_trend,趋势专属分支,603186.SH,华正新材,2025-08-12,0.200759,trend,38.293613,39.003932,37.222834,38.664675,True,3.992016,2.908224,0.338623,0.291326,5.693577,,,0.200759,0.098817
dedicated_trend,趋势专属分支,300828.SZ,锐新科技,2025-08-13,0.202108,trend,31.149044,31.709829,30.707213,31.709829,True,2.358749,1.49433,0.540656,0.413292,5.714373,,,0.202108,0.107189
dedicated_trend,趋势专属分支,688411.SH,海博思创,2025-08-13,0.200759,trend,95.349517,98.656319,93.341091,97.966557,True,3.626609,1.51574,0.403403,0.168554,10.656868,,,0.200759,0.098882
dedicated_trend,趋势专属分支,000977.SZ,浪潮信息,2025-08-13,0.200514,trend,277.563845,286.899503,275.745849,286.899503,True,3.804444,2.070443,0.568929,0.248883,5.591842,,,0.200514,0.099967
dedicated_trend,趋势专属分支,002241.SZ,歌尔股份,2025-08-14,0.200514,trend,285.881991,305.121778,284.111458,303.115174,True,6.291391,2.412214,0.618148,0.129091,9.157434,,,0.200514,0.100426
dedicated_trend,趋势专属分支,601601.SH,中国太保,2025-08-14,0.199979,trend,59.447901,62.679106,59.447901,62.114429,True,4.872881,1.407329,0.642501,0.313605,3.315025,,,0.199979,0.105075
dedicated_trend,趋势专属分支,301087.SZ,可孚医疗,2025-08-14,0.197789,trend,56.606792,61.089907,55.665338,60.641595,True,6.986554,2.752854,0.470599,0.13023,7.634802,,,0.197789,0.096734
dedicated_trend,趋势专属分支,002197.SZ,证通电子,2025-08-15,0.202108,trend,19.138894,19.70023,18.978512,19.70023,True,2.932961,1.305259,0.467934,0.314152,6.364308,,,0.202108,0.105694
dedicated_trend,趋势专属分支,300258.SZ,精锻科技,2025-08-15,0.200759,trend,65.936775,69.370499,65.936775,68.86008,True,3.703704,1.403321,0.519558,0.27104,5.401781,,,0.200759,0.094481
dedicated_trend,趋势专属分支,300192.SZ,科德教育,2025-08-15,0.200514,trend,62.962214,66.756476,62.924647,66.343239,True,5.369928,2.008814,0.481985,0.075,6.739308,,,0.200514,0.105048
dedicated_trend,趋势专属分支,688557.SH,兰剑智能,2025-08-18,0.203086,trend,53.218304,57.44886,53.218304,57.284422,True,8.126411,1.509456,0.30056,0.15334,1.770371,,,0.203086,0.102392
dedicated_trend,趋势专属分支,688571.SH,杭华股份,2025-08-18,0.202688,trend,12.749181,13.288289,12.749181,13.259148,True,3.762828,1.32777,0.483064,0.216612,4.577126,,,0.202688,0.112393
dedicated_trend,趋势专属分支,000880.SZ,潍柴重机,2025-08-18,0.200759,trend,63.381895,68.152575,61.144433,67.522485,True,8.693852,1.559989,0.244672,0.216996,18.057037,,,0.200759,0.103543
dedicated_trend,趋势专属分支,002388.SZ,新亚制程,2025-08-19,0.200759,trend,18.601676,19.334938,18.524491,19.180567,True,2.898551,1.713207,0.557522,0.20047,7.521926,,,0.200759,0.10984
dedicated_trend,趋势专属分支,002392.SZ,北京利尔,2025-08-19,0.200759,trend,60.689141,65.284176,60.08225,64.677285,True,6.571429,1.882074,0.508528,0.19778,4.570277,,,0.200759,0.108948
dedicated_trend,趋势专属分支,002304.SZ,洋河股份,2025-08-19,0.200514,trend,351.301461,373.913969,350.796717,371.390251,True,5.355097,4.493395,0.646987,0.277964,4.087371,,,0.200514,0.098772
dedicated_trend,趋势专属分支,605133.SH,嵘泰股份,2025-08-20,0.200759,trend,46.221957,47.486838,46.127764,47.284995,True,2.568593,1.519948,0.489056,0.237113,-0.485911,,,0.200759,0.102026
dedicated_trend,趋势专属分支,002577.SZ,雷柏科技,2025-08-20,0.200514,trend,51.404727,52.646501,50.865845,52.552782,True,2.233364,1.65326,0.713513,0.225676,-0.664979,,,0.200514,0.097527
dedicated_trend,趋势专属分支,300337.SZ,银邦股份,2025-08-20,0.200514,trend,51.635573,54.011168,51.501105,53.473297,True,2.667814,2.159255,0.638458,0.124108,4.517188,,,0.200514,0.098581
dedicated_trend,趋势专属分支,002588.SZ,史丹利,2025-08-21,0.200759,trend,98.480102,104.224774,98.069768,104.122191,True,5.399792,1.996647,0.680765,0.125992,7.446858,,,0.200759,0.106555
dedicated_trend,趋势专属分支,000521.SZ,长虹美菱,2025-08-21,0.199626,trend,13.863586,14.921596,13.772378,14.830388,True,5.997392,3.631606,0.650788,0.181397,7.615128,,,0.199626,0.102657
dedicated_trend,趋势专属分支,000830.SZ,鲁西化工,2025-08-21,0.199626,trend,19.19554,20.37872,19.19554,20.20747,True,5.442729,2.277735,0.404296,0.29681,3.058419,,,0.199626,0.095041
dedicated_trend,趋势专属分支,603163.SH,圣晖集成,2025-08-22,0.203086,trend,44.03069,47.376487,43.73626,47.242656,True,7.229648,1.373487,0.37324,0.19762,-2.521437,,,0.203086,0.102891
dedicated_trend,趋势专属分支,601881.SH,中国银河,2025-08-22,0.202108,trend,21.23445,22.210881,21.187393,22.187353,True,4.429679,1.789485,0.658811,0.234327,2.936219,,,0.202108,0.10339
dedicated_trend,趋势专属分支,002180.SZ,纳思达,2025-08-22,0.200759,trend,77.850636,83.873103,77.724511,83.715447,True,7.446378,3.518757,0.614368,0.217812,5.84877,,,0.200759,0.103257
dedicated_trend,趋势专属分支,000751.SZ,锌业股份,2025-08-25,0.202889,trend,3.536458,3.657708,3.526354,3.627396,True,4.057971,2.14852,0.603968,0.408262,-3.131601,,,0.202889,0.104917
dedicated_trend,趋势专属分支,002422.SZ,科伦药业,2025-08-25,0.199979,trend,270.810408,282.409364,270.738365,281.616889,True,4.018095,1.388616,0.556609,0.337023,-2.932589,,,0.199979,0.098182
dedicated_trend,趋势专属分支,002714.SZ,牧原股份,2025-08-25,0.199979,trend,982.861348,1003.935207,977.592883,1002.569308,True,2.04568,1.542307,0.524035,0.165051,1.49355,,,0.199979,0.114742
dedicated_trend,趋势专属分支,000893.SZ,亚钾国际,2025-08-26,0.202889,trend,49.376872,52.009488,49.376872,51.611535,True,4.396285,1.855269,0.687846,0.146672,-1.480127,,,0.202889,0.105433
dedicated_trend,趋势专属分支,002010.SZ,传化智联,2025-08-26,0.202889,trend,15.188566,15.695657,15.091978,15.550774,True,2.547771,1.480379,0.475142,0.399771,-0.117881,,,0.202889,0.107522
dedicated_trend,趋势专属分支,000422.SZ,湖北宜化,2025-08-26,0.200759,trend,21.810893,22.574274,21.686259,22.387324,True,2.569593,1.419009,0.411941,0.323609,-1.78945,,,0.200759,0.099895
dedicated_trend,趋势专属分支,600021.SH,上海电力,2025-08-27,0.195376,trend,18.403086,20.055334,18.403086,19.907572,True,9.211496,1.340546,0.245642,0.015,30.325224,,,0.195376,0.069695
dedicated_trend,趋势专属分支,300627.SZ,华测导航,2025-08-28,0.199979,trend,221.390624,227.841192,219.31934,227.841192,True,4.733406,2.017703,0.611548,0.246325,-0.518349,,,0.199979,0.103635
dedicated_trend,趋势专属分支,688002.SH,睿创微纳,2025-08-28,0.199979,trend,74.782809,78.740109,74.782809,78.740109,True,5.434783,1.573771,0.567068,0.075587,7.883714,,,0.199979,0.102992
dedicated_trend,趋势专属分支,002831.SZ,裕同科技,2025-08-28,0.199626,trend,65.860704,67.386435,65.835275,67.335577,True,2.239382,1.883949,0.673413,0.217991,0.945309,,,0.199626,0.104414
dedicated_trend,趋势专属分支,600276.SH,恒瑞医药,2025-08-29,0.199979,trend,663.086951,703.484443,663.086951,696.751527,True,5.076947,1.531337,0.476234,0.254747,-2.542014,,,0.199979,0.104058
dedicated_trend,趋势专属分支,600295.SH,鄂尔多斯,2025-08-29,0.199979,trend,32.439411,33.417642,32.092296,33.35453,True,3.222656,1.433596,0.529693,0.556443,-3.682178,,,0.199979,0.1069
dedicated_trend,趋势专属分支,603259.SH,药明康德,2025-08-29,0.199979,trend,242.950963,263.699959,242.545114,262.025835,True,7.952764,1.519794,0.24588,0.097425,-1.382015,,,0.199979,0.105096
dedicated_trend,趋势专属分支,300363.SZ,博腾股份,2025-09-01,0.202889,trend,100.82857,105.299812,99.803056,104.479401,True,3.62083,1.421417,0.232044,0.229754,0.943957,,,0.202889,0.108745
dedicated_trend,趋势专属分支,000975.SZ,山金国际,2025-09-01,0.199979,trend,48.896749,51.191454,48.506161,50.947337,True,6.316862,1.886466,0.67733,0.045,8.597783,,,0.199979,0.10909
dedicated_trend,趋势专属分支,300747.SZ,锐科激光,2025-09-01,0.199979,trend,145.317229,152.337169,144.333544,151.44291,True,4.215385,1.418058,0.246402,0.129466,5.557753,,,0.199979,0.103511
dedicated_trend,趋势专属分支,688611.SH,杭州柯林,2025-09-02,0.199626,trend,115.179769,121.91459,113.775487,120.968849,True,5.026126,1.826844,0.329255,0.185616,-0.983169,,,0.199626,0.09014
dedicated_trend,趋势专属分支,600066.SH,宇通客车,2025-09-02,0.198687,trend,173.141766,180.045443,171.980971,179.312309,True,3.710247,1.978965,0.614193,0.105,5.956208,,,0.198687,0.103403
dedicated_trend,趋势专属分支,301305.SZ,朗坤科技,2025-09-02,0.196621,trend,20.755645,21.396001,20.613344,21.294357,True,2.495108,1.971157,0.596865,0.137209,-2.094967,,,0.196621,0.088121
dedicated_trend,趋势专属分支,300832.SZ,新产业,2025-09-03,0.197789,trend,128.543096,134.260693,127.884955,133.314616,True,4.078356,1.33269,0.554166,0.060573,3.102156,,,0.197789,0.101495
dedicated_trend,趋势专属分支,300919.SZ,中伟新材,2025-09-03,0.197789,trend,55.085564,57.197471,54.601585,56.845486,True,3.691814,2.343163,0.5787,0.113846,4.802336,,,0.197789,0.092723
dedicated_trend,趋势专属分支,601288.SH,农业银行,2025-09-04,0.199979,trend,15.720497,16.669909,15.565942,16.603671,True,5.174825,1.691111,0.388252,0.163574,2.212172,,,0.199979,0.110937
dedicated_trend,趋势专属分支,603043.SH,广州酒家,2025-09-04,0.199626,trend,26.955567,28.078715,26.955567,27.886176,True,2.597403,2.08342,0.703994,0.237857,1.224225,,,0.199626,0.0973
dedicated_trend,趋势专属分支,600628.SH,新世界,2025-09-04,0.19789,trend,9.167967,9.755197,9.155983,9.719244,True,6.013072,2.860683,0.748419,0.116057,4.492064,,,0.19789,0.093005
dedicated_trend,趋势专属分支,002388.SZ,新亚制程,2025-09-05,0.200759,trend,19.296345,20.106791,19.064789,20.106791,True,5.040323,1.799547,0.522338,0.148906,2.319524,,,0.200759,0.102466
dedicated_trend,趋势专属分支,000009.SZ,中国宝安,2025-09-05,0.199979,trend,22.705362,24.219053,22.542349,23.986177,True,5.532787,2.505412,0.527548,0.05149,6.653389,,,0.199979,0.112732
dedicated_trend,趋势专属分支,002294.SZ,信立泰,2025-09-05,0.199979,trend,642.106628,700.490812,634.345949,696.550775,True,7.183538,1.415211,0.491012,0.06,8.737651,,,0.199979,0.096304
dedicated_trend,趋势专属分支,001266.SZ,宏英智能,2025-09-08,0.202889,trend,44.436982,45.66525,43.910582,45.358183,True,2.07305,1.328656,0.598072,0.162939,4.446173,,,0.202889,0.095393
dedicated_trend,趋势专属分支,002831.SZ,裕同科技,2025-09-08,0.202108,trend,65.962419,69.268169,65.962419,68.861308,True,3.953935,1.429283,0.634848,0.230396,7.369424,,,0.202108,0.102753
dedicated_trend,趋势专属分支,301015.SZ,百洋医药,2025-09-08,0.200759,trend,30.795031,32.983338,30.556925,32.983338,True,7.106038,1.350221,0.254044,0.18,15.290449,,,0.200759,0.108662
dedicated_trend,趋势专属分支,301365.SZ,矩阵股份,2025-09-09,0.199626,trend,33.033138,34.905069,32.549018,34.775971,True,5.327468,1.750547,0.447756,0.135,14.027138,,,0.199626,0.093273
dedicated_trend,趋势专属分支,002321.SZ,华英农业,2025-09-09,0.198687,trend,5.812661,6.026361,5.769921,5.983621,True,3.321033,1.797123,0.563212,0.248113,4.456019,,,0.198687,0.104492
dedicated_trend,趋势专属分支,603816.SH,顾家家居,2025-09-09,0.197789,trend,68.384812,72.013857,67.931181,71.492181,True,4.474644,1.624905,0.402951,0.084331,6.853286,,,0.197789,0.106996
dedicated_trend,趋势专属分支,002425.SZ,凯撒文化,2025-09-10,0.200199,trend,17.964148,18.893328,17.964148,18.893328,True,4.914005,1.323182,0.296521,0.015,17.260528,,,0.200199,0.103897
dedicated_trend,趋势专属分支,001358.SZ,兴欣新材,2025-09-10,0.199626,trend,39.360369,41.962707,39.035076,41.726131,True,5.851463,1.647138,0.511472,0.12,5.82754,,,0.199626,0.098892
dedicated_trend,趋势专属分支,301045.SZ,天禄科技,2025-09-10,0.199626,trend,24.593831,26.530671,24.472779,26.278478,True,6.849877,2.069845,0.610126,0.233122,5.630936,,,0.199626,0.089999
dedicated_trend,趋势专属分支,000571.SZ,新大洲A,2025-09-11,0.199626,trend,5.304182,5.46111,5.199563,5.46111,True,2.755906,1.363514,0.625823,0.105,10.612531,,,0.199626,0.095882
dedicated_trend,趋势专属分支,300316.SZ,晶盛机电,2025-09-11,0.198687,trend,330.352321,347.734202,326.682812,346.865108,True,3.965268,1.53665,0.368962,0.0,15.192062,,,0.198687,0.084353
dedicated_trend,趋势专属分支,600885.SH,宏发股份,2025-09-11,0.198687,trend,78.719193,84.894446,78.260634,84.374746,True,7.101281,2.098886,0.5467,0.105945,5.672936,,,0.198687,0.106051
dedicated_trend,趋势专属分支,000933.SZ,神火股份,2025-09-12,0.198687,trend,56.929292,59.035618,56.929292,58.655309,True,5.194124,1.883761,0.622828,0.142031,3.270943,,,0.198687,0.104807
dedicated_trend,趋势专属分支,600082.SH,海泰发展,2025-09-12,0.19789,trend,4.327408,4.501323,4.296717,4.470632,True,3.800475,1.350581,0.642996,0.075341,9.514298,,,0.19789,0.094262
dedicated_trend,趋势专属分支,601880.SH,辽港股份,2025-09-12,0.197789,trend,4.859607,5.000875,4.831354,5.000875,True,2.906977,1.534901,0.641649,0.24775,6.065237,,,0.197789,0.101868
dedicated_trend,趋势专属分支,000058.SZ,深赛格,2025-09-15,0.199979,trend,9.734543,10.118119,9.713809,10.087019,True,2.962963,1.432128,0.585628,0.223191,8.996573,,,0.199979,0.10564
dedicated_trend,趋势专属分支,605365.SH,立达信,2025-09-15,0.198687,trend,17.457896,18.463834,17.360547,18.398935,True,5.194805,2.503309,0.644448,0.12,9.677152,,,0.198687,0.100578
dedicated_trend,趋势专属分支,002960.SZ,青鸟消防,2025-09-15,0.19789,trend,38.157495,39.99199,38.024077,39.725154,True,4.565408,1.579163,0.596354,0.055922,7.090728,,,0.19789,0.08722
dedicated_trend,趋势专属分支,301135.SZ,瑞德智能,2025-09-16,0.202889,trend,32.620498,35.104666,31.978403,34.76783,True,6.205788,2.546476,0.563932,0.203629,11.006529,,,0.202889,0.096005
dedicated_trend,趋势专属分支,688191.SH,智洋创新,2025-09-16,0.200759,trend,42.193858,44.994125,41.212973,44.614428,True,6.495468,2.122869,0.46878,0.116868,16.377328,,,0.200759,0.099723
dedicated_trend,趋势专属分支,002320.SZ,海峡股份,2025-09-16,0.199626,trend,119.34544,130.968155,118.636738,129.975972,True,9.166667,2.47303,0.41994,0.22999,12.617508,,,0.199626,0.095597
dedicated_trend,趋势专属分支,603308.SH,应流股份,2025-09-17,0.199979,trend,46.655154,48.246515,46.194105,48.187025,True,4.482425,1.600708,0.349536,0.045,9.872325,,,0.199979,0.08354
dedicated_trend,趋势专属分支,603699.SH,纽威股份,2025-09-17,0.199979,trend,49.363421,52.385671,49.13955,52.315712,True,6.010774,1.396645,0.457107,0.11917,7.027572,,,0.199979,0.101526
dedicated_trend,趋势专属分支,001282.SZ,三联锻造,2025-09-17,0.199626,trend,43.62896,45.14997,42.708349,45.02989,True,4.263207,2.880745,0.666479,0.12,10.174678,,,0.199626,0.096985
dedicated_trend,趋势专属分支,301155.SZ,海力风电,2025-09-18,0.199626,trend,84.329064,92.24285,83.587464,91.684111,True,8.317331,2.392167,0.307281,0.135,17.288794,,,0.199626,0.07897
dedicated_trend,趋势专属分支,605305.SH,中际联合,2025-09-18,0.199626,trend,78.23463,85.884692,77.745026,85.252287,True,9.197805,2.566822,0.414946,0.16595,10.700697,,,0.199626,0.092988
dedicated_trend,趋势专属分支,605389.SH,长龄液压,2025-09-18,0.195376,trend,81.878345,87.876927,81.878345,87.478045,True,6.839048,2.420082,0.325406,0.120379,31.404883,,,0.195376,0.072051
dedicated_trend,趋势专属分支,000425.SZ,徐工机械,2025-09-19,0.203086,trend,74.42867,79.863624,74.202214,79.410711,True,5.941591,1.59209,0.372663,0.259768,5.761166,,,0.203086,0.114136
dedicated_trend,趋势专属分支,600031.SH,三一重工,2025-09-19,0.200759,trend,125.756784,132.968859,125.574966,132.665831,True,5.291005,1.968401,0.641404,0.364676,4.969727,,,0.200759,0.103305
dedicated_trend,趋势专属分支,002353.SZ,杰瑞股份,2025-09-19,0.199979,trend,416.391923,453.628811,415.173894,452.410781,True,7.549121,1.546583,0.267059,0.186657,8.748955,,,0.199979,0.111232
dedicated_trend,趋势专属分支,001208.SZ,华菱线缆,2025-09-22,0.199626,trend,13.530267,13.755942,13.345623,13.755942,True,2.995392,2.028585,0.490282,0.229443,9.778064,,,0.199626,0.096737
dedicated_trend,趋势专属分支,301070.SZ,开勒股份,2025-09-22,0.199626,trend,74.786765,80.942291,74.441595,80.769706,True,7.257448,1.376107,0.420546,0.080783,8.756379,,,0.199626,0.091957
dedicated_trend,趋势专属分支,002101.SZ,广东鸿图,2025-09-22,0.198687,trend,59.683335,62.545442,59.304527,62.082454,True,3.873239,1.818873,0.575876,0.045,11.79495,,,0.198687,0.102639
dedicated_trend,趋势专属分支,300926.SZ,博俊科技,2025-09-23,0.200759,trend,80.959591,84.718334,80.746329,84.451757,True,4.142012,1.431946,0.535162,0.15609,7.095667,,,0.200759,0.096682
dedicated_trend,趋势专属分支,688550.SH,瑞联新材,2025-09-23,0.199979,trend,136.266368,143.022921,133.137309,141.776835,True,3.350828,1.677104,0.459093,0.129532,9.712806,,,0.199979,0.097713
dedicated_trend,趋势专属分支,600577.SH,精达股份,2025-09-23,0.199626,trend,45.166459,47.725891,43.811465,47.525151,True,5.339266,1.854728,0.510576,0.113752,13.605144,,,0.199626,0.090939
dedicated_trend,趋势专属分支,002236.SZ,大华股份,2025-09-24,0.199979,trend,933.816083,977.737903,929.041973,976.30567,True,4.018311,1.557805,0.43868,0.15,10.018968,,,0.199979,0.113234
dedicated_trend,趋势专属分支,300041.SZ,回天新材,2025-09-24,0.199979,trend,90.281808,96.093239,89.790702,95.602133,True,5.130513,1.640604,0.568132,0.286087,0.192169,,,0.199979,0.090616
dedicated_trend,趋势专属分支,000036.SZ,华联控股,2025-09-24,0.199626,trend,9.012412,9.325727,8.791249,9.233576,True,3.298969,1.629036,0.317979,0.15,15.167033,,,0.199626,0.082364
dedicated_trend,趋势专属分支,601799.SH,星宇股份,2025-09-25,0.198687,trend,161.595806,177.71044,161.146341,176.110874,True,9.009083,3.185968,0.699453,0.220151,8.161532,,,0.198687,0.103378
dedicated_trend,趋势专属分支,600819.SH,耀皮玻璃,2025-09-25,0.19789,trend,7.831625,8.175872,7.648744,8.100568,True,3.576341,1.845935,0.446088,0.145066,5.056939,,,0.19789,0.086994
dedicated_trend,趋势专属分支,002230.SZ,科大讯飞,2025-09-25,0.197789,trend,491.555241,511.037063,490.653305,506.617576,True,2.034514,1.649623,0.579326,0.171207,8.089745,,,0.197789,0.082115
dedicated_trend,趋势专属分支,300596.SZ,利安隆,2025-09-26,0.199979,trend,58.335297,60.860497,57.887794,60.428975,True,4.102423,1.418244,0.514599,0.176551,6.672533,,,0.199979,0.098229
dedicated_trend,趋势专属分支,600282.SH,南钢股份,2025-09-26,0.199979,trend,8.77554,9.378859,8.757258,9.287447,True,5.394191,1.473859,0.597644,0.350972,0.776889,,,0.199979,0.105771
dedicated_trend,趋势专属分支,603225.SH,新凤鸣,2025-09-26,0.199979,trend,33.277607,35.832469,32.848219,35.639244,True,9.4265,3.019856,0.246185,0.210638,2.102456,,,0.199979,0.105601
dedicated_trend,趋势专属分支,600160.SH,巨化股份,2025-09-29,0.202889,trend,150.599975,162.553004,150.31343,162.102719,True,7.990183,1.589382,0.242508,0.272619,5.689524,,,0.202889,0.120949
dedicated_trend,趋势专属分支,603588.SH,高能环境,2025-09-29,0.202889,trend,48.71397,50.194424,48.149988,50.194424,True,4.245974,1.497148,0.579448,0.276372,3.718811,,,0.202889,0.107716
dedicated_trend,趋势专属分支,600031.SH,三一重工,2025-09-29,0.200759,trend,135.453692,139.574878,133.332493,139.211244,True,3.096948,1.586243,0.623477,0.207864,9.261855,,,0.200759,0.1066
dedicated_trend,趋势专属分支,002028.SZ,思源电气,2025-09-30,0.205949,trend,203.158674,216.023033,202.314143,214.117929,True,5.221504,1.657539,0.243948,0.156882,14.455129,,,0.205949,0.120122
dedicated_trend,趋势专属分支,301035.SZ,润丰股份,2025-09-30,0.202889,trend,85.254466,87.166148,84.830855,86.742536,True,2.044467,1.360574,0.371637,0.346822,0.597153,,,0.202889,0.103128
dedicated_trend,趋势专属分支,688269.SH,凯立新材,2025-09-30,0.200759,trend,59.676171,61.168075,58.631838,61.018885,True,3.701826,1.866441,0.521576,0.276579,8.971265,,,0.200759,0.100417
dedicated_trend,趋势专属分支,600549.SH,厦门钨业,2025-10-09,0.217535,trend,61.642756,64.715856,60.598304,64.715856,True,8.851351,1.436365,0.235035,0.287617,5.759351,,,0.217535,0.093276
dedicated_trend,趋势专属分支,601100.SH,恒立液压,2025-10-09,0.199864,trend,345.112846,373.335439,338.101685,370.13237,True,8.593505,1.794889,0.260471,0.175895,3.415074,,,0.199864,0.095264
dedicated_trend,趋势专属分支,002240.SZ,盛新锂能,2025-10-09,0.198456,trend,32.032101,32.960087,31.46868,32.86066,True,4.423381,1.496755,0.373376,0.205821,3.533818,,,0.198456,0.094751
dedicated_trend,趋势专属分支,002226.SZ,江南化工,2025-10-10,0.192858,trend,70.471898,73.964674,69.958254,73.348302,True,3.628447,1.417177,0.44595,0.122708,5.871194,,,0.192858,0.093289
dedicated_trend,趋势专属分支,000543.SZ,皖能电力,2025-10-10,0.190445,trend,16.478519,17.449141,16.41234,17.316784,True,5.087015,3.229423,0.76375,0.108584,6.539971,,,0.190445,0.09699
dedicated_trend,趋势专属分支,600282.SH,南钢股份,2025-10-10,0.190445,trend,9.415423,9.835918,9.397141,9.835918,True,4.061896,1.501985,0.523663,0.15,9.443889,,,0.190445,0.100458
dedicated_trend,趋势专属分支,300991.SZ,创益通,2025-10-13,0.199918,trend,64.877658,71.069708,61.234314,70.661262,True,3.444152,1.743401,0.214736,0.302221,7.310363,,,0.199918,0.090329
dedicated_trend,趋势专属分支,688125.SH,安达智能,2025-10-13,0.196758,trend,52.329721,57.708053,50.232379,57.500396,True,7.533981,1.608034,0.247543,0.147502,5.05239,,,0.196758,0.091888
dedicated_trend,趋势专属分支,002428.SZ,云南锗业,2025-10-13,0.19436,trend,147.457563,162.69166,145.97131,162.585499,True,7.624736,1.763876,0.213566,0.284175,6.919898,,,0.19436,0.093289
dedicated_trend,趋势专属分支,002043.SZ,兔宝宝,2025-10-14,0.191248,trend,51.320299,54.638421,50.346983,54.638421,True,8.048994,2.860286,0.552193,0.195,16.145564,,,0.191248,0.099465
dedicated_trend,趋势专属分支,600395.SH,盘江股份,2025-10-14,0.19095,trend,15.48019,15.842789,15.312837,15.787005,True,2.166065,1.523222,0.677861,0.220088,8.692007,,,0.19095,0.096137
dedicated_trend,趋势专属分支,600082.SH,海泰发展,2025-10-14,0.189876,trend,4.41948,4.613856,4.41948,4.572935,True,3.233256,1.323916,0.635877,0.110739,6.573929,,,0.189876,0.0942
dedicated_trend,趋势专属分支,603191.SH,望变电气,2025-10-15,0.194196,trend,16.609058,18.104078,16.609058,18.052879,True,7.434491,2.153005,0.54711,0.09,8.549632,,,0.194196,0.094074
dedicated_trend,趋势专属分支,002875.SZ,安奈儿,2025-10-15,0.194082,trend,30.828433,33.471851,30.828433,33.317366,True,8.19398,1.597295,0.604,0.09,6.521727,,,0.194082,0.091942
dedicated_trend,趋势专属分支,603187.SH,海容冷链,2025-10-15,0.19374,trend,66.060151,70.715396,65.04043,70.050361,True,6.828938,2.1635,0.48427,0.359384,2.583327,,,0.19374,0.09504
dedicated_trend,趋势专属分支,603308.SH,应流股份,2025-10-16,0.19449,trend,52.648787,56.88746,51.920032,56.366921,True,7.062147,1.599597,0.244706,0.104253,13.736776,,,0.19449,0.092547
dedicated_trend,趋势专属分支,601225.SH,陕西煤业,2025-10-16,0.192658,trend,37.996614,39.387794,37.927055,39.196507,True,3.252405,1.479006,0.649442,0.094596,8.752032,,,0.192658,0.096966
dedicated_trend,趋势专属分支,601088.SH,中国神华,2025-10-16,0.190445,trend,104.824671,108.323114,104.438813,108.065876,True,2.814488,1.364091,0.744385,0.179966,6.709704,,,0.190445,0.096161
dedicated_trend,趋势专属分支,600029.SH,南方航空,2025-10-20,0.194357,trend,7.057335,7.544439,7.023351,7.476471,True,6.280193,2.287313,0.700062,0.105,9.712703,,,0.194357,0.096966
dedicated_trend,趋势专属分支,600348.SH,华阳股份,2025-10-20,0.19289,trend,48.373179,51.033085,48.249463,50.847511,True,6.476684,1.973609,0.58464,0.043422,8.417861,,,0.19289,0.092098
dedicated_trend,趋势专属分支,601666.SH,平煤股份,2025-10-20,0.192149,trend,23.557001,25.469275,23.501573,25.247562,True,9.101796,2.827523,0.629888,0.03,11.087217,,,0.192149,0.096337
dedicated_trend,趋势专属分支,000833.SZ,粤桂股份,2025-10-21,0.194592,trend,19.593957,20.308389,19.514576,20.202547,True,2.759085,1.470027,0.38858,0.28492,13.207448,,,0.194592,0.094453
dedicated_trend,趋势专属分支,600288.SH,大恒科技,2025-10-21,0.192858,trend,15.121278,15.808136,14.91314,15.662439,True,3.365385,1.648152,0.35053,0.199453,7.077004,,,0.192858,0.093289
dedicated_trend,趋势专属分支,688358.SH,祥生医疗,2025-10-21,0.192858,trend,51.545118,55.789078,51.545118,55.314008,True,6.623932,2.238526,0.506419,0.219808,5.952012,,,0.192858,0.092976
dedicated_trend,趋势专属分支,300137.SZ,先河环保,2025-10-22,0.191554,trend,35.253476,37.094388,35.16143,36.910297,True,4.427083,1.325613,0.451489,0.118956,19.851804,,,0.191554,0.097856
dedicated_trend,趋势专属分支,600716.SH,凤凰股份,2025-10-22,0.188232,trend,4.540674,4.695345,4.540674,4.673249,True,2.669903,1.756911,0.677903,0.145295,12.352779,,,0.188232,0.095969
dedicated_trend,趋势专属分支,600665.SH,天地源,2025-10-22,0.187507,trend,5.919449,6.134401,5.919449,6.084797,True,2.793296,1.3879,0.5759,0.152857,14.617236,,,0.187507,0.092942
dedicated_trend,趋势专属分支,002532.SZ,天山铝业,2025-10-23,0.195618,trend,102.161397,107.38556,102.161397,107.302637,True,5.11779,1.335164,0.338769,0.075949,8.779778,,,0.195618,0.094497
dedicated_trend,趋势专属分支,000703.SZ,恒逸石化,2025-10-23,0.193337,trend,29.266454,30.760538,29.266454,30.716594,True,5.271084,1.62222,0.688459,0.236,7.144947,,,0.193337,0.096137
dedicated_trend,趋势专属分支,601857.SH,中国石油,2025-10-23,0.192585,trend,15.375511,15.823677,15.375511,15.823677,True,3.146067,1.577446,0.728501,0.132845,13.059558,,,0.192585,0.095863
dedicated_trend,趋势专属分支,688191.SH,智洋创新,2025-10-24,0.198154,trend,47.762751,51.417337,46.987536,51.021819,True,8.439812,1.574077,0.325756,0.137819,5.415663,,,0.198154,0.091929
dedicated_trend,趋势专属分支,300072.SZ,海新能科,2025-10-24,0.190445,trend,82.019476,84.26379,79.775162,83.651704,True,3.015075,1.759311,0.617122,0.150942,10.463271,,,0.190445,0.09219
dedicated_trend,趋势专属分支,688690.SH,纳微科技,2025-10-24,0.190445,trend,27.739876,29.918717,27.649091,29.878368,True,8.062751,2.219682,0.651548,0.193725,5.712093,,,0.190445,0.094714
dedicated_trend,趋势专属分支,300321.SZ,同大股份,2025-10-27,0.201302,trend,95.436761,101.880206,95.219809,101.424609,True,7.545434,1.493328,0.271681,0.182604,8.9986,,,0.201302,0.094936
dedicated_trend,趋势专属分支,688257.SH,新锐股份,2025-10-27,0.197893,trend,66.424467,70.253301,66.366455,69.673175,True,5.675319,1.359412,0.260197,0.268583,3.251766,,,0.197893,0.092741
dedicated_trend,趋势专属分支,688359.SH,三孚新科,2025-10-27,0.194599,trend,70.190659,73.927197,70.039992,73.625863,True,6.078148,2.072656,0.349942,0.15,10.321282,,,0.194599,0.096819
dedicated_trend,趋势专属分支,301189.SZ,奥尼电子,2025-10-28,0.195672,trend,36.078182,38.578248,35.580202,38.44613,True,6.894603,2.571714,0.443488,0.145253,11.337157,,,0.195672,0.091929
dedicated_trend,趋势专属分支,002197.SZ,证通电子,2025-10-28,0.19374,trend,25.313593,26.195693,25.206672,25.98185,True,2.748414,1.325194,0.443172,0.521269,2.513628,,,0.19374,0.098521
dedicated_trend,趋势专属分支,301070.SZ,开勒股份,2025-10-28,0.193298,trend,88.881193,96.35987,88.823665,95.957172,True,7.961165,2.265689,0.247077,0.082246,8.390069,,,0.193298,0.088538
dedicated_trend,趋势专属分支,600096.SH,云天化,2025-10-29,0.192858,trend,35.116373,36.878352,35.116373,36.718172,True,7.04023,1.830747,0.582221,0.26371,-0.702652,,,0.192858,0.096248
dedicated_trend,趋势专属分支,601198.SH,东兴证券,2025-10-29,0.192858,trend,14.760134,15.521203,14.64482,15.428953,True,4.53125,2.383173,0.605625,0.06,11.383829,,,0.192858,0.095735
dedicated_trend,趋势专属分支,600481.SH,双良节能,2025-10-29,0.192056,trend,21.6999,23.903796,21.53037,23.734266,True,8.191654,1.947274,0.53446,0.156372,-2.642555,,,0.192056,0.094057
dedicated_trend,趋势专属分支,002388.SZ,新亚制程,2025-10-30,0.19095,trend,21.689092,22.460945,21.689092,22.306575,True,2.300885,1.320067,0.522225,0.286968,7.281798,,,0.19095,0.099175
dedicated_trend,趋势专属分支,603045.SH,福达合金,2025-10-30,0.189934,trend,31.856555,33.116337,31.682792,32.971534,True,2.985075,1.94918,0.526269,0.175786,14.133265,,,0.189934,0.095457
dedicated_trend,趋势专属分支,688025.SH,杰普特,2025-10-30,0.179998,trend,165.363012,175.088424,161.053239,174.457978,True,5.63204,1.383923,0.259323,0.208304,21.727356,,,0.179998,0.098737
dedicated_trend,趋势专属分支,603217.SH,元利科技,2025-10-31,0.190642,trend,62.822769,65.832243,62.446585,65.18019,True,3.711093,1.329555,0.305197,0.220547,0.375098,,,0.190642,0.094874
dedicated_trend,趋势专属分支,600039.SH,四川路桥,2025-10-31,0.190445,trend,68.881598,70.819825,67.390654,70.670731,True,4.751381,1.797756,0.648621,0.14567,7.294239,,,0.190445,0.096161
dedicated_trend,趋势专属分支,603739.SH,蔚蓝生物,2025-10-31,0.189115,trend,22.5457,23.492501,22.5457,23.300182,True,3.211009,4.000467,0.629008,0.117751,14.386735,,,0.189115,0.097411
dedicated_trend,趋势专属分支,002718.SZ,友邦吊顶,2025-11-03,0.22117,trend,67.887754,73.567606,67.887754,72.91848,True,7.239459,1.32419,0.24043,0.336611,10.691676,,,0.22117,0.098107
dedicated_trend,趋势专属分支,002425.SZ,凯撒文化,2025-11-03,0.193617,trend,18.583601,19.158808,18.539354,19.114561,True,2.369668,1.715432,0.401854,0.297864,10.550946,,,0.193617,0.099175
dedicated_trend,趋势专属分支,600507.SH,方大特钢,2025-11-03,0.192959,trend,39.778706,40.633455,39.252707,40.501955,True,4.054054,2.160124,0.581963,0.099862,12.387314,,,0.192959,0.0942
dedicated_trend,趋势专属分支,600575.SH,淮河能源,2025-11-04,0.183751,trend,16.60209,16.995297,16.427331,16.907918,True,2.925532,2.060161,0.689501,0.100835,11.292399,,,0.183751,0.091563
dedicated_trend,趋势专属分支,300071.SZ,福石控股,2025-11-04,0.168483,trend,60.992569,69.006191,59.100463,68.449689,True,6.770833,5.808914,0.246287,0.195,43.45661,,,0.168483,0.084987
dedicated_trend,趋势专属分支,300072.SZ,海新能科,2025-11-05,0.195145,trend,82.83559,87.528247,82.427533,87.120189,True,4.146341,1.55231,0.560354,0.180154,7.620349,,,0.195145,0.096599
dedicated_trend,趋势专属分支,688819.SH,天能股份,2025-11-05,0.192636,trend,36.097168,38.437305,35.97688,38.054572,True,4.098115,1.303138,0.554429,0.259169,16.693247,,,0.192636,0.096539
dedicated_trend,趋势专属分支,002652.SZ,扬子新材,2025-11-05,0.191383,trend,19.890141,20.846882,19.739077,20.645463,True,3.015075,1.619693,0.508496,0.316716,5.187867,,,0.191383,0.094714
dedicated_trend,趋势专属分支,301093.SZ,华兰股份,2025-11-06,0.217535,trend,56.908721,61.655741,56.908721,61.072774,True,8.53478,1.777803,0.243071,0.290238,11.893325,,,0.217535,0.096664
dedicated_trend,趋势专属分支,002023.SZ,海特高新,2025-11-06,0.202455,trend,37.831258,38.8028,37.684055,38.743919,True,2.892885,1.615856,0.659512,0.267284,8.977764,,,0.202455,0.096637
dedicated_trend,趋势专属分支,000807.SZ,云铝股份,2025-11-06,0.197778,trend,33.331399,36.484369,33.24422,36.324541,True,8.885017,1.36552,0.247074,0.03,8.662365,,,0.197778,0.09167
dedicated_trend,趋势专属分支,002140.SZ,东华科技,2025-11-07,0.19989,trend,55.157029,57.370254,54.809857,57.283461,True,3.367267,1.748553,0.309697,0.257479,10.442645,,,0.19989,0.097565
dedicated_trend,趋势专属分支,688257.SH,新锐股份,2025-11-07,0.199207,trend,75.880527,79.680354,75.126363,79.042215,True,4.606526,1.639942,0.245063,0.137208,19.497025,,,0.199207,0.092422
dedicated_trend,趋势专属分支,600257.SH,大湖股份,2025-11-07,0.192858,trend,6.007941,6.148595,5.957708,6.108409,True,2.356902,1.447231,0.626421,0.217901,7.989308,,,0.192858,0.093482
dedicated_trend,趋势专属分支,688367.SH,工大高科,2025-11-10,0.198154,trend,23.86671,24.696856,23.2441,24.665726,True,5.879733,1.56681,0.512916,0.328398,7.903923,,,0.198154,0.093172
dedicated_trend,趋势专属分支,688191.SH,智洋创新,2025-11-10,0.194448,trend,53.220899,56.954589,52.682994,56.76474,True,7.683073,1.69529,0.247654,0.252196,10.810651,,,0.194448,0.092345
dedicated_trend,趋势专属分支,000703.SZ,恒逸石化,2025-11-10,0.193337,trend,30.804481,32.386452,30.716594,32.078846,True,7.669617,2.975751,0.619636,0.232721,6.549261,,,0.193337,0.096353
dedicated_trend,趋势专属分支,000922.SZ,佳电股份,2025-11-11,0.19093,trend,18.997202,20.169869,18.632372,19.974424,True,5.144033,2.184466,0.383225,0.075,14.152186,,,0.19093,0.094014
dedicated_trend,趋势专属分支,300006.SZ,莱美药业,2025-11-11,0.190642,trend,38.119575,40.267157,37.58268,40.037059,True,5.030181,1.977738,0.491558,0.129683,13.591398,,,0.190642,0.094954
dedicated_trend,趋势专属分支,300257.SZ,开山股份,2025-11-11,0.190445,trend,111.719006,115.354832,111.124053,114.759879,True,2.904564,1.321724,0.462509,0.310067,7.416864,,,0.190445,0.094074
dedicated_trend,趋势专属分支,600343.SH,航天动力,2025-11-12,0.192858,trend,37.317683,39.399786,36.677036,39.010821,True,3.395998,1.881121,0.525398,0.131855,12.431475,,,0.192858,0.093043
dedicated_trend,趋势专属分支,002831.SZ,裕同科技,2025-11-12,0.19095,trend,71.85647,75.16378,71.727279,74.414468,True,3.151862,1.438686,0.632563,0.130605,7.525575,,,0.19095,0.095251
dedicated_trend,趋势专属分支,688625.SH,呈和科技,2025-11-12,0.190656,trend,59.075416,61.540003,58.71693,61.390634,True,3.709311,1.377815,0.39468,0.214745,10.877029,,,0.190656,0.096599
dedicated_trend,趋势专属分支,600201.SH,生物股份,2025-11-13,0.197098,trend,45.538462,50.06271,44.10085,49.639883,True,9.107807,3.238814,0.275432,0.28429,10.40114,,,0.197098,0.096819
dedicated_trend,趋势专属分支,002064.SZ,华峰化学,2025-11-13,0.192081,trend,46.318247,48.406364,46.033503,48.31145,True,4.08998,1.519675,0.48435,0.163087,15.324769,,,0.192081,0.097937
dedicated_trend,趋势专属分支,600499.SH,科达制造,2025-11-13,0.191734,trend,40.08832,44.097152,39.927966,43.776445,True,8.505564,1.92458,0.528718,0.06,2.797977,,,0.191734,0.093172
dedicated_trend,趋势专属分支,600179.SH,安通控股,2025-11-14,0.196222,trend,6.673538,7.363387,6.628548,7.318396,True,9.41704,1.558557,0.245665,0.06,14.022871,,,0.196222,0.092563
dedicated_trend,趋势专属分支,688198.SH,佰仁医疗,2025-11-14,0.193187,trend,174.332861,179.386403,173.930874,177.993808,True,2.46281,2.768206,0.521227,0.13855,8.50217,,,0.193187,0.095398
dedicated_trend,趋势专属分支,600846.SH,同济科技,2025-11-17,0.199339,trend,34.581279,36.531175,34.581279,36.296248,True,4.462475,1.494857,0.404676,0.376773,7.962092,,,0.199339,0.090004
dedicated_trend,趋势专属分支,002791.SZ,坚朗五金,2025-11-17,0.192858,trend,38.103493,39.045095,37.773932,38.856775,True,2.187371,1.611334,0.651622,0.233421,10.505132,,,0.192858,0.093792
dedicated_trend,趋势专属分支,300081.SZ,恒信东方,2025-11-17,0.192858,trend,29.019862,31.049223,29.019862,30.795553,True,5.199307,2.089865,0.443969,0.139947,9.582316,,,0.192858,0.093121
dedicated_trend,趋势专属分支,688433.SH,华曙高科,2025-11-18,0.194646,trend,59.978184,63.893524,59.887597,63.410397,True,6.635071,1.456944,0.259474,0.155107,36.519139,,,0.194646,0.092172
dedicated_trend,趋势专属分支,300971.SZ,博亚精工,2025-11-18,0.189934,trend,38.102201,40.069921,37.625178,39.697247,True,3.982819,1.945944,0.486865,0.276287,8.213387,,,0.189934,0.093289
dedicated_trend,趋势专属分支,002899.SZ,英派斯,2025-11-18,0.188476,trend,25.194705,26.323592,25.040766,26.149127,True,3.788187,1.568159,0.482116,0.417786,7.704394,,,0.188476,0.0942
dedicated_trend,趋势专属分支,600328.SH,中盐化工,2025-11-19,0.192858,trend,14.046625,14.67921,14.046625,14.614329,True,3.325688,1.715944,0.571385,0.045,14.033026,,,0.192858,0.094106
dedicated_trend,趋势专属分支,601857.SH,中国石油,2025-11-19,0.192585,trend,17.013038,17.788708,16.944089,17.702523,True,4.052685,1.503643,0.417278,0.286738,8.607024,,,0.192585,0.097108
dedicated_trend,趋势专属分支,301337.SZ,亚华电子,2025-11-19,0.190857,trend,31.0967,31.886265,30.550078,31.886265,True,2.372441,3.285081,0.598416,0.121813,10.674707,,,0.190857,0.094157
dedicated_trend,趋势专属分支,605389.SH,长龄液压,2025-11-20,0.20302,trend,107.05398,108.465412,103.556086,107.621621,True,3.010279,1.64955,0.273882,0.204285,12.124107,,,0.20302,0.096664
dedicated_trend,趋势专属分支,300517.SZ,海波重科,2025-11-20,0.19604,trend,22.992257,24.495383,22.9737,24.346926,True,6.580016,2.092953,0.523148,0.323455,5.962731,,,0.19604,0.093476
dedicated_trend,趋势专属分支,600630.SH,龙头股份,2025-11-20,0.189934,trend,10.057242,10.539088,9.94447,10.467323,True,2.51004,2.386728,0.472326,0.300932,11.123336,,,0.189934,0.094051
dedicated_trend,趋势专属分支,603533.SH,掌阅科技,2025-11-24,0.186844,trend,22.509991,24.303369,22.396616,24.086927,True,6.858711,3.028413,0.458312,0.075,8.303249,,,0.186844,0.092419
dedicated_trend,趋势专属分支,301311.SZ,昆船智能,2025-11-24,0.173384,trend,21.010894,21.927916,21.010894,21.837222,True,4.232804,3.146385,0.61245,0.135,14.98244,,,0.173384,0.089822
dedicated_trend,趋势专属分支,002712.SZ,思美传媒,2025-11-24,0.172114,trend,30.775061,33.743214,30.41055,33.482849,True,9.168081,5.562546,0.538091,0.059122,16.699396,,,0.172114,0.085287
dedicated_trend,趋势专属分支,300369.SZ,绿盟科技,2025-11-25,0.192858,trend,70.071898,72.14995,69.573166,71.568095,True,2.256532,1.687892,0.595038,0.296608,10.036514,,,0.192858,0.094051
dedicated_trend,趋势专属分支,002319.SZ,乐通股份,2025-11-25,0.190857,trend,26.21425,27.588549,25.824523,27.342406,True,4.303599,2.971012,0.626458,0.045,9.692247,,,0.190857,0.092976
dedicated_trend,趋势专属分支,600012.SH,皖通高速,2025-11-25,0.190661,trend,29.040683,30.127564,28.983479,29.879679,True,2.552356,1.406047,0.52529,0.495048,3.733026,,,0.190661,0.093675
dedicated_trend,趋势专属分支,000715.SZ,中兴商业,2025-11-26,0.195098,trend,13.46654,14.349592,13.46654,14.349592,True,6.557377,1.518421,0.621048,0.122308,9.669086,,,0.195098,0.09514
dedicated_trend,趋势专属分支,300749.SZ,顶固集创,2025-11-26,0.190642,trend,19.121828,20.152907,18.971853,20.096666,True,5.098039,1.789185,0.342682,0.246721,8.273002,,,0.190642,0.092665
dedicated_trend,趋势专属分支,301566.SZ,达利凯普,2025-11-26,0.18984,trend,19.099907,19.936915,18.464588,19.916746,True,5.784681,2.744708,0.571813,0.09916,18.258267,,,0.18984,0.093018
dedicated_trend,趋势专属分支,603217.SH,元利科技,2025-11-27,0.19924,trend,61.092321,66.108111,61.092321,65.957638,True,7.786885,2.444509,0.450423,0.198771,11.536436,,,0.19924,0.092432
dedicated_trend,趋势专属分支,600795.SH,国电电力,2025-11-27,0.191818,trend,17.487422,18.138722,17.454857,18.106157,True,3.538175,1.902081,0.643901,0.414539,6.932937,,,0.191818,0.09642
dedicated_trend,趋势专属分支,603355.SH,莱克电气,2025-11-27,0.190081,trend,52.930572,57.246879,52.930572,57.079436,True,7.762557,1.855601,0.319778,0.321739,11.543606,,,0.190081,0.095272
dedicated_trend,趋势专属分支,300321.SZ,同大股份,2025-11-28,0.201213,trend,103.659205,110.645028,102.70462,109.885699,True,6.006697,1.703695,0.281575,0.201388,9.958592,,,0.201213,0.092741
dedicated_trend,趋势专属分支,301369.SZ,联动科技,2025-11-28,0.198366,trend,160.199178,167.020442,156.533328,166.107847,True,3.319223,1.434675,0.300363,0.21438,5.027069,,,0.198366,0.090329
dedicated_trend,趋势专属分支,603001.SH,奥康国际,2025-11-28,0.198154,trend,13.945999,15.317737,13.641169,15.241529,True,9.40919,2.03612,0.528296,0.145643,6.904677,,,0.198154,0.095388
dedicated_trend,趋势专属分支,600846.SH,同济科技,2025-12-01,0.198185,trend,37.494376,40.595415,37.494376,40.407473,True,6.832298,1.685105,0.32514,0.150904,11.795905,,,0.198185,0.092741
dedicated_trend,趋势专属分支,688153.SH,唯捷创芯,2025-12-01,0.195855,trend,37.065025,38.356943,36.564282,38.156646,True,3.56075,2.295486,0.538379,0.299427,13.391392,,,0.195855,0.095681
dedicated_trend,趋势专属分支,300979.SZ,华利集团,2025-12-01,0.191818,trend,69.850421,72.841727,69.188223,72.156695,True,3.436989,1.41642,0.480482,0.345953,5.36531,,,0.191818,0.096791
dedicated_trend,趋势专属分支,688267.SH,中触媒,2025-12-02,0.190445,trend,30.807914,31.797015,30.401861,31.526314,True,2.331869,2.035916,0.648628,0.135829,7.984726,,,0.190445,0.09567
dedicated_trend,趋势专属分支,600461.SH,洪城环境,2025-12-02,0.19,trend,40.723814,41.812014,40.723814,41.686453,True,2.153846,2.233289,0.746441,0.254685,6.600052,,,0.19,0.095644
dedicated_trend,趋势专属分支,600863.SH,华能蒙电,2025-12-02,0.188232,trend,17.308785,17.754505,17.197355,17.717361,True,2.801724,1.337892,0.638965,0.3222,7.978304,,,0.188232,0.09514
dedicated_trend,趋势专属分支,002444.SZ,巨星科技,2025-12-03,0.1915,trend,151.460089,158.964039,150.078994,157.444834,True,7.24365,2.465335,0.545286,0.15722,12.358713,,,0.1915,0.095681
dedicated_trend,趋势专属分支,002937.SZ,兴瑞科技,2025-12-03,0.190445,trend,34.486371,35.82428,34.099081,35.595427,True,3.480041,2.17808,0.696739,0.175651,12.22455,,,0.190445,0.095453
dedicated_trend,趋势专属分支,002860.SZ,星帅尔,2025-12-03,0.189883,trend,58.710991,61.684664,56.309177,61.303424,True,4.960836,1.665498,0.527169,0.112901,9.603397,,,0.189883,0.092665
dedicated_trend,趋势专属分支,600066.SH,宇通客车,2025-12-04,0.191818,trend,201.948081,206.796327,201.326511,205.801815,True,2.033898,1.444781,0.592343,0.44336,6.865697,,,0.191818,0.09642
dedicated_trend,趋势专属分支,688332.SH,中科蓝讯,2025-12-04,0.189847,trend,154.536778,166.628237,152.23961,165.531861,True,8.895453,2.170471,0.293752,0.06,8.496225,,,0.189847,0.086765
dedicated_trend,趋势专属分支,603223.SH,恒通股份,2025-12-04,0.188775,trend,42.435086,46.630189,42.435086,46.186476,True,8.943863,4.7188,0.550061,0.16833,7.412021,,,0.188775,0.094047
dedicated_trend,趋势专属分支,000157.SZ,中联重科,2025-12-05,0.191818,trend,46.954023,48.463259,46.842227,48.295566,True,2.734839,1.701068,0.676762,0.350088,7.546088,,,0.191818,0.09642
dedicated_trend,趋势专属分支,002595.SZ,豪迈科技,2025-12-05,0.191818,trend,361.445568,378.140048,358.327924,374.620128,True,3.977669,1.841667,0.347639,0.295867,8.337227,,,0.191818,0.097695
dedicated_trend,趋势专属分支,600057.SH,厦门象屿,2025-12-05,0.191818,trend,19.860479,20.665945,19.745413,20.596905,True,4.556075,1.475865,0.437949,0.301662,5.695906,,,0.191818,0.095681
dedicated_trend,趋势专属分支,300968.SZ,格林精密,2025-12-08,0.192858,trend,16.147975,16.92096,15.999731,16.793894,True,4.0,1.512556,0.517094,0.007031,6.233654,,,0.192858,0.092665
dedicated_trend,趋势专属分支,688127.SH,蓝特光学,2025-12-08,0.192081,trend,34.5316,37.329491,34.240369,37.267085,True,8.509994,2.344401,0.520696,0.200615,19.6039,,,0.192081,0.097019
dedicated_trend,趋势专属分支,600549.SH,厦门钨业,2025-12-08,0.191818,trend,72.770188,74.879177,71.625308,74.557807,True,3.86122,1.470594,0.388588,0.265278,10.591989,,,0.191818,0.09504
dedicated_trend,趋势专属分支,688636.SH,智明达,2025-12-09,0.190445,trend,122.608135,131.148171,122.13927,130.411384,True,6.42252,2.621027,0.572788,0.210758,9.817934,,,0.190445,0.094714
dedicated_trend,趋势专属分支,603928.SH,兴业股份,2025-12-09,0.174822,trend,25.919715,26.960855,25.873097,26.960855,True,3.028504,1.444129,0.580439,0.044038,3.845086,,,0.174822,0.092665
dedicated_trend,趋势专属分支,000603.SZ,盛达资源,2025-12-09,0.173891,trend,31.696648,32.663703,30.763725,32.640949,True,3.611412,1.666306,0.221816,0.118933,19.840072,,,0.173891,0.09146
dedicated_trend,趋势专属分支,000534.SZ,万泽股份,2025-12-10,0.198975,trend,24.674035,25.868849,24.550045,25.643413,True,6.507491,1.441298,0.222506,0.258647,13.957098,,,0.198975,0.096664
dedicated_trend,趋势专属分支,301138.SZ,华研精机,2025-12-10,0.192858,trend,43.333612,45.141886,43.23616,44.827874,True,2.780536,1.593476,0.539526,0.293821,4.077627,,,0.192858,0.092665
dedicated_trend,趋势专属分支,601058.SH,赛轮轮胎,2025-12-10,0.1915,trend,96.319401,100.50963,96.040052,100.230281,True,3.759398,1.878904,0.4676,0.133982,11.543624,,,0.1915,0.099648
dedicated_trend,趋势专属分支,001359.SZ,平安电工,2025-12-11,0.190642,trend,61.402208,66.007373,61.402208,65.495688,True,7.907604,1.613101,0.341506,0.182881,12.660586,,,0.190642,0.096502
dedicated_trend,趋势专属分支,301093.SZ,华兰股份,2025-12-12,0.205502,trend,67.249452,71.621707,66.499923,71.03874,True,5.351997,1.311587,0.250932,0.379196,3.742259,,,0.205502,0.096735
dedicated_trend,趋势专属分支,002117.SZ,东港股份,2025-12-12,0.192858,trend,82.657698,87.024759,82.594407,86.201979,True,3.969466,1.60578,0.543233,0.077971,6.639177,,,0.192858,0.094106
dedicated_trend,趋势专属分支,603766.SH,隆鑫通用,2025-12-12,0.192311,trend,52.034036,53.353023,51.209669,53.320048,True,2.212389,1.817799,0.378638,0.109389,11.326793,,,0.192311,0.096084
dedicated_trend,趋势专属分支,600988.SH,赤峰黄金,2025-12-15,0.190445,trend,126.100706,132.111264,125.777991,131.869228,True,4.775641,1.66297,0.56679,0.2777,2.055467,,,0.190445,0.095398
dedicated_trend,趋势专属分支,688607.SH,康众医疗,2025-12-15,0.178789,trend,38.105175,41.408854,37.448543,41.029239,True,7.935223,1.897836,0.243647,0.075,21.973145,,,0.178789,0.092168
dedicated_trend,趋势专属分支,002066.SZ,瑞泰科技,2025-12-15,0.178496,trend,40.424904,42.290669,40.424904,41.926094,True,2.84061,1.79272,0.414478,0.102621,15.533728,,,0.178496,0.090693
dedicated_trend,趋势专属分支,300648.SZ,星云股份,2025-12-17,0.195295,trend,103.433316,109.067816,102.628387,108.645228,True,5.038911,1.392426,0.257169,0.285566,14.162532,,,0.195295,0.092381
dedicated_trend,趋势专属分支,001288.SZ,运机集团,2025-12-17,0.19209,trend,46.492683,49.630758,46.174537,49.543991,True,6.562986,2.288728,0.371243,0.253624,11.991711,,,0.19209,0.096901
dedicated_trend,趋势专属分支,601156.SH,东航物流,2025-12-17,0.191818,trend,18.924454,19.467051,18.802647,19.467051,True,2.867174,1.504804,0.705041,0.333114,5.986959,,,0.191818,0.096894
dedicated_trend,趋势专属分支,000415.SZ,渤海租赁,2025-12-18,0.190445,trend,10.482817,11.080283,10.482817,11.025968,True,4.639175,1.690423,0.636299,0.093015,7.555365,,,0.190445,0.09567
dedicated_trend,趋势专属分支,002462.SZ,嘉事堂,2025-12-18,0.190445,trend,29.502456,30.5262,29.428002,30.488973,True,3.802281,2.185678,0.544166,0.225,6.226693,,,0.190445,0.094714
dedicated_trend,趋势专属分支,300964.SZ,本川智能,2025-12-18,0.167964,trend,60.176456,64.196423,59.489369,64.196423,True,3.48818,2.133209,0.226088,0.177253,20.15514,,,0.167964,0.086004
dedicated_trend,趋势专属分支,600258.SH,首旅酒店,2025-12-19,0.194209,trend,28.471095,29.715733,28.471095,29.594727,True,2.946482,1.579333,0.576436,0.156782,8.097541,,,0.194209,0.096283
dedicated_trend,趋势专属分支,002151.SZ,北斗星通,2025-12-19,0.192858,trend,110.069586,113.537951,109.865564,112.619854,True,2.064715,1.530768,0.692587,0.184227,5.83453,,,0.192858,0.092976
dedicated_trend,趋势专属分支,300401.SZ,花园生物,2025-12-19,0.192858,trend,79.920998,82.313842,79.920998,82.260668,True,2.790698,2.18142,0.68364,0.191628,9.685445,,,0.192858,0.093289
dedicated_trend,趋势专属分支,000520.SZ,凤凰航运,2025-12-22,0.192858,trend,5.11,5.3,5.06,5.27,True,2.729045,1.504677,0.535651,0.189216,2.948247,,,0.192858,0.093289
dedicated_trend,趋势专属分支,002643.SZ,万润股份,2025-12-22,0.189934,trend,89.280762,91.730165,88.117295,91.179049,True,2.760524,1.747962,0.642264,0.372195,4.710431,,,0.189934,0.093289
dedicated_trend,趋势专属分支,300512.SZ,中亚股份,2025-12-22,0.189883,trend,36.534202,38.277181,35.748153,38.208829,True,4.096834,1.883669,0.359692,0.105,13.721741,,,0.189883,0.092665
dedicated_trend,趋势专属分支,300684.SZ,中石科技,2025-12-23,0.187518,trend,162.539349,172.126301,162.539349,170.640999,True,3.163265,1.626493,0.391562,0.095921,13.387443,,,0.187518,0.092419
dedicated_trend,趋势专属分支,301387.SZ,光大同创,2025-12-23,0.174822,trend,64.269115,65.95737,63.677505,65.510055,True,2.738176,1.66405,0.521252,0.209591,8.645059,,,0.174822,0.094403
dedicated_trend,趋势专属分支,301338.SZ,凯格精机,2025-12-23,0.167816,trend,119.000304,130.614619,119.000304,129.357473,True,6.529412,2.632451,0.243782,0.09,32.262239,,,0.167816,0.085718
dedicated_trend,趋势专属分支,300550.SZ,和仁科技,2025-12-24,0.196566,trend,38.989733,40.020912,38.599557,39.797954,True,2.881844,1.604379,0.550854,0.152029,6.691447,,,0.196566,0.095398
dedicated_trend,趋势专属分支,300777.SZ,中简科技,2025-12-24,0.192858,trend,34.397945,36.361789,34.316119,36.136765,True,4.495711,1.809286,0.539078,0.15727,8.427246,,,0.192858,0.093121
dedicated_trend,趋势专属分支,000703.SZ,恒逸石化,2025-12-24,0.192309,trend,37.835461,41.350951,37.396025,41.043346,True,9.239766,1.51239,0.272141,0.09,11.205144,,,0.192309,0.096664
dedicated_trend,趋势专属分支,301057.SZ,汇隆新材,2025-12-25,0.199486,trend,32.197634,33.821847,31.45453,33.492758,True,5.236825,1.681674,0.238677,0.273416,10.976193,,,0.199486,0.093468
dedicated_trend,趋势专属分支,688556.SH,高测股份,2025-12-25,0.192858,trend,55.277827,58.230496,54.745379,57.794856,True,4.188482,1.379357,0.387489,0.143729,10.233264,,,0.192858,0.093641
dedicated_trend,趋势专属分支,300876.SZ,蒙泰高新,2025-12-25,0.191216,trend,37.904048,40.741395,37.623431,40.658249,True,7.119387,2.094433,0.357507,0.09,14.513134,,,0.191216,0.091784
dedicated_trend,趋势专属分支,301127.SZ,武汉天源,2025-12-26,0.194035,trend,22.571508,23.477244,22.29835,23.247216,True,4.054054,2.331634,0.501097,0.150661,4.090021,,,0.194035,0.094196
dedicated_trend,趋势专属分支,688257.SH,新锐股份,2025-12-26,0.193134,trend,97.229177,101.522112,96.358987,101.232048,True,4.05486,1.357869,0.248354,0.170981,4.413652,,,0.193134,0.097196
dedicated_trend,趋势专属分支,000878.SZ,云南铜业,2025-12-26,0.192858,trend,20.633425,22.111209,20.58898,21.900097,True,7.646095,2.414279,0.472999,0.134898,10.006013,,,0.192858,0.093289
dedicated_trend,趋势专属分支,301257.SZ,普蕊斯,2025-12-29,0.195973,trend,66.791101,70.175607,66.368038,69.924413,True,4.691211,1.458525,0.447883,0.155223,13.865625,,,0.195973,0.09394
dedicated_trend,趋势专属分支,301169.SZ,零点有数,2025-12-29,0.189934,trend,48.833631,50.566893,48.128234,50.466122,True,3.045267,1.335759,0.537953,0.204921,5.896767,,,0.189934,0.092894
dedicated_trend,趋势专属分支,600230.SH,沧州大化,2025-12-29,0.189934,trend,20.594529,21.29186,20.486055,21.276364,True,3.078078,1.608142,0.608573,0.222282,7.397199,,,0.189934,0.093289
dedicated_trend,趋势专属分支,300909.SZ,汇创达,2025-12-30,0.199772,trend,73.028207,76.144324,71.223327,75.712387,True,3.763214,1.473791,0.326048,0.206187,11.308488,,,0.199772,0.097208
dedicated_trend,趋势专属分支,300278.SZ,华昌达,2025-12-30,0.190445,trend,25.870742,27.006957,25.870742,26.744754,True,2.857143,1.975314,0.664495,0.065873,10.974504,,,0.190445,0.09567
dedicated_trend,趋势专属分支,300376.SZ,易事特,2025-12-30,0.190445,trend,154.738919,159.761356,153.064773,159.522193,True,3.410853,1.677259,0.451404,0.319615,7.012444,,,0.190445,0.098208
dedicated_trend,趋势专属分支,605389.SH,长龄液压,2025-12-31,0.196198,trend,113.205979,120.431893,112.807096,119.66481,True,5.177994,1.853965,0.457807,0.171882,13.09219,,,0.196198,0.094751
dedicated_trend,趋势专属分支,603057.SH,紫燕食品,2025-12-31,0.194035,trend,22.449064,23.032739,22.101103,22.830698,True,2.211055,1.399707,0.601464,0.237152,6.128788,,,0.194035,0.093979
dedicated_trend,趋势专属分支,301535.SZ,浙江华远,2025-12-31,0.192858,trend,21.534236,22.097485,21.202321,22.027079,True,2.865195,1.714884,0.553817,0.06,11.329857,,,0.192858,0.094814
dedicated_trend,趋势专属分支,601601.SH,中国太保,2026-01-05,0.197738,trend,66.506359,71.13357,66.145593,70.678691,True,7.516106,1.681118,0.380372,0.204272,6.065294,,,0.197738,0.099341
dedicated_trend,趋势专属分支,688611.SH,杭州柯林,2026-01-05,0.196369,trend,145.730063,151.863049,145.300181,151.031944,True,3.638151,1.853171,0.388244,0.147274,3.949855,,,0.196369,0.092896
dedicated_trend,趋势专属分支,688787.SH,海天瑞声,2026-01-05,0.19436,trend,168.632235,176.326966,164.366831,174.93823,True,6.431589,2.397678,0.526356,0.217969,12.619819,,,0.19436,0.093043
dedicated_trend,趋势专属分支,300972.SZ,万辰集团,2026-01-06,0.19943,trend,208.100375,219.537157,207.200967,217.390844,True,5.177273,1.567067,0.468737,0.143338,5.34197,,,0.19943,0.098039
dedicated_trend,趋势专属分支,600160.SH,巨化股份,2026-01-06,0.194729,trend,154.243193,159.360072,153.097012,158.418566,True,2.570898,1.819806,0.552961,0.276005,1.156403,,,0.194729,0.09723
dedicated_trend,趋势专属分支,603379.SH,三美股份,2026-01-06,0.194729,trend,88.092004,90.51751,86.752767,90.472869,True,3.173256,1.920544,0.584294,0.401248,-0.439528,,,0.194729,0.09723
dedicated_trend,趋势专属分支,601100.SH,恒立液压,2026-01-07,0.200837,trend,392.838445,419.98001,392.838445,418.05153,True,5.745257,1.652069,0.341775,0.186862,5.405433,,,0.200837,0.092896
dedicated_trend,趋势专属分支,688652.SH,京仪装备,2026-01-07,0.198263,trend,111.246466,116.113813,109.339671,115.411309,True,7.356236,1.731199,0.369185,0.163842,3.29849,,,0.198263,0.090329
dedicated_trend,趋势专属分支,688488.SH,艾迪药业,2026-01-07,0.195485,trend,16.38936,17.662417,16.309167,17.492008,True,6.727829,1.770647,0.335914,0.101519,15.533795,,,0.195485,0.092492
dedicated_trend,趋势专属分支,002180.SZ,纳思达,2026-01-08,0.194589,trend,66.78317,69.715576,66.02642,69.526388,True,4.058518,1.739558,0.49216,0.067561,9.398611,,,0.194589,0.093979
dedicated_trend,趋势专属分支,300992.SZ,泰福泵业,2026-01-08,0.192858,trend,28.809862,30.432953,28.647553,30.250355,True,4.265734,1.748096,0.501237,0.076758,5.984961,,,0.192858,0.094874
dedicated_trend,趋势专属分支,688188.SH,柏楚电子,2026-01-08,0.1915,trend,420.777493,434.259889,419.193024,430.025034,True,2.127805,1.495653,0.661692,0.03,12.045974,,,0.1915,0.096137
dedicated_trend,趋势专属分支,002222.SZ,福晶科技,2026-01-09,0.19931,trend,183.078029,200.871293,177.271503,199.52027,True,4.627676,1.601947,0.245969,0.223363,14.690948,,,0.19931,0.100562
dedicated_trend,趋势专属分支,300909.SZ,汇创达,2026-01-09,0.195766,trend,72.966502,78.982767,72.503712,78.874783,True,8.188743,2.105215,0.342021,0.164345,8.894352,,,0.195766,0.092741
dedicated_trend,趋势专属分支,002602.SZ,世纪华通,2026-01-09,0.195295,trend,183.346907,190.94628,180.364874,190.272918,True,3.777545,1.340052,0.51601,0.171063,13.590065,,,0.195295,0.095388
dedicated_trend,趋势专属分支,688071.SH,华依科技,2026-01-12,0.194986,trend,34.82,36.49,34.69,36.42,True,4.086882,1.519441,0.573883,0.149841,4.195729,,,0.194986,0.094196
dedicated_trend,趋势专属分支,300697.SZ,电工合金,2026-01-12,0.19467,trend,54.422612,56.658319,53.442577,56.443936,True,4.124294,1.832795,0.564582,0.186845,7.649258,,,0.19467,0.093476
dedicated_trend,趋势专属分支,002558.SZ,巨人网络,2026-01-12,0.194516,trend,215.325552,225.589916,213.697723,223.419477,True,5.576923,1.654092,0.288258,0.189924,4.215144,,,0.194516,0.091929
dedicated_trend,趋势专属分支,001328.SZ,登康口腔,2026-01-13,0.192038,trend,40.456839,43.210446,40.456839,42.99863,True,6.171548,2.489369,0.60763,0.375086,4.137632,,,0.192038,0.093979
dedicated_trend,趋势专属分支,000739.SZ,普洛药业,2026-01-13,0.1915,trend,49.829993,54.66014,49.738282,54.385005,True,9.476923,4.964546,0.679679,0.126191,6.246985,,,0.1915,0.096137
dedicated_trend,趋势专属分支,301337.SZ,亚华电子,2026-01-13,0.170667,trend,33.313555,34.548515,32.088717,34.416921,True,5.787181,3.097554,0.447484,0.195,21.093827,,,0.170667,0.088434
dedicated_trend,趋势专属分支,603225.SH,新凤鸣,2026-01-14,0.195894,trend,43.368236,46.416895,43.368236,46.159261,True,8.531045,1.674231,0.291789,0.066932,14.320554,,,0.195894,0.092172
dedicated_trend,趋势专属分支,300836.SZ,佰奥智能,2026-01-14,0.195784,trend,113.333181,119.614528,110.451828,119.614528,True,7.659059,3.060621,0.502681,0.03,9.204668,,,0.195784,0.098704
dedicated_trend,趋势专属分支,002209.SZ,达意隆,2026-01-14,0.190445,trend,25.313998,26.949671,25.095908,26.871782,True,7.07635,2.666856,0.533121,0.402258,2.588902,,,0.190445,0.094714
dedicated_trend,趋势专属分支,688087.SH,英科再生,2026-01-15,0.19374,trend,44.631001,47.639833,44.545035,47.238655,True,5.774783,1.730303,0.635176,0.241377,5.101276,,,0.19374,0.09642
dedicated_trend,趋势专属分支,600176.SH,中国巨石,2026-01-15,0.191378,trend,125.536318,132.327861,125.393338,131.041042,True,4.384966,1.316318,0.488125,0.08171,8.268571,,,0.191378,0.096901
dedicated_trend,趋势专属分支,002258.SZ,利尔化学,2026-01-15,0.190857,trend,50.963564,55.728894,50.599798,55.510634,True,6.415621,2.700957,0.552607,0.09,13.716284,,,0.190857,0.094057
dedicated_trend,趋势专属分支,002008.SZ,大族激光,2026-01-16,0.193167,trend,79.473243,83.729476,78.607867,83.287958,True,5.456172,1.601508,0.35645,0.045,12.292197,,,0.193167,0.09394
dedicated_trend,趋势专属分支,688383.SH,新益昌,2026-01-16,0.193055,trend,82.228635,86.564474,81.050748,85.904452,True,5.158484,1.539505,0.305781,0.073823,5.885778,,,0.193055,0.091616
dedicated_trend,趋势专属分支,300835.SZ,龙磁科技,2026-01-16,0.192858,trend,118.47492,124.142648,118.086478,123.365763,True,4.159213,2.09438,0.452956,0.169046,4.340017,,,0.192858,0.093289
