strategy_id,strategy_name,symbol,name,entry_type,signal_date,entry_date,exit_date,score,entry_price,exit_price,stop_price,final_stop_price,stop_source,hold_days,return_pct,max_favorable_excursion_pct,max_adverse_excursion_pct,exit_reason,signal_close,signal_low
dedicated_trend,趋势专属分支,002126.SZ,银轮股份,trend,2025-01-16,2025-01-17,2025-02-05,0.200015,112.4737005458493,109.745378,109.745378,109.745378,signal_low,8,-2.42574266927148,3.1188118811880994,-5.990099009900995,stop_loss,113.977062,109.745378
dedicated_trend,趋势专属分支,603298.SH,杭叉集团,trend,2025-01-16,2025-01-17,2025-01-24,0.200015,46.20181715215393,44.204152,44.204152,44.204152,signal_low,6,-4.323780481566619,4.575163398692816,-4.374057315233781,stop_loss,46.573476,44.204152
dedicated_trend,趋势专属分支,603298.SH,杭叉集团,trend,2025-02-12,2025-02-13,2025-03-07,0.201523,49.05894309972303,50.22037641174299,46.736076,46.736076,signal_low,17,2.367424242424243,11.742424242424242,-4.687500000000022,trend_exit_ma10,49.175086,46.736076
dedicated_trend,趋势专属分支,000807.SZ,云铝股份,trend,2025-01-16,2025-01-17,2025-01-24,0.198253,23.440295666170595,22.47719,22.47719,22.47719,signal_low,6,-4.108760742129047,2.7190332326283873,-4.894259818731128,stop_loss,23.553602,22.47719
dedicated_trend,趋势专属分支,000807.SZ,云铝股份,trend,2025-03-05,2025-03-06,2025-03-18,0.200441,25.74891693117712,25.522303800869732,24.275932,24.275932,signal_low,9,-0.8800880088008722,5.995599559955989,-2.0902090209020785,trend_exit_ma10,25.465651,24.275932
dedicated_trend,趋势专属分支,000807.SZ,云铝股份,trend,2025-10-09,2025-10-10,2025-10-13,0.200441,30.535962451297948,28.74478680305194,29.604551,29.604551,signal_low,2,-5.8657907085875145,1.360863444392324,-5.9127170342561985,gap_stop,31.008833,29.604551
dedicated_trend,趋势专属分支,000807.SZ,云铝股份,trend,2025-11-06,2025-11-07,2025-11-18,0.200441,35.67069937814673,34.43566498012536,33.24422,33.24422,signal_low,8,-3.462321792260681,11.771894093686353,-4.3177189409368655,trend_exit_ma10,36.324541,33.24422
dedicated_trend,趋势专属分支,301004.SZ,嘉益股份,trend,2025-01-17,2025-01-20,2025-01-23,0.201363,138.30649261655475,127.278768,127.278768,127.278768,signal_low,4,-7.97339619270685,4.741784037558716,-9.95305164319248,stop_loss,136.520845,127.278768
dedicated_trend,趋势专属分支,002221.SZ,东华能源,trend,2025-01-17,2025-01-20,2025-01-21,0.200015,46.46999647849408,44.893258,44.893258,44.893258,signal_low,2,-3.393024742801043,0.2827521206409278,-5.749293119698395,stop_loss,46.469996,44.893258
dedicated_trend,趋势专属分支,603306.SH,华懋科技,trend,2025-01-17,2025-01-20,2025-02-05,0.196754,85.75080964817857,78.569264,78.569264,78.569264,signal_low,7,-8.37490127223669,7.7710685219217535,-8.63743764767657,stop_loss,85.75081,78.569264
dedicated_trend,趋势专属分支,603306.SH,华懋科技,trend,2025-05-19,2025-05-20,2025-06-05,0.200015,91.19887894060682,85.615734,85.615734,85.615734,signal_low,2,-6.121944705310289,3.1843989138484297,-7.454949395211052,stop_loss,91.243904,85.615734
dedicated_trend,趋势专属分支,605589.SH,圣泉集团,trend,2025-01-20,2025-01-21,2025-02-05,0.200015,27.637278366375366,26.418296,26.418296,26.418296,signal_low,6,-4.410645470280561,3.4980988593155793,-7.718631178707225,stop_loss,27.584736,26.418296
dedicated_trend,趋势专属分支,605589.SH,圣泉集团,trend,2025-07-01,2025-07-02,2025-08-08,0.201523,30.54993852055528,33.12256492228625,29.585204,29.585204,signal_low,28,8.421052631578952,18.07017543859648,-2.3859649122807025,trend_exit_ma10,30.67857,29.585204
dedicated_trend,趋势专属分支,600711.SH,盛屯矿业,trend,2025-01-21,2025-01-22,2025-01-23,0.201523,24.77795671546586,24.074037,24.074037,24.074037,signal_low,2,-2.8409110708732754,0.7575757575757569,-4.545454545454552,stop_loss,24.965669,24.074037
dedicated_trend,趋势专属分支,300488.SZ,恒锋工具,trend,2025-01-21,2025-01-22,2025-02-17,0.200015,79.70737086172765,87.1355970467473,75.562031,75.562031,signal_low,13,9.319371727748704,23.07155322862129,-0.3490401396160414,trend_exit_ma10,79.67955,75.562031
dedicated_trend,趋势专属分支,300488.SZ,恒锋工具,trend,2025-09-17,2025-09-18,2025-09-19,0.201026,107.78478152243898,104.341268,104.341268,104.341268,signal_low,2,-3.1948049379513677,2.5974025974025983,-4.103896103896099,stop_loss,108.904623,104.341268
dedicated_trend,趋势专属分支,001309.SZ,德明利,trend,2025-01-21,2025-01-22,2025-01-23,0.198253,176.10705461761555,174.300173,174.300173,174.300173,signal_low,2,-1.0260131949505702,3.10913047984247,-3.7413203440770926,stop_loss,178.79,174.300173
dedicated_trend,趋势专属分支,601818.SH,光大银行,trend,2025-01-23,2025-01-24,2025-02-10,0.200441,7.676958927986269,7.400667347030465,7.242786,7.242786,signal_low,6,-3.598971722365041,0.5141388174807249,-4.113110539845755,trend_exit_ma10,7.637489,7.242786
dedicated_trend,趋势专属分支,001282.SZ,三联锻造,trend,2025-01-23,2025-01-24,2025-02-14,0.198253,34.98075534063187,35.0804561905441,31.804571,31.804571,signal_low,10,0.2850162866449457,13.599348534201972,-3.053745928338758,trend_exit_ma10,34.994998,31.804571
dedicated_trend,趋势专属分支,603337.SH,杰克科技,trend,2025-01-24,2025-01-27,2025-02-17,0.201523,78.40516755340019,76.69966298958542,73.288654,73.288654,signal_low,10,-2.1752450980392135,8.762254901960787,-6.372549019607831,trend_exit_ma10,78.45321,73.288654
dedicated_trend,趋势专属分支,603337.SH,杰克科技,trend,2025-02-07,2025-02-10,2025-02-17,0.201523,79.87046020681852,76.69966298958542,75.210349,75.210349,signal_low,6,-3.969924812030079,6.766917293233088,-5.022556390977451,trend_exit_ma10,79.822418,75.210349
dedicated_trend,趋势专属分支,688433.SH,华曙高科,trend,2025-01-24,2025-01-27,2025-02-05,0.200015,26.45809024134313,24.739119,24.739119,24.739119,signal_low,2,-6.496958872175451,1.4057750759878473,-6.724924012158051,stop_loss,26.870241,24.739119
dedicated_trend,趋势专属分支,688433.SH,华曙高科,trend,2025-11-18,2025-11-19,2025-11-20,0.199048,63.410397113250916,59.887597,59.887597,59.887597,signal_low,2,-5.555555987071326,1.5873015873015817,-11.53968253968255,stop_loss,63.410397,59.887597
dedicated_trend,趋势专属分支,600480.SH,凌云股份,trend,2025-01-24,2025-01-27,2025-02-28,0.199048,23.701340055962206,26.74538744251117,21.994562,21.994562,signal_low,19,12.843355605048234,32.516703786191535,-4.825538233110627,trend_exit_ma10,23.736531,21.994562
dedicated_trend,趋势专属分支,002353.SZ,杰瑞股份,trend,2025-01-27,2025-02-05,2025-02-06,0.200441,351.4851004814098,329.2348915981578,337.589376,337.589376,signal_low,2,-6.330341983992249,0.26679602231387545,-6.8154256609265,gap_stop,355.065594,337.589376
dedicated_trend,趋势专属分支,002353.SZ,杰瑞股份,trend,2025-09-19,2025-09-22,2025-10-14,0.200441,451.01874831999305,458.983243088035,415.173894,415.173894,signal_low,11,1.7658899541779682,12.21333873274375,-4.899691358024705,trend_exit_ma10,452.410781,415.173894
dedicated_trend,趋势专属分支,002517.SZ,恺英网络,trend,2025-02-05,2025-02-06,2025-02-26,0.201523,97.17740395851811,102.62960154034916,90.955484,90.955484,signal_low,15,5.610561056105601,14.191419141914196,-1.650165016501659,trend_exit_ma10,97.369834,90.955484
dedicated_trend,趋势专属分支,688036.SH,传音控股,trend,2025-02-05,2025-02-06,2025-02-12,0.200441,166.30595765904002,158.869257,158.869257,158.869257,signal_low,5,-4.471698286532055,7.084905660377383,-4.962264150943385,stop_loss,168.675033,158.869257
dedicated_trend,趋势专属分支,600114.SH,东睦股份,trend,2025-02-05,2025-02-06,2025-03-20,0.200015,51.51032569943585,61.67571335819682,49.63101,49.63101,signal_low,21,19.734660033167483,37.81094527363182,-0.11055831951354289,trend_exit_ma10,52.193713,49.63101
dedicated_trend,趋势专属分支,300679.SZ,电连技术,trend,2025-02-06,2025-02-07,2025-02-17,0.201523,258.14683114982387,236.0558458854285,232.509467,232.509467,signal_low,7,-8.557527189467661,1.516886090440761,-9.845449341728674,trend_exit_ma10,253.048911,232.509467
dedicated_trend,趋势专属分支,603501.SH,豪威集团,trend,2025-02-06,2025-02-07,2025-03-03,0.201523,157.3861330240169,195.30225656520034,149.200631,149.200631,signal_low,17,24.09114628631066,40.85927987476084,-0.08697164724299489,trend_exit_ma10,155.42873,149.200631
dedicated_trend,趋势专属分支,601665.SH,齐鲁银行,trend,2025-02-06,2025-02-07,2025-03-14,0.200441,6.968291828092959,7.244145032991649,6.812375,6.812375,signal_low,26,3.958691910499157,10.499139414802073,-2.065404475043009,trend_exit_ma10,6.980285,6.812375
dedicated_trend,趋势专属分支,002602.SZ,世纪华通,trend,2025-02-07,2025-02-10,2025-02-28,0.201523,51.46411081322985,59.5444571839052,49.540219,49.540219,signal_low,15,15.700934579439263,37.7570093457944,-1.121495327102795,trend_exit_ma10,51.079332,49.540219
dedicated_trend,趋势专属分支,002602.SZ,世纪华通,trend,2025-02-20,2025-02-21,2025-02-28,0.202969,65.4123277626099,60.79498697936686,61.756933,61.756933,signal_low,6,-7.05882352941175,8.382352941176464,-9.558823529411754,gap_stop,64.354187,61.756933
dedicated_trend,趋势专属分支,600595.SH,中孚实业,trend,2025-02-07,2025-02-10,2025-02-21,0.200015,7.018768590240291,7.140481340360066,6.531918,6.531918,signal_low,10,1.7341040462427904,10.404624277456653,-0.28901734104045396,trend_exit_ma10,7.241909,6.531918
dedicated_trend,趋势专属分支,600718.SH,东软集团,trend,2025-02-10,2025-02-11,2025-02-26,0.200015,15.67041280832975,16.54412287498123,15.149005,15.149005,signal_low,12,5.5755395683453335,17.356115107913684,-2.1582733812949506,trend_exit_ma10,15.670413,15.149005
dedicated_trend,趋势专属分支,300676.SZ,华大基因,trend,2025-02-10,2025-02-11,2025-02-28,0.199048,54.90460172686314,61.081110339398144,51.805984,51.805984,signal_low,14,11.249528123820319,30.577576443941123,-5.5681389203472875,trend_exit_ma10,56.148194,51.805984
dedicated_trend,趋势专属分支,301070.SZ,开勒股份,trend,2025-02-10,2025-02-11,2025-02-12,0.199048,60.81129080703734,58.218322061965694,58.475561,58.475561,signal_low,2,-4.263959390862948,0.1353637901861271,-5.837563451776662,gap_stop,62.087196,58.475561
dedicated_trend,趋势专属分支,301070.SZ,开勒股份,trend,2025-09-22,2025-09-23,2025-10-20,0.200015,80.52521072482507,83.9049972081853,74.441595,74.441595,signal_low,14,4.197178067512075,11.984282907662092,-3.554206108233604,trend_exit_ma10,80.769706,74.441595
dedicated_trend,趋势专属分支,002648.SZ,卫星化学,trend,2025-02-11,2025-02-12,2025-02-25,0.201523,264.748709264195,260.08408914858774,254.410903,254.410903,signal_low,10,-1.7619047619047645,4.857142857142849,-2.571428571428569,trend_exit_ma10,265.252993,254.410903
dedicated_trend,趋势专属分支,002334.SZ,英威腾,trend,2025-02-11,2025-02-12,2025-03-04,0.198253,100.1271414682018,115.32716535373605,95.543007,95.543007,signal_low,15,15.180722891566267,33.49397590361445,-4.337349397590362,trend_exit_ma10,100.971587,95.543007
dedicated_trend,趋势专属分支,301379.SZ,天山电子,trend,2025-02-11,2025-02-12,2025-03-03,0.196754,35.0167471616954,36.10647995718384,33.433002,33.433002,signal_low,14,3.112033195020736,14.10788381742738,-2.0746887966805017,trend_exit_ma10,35.379991,33.433002
dedicated_trend,趋势专属分支,002475.SZ,立讯精密,trend,2025-02-12,2025-02-13,2025-02-17,0.200441,1522.8106863402327,1463.079158,1463.079158,1463.079158,signal_low,3,-3.922452664407372,0.18034265103696878,-4.373309287646521,stop_loss,1522.467402,1463.079158
dedicated_trend,趋势专属分支,002475.SZ,立讯精密,trend,2025-07-15,2025-07-16,2025-07-29,0.201026,1263.8335063272789,1296.974182811141,1219.991153,1219.991153,signal_low,10,2.6222343621961297,8.795411089866146,-0.3004643540016394,trend_exit_ma10,1269.702168,1219.991153
dedicated_trend,趋势专属分支,002475.SZ,立讯精密,trend,2025-08-21,2025-08-22,2025-09-03,0.201026,1431.26296564679,1492.0208725338703,1374.302428,1374.302428,signal_low,9,4.245055475156767,14.23058369512784,-0.3135552339604497,trend_exit_ma10,1456.463688,1374.302428
dedicated_trend,趋势专属分支,002413.SZ,雷科防务,trend,2025-02-12,2025-02-13,2025-02-18,0.200015,25.365685633716115,23.777228,23.777228,23.777228,signal_low,4,-6.2622302296640235,0.1956947162426559,-6.849315068493156,stop_loss,25.266407,23.777228
dedicated_trend,趋势专属分支,002062.SZ,宏润建设,trend,2025-02-13,2025-02-14,2025-02-17,0.200015,26.092811899202356,24.944361,24.944361,24.944361,signal_low,2,-4.4014071907576335,0.0,-5.1056338028169,stop_loss,26.184688,24.944361
dedicated_trend,趋势专属分支,000526.SZ,学大教育,trend,2025-02-13,2025-02-14,2025-02-26,0.198671,51.03,48.6,48.6,48.6,signal_low,9,-4.761904761904756,5.957280031354095,-5.15383107975701,stop_loss,51.55,48.6
dedicated_trend,趋势专属分支,600100.SH,同方股份,trend,2025-02-13,2025-02-14,2025-03-03,0.198253,17.766705013022996,18.04906096066273,16.811039,16.811039,signal_low,12,1.5892420537897411,24.938875305623487,-5.256723716381407,trend_exit_ma10,17.636387,16.811039
dedicated_trend,趋势专属分支,688277.SH,天智航-U,trend,2025-02-14,2025-02-17,2025-03-03,0.202969,12.99,13.74,11.79,11.79,signal_low,11,5.773672055427248,19.322555812163202,-0.8468052347959887,trend_exit_ma10,12.55,11.79
dedicated_trend,趋势专属分支,300257.SZ,开山股份,trend,2025-02-14,2025-02-17,2025-02-26,0.201363,68.99183529758594,66.31063601113947,64.021807,64.021807,signal_low,8,-3.886255924170623,0.8530805687203769,-7.1090047393365,trend_exit_ma10,68.991835,64.021807
dedicated_trend,趋势专属分支,300257.SZ,开山股份,trend,2025-11-11,2025-11-12,2025-11-13,0.200015,113.96660763375795,111.124053,111.124053,111.124053,signal_low,2,-2.4941995666772354,1.9141531322506067,-4.002320185614838,stop_loss,114.759879,111.124053
dedicated_trend,趋势专属分支,002268.SZ,电科网安,trend,2025-02-14,2025-02-17,2025-02-18,0.200015,132.4254513284033,127.673172,127.673172,127.673172,signal_low,2,-3.5886449928859143,1.1783610069630468,-4.606320299946443,stop_loss,131.219649,127.673172
dedicated_trend,趋势专属分支,000531.SZ,穗恒运Ａ,trend,2025-02-17,2025-02-18,2025-02-19,0.201523,21.25944715315961,20.3450623293678,20.638972,20.638972,signal_low,2,-4.3010752688172005,0.6144393241167334,-5.376344086021511,gap_stop,21.586013,20.638972
dedicated_trend,趋势专属分支,002988.SZ,豪美新材,trend,2025-02-17,2025-02-18,2025-02-27,0.201523,24.495956817097433,23.343945166870533,22.495646,22.495646,signal_low,8,-4.702864471996582,4.1898247114151355,-7.011543394613085,trend_exit_ma10,24.2865,22.495646
dedicated_trend,趋势专属分支,002970.SZ,锐明技术,trend,2025-02-17,2025-02-18,2025-03-03,0.200015,106.26909973716933,101.476901,101.476901,101.476901,signal_low,10,-4.509494057088714,12.420886075949378,-4.746835443037978,stop_loss,106.2691,101.476901
dedicated_trend,趋势专属分支,603040.SH,新坐标,trend,2025-02-18,2025-02-19,2025-03-12,0.196754,69.20818148695828,78.55253523285084,65.83522,65.83522,signal_low,16,13.501805054151617,28.339350180505395,-1.3718411552346654,trend_exit_ma10,69.757849,65.83522
dedicated_trend,趋势专属分支,002490.SZ,山东墨龙,trend,2025-02-18,2025-02-19,2025-03-03,0.195773,7.686054613423386,7.93135422874541,7.399872,7.399872,signal_low,9,3.1914893617021267,14.89361702127663,-3.4574468085106447,trend_exit_ma10,7.788263,7.399872
dedicated_trend,趋势专属分支,000425.SZ,徐工机械,trend,2025-02-19,2025-02-20,2025-03-14,0.201523,62.868737910288026,68.34201626953663,60.132099,60.132099,signal_low,17,8.705882352941163,13.529411764705879,-3.4117647058823475,trend_exit_ma10,63.090628,60.132099
dedicated_trend,趋势专属分支,000425.SZ,徐工机械,trend,2025-09-19,2025-09-22,2025-10-20,0.200441,79.7881381337417,83.03401319500082,74.202214,74.202214,signal_low,15,4.068117313150421,14.47492904446548,-5.3926206244086945,trend_exit_ma10,79.410711,74.202214
dedicated_trend,趋势专属分支,002472.SZ,双环传动,trend,2025-02-19,2025-02-20,2025-03-03,0.200441,201.25674868323657,190.49185282343552,187.839632,187.839632,signal_low,8,-5.348837209302337,11.111111111111093,-5.91731266149873,trend_exit_ma10,202.296835,187.839632
dedicated_trend,趋势专属分支,603638.SH,艾迪精密,trend,2025-02-19,2025-02-20,2025-03-13,0.200441,86.7340014204393,93.38423263086176,81.957075,81.957075,signal_low,16,7.667386609071292,19.600431965442766,-1.5658747300215992,trend_exit_ma10,86.734001,81.957075
dedicated_trend,趋势专属分支,002821.SZ,凯莱英,trend,2025-02-20,2025-02-21,2025-02-28,0.201363,255.78803931558025,242.178499,242.178499,242.178499,signal_low,6,-5.320632017038685,3.903345724907048,-5.541356877323411,stop_loss,255.342312,242.178499
dedicated_trend,趋势专属分支,688768.SH,容知日新,trend,2025-02-20,2025-02-21,2025-03-14,0.200875,74.11525166349978,81.3485647678583,68.154882,68.154882,signal_low,16,9.759547383309751,20.408163265306122,-7.637906647807635,trend_exit_ma10,74.055348,68.154882
dedicated_trend,趋势专属分支,688361.SH,中科飞测,trend,2025-02-21,2025-02-24,2025-02-26,0.201523,107.30690432288465,98.89284,98.89284,98.89284,signal_low,3,-7.841121105839443,2.794392523364486,-7.9906542056074725,stop_loss,106.634983,98.89284
dedicated_trend,趋势专属分支,688612.SH,威迈斯,trend,2025-02-21,2025-02-24,2025-03-19,0.201523,29.557632410172094,31.07261566132108,27.331535,27.331535,signal_low,18,5.125523012552291,17.817294281729424,-0.2789400278940035,trend_exit_ma10,28.86713,27.331535
dedicated_trend,趋势专属分支,688266.SH,泽璟制药-U,trend,2025-02-21,2025-02-24,2025-03-25,0.200441,74.68,86.68,69.51,69.51,signal_low,22,16.068559185859677,28.78950187466525,-1.68719871451527,trend_exit_ma10,74.3,69.51
dedicated_trend,趋势专属分支,603369.SH,今世缘,trend,2025-02-24,2025-02-25,2025-03-20,0.201523,138.89245209912283,147.90628878637202,132.37301,132.37301,signal_low,18,6.489795918367336,17.061224489795922,0.0,trend_exit_ma10,140.564831,132.37301
dedicated_trend,趋势专属分支,688012.SH,中微公司,trend,2025-02-24,2025-02-25,2025-02-26,0.200441,215.7833888928451,210.574236,210.574236,210.574236,signal_low,2,-2.4140657534263976,2.790827480347935,-2.879203683892273,stop_loss,218.904866,210.574236
dedicated_trend,趋势专属分支,002097.SZ,山河智能,trend,2025-02-24,2025-02-25,2025-03-12,0.200015,19.608118080271293,20.84288622134631,18.817866,18.817866,signal_low,12,6.297229219143552,22.79596977329974,-1.3853904282115859,trend_exit_ma10,19.879767,18.817866
dedicated_trend,趋势专属分支,688257.SH,新锐股份,trend,2025-02-25,2025-02-26,2025-03-25,0.200015,42.55008721054612,43.18424716416483,40.320299,40.320299,signal_low,20,1.490384615384599,10.528846153846128,-4.278846153846172,trend_exit_ma10,42.938766,40.320299
dedicated_trend,趋势专属分支,688375.SH,国博电子,trend,2025-02-25,2025-02-26,2025-03-18,0.200015,80.88767497901443,84.48132921377486,74.857645,74.857645,signal_low,15,4.442771084337349,13.855421686746983,-2.334337349397575,trend_exit_ma10,80.948584,74.857645
dedicated_trend,趋势专属分支,688636.SH,智明达,trend,2025-02-25,2025-02-26,2025-03-28,0.199048,78.418316583991,83.16822604564987,71.091805,71.091805,signal_low,23,6.05714285714285,22.20000000000002,-3.742857142857159,trend_exit_ma10,77.902996,71.091805
dedicated_trend,趋势专属分支,688636.SH,智明达,trend,2025-12-09,2025-12-10,2025-12-23,0.200015,128.9378089986775,128.00007947868713,122.13927,122.13927,signal_low,10,-0.7272727272727209,8.779220779220775,-4.961038961038955,trend_exit_ma10,130.411384,122.13927
dedicated_trend,趋势专属分支,688388.SH,嘉元科技,trend,2025-02-26,2025-02-27,2025-02-28,0.202969,27.48806467971419,26.00458182398358,27.197186,27.197186,signal_low,2,-5.3968253968254,1.5873015873016039,-8.148148148148138,gap_stop,28.24435,27.197186
dedicated_trend,趋势专属分支,002182.SZ,宝武镁业,trend,2025-02-26,2025-02-27,2025-02-28,0.200015,62.519596772378435,59.652157,59.652157,59.652157,signal_low,2,-4.586465557060803,1.1278195488721776,-6.6165413533834645,stop_loss,62.519597,59.652157
dedicated_trend,趋势专属分支,300449.SZ,汉邦高科,trend,2025-02-26,2025-02-27,2025-03-31,0.200015,35.878633339365095,32.649919115701294,33.048974,33.048974,signal_low,13,-8.998988877654213,24.3680485338726,-18.7057633973711,gap_stop,35.515856,33.048974
dedicated_trend,趋势专属分支,000959.SZ,首钢股份,trend,2025-02-27,2025-02-28,2025-03-19,0.200015,3.757726922693905,3.856904466108114,3.61447,3.61447,signal_low,14,2.639296187683282,8.211143695014655,-0.8797653958944274,trend_exit_ma10,3.768747,3.61447
dedicated_trend,趋势专属分支,301045.SZ,天禄科技,trend,2025-02-27,2025-02-28,2025-03-04,0.200015,24.181608832807573,22.903596,22.903596,22.903596,signal_low,3,-5.28506122832354,3.0378693300041393,-6.450270495214328,stop_loss,24.976593,22.903596
dedicated_trend,趋势专属分支,301045.SZ,天禄科技,trend,2025-09-10,2025-09-11,2025-10-13,0.200015,26.53067113410335,26.934179440325455,24.472779,24.472779,signal_low,17,1.520912547528508,8.935361216730042,-4.942965779467679,trend_exit_ma10,26.278478,24.472779
dedicated_trend,趋势专属分支,603799.SH,华友钴业,trend,2025-02-27,2025-02-28,2025-03-19,0.200015,83.75198613909791,93.03813585262247,80.622957,80.622957,signal_low,14,11.087677011147946,20.909912624284456,-2.3802350105453396,trend_exit_ma10,83.726752,80.622957
dedicated_trend,趋势专属分支,001206.SZ,依依股份,trend,2025-03-03,2025-03-04,2025-03-05,0.200015,49.76068982913067,46.865522,46.865522,46.865522,signal_low,2,-5.818182664010807,0.13636363636364557,-6.000000000000005,stop_loss,49.738071,46.865522
dedicated_trend,趋势专属分支,603737.SH,三棵树,trend,2025-03-03,2025-03-04,2025-03-13,0.200015,256.87949530810187,253.03150286826389,243.775521,243.775521,signal_low,8,-1.4979757085020307,3.8461538461538547,-4.6558704453441235,trend_exit_ma10,263.639482,243.775521
dedicated_trend,趋势专属分支,002468.SZ,申通快递,trend,2025-03-03,2025-03-04,2025-03-25,0.198253,26.847373770942703,27.161903672861698,25.67912,25.67912,signal_low,16,1.171548117154808,8.702928870292892,-3.849372384937233,trend_exit_ma10,26.959706,25.67912
dedicated_trend,趋势专属分支,000739.SZ,普洛药业,trend,2025-03-04,2025-03-05,2025-03-06,0.200015,51.00706765920006,49.460515,49.460515,49.460515,signal_low,2,-3.032036010251049,1.0297482837528626,-3.2608695652173947,stop_loss,51.152969,49.460515
dedicated_trend,趋势专属分支,000739.SZ,普洛药业,trend,2026-01-13,2026-01-14,2026-02-02,0.201523,53.49845920477154,54.537857840749965,49.738282,49.738282,signal_low,14,1.9428571428571573,11.942857142857143,-1.8285714285714239,trend_exit_ma10,54.385005,49.738282
dedicated_trend,趋势专属分支,301209.SZ,联合化学,trend,2025-03-04,2025-03-05,2025-03-14,0.200015,35.45850872262503,34.93018710268907,33.426502,33.426502,signal_low,8,-1.4899713467048659,11.747851002865328,-3.151862464183386,trend_exit_ma10,35.448349,33.426502
dedicated_trend,趋势专属分支,600558.SH,大西洋,trend,2025-03-04,2025-03-05,2025-03-13,0.200015,23.45508391932642,22.279881,22.279881,22.279881,signal_low,7,-5.010440053715093,0.8350730688935437,-5.845511482254706,stop_loss,23.308184,22.279881
dedicated_trend,趋势专属分支,002532.SZ,天山铝业,trend,2025-03-05,2025-03-06,2025-03-18,0.204092,76.29167830638525,74.26909934810357,70.95207,70.95207,signal_low,9,-2.6511134676564074,4.772004241781569,-3.6055143160127145,trend_exit_ma10,76.129872,70.95207
dedicated_trend,趋势专属分支,002532.SZ,天山铝业,trend,2025-10-23,2025-10-24,2025-11-18,0.200441,108.46356158661868,109.38547259308889,102.161397,102.161397,signal_low,18,0.849973016729666,13.960469508904506,-3.8990825688073327,trend_exit_ma10,107.302637,102.161397
dedicated_trend,趋势专属分支,002860.SZ,星帅尔,trend,2025-03-05,2025-03-06,2025-03-13,0.200015,41.20489934409828,40.221128,40.221128,40.221128,signal_low,6,-2.3875106110147204,5.968778696051413,-3.3057851239669422,stop_loss,41.62111,40.221128
dedicated_trend,趋势专属分支,000301.SZ,东方盛虹,trend,2025-03-06,2025-03-07,2025-03-13,0.201523,11.419475549429535,10.965563,10.965563,10.965563,signal_low,5,-3.9748983870998456,1.2552301255229992,-4.079497907949802,stop_loss,11.431421,10.965563
dedicated_trend,趋势专属分支,000301.SZ,东方盛虹,trend,2025-12-26,2025-12-29,2026-01-09,0.200441,12.745376999206394,12.745376999206394,12.434805,12.434805,signal_low,8,0.0,7.778819119025293,-1.7806935332708496,trend_exit_ma10,12.805102,12.434805
dedicated_trend,趋势专属分支,600662.SH,外服控股,trend,2025-03-06,2025-03-07,2025-03-12,0.201523,7.021293764666684,6.731886,6.731886,6.731886,signal_low,4,-4.12185808437574,2.8673835125448077,-4.121863799283155,stop_loss,7.059043,6.731886
dedicated_trend,趋势专属分支,603020.SH,爱普股份,trend,2025-03-06,2025-03-07,2025-03-21,0.201523,19.92539960781911,20.06079303663781,19.406391,19.406391,signal_low,11,0.6795016987542368,5.889014722536801,0.0,trend_exit_ma10,19.9254,19.406391
dedicated_trend,趋势专属分支,605333.SH,沪光股份,trend,2025-03-07,2025-03-10,2025-03-13,0.204092,39.104606758022946,36.317888,36.317888,36.317888,signal_low,4,-7.126318326807368,3.8075636737844087,-14.587085155647017,stop_loss,38.9034,36.317888
dedicated_trend,趋势专属分支,002683.SZ,广东宏大,trend,2025-03-07,2025-03-10,2025-03-21,0.200441,87.76716474956982,84.57615417400407,82.391318,82.391318,signal_low,10,-3.6357680969537953,3.50474942679333,-5.27350147396003,trend_exit_ma10,86.272277,82.391318
dedicated_trend,趋势专属分支,605020.SH,永和股份,trend,2025-03-07,2025-03-10,2025-03-21,0.200441,32.327177319105985,32.64326527511502,30.674899,30.674899,signal_low,10,0.9777777777777663,9.600000000000009,-3.3333333333333437,trend_exit_ma10,32.31281,30.674899
dedicated_trend,趋势专属分支,301093.SZ,华兰股份,trend,2025-03-10,2025-03-11,2025-03-26,0.200441,27.912179474890138,30.215199606468524,26.946397,26.946397,signal_low,12,8.250950570342198,16.730038022813698,-1.482889733840309,trend_exit_ma10,28.442829,26.946397
dedicated_trend,趋势专属分支,301093.SZ,华兰股份,trend,2025-12-12,2025-12-15,2025-12-18,0.201523,70.71949596894477,66.499923,66.499923,66.499923,signal_low,4,-5.966633261636545,1.8253189401373993,-6.162904808635905,stop_loss,71.03874,66.499923
dedicated_trend,趋势专属分支,600416.SH,湘电股份,trend,2025-03-10,2025-03-11,2025-03-21,0.200441,26.689101970147842,27.3157156685774,25.923241,25.923241,signal_low,9,2.347826086956517,9.043478260869552,-0.3478260869565042,trend_exit_ma10,27.246092,25.923241
dedicated_trend,趋势专属分支,002183.SZ,怡亚通,trend,2025-03-10,2025-03-11,2025-03-19,0.200015,25.199991127634252,25.645570538535445,24.110797,24.110797,signal_low,7,1.7681728880157177,18.860510805500972,-0.5893909626719096,trend_exit_ma10,25.744588,24.110797
dedicated_trend,趋势专属分支,600111.SH,北方稀土,trend,2025-03-11,2025-03-12,2025-03-21,0.201523,114.67056813518208,109.438633,109.438633,109.438633,signal_low,8,-4.56257889035162,0.041858518208437445,-6.02762662201759,stop_loss,115.438559,109.438633
dedicated_trend,趋势专属分支,002378.SZ,章源钨业,trend,2025-03-11,2025-03-12,2025-03-20,0.200015,20.77155715629063,19.92489042437661,19.614446,19.614446,signal_low,7,-4.07608695652174,4.619565217391308,-4.347826086956519,trend_exit_ma10,20.771557,19.614446
dedicated_trend,趋势专属分支,300034.SZ,钢研高纳,trend,2025-03-11,2025-03-12,2025-03-28,0.200015,104.01346155409112,100.42469299754646,99.329814,99.329814,signal_low,13,-3.4502923976608146,4.5614035087719,-4.093567251462005,trend_exit_ma10,103.161889,99.329814
dedicated_trend,趋势专属分支,300034.SZ,钢研高纳,trend,2025-12-12,2025-12-15,2026-01-21,0.200015,111.33206941075193,127.30659943615393,105.33397,105.33397,signal_low,26,14.348543155579986,29.90654205607475,-2.4738867509620843,trend_exit_ma10,110.107967,105.33397
dedicated_trend,趋势专属分支,600885.SH,宏发股份,trend,2025-03-12,2025-03-13,2025-03-21,0.201523,80.12112892095398,75.610288,75.610288,75.610288,signal_low,7,-5.630026663009568,2.8418230563002744,-6.1394101876675595,stop_loss,79.648565,75.610288
dedicated_trend,趋势专属分支,600885.SH,宏发股份,trend,2025-09-11,2025-09-12,2025-09-23,0.199217,84.40531686288612,78.260634,78.260634,78.260634,signal_low,8,-7.279971323214129,0.25353132922854016,-8.366533864541836,stop_loss,84.374746,78.260634
dedicated_trend,趋势专属分支,301298.SZ,东利机械,trend,2025-03-12,2025-03-13,2025-03-14,0.200015,16.564601170126913,16.062326466294888,16.072791,16.072791,signal_low,2,-3.032217308907159,1.5792798483891035,-4.548325963360722,gap_stop,16.512281,16.072791
dedicated_trend,趋势专属分支,603979.SH,金诚信,trend,2025-03-12,2025-03-13,2025-03-26,0.199217,71.33751165625542,71.15753169565477,67.574294,67.574294,signal_low,10,-0.25229357798165486,12.431192660550439,-1.6513761467889854,trend_exit_ma10,70.683039,67.574294
dedicated_trend,趋势专属分支,600375.SH,汉马科技,trend,2025-03-13,2025-03-14,2025-03-24,0.200441,7.628070153048897,7.348568,7.348568,7.348568,signal_low,7,-3.664126672159429,2.2900763358778553,-3.8167938931297773,stop_loss,7.62807,7.348568
dedicated_trend,趋势专属分支,600375.SH,汉马科技,trend,2025-03-25,2025-03-26,2025-03-27,0.200441,7.814404691138641,7.406798,7.406798,7.406798,signal_low,2,-5.216093960437673,0.0,-7.153502235469444,stop_loss,7.826051,7.406798
dedicated_trend,趋势专属分支,600764.SH,中国海防,trend,2025-03-13,2025-03-14,2025-03-26,0.200441,32.33032865658232,31.60332391165917,29.775121,29.775121,signal_low,9,-2.2486772486772444,15.740740740740744,-3.0753968253968256,trend_exit_ma10,31.688854,29.775121
dedicated_trend,趋势专属分支,001212.SZ,中旗新材,trend,2025-03-13,2025-03-14,2025-05-26,0.200015,34.4049029735294,89.8794752099179,33.231402,33.231402,signal_low,46,161.2403100775194,186.74418604651163,-1.4728682170542573,trend_exit_ma10,34.404903,33.231402
dedicated_trend,趋势专属分支,601899.SH,紫金矿业,trend,2025-03-14,2025-03-17,2025-04-02,0.204092,36.442992875515294,36.463829349429254,35.797062,35.797062,signal_low,13,0.057175528873631976,8.40480274442541,-2.1726700971983925,trend_exit_ma10,36.422156,35.797062
dedicated_trend,趋势专属分支,000039.SZ,中集集团,trend,2025-03-14,2025-03-17,2025-03-28,0.201523,22.296372687116687,21.978899691571762,20.733429,20.733429,signal_low,10,-1.4238773274917849,11.171960569550944,-3.6144578313253017,trend_exit_ma10,21.343954,20.733429
dedicated_trend,趋势专属分支,002545.SZ,东方铁塔,trend,2025-03-14,2025-03-17,2025-03-20,0.200441,46.154534456921546,44.741641,44.741641,44.741641,signal_low,4,-3.0612235039230495,0.3826530612244916,-3.1887755102040782,stop_loss,46.154534,44.741641
dedicated_trend,趋势专属分支,002545.SZ,东方铁塔,trend,2025-08-26,2025-08-27,2025-08-28,0.201523,62.75415907400667,59.716688,59.716688,59.716688,signal_low,2,-4.840270539558267,0.2904162633107443,-7.357212003872215,stop_loss,63.179405,59.716688
dedicated_trend,趋势专属分支,002572.SZ,索菲亚,trend,2025-03-17,2025-03-18,2025-03-19,0.200441,384.76000020167356,374.829347,374.829347,374.829347,signal_low,2,-2.5809993753166616,0.27457440966502933,-3.4047226798462393,stop_loss,386.661615,374.829347
dedicated_trend,趋势专属分支,300316.SZ,晶盛机电,trend,2025-03-17,2025-03-18,2025-03-21,0.200441,335.98736976164093,321.900647,321.900647,321.900647,signal_low,4,-4.192634613507784,0.3966005665722472,-4.929178470254946,stop_loss,337.415078,321.900647
dedicated_trend,趋势专属分支,300316.SZ,晶盛机电,trend,2025-09-11,2025-09-12,2025-10-16,0.199217,353.23846490092967,394.18245317812875,326.682812,326.682812,signal_low,19,11.591033351558245,33.62493165664298,-4.483324220885743,trend_exit_ma10,346.865108,326.682812
dedicated_trend,趋势专属分支,600648.SH,外高桥,trend,2025-03-17,2025-03-18,2025-03-24,0.200441,16.35454770302803,15.36918,15.36918,15.36918,signal_low,5,-6.025037933917233,0.0,-6.964006259780886,stop_loss,16.380142,15.36918
dedicated_trend,趋势专属分支,600988.SH,赤峰黄金,trend,2025-03-18,2025-03-19,2025-04-08,0.201523,84.09877321861434,85.26124434508709,78.567014,78.567014,signal_low,14,1.3822688274547357,11.630123927550052,-4.194470924690174,trend_exit_ma10,83.858262,78.567014
dedicated_trend,趋势专属分支,600988.SH,赤峰黄金,trend,2025-12-15,2025-12-16,2025-12-17,0.200015,129.20683296838874,125.777991,125.777991,125.777991,signal_low,2,-2.6537621034544046,1.779581642210415,-4.464564470808618,stop_loss,131.869228,125.777991
dedicated_trend,趋势专属分支,000729.SZ,燕京啤酒,trend,2025-03-18,2025-03-19,2025-03-21,0.200441,28.069677674735235,27.328045,27.328045,27.328045,signal_low,3,-2.6421132559094507,0.8006405124099336,-3.042433947157741,stop_loss,28.137099,27.328045
dedicated_trend,趋势专属分支,000729.SZ,燕京啤酒,trend,2025-04-03,2025-04-07,2025-04-11,0.201523,27.867414184685103,27.867414184685103,27.867414184685103,27.867414184685103,signal_low,5,0.0,10.322580645161295,-3.0645161290322687,stop_loss,28.766363,27.934835
dedicated_trend,趋势专属分支,300109.SZ,新开源,trend,2025-03-18,2025-03-19,2025-03-26,0.200015,123.89178548098596,119.70673972798816,115.882474,115.882474,signal_low,6,-3.3779848573092686,2.795573675014551,-5.649388468258598,trend_exit_ma10,126.345088,115.882474
dedicated_trend,趋势专属分支,002595.SZ,豪迈科技,trend,2025-03-19,2025-03-20,2025-04-07,0.200441,282.21287722679017,256.1440182792792,268.279522,268.279522,signal_low,12,-9.237303132189002,7.945496372323491,-9.237303132189002,gap_stop,282.112997,268.279522
dedicated_trend,趋势专属分支,002595.SZ,豪迈科技,trend,2025-05-23,2025-05-26,2025-05-27,0.200441,315.1235631394525,308.980901,308.980901,308.980901,signal_low,2,-1.949286837917008,1.2361331220285487,-7.448494453248811,stop_loss,316.721654,308.980901
dedicated_trend,趋势专属分支,002595.SZ,豪迈科技,trend,2025-12-05,2025-12-08,2025-12-24,0.201523,376.53094188741574,417.9654365609241,358.327924,358.327924,signal_low,13,11.00427350427351,17.775106837606835,-2.003205128205121,trend_exit_ma10,374.620128,358.327924
dedicated_trend,趋势专属分支,601166.SH,兴业银行,trend,2025-03-19,2025-03-20,2025-03-21,0.200441,117.22907620856033,114.142724,114.142724,114.142724,signal_low,2,-2.632753160205281,0.31236055332442003,-3.6590807675145,stop_loss,117.072143,114.142724
dedicated_trend,趋势专属分支,601166.SH,兴业银行,trend,2025-07-04,2025-07-07,2025-07-16,0.201523,135.9429538769827,133.09598102092022,131.179749,131.179749,signal_low,8,-2.0942408376963484,2.4969794603302287,-3.26218284333466,trend_exit_ma10,135.942954,131.179749
dedicated_trend,趋势专属分支,000030.SZ,富奥股份,trend,2025-03-19,2025-03-20,2025-03-24,0.200015,11.98852802431162,11.555445,11.555445,11.555445,signal_low,3,-3.6124787249391055,3.776683087027921,-4.269293924466333,stop_loss,11.988528,11.555445
dedicated_trend,趋势专属分支,600237.SH,铜峰电子,trend,2025-03-20,2025-03-21,2025-03-24,0.201523,7.501042579098693,7.279832208133317,7.320052,7.320052,signal_low,2,-2.9490616621983934,0.0,-7.9088471849866,gap_stop,7.551318,7.320052
dedicated_trend,趋势专属分支,603312.SH,西典新能,trend,2025-03-20,2025-03-21,2025-03-24,0.201523,39.243138659978506,37.114697,37.114697,37.114697,signal_low,2,-5.423729428016322,0.7822685788787309,-5.893089960886555,stop_loss,39.232906,37.114697
dedicated_trend,趋势专属分支,000761.SZ,本钢板材,trend,2025-03-20,2025-03-21,2025-03-27,0.200441,5.739777718655881,5.178129,5.178129,5.178129,signal_low,5,-9.785199814103695,1.193317422434359,-9.785202863961839,stop_loss,5.698681,5.178129
dedicated_trend,趋势专属分支,002977.SZ,天箭科技,trend,2025-03-21,2025-03-24,2025-03-25,0.196754,51.4737252773931,48.278093467781915,48.62171,48.62171,signal_low,2,-6.208277703604804,3.104138851802407,-8.878504672897202,gap_stop,51.14729,48.62171
dedicated_trend,趋势专属分支,002923.SZ,润都股份,trend,2025-03-21,2025-03-24,2025-03-25,0.195773,46.521824186276795,44.039657,44.039657,44.039657,signal_low,2,-5.335489804393778,7.0331447049313045,-5.416329830234446,stop_loss,47.198779,44.039657
dedicated_trend,趋势专属分支,300922.SZ,天秦装备,trend,2025-03-21,2025-03-24,2025-03-25,0.195773,27.81035608606315,26.980413522238226,27.257061,27.257061,signal_low,2,-2.98429319371728,1.7801047120418856,-5.70680628272251,gap_stop,28.392772,27.257061
dedicated_trend,趋势专属分支,300181.SZ,佐力药业,trend,2025-03-24,2025-03-25,2025-04-07,0.200441,129.0574255018491,123.100929,123.100929,123.100929,signal_low,9,-4.61538456906827,7.076923076923047,-6.646153846153846,stop_loss,129.454525,123.100929
dedicated_trend,趋势专属分支,301035.SZ,润丰股份,trend,2025-03-24,2025-03-25,2025-03-31,0.200441,62.10890754660164,59.651168,59.651168,59.651168,signal_low,5,-3.9571450274786257,3.663383445654067,-4.423708311733188,stop_loss,62.731392,59.651168
dedicated_trend,趋势专属分支,301035.SZ,润丰股份,trend,2025-10-13,2025-10-14,2025-10-15,0.200441,89.55574913948011,84.287764,84.287764,84.287764,signal_low,2,-5.882352825026793,0.35172832019405575,-6.6828380836870815,stop_loss,90.09884,84.287764
dedicated_trend,趋势专属分支,000507.SZ,珠海港,trend,2025-03-24,2025-03-25,2025-03-28,0.200015,11.940312141688153,11.569224,11.569224,11.569224,signal_low,4,-3.107859637877841,4.20475319926874,-4.20475319926873,stop_loss,12.027627,11.569224
dedicated_trend,趋势专属分支,600784.SH,鲁银投资,trend,2025-03-25,2025-03-26,2025-03-28,0.201523,14.120103431513531,13.249541,13.249541,13.249541,signal_low,3,-6.165411151100997,10.075187969924793,-6.466165413533853,stop_loss,14.120103,13.249541
dedicated_trend,趋势专属分支,002318.SZ,久立特材,trend,2025-03-25,2025-03-26,2025-04-07,0.200441,159.1016569883881,147.61236935657357,154.543407,154.543407,signal_low,8,-7.2213500784929385,4.199372056514905,-10.557299843014146,gap_stop,158.102588,154.543407
dedicated_trend,趋势专属分支,603538.SH,美诺华,trend,2025-03-26,2025-03-27,2025-04-07,0.201523,24.704020850794887,23.573999,23.573999,23.573999,signal_low,7,-4.574242620745384,8.444757213230103,-5.418719211822676,stop_loss,24.686636,23.573999
dedicated_trend,趋势专属分支,600805.SH,悦达投资,trend,2025-03-26,2025-03-27,2025-03-28,0.200441,8.238070238273561,7.948717,7.948717,7.948717,signal_low,2,-3.5123910078994514,0.6198347107438051,-3.9256198347107363,stop_loss,8.272112,7.948717
dedicated_trend,趋势专属分支,603233.SH,大参林,trend,2025-03-26,2025-03-27,2025-04-07,0.200441,48.53309701303229,47.174895,47.174895,47.174895,signal_low,7,-2.798506785313082,5.2238805970149516,-6.218905472636804,stop_loss,48.684008,47.174895
dedicated_trend,趋势专属分支,300121.SZ,阳谷华泰,trend,2025-03-27,2025-03-28,2025-03-31,0.204092,88.05327530183544,82.5081904383663,85.447753,85.447753,signal_low,2,-6.297420333839144,1.2898330804248959,-12.518968133535658,gap_stop,90.859222,85.447753
dedicated_trend,趋势专属分支,600415.SH,小商品城,trend,2025-03-27,2025-03-28,2025-04-07,0.201523,141.45869317652637,125.26763793342998,131.327448,131.327448,signal_low,6,-11.445783132530119,5.689424364123141,-11.445783132530119,gap_stop,140.322479,131.327448
dedicated_trend,趋势专属分支,600415.SH,小商品城,trend,2025-05-14,2025-05-15,2025-07-02,0.200015,160.86902256152496,180.99458671240498,151.873992,151.873992,signal_low,34,12.510528024861301,32.280748604309764,-4.355503237198333,trend_exit_ma10,160.774338,151.873992
dedicated_trend,趋势专属分支,603899.SH,晨光股份,trend,2025-03-27,2025-03-28,2025-04-07,0.201523,69.2017701906908,66.21641974133567,66.9347,66.9347,signal_low,6,-4.313979889717789,7.298086279597804,-7.752189425883871,gap_stop,69.673141,66.9347
dedicated_trend,趋势专属分支,603899.SH,晨光股份,trend,2025-06-09,2025-06-10,2025-06-18,0.201523,80.74193641281185,73.53905863210058,73.167297,73.167297,signal_low,7,-8.920863309352523,3.597122302158251,-9.352517985611508,trend_exit_ma10,79.812533,73.167297
dedicated_trend,趋势专属分支,600208.SH,衢州发展,trend,2025-03-28,2025-03-31,2025-04-01,0.200441,6.774724090409836,6.242570536480361,6.631452,6.631452,signal_low,2,-7.854984894259842,1.2084592145015005,-12.688821752265856,gap_stop,6.877061,6.631452
dedicated_trend,趋势专属分支,600645.SH,中源协和,trend,2025-03-28,2025-03-31,2025-04-07,0.200015,23.35,22.05,22.37,22.37,signal_low,5,-5.567451820128477,8.779443254817965,-8.650963597430417,gap_stop,23.9,22.37
dedicated_trend,趋势专属分支,000831.SZ,中国稀土,trend,2025-03-28,2025-03-31,2025-04-16,0.198253,32.3014124103635,33.42186765334798,31.090109,31.090109,signal_low,12,3.4687499999999982,12.375000000000004,-2.968749999999998,trend_exit_ma10,33.593469,31.090109
dedicated_trend,趋势专属分支,000975.SZ,山金国际,trend,2025-03-31,2025-04-01,2025-04-02,0.200015,46.20578035789914,44.336459,44.336459,44.336459,signal_low,2,-4.045643950648192,1.7116182572614047,-5.031120331950223,stop_loss,46.014055,44.336459
dedicated_trend,趋势专属分支,000975.SZ,山金国际,trend,2025-09-01,2025-09-02,2025-09-18,0.200441,51.85057162180541,49.702337016005565,48.506161,48.506161,signal_low,13,-4.14312617702447,4.519774011299438,-5.1318267419962265,trend_exit_ma10,50.947337,48.506161
dedicated_trend,趋势专属分支,002515.SZ,金字火腿,trend,2025-03-31,2025-04-01,2025-04-07,0.200015,60.922438918801646,58.906623,58.906623,58.906623,signal_low,4,-3.3088234065749567,4.411764705882337,-6.985294117647067,stop_loss,60.922439,58.906623
dedicated_trend,趋势专属分支,002515.SZ,金字火腿,trend,2025-05-30,2025-06-03,2025-06-16,0.201523,64.54178421582803,64.09123074835279,62.289017,62.289017,signal_low,10,-0.6980802792321161,7.853403141361248,-1.7452006980802959,trend_exit_ma10,65.442891,62.289017
dedicated_trend,趋势专属分支,002515.SZ,金字火腿,trend,2025-07-03,2025-07-04,2025-07-21,0.201523,67.47038175441709,68.14621195562994,66.343998,66.343998,signal_low,12,1.0016694490817768,5.008347245409017,-0.5008347245409106,trend_exit_ma10,67.920935,66.343998
dedicated_trend,趋势专属分支,002515.SZ,金字火腿,trend,2025-07-31,2025-08-01,2025-08-19,0.201523,76.36881273705306,80.53643231119902,70.962171,70.962171,signal_low,13,5.457227138643073,10.914454277286122,-4.129793510324486,trend_exit_ma10,74.003407,70.962171
dedicated_trend,趋势专属分支,002658.SZ,雪迪龙,trend,2025-03-31,2025-04-01,2025-04-03,0.200015,39.898129628591676,38.727933,38.727933,38.727933,signal_low,3,-2.932961117438182,4.469273743016777,-5.586592178770955,stop_loss,41.235497,38.727933
dedicated_trend,趋势专属分支,001289.SZ,龙源电力,trend,2025-04-01,2025-04-02,2025-04-03,0.201523,17.3751853307389,16.810722724010823,16.841512,16.841512,signal_low,2,-3.248670998227987,3.898405197873611,-3.6621382161842853,gap_stop,17.549656,16.841512
dedicated_trend,趋势专属分支,002653.SZ,海思科,trend,2025-04-01,2025-04-02,2025-04-09,0.200441,134.81158404630162,125.868309,125.868309,125.868309,signal_low,5,-6.633906952113266,7.6167076167076075,-7.493857493857492,stop_loss,136.666485,125.868309
dedicated_trend,趋势专属分支,688192.SH,迪哲医药-U,trend,2025-04-01,2025-04-02,2025-04-07,0.200441,51.1,48.21,48.59,48.59,signal_low,3,-5.655577299412917,6.966731898238732,-17.025440313111552,gap_stop,51.89,48.59
dedicated_trend,趋势专属分支,000059.SZ,华锦股份,trend,2025-04-02,2025-04-03,2025-04-07,0.200015,6.127005944560539,5.7886308628096605,5.824885,5.824885,signal_low,2,-5.522682445759375,5.325443786982231,-10.453648915187387,gap_stop,6.127006,5.824885
dedicated_trend,趋势专属分支,000059.SZ,华锦股份,trend,2025-05-20,2025-05-21,2025-05-29,0.200015,6.827925756758786,6.5741444454456275,6.368702,6.368702,signal_low,7,-3.7168141592920367,1.5929203539823078,-5.486725663716818,trend_exit_ma10,6.779586,6.368702
dedicated_trend,趋势专属分支,688513.SH,苑东生物,trend,2025-04-02,2025-04-03,2025-04-07,0.196754,53.15822260627658,50.58878,50.58878,50.58878,signal_low,2,-4.833575090174658,5.875542691751101,-9.2040520984081,stop_loss,54.312164,50.58878
dedicated_trend,趋势专属分支,301065.SZ,本立科技,trend,2025-04-03,2025-04-07,2025-04-08,0.201026,30.595752047166044,29.876751874057643,30.595752047166044,30.595752047166044,signal_low,2,-2.3499999999999965,7.099999999999995,-7.000000000000006,gap_stop,32.890433,30.932305
dedicated_trend,趋势专属分支,600258.SH,首旅酒店,trend,2025-04-03,2025-04-07,2025-04-21,0.201026,23.57404800955625,25.763066753300762,23.57404800955625,23.57404800955625,signal_low,11,9.285714285714297,21.357142857142854,-1.214285714285701,trend_exit_ma10,24.584364,23.658241
dedicated_trend,趋势专属分支,600359.SH,新农开发,trend,2025-04-07,2025-04-08,2025-04-16,0.196754,7.572185981956973,6.907606,6.907606,6.907606,signal_low,7,-8.776593490182826,18.75,-9.97340425531914,stop_loss,7.572186,6.907606
dedicated_trend,趋势专属分支,603156.SH,养元饮品,trend,2025-04-08,2025-04-09,2025-05-13,0.204424,84.01323440054875,86.57852400056552,81.127284,81.127284,signal_low,22,3.053435114503822,10.262934690415616,-1.6963528413910023,trend_exit_ma10,84.832702,81.127284
dedicated_trend,趋势专属分支,688617.SH,惠泰医疗,trend,2025-04-08,2025-04-09,2025-04-28,0.201363,610.3067380053478,628.086089014925,586.865642,586.865642,signal_low,14,2.9131828148719174,12.303317992337526,-3.5926845136261765,trend_exit_ma10,624.968453,586.865642
dedicated_trend,趋势专属分支,300498.SZ,温氏股份,trend,2025-04-08,2025-04-09,2025-04-18,0.201026,38.027273393201845,35.96719998660495,35.000227,35.000227,signal_low,8,-5.417357656163624,2.6533996683250516,-6.135986733001653,trend_exit_ma10,37.943189,35.000227
dedicated_trend,趋势专属分支,300498.SZ,温氏股份,trend,2025-06-11,2025-06-12,2025-06-16,0.201523,38.62472090887132,37.007377,37.007377,37.007377,signal_low,3,-4.1873284021577195,0.16528925619834212,-4.958677685950407,stop_loss,38.646002,37.007377
dedicated_trend,趋势专属分支,600600.SH,青岛啤酒,trend,2025-04-09,2025-04-10,2025-04-15,0.200015,96.7523594844101,91.855602,91.855602,91.855602,signal_low,4,-5.061124618050405,0.0,-5.427872860635697,stop_loss,96.598597,91.855602
dedicated_trend,趋势专属分支,603939.SH,益丰药房,trend,2025-04-09,2025-04-10,2025-04-28,0.196924,183.38069724707185,180.30032098881154,165.291679,165.291679,signal_low,13,-1.6797712651894225,4.57469621157971,-5.539671193709794,trend_exit_ma10,180.82464,165.291679
dedicated_trend,趋势专属分支,600125.SH,铁龙物流,trend,2025-04-10,2025-04-11,2025-04-18,0.201026,9.366718963733716,8.951446,8.951446,8.951446,signal_low,6,-4.433494432165396,0.3284072249589487,-6.403940886699511,stop_loss,9.474382,8.951446
dedicated_trend,趋势专属分支,300395.SZ,菲利华,trend,2025-04-10,2025-04-11,2025-04-14,0.200441,369.22862523716486,339.27166,339.27166,339.27166,signal_low,2,-8.113391863353703,8.230694037145646,-8.504398826979475,stop_loss,370.022665,339.27166
dedicated_trend,趋势专属分支,603199.SH,九华旅游,trend,2025-04-10,2025-04-11,2025-04-23,0.198253,42.217374347280106,41.43318393319577,39.821834,39.821834,signal_low,9,-1.8575063613231468,7.531806615776082,-4.936386768447831,trend_exit_ma10,42.818945,39.821834
dedicated_trend,趋势专属分支,688386.SH,泛亚微透,trend,2025-04-11,2025-04-14,2025-05-07,0.200441,50.65410646319533,56.17377207615588,47.192621,47.192621,signal_low,15,10.8967781654012,22.080853683562495,-3.201313359326896,trend_exit_ma10,50.290287,47.192621
dedicated_trend,趋势专属分支,688386.SH,泛亚微透,trend,2025-07-30,2025-07-31,2025-08-01,0.200015,82.57052396118722,79.051125,79.051125,79.051125,signal_low,2,-4.262294572384617,0.9508196721311535,-4.754098360655723,stop_loss,83.504518,79.051125
dedicated_trend,趋势专属分支,605318.SH,法狮龙,trend,2025-04-11,2025-04-14,2025-04-16,0.200015,34.234145243777064,32.092473,32.092473,32.092473,signal_low,3,-6.255953605753806,1.5878056525881146,-9.018736106700542,stop_loss,34.277631,32.092473
dedicated_trend,趋势专属分支,002294.SZ,信立泰,trend,2025-04-14,2025-04-15,2025-05-13,0.201026,406.49786004446526,458.2382371275387,386.697442,386.697442,signal_low,18,12.728327051319233,26.35546535227602,-0.6088721368512684,trend_exit_ma10,403.19779,386.697442
dedicated_trend,趋势专属分支,002294.SZ,信立泰,trend,2025-09-05,2025-09-08,2025-09-11,0.200441,697.2671456031333,628.734381634606,634.345949,634.345949,signal_low,4,-9.828767123287685,2.636986301369859,-12.551369863013706,gap_stop,696.550775,634.345949
dedicated_trend,趋势专属分支,002749.SZ,国光股份,trend,2025-04-14,2025-04-15,2025-04-21,0.200441,119.40390615283363,113.03372257396036,113.478154,113.478154,signal_low,5,-5.334987593052121,3.8461538461538325,-5.397022332506207,gap_stop,120.589057,113.478154
dedicated_trend,趋势专属分支,600547.SH,山东黄金,trend,2025-04-14,2025-04-15,2025-04-24,0.200015,124.84638106325143,129.1870664975698,121.208473,121.208473,signal_low,8,3.4768211920529923,16.854304635761608,-0.9933774834437026,trend_exit_ma10,127.740171,121.208473
dedicated_trend,趋势专属分支,600547.SH,山东黄金,trend,2025-10-13,2025-10-14,2025-10-15,0.200441,188.1573856195052,169.590862,169.590862,169.590862,signal_low,2,-9.867549742134873,1.2803532008829999,-12.185430463576152,stop_loss,181.096292,169.590862
dedicated_trend,趋势专属分支,603879.SH,永悦科技,trend,2025-04-15,2025-04-16,2025-05-12,0.200441,12.43816725219554,13.026804797052531,11.772751,11.772751,signal_low,15,4.73251028806585,18.31275720164609,-3.0864197530864335,trend_exit_ma10,12.412574,11.772751
dedicated_trend,趋势专属分支,688049.SH,炬芯科技,trend,2025-04-15,2025-04-16,2025-04-25,0.198253,60.1295695267232,59.57090255071245,58.198525,58.198525,signal_low,8,-0.9291052312664028,9.41223995152496,-2.08038780044435,trend_exit_ma10,60.821831,58.198525
dedicated_trend,趋势专属分支,002487.SZ,大金重工,trend,2025-04-15,2025-04-16,2025-05-19,0.198177,121.2760530953936,131.80963802988975,117.640568,117.640568,signal_low,21,8.68562644119908,13.374327440430434,-2.574942352036891,trend_exit_ma10,121.975185,117.640568
dedicated_trend,趋势专属分支,601229.SH,上海银行,trend,2025-04-16,2025-04-17,2025-05-06,0.200441,36.85901062280081,36.894692143248825,35.68152,35.68152,signal_low,11,0.09680542110357404,3.9690222652468687,-1.2584704743465625,trend_exit_ma10,36.966055,35.68152
dedicated_trend,趋势专属分支,601229.SH,上海银行,trend,2025-05-13,2025-05-14,2025-05-26,0.200441,39.39239857460996,38.46467904296154,37.822412,37.822412,signal_low,9,-2.3550724637681153,2.6268115942029047,-3.079710144927539,trend_exit_ma10,39.42808,37.822412
dedicated_trend,趋势专属分支,601229.SH,上海银行,trend,2025-07-04,2025-07-07,2025-07-11,0.200441,41.6425879325475,40.658905,40.658905,40.658905,signal_low,5,-2.362204131359147,0.34995625546807574,-4.549431321084862,stop_loss,41.642588,40.658905
dedicated_trend,趋势专属分支,000848.SZ,承德露露,trend,2025-04-16,2025-04-17,2025-04-29,0.200015,77.30818466294811,79.79664554265672,75.234467,75.234467,signal_low,9,3.218884120171639,10.62231759656651,-1.2875536480686733,trend_exit_ma10,77.805877,75.234467
dedicated_trend,趋势专属分支,000848.SZ,承德露露,trend,2025-11-03,2025-11-04,2025-11-05,0.201026,79.9168116887541,77.01385058040192,78.37995,78.37995,signal_low,2,-3.6324786324786307,0.3205128205128416,-4.914529914529897,gap_stop,80.770624,78.37995
dedicated_trend,趋势专属分支,601816.SH,京沪高铁,trend,2025-04-16,2025-04-17,2025-04-22,0.199217,6.332037543200761,6.1852684610735915,6.080433,6.080433,signal_low,4,-2.3178807947019875,0.16556291390728006,-2.4834437086092787,trend_exit_ma10,6.394939,6.080433
dedicated_trend,趋势专属分支,600715.SH,文投控股,trend,2025-04-17,2025-04-18,2025-05-12,0.200441,5.31073941441888,5.521297364770289,5.100181,5.100181,signal_low,13,3.9647577092510877,14.537444933920707,-1.3215859030836885,trend_exit_ma10,5.334135,5.100181
dedicated_trend,趋势专属分支,002891.SZ,中宠股份,trend,2025-04-17,2025-04-18,2025-05-26,0.200015,123.76007009796626,167.1814223514868,114.807214,114.807214,signal_low,24,35.08510638297875,52.51063829787237,-2.595744680851053,trend_exit_ma10,123.233432,114.807214
dedicated_trend,趋势专属分支,300908.SZ,仲景食品,trend,2025-04-17,2025-04-18,2025-04-24,0.200015,49.70803068837567,46.851428,46.851428,46.851428,signal_low,5,-5.7467629451747655,1.8313861698768585,-6.441427218187556,stop_loss,50.743942,46.851428
dedicated_trend,趋势专属分支,002258.SZ,利尔化学,trend,2025-04-18,2025-04-21,2025-05-06,0.196924,36.54150178832556,36.85742255306613,34.08434,34.08434,signal_low,9,0.8645533141210304,7.396733909702213,-3.073967339097017,trend_exit_ma10,36.120274,34.08434
dedicated_trend,趋势专属分支,301040.SZ,中环海陆,trend,2025-04-18,2025-04-21,2025-04-29,0.196754,18.460814886789922,19.842854034052337,17.603345,17.603345,signal_low,7,7.486338797814196,26.885245901639344,-2.2950819672131306,trend_exit_ma10,18.622221,17.603345
dedicated_trend,趋势专属分支,002571.SZ,德力股份,trend,2025-04-18,2025-04-21,2025-04-22,0.195773,31.77594721661635,29.523475008856202,30.126816,30.126816,signal_low,2,-7.088607594936713,1.5189873417721378,-12.658227848101255,gap_stop,32.741292,30.126816
dedicated_trend,趋势专属分支,002237.SZ,恒邦股份,trend,2025-04-21,2025-04-22,2025-04-25,0.199217,50.34786973269203,46.823519,46.823519,46.823519,signal_low,4,-6.999999704860582,4.166666666666652,-7.916666666666661,stop_loss,50.389826,46.823519
dedicated_trend,趋势专属分支,688050.SH,爱博医疗,trend,2025-04-21,2025-04-22,2025-04-23,0.199217,194.30159753278014,174.13137941697994,181.423131,181.423131,signal_low,2,-10.380881254667674,0.821508588498876,-19.73487677371173,gap_stop,194.95459,181.423131
dedicated_trend,趋势专属分支,002743.SZ,富煌钢构,trend,2025-04-21,2025-04-22,2025-05-06,0.198253,15.092037124298917,14.681222360170436,13.513644,13.513644,signal_low,8,-2.7220630372492893,3.008595988538687,-6.5902578796561695,trend_exit_ma10,14.919062,13.513644
dedicated_trend,趋势专属分支,002626.SZ,金达威,trend,2025-04-22,2025-04-23,2025-05-27,0.201026,130.44962959141031,150.77837313026103,123.536211,123.536211,signal_low,22,15.583596214511065,27.57097791798109,-2.902208201892731,trend_exit_ma10,131.025748,123.536211
dedicated_trend,趋势专属分支,002626.SZ,金达威,trend,2025-05-06,2025-05-07,2025-05-27,0.201026,137.11614063046662,150.77837313026103,130.943445,130.943445,signal_low,15,9.963985594237702,21.36854741896761,-0.4801920768307322,trend_exit_ma10,136.951535,130.943445
dedicated_trend,趋势专属分支,300130.SZ,新国都,trend,2025-04-22,2025-04-23,2025-04-24,0.198253,184.4568872693656,177.439911,177.439911,177.439911,signal_low,2,-3.8041280936930266,11.290975313638185,-7.891541885876164,stop_loss,185.054077,177.439911
dedicated_trend,趋势专属分支,002124.SZ,天邦食品,trend,2025-04-22,2025-04-23,2025-04-29,0.198177,26.9173797356866,26.10905,26.10905,26.10905,signal_low,5,-3.0030030546209896,6.606606606606591,-3.9039039039039047,stop_loss,27.483211,26.10905
dedicated_trend,趋势专属分支,603458.SH,勘设股份,trend,2025-04-23,2025-04-24,2025-04-29,0.198253,21.15044695747764,20.336968,20.336968,20.336968,signal_low,4,-3.8461549257711614,2.7472527472527375,-4.807692307692324,stop_loss,21.353817,20.336968
dedicated_trend,趋势专属分支,603458.SH,勘设股份,trend,2025-06-30,2025-07-01,2025-07-16,0.201523,22.922668474519035,24.375309062257884,22.196348,22.196348,signal_low,12,6.33713561470215,21.419518377693294,-2.154626108998736,trend_exit_ma10,22.980774,22.196348
dedicated_trend,趋势专属分支,600731.SH,湖南海利,trend,2025-04-23,2025-04-24,2025-04-29,0.198177,9.587515621995768,9.110185541242066,9.178376,9.178376,signal_low,4,-4.978662873399731,1.7069701280227667,-9.388335704125183,gap_stop,9.532964,9.178376
dedicated_trend,趋势专属分支,000989.SZ,九芝堂,trend,2025-04-23,2025-04-24,2025-04-29,0.196924,16.526947760953608,16.10365177153052,16.122056,16.122056,signal_low,4,-2.5612472160356448,3.1180400890868265,-2.5612472160356448,gap_stop,16.674181,16.122056
dedicated_trend,趋势专属分支,600039.SH,四川路桥,trend,2025-04-24,2025-04-25,2025-05-26,0.199217,63.34593484978119,65.90824232685098,60.143051,60.143051,signal_low,19,4.044943820224711,7.41573033707863,-4.494382022471921,trend_exit_ma10,62.990059,60.143051
dedicated_trend,趋势专属分支,600039.SH,四川路桥,trend,2025-10-31,2025-11-03,2025-11-14,0.200015,70.67073050254275,70.29799458217069,67.390654,67.390654,signal_low,10,-0.527426160337563,6.012658227848111,-0.9493670886076,trend_exit_ma10,70.670731,67.390654
dedicated_trend,趋势专属分支,600039.SH,四川路桥,trend,2025-12-12,2025-12-15,2025-12-23,0.201523,74.77082562663541,73.35442912922159,71.565297,71.565297,signal_low,7,-1.8943170488534333,1.8943170488534555,-4.087736789631102,trend_exit_ma10,76.410864,71.565297
dedicated_trend,趋势专属分支,000902.SZ,新洋丰,trend,2025-04-24,2025-04-25,2025-04-28,0.196754,32.895175998293794,31.537225672385578,32.356678,32.356678,signal_low,2,-4.128113879003569,0.0,-7.188612099644153,gap_stop,33.222957,32.356678
dedicated_trend,趋势专属分支,603676.SH,卫信康,trend,2025-04-24,2025-04-25,2025-04-28,0.195773,13.086103402422756,11.997446,11.997446,11.997446,signal_low,2,-8.319186918706468,0.0,-10.865874363327666,stop_loss,13.352713,11.997446
dedicated_trend,趋势专属分支,603969.SH,银龙股份,trend,2025-04-25,2025-04-28,2025-04-29,0.199048,31.82448017561248,30.92868,30.92868,30.92868,signal_low,2,-2.8148147924783484,2.5185185185184977,-3.111111111111109,stop_loss,31.82448,30.92868
dedicated_trend,趋势专属分支,000791.SZ,甘肃能源,trend,2025-04-25,2025-04-28,2025-04-29,0.198253,11.849709716976786,11.385665,11.385665,11.385665,signal_low,2,-3.9160851030127897,6.293706293706269,-4.615384615384621,stop_loss,11.84971,11.385665
dedicated_trend,趋势专属分支,600059.SH,古越龙山,trend,2025-04-25,2025-04-28,2025-05-15,0.198253,10.857218833764067,10.598433552785941,10.292596,10.292596,signal_low,11,-2.3835319609967542,2.383531960996743,-4.983748645720487,trend_exit_ma10,10.810167,10.292596
dedicated_trend,趋势专属分支,000875.SZ,电投绿能,trend,2025-04-28,2025-04-29,2025-04-30,0.201026,5.8743354037267075,5.6540478260869556,5.769437,5.769437,signal_low,2,-3.750000000000009,0.0,-4.999999999999993,gap_stop,6.052663,5.769437
dedicated_trend,趋势专属分支,300648.SZ,星云股份,trend,2025-04-28,2025-04-29,2025-05-23,0.199048,56.385243388677,67.43288743592313,53.930211,53.930211,signal_low,16,19.59314775160601,38.32976445396146,-1.6773733047822925,trend_exit_ma10,57.109679,53.930211
dedicated_trend,趋势专属分支,002392.SZ,北京利尔,trend,2025-04-28,2025-04-29,2025-05-15,0.197919,49.01831623810805,54.02370768495711,48.414217,48.414217,signal_low,10,10.2112676056338,26.056338028169023,-2.640845070422526,trend_exit_ma10,49.967615,48.414217
dedicated_trend,趋势专属分支,002392.SZ,北京利尔,trend,2025-07-21,2025-07-22,2025-08-01,0.201523,60.16894864783587,60.60244251417475,56.787696,56.787696,signal_low,9,0.7204610951008661,7.78097982708934,-1.1527377521613924,trend_exit_ma10,60.08225,56.787696
dedicated_trend,趋势专属分支,002392.SZ,北京利尔,trend,2025-08-19,2025-08-20,2025-09-26,0.201523,65.37087504390237,81.23675055190519,60.08225,60.08225,signal_low,28,24.270557029177688,39.78779840848805,-2.652519893899208,trend_exit_ma10,64.677285,60.08225
dedicated_trend,趋势专属分支,600919.SH,江苏银行,trend,2025-04-29,2025-04-30,2025-05-06,0.200441,16.457883963321677,16.171105733563895,16.171106,16.171106,signal_low,2,-1.742497579864466,0.4840271055179368,-3.581800580832517,gap_stop,16.521612,16.171106
dedicated_trend,趋势专属分支,603379.SH,三美股份,trend,2025-04-29,2025-04-30,2025-05-19,0.200441,65.3132704942093,68.72767301275334,63.613396,63.613396,signal_low,11,5.227731658065959,11.891406775858183,-1.2788871438187077,trend_exit_ma10,65.357233,63.613396
dedicated_trend,趋势专属分支,603193.SH,润本股份,trend,2025-04-29,2025-04-30,2025-05-22,0.200015,38.809787252930796,40.15085843549281,35.690781,35.690781,signal_low,14,3.4554973821989687,15.18324607329844,-4.109947643979062,trend_exit_ma10,39.256811,35.690781
dedicated_trend,趋势专属分支,000029.SZ,深深房Ａ,trend,2025-04-30,2025-05-06,2025-06-16,0.201026,17.30524531624017,21.27325892089104,16.321264,16.321264,signal_low,29,22.92954264524103,31.9530284301607,-4.0791100123609425,trend_exit_ma10,17.283854,16.321264
dedicated_trend,趋势专属分支,002624.SZ,完美世界,trend,2025-04-30,2025-05-06,2025-05-09,0.199048,49.77894758937717,48.681689,48.681689,48.681689,signal_low,4,-2.204262328782791,2.351212343864817,-2.4981631153563444,stop_loss,49.705797,48.681689
dedicated_trend,趋势专属分支,003041.SZ,真爱美家,trend,2025-04-30,2025-05-06,2025-05-16,0.198253,46.37354974986959,45.83841152328026,44.416473,44.416473,signal_low,9,-1.153972964061989,4.088361358391035,-3.7916254533465255,trend_exit_ma10,46.664053,44.416473
dedicated_trend,趋势专属分支,002480.SZ,新筑股份,trend,2025-05-06,2025-05-07,2025-05-15,0.201523,23.6825815131341,22.943783476329223,22.24603,22.24603,signal_low,7,-3.119584055459268,2.772963604852685,-4.3327556325823195,trend_exit_ma10,23.682582,22.24603
dedicated_trend,趋势专属分支,002480.SZ,新筑股份,trend,2025-05-19,2025-05-20,2025-06-16,0.200015,24.831822903719463,25.61166527590239,22.902739,22.902739,signal_low,9,3.1404958677686112,30.743801652892564,-0.16528925619834212,trend_exit_ma10,24.503468,22.902739
dedicated_trend,趋势专属分支,600166.SH,福田汽车,trend,2025-05-06,2025-05-07,2025-05-15,0.201026,12.09301211350598,11.645123,11.645123,11.645123,signal_low,7,-3.7037018511356545,0.7407407407407529,-3.703703703703709,stop_loss,12.003434,11.645123
dedicated_trend,趋势专属分支,600562.SH,国睿科技,trend,2025-05-07,2025-05-08,2025-05-21,0.199217,114.1338094544727,121.79246159215845,106.873009,106.873009,signal_low,10,6.710239651416128,18.387799564270146,-1.089324618736387,trend_exit_ma10,114.730588,106.873009
dedicated_trend,趋势专属分支,600562.SH,国睿科技,trend,2025-06-13,2025-06-16,2025-06-20,0.200015,150.73619889172406,142.381306,142.381306,142.381306,signal_low,5,-5.5427249414226605,12.174199934015206,-6.433520290333206,stop_loss,150.835662,142.381306
dedicated_trend,趋势专属分支,002956.SZ,西麦食品,trend,2025-05-07,2025-05-08,2025-05-29,0.198253,63.14019585268763,67.01401463205542,58.564819,58.564819,signal_low,16,6.1352657004830835,22.415458937198053,-3.3333333333333215,trend_exit_ma10,62.896176,58.564819
dedicated_trend,趋势专属分支,300420.SZ,五洋自控,trend,2025-05-07,2025-05-08,2025-05-09,0.198253,31.935081385412502,31.371521,31.371521,31.371521,signal_low,2,-1.7647062758697984,2.6470588235294246,-2.0588235294117463,stop_loss,32.216862,31.371521
dedicated_trend,趋势专属分支,002317.SZ,众生药业,trend,2025-05-08,2025-05-09,2025-06-18,0.201026,135.655176036829,172.13913305683312,128.456228,128.456228,signal_low,28,26.89462952014385,55.458560069498894,-1.990049751243772,trend_exit_ma10,134.980275,128.456228
dedicated_trend,趋势专属分支,603363.SH,傲农生物,trend,2025-05-08,2025-05-09,2025-05-22,0.201026,5.184561266000389,4.958568,4.958568,4.958568,signal_low,9,-4.358966061070991,12.564102564102564,-4.871794871794877,stop_loss,5.211149,4.958568
dedicated_trend,趋势专属分支,605128.SH,上海沿浦,trend,2025-05-08,2025-05-09,2025-05-19,0.199048,71.53172770022975,68.422319,68.422319,68.422319,signal_low,7,-4.346894448377436,4.368308351177741,-5.182012847965744,stop_loss,71.072209,68.422319
dedicated_trend,趋势专属分支,000885.SZ,城发环境,trend,2025-05-09,2025-05-12,2025-05-21,0.201026,28.588705001433087,28.2806370596073,27.86988,27.86988,signal_low,8,-1.0775862068965525,1.0057471264367956,-1.93965517241379,trend_exit_ma10,28.691394,27.86988
dedicated_trend,趋势专属分支,600067.SH,冠城新材,trend,2025-05-09,2025-05-12,2025-06-12,0.198253,6.468850912777439,6.5137734885606156,6.131932,6.131932,signal_low,23,0.694444444444442,4.861111111111116,-5.2083333333333375,trend_exit_ma10,6.401467,6.131932
dedicated_trend,趋势专属分支,601991.SH,大唐发电,trend,2025-05-09,2025-05-12,2025-05-13,0.198253,4.41213708465063,4.29144,4.29144,4.29144,signal_low,2,-2.735569687318262,0.9118541033434457,-3.3434650455927084,stop_loss,4.425548,4.29144
dedicated_trend,趋势专属分支,601991.SH,大唐发电,trend,2025-10-28,2025-10-29,2025-10-31,0.200015,5.11777924846611,5.090484,5.090484,5.090484,signal_low,3,-0.5333416534972879,2.9333333333333433,-3.733333333333322,stop_loss,5.213311,5.090484
dedicated_trend,趋势专属分支,603883.SH,老百姓,trend,2025-05-12,2025-05-13,2025-05-14,0.200015,53.51853463832258,52.267106,52.267106,52.267106,signal_low,2,-2.338308862116112,2.736318407960181,-4.577114427860696,stop_loss,54.23744,52.267106
dedicated_trend,趋势专属分支,603917.SH,合力科技,trend,2025-05-12,2025-05-13,2025-05-22,0.200015,21.47226450147666,20.628442177208104,20.221599,20.221599,signal_low,8,-3.9298245614035054,0.35087719298247944,-4.982456140350866,trend_exit_ma10,21.396923,20.221599
dedicated_trend,趋势专属分支,688103.SH,国力电子,trend,2025-05-12,2025-05-13,2025-05-16,0.200015,56.10523016601269,52.018364,52.018364,52.018364,signal_low,4,-7.284287318526006,0.9082652134423386,-7.35694822888282,stop_loss,55.646604,52.018364
dedicated_trend,趋势专属分支,688103.SH,国力电子,trend,2025-07-29,2025-07-30,2025-07-31,0.204092,63.7181489819527,60.854412,60.854412,60.854412,signal_low,2,-4.494381942519721,0.9149277688603519,-4.799357945425364,stop_loss,64.290896,60.854412
dedicated_trend,趋势专属分支,000766.SZ,通化金马,trend,2025-05-13,2025-05-14,2025-06-26,0.200441,19.36,25.53,18.38,18.38,signal_low,31,31.869834710743806,46.07438016528926,-3.0475206611570216,trend_exit_ma10,19.35,18.38
dedicated_trend,趋势专属分支,601128.SH,常熟银行,trend,2025-05-13,2025-05-14,2025-06-30,0.200015,10.578597571026025,11.386111572746508,10.211002,10.211002,signal_low,33,7.63346933559701,13.037049207261987,-1.5444015444015302,trend_exit_ma10,10.592212,10.211002
dedicated_trend,趋势专属分支,600276.SH,恒瑞医药,trend,2025-05-14,2025-05-15,2025-05-27,0.201523,554.5156652476588,561.9880205027756,534.704047,534.704047,signal_low,9,1.3475462865020216,6.805293005671076,-0.3780718336483746,trend_exit_ma10,554.515665,534.704047
dedicated_trend,趋势专属分支,600276.SH,恒瑞医药,trend,2025-08-29,2025-09-01,2025-09-12,0.200441,698.5399580940528,725.9976281335933,663.086951,663.086951,signal_low,10,3.930722891566285,11.506024096385548,-3.6144578313253017,trend_exit_ma10,696.751527,663.086951
dedicated_trend,趋势专属分支,002311.SZ,海大集团,trend,2025-05-14,2025-05-15,2025-06-13,0.199217,411.9101306697094,427.3665543866949,385.698315,385.698315,signal_low,21,3.752377658654682,11.153380598305374,-3.5967490921667067,trend_exit_ma10,408.135059,385.698315
dedicated_trend,趋势专属分支,002311.SZ,海大集团,trend,2025-06-03,2025-06-04,2025-06-11,0.204424,444.46121656216263,430.215665,430.215665,430.215665,signal_low,6,-3.2051281487167183,3.0128205128205243,-3.589743589743588,stop_loss,445.885772,430.215665
dedicated_trend,趋势专属分支,600475.SH,华光环能,trend,2025-05-15,2025-05-16,2025-06-10,0.198177,21.582277368553168,22.75830459146121,20.994264,20.994264,signal_low,17,5.44904137235116,9.586276488395562,-1.6145307769929285,trend_exit_ma10,21.778282,20.994264
dedicated_trend,趋势专属分支,603520.SH,司太立,trend,2025-05-15,2025-05-16,2025-06-11,0.198001,27.2409600541829,30.832498844660446,26.010917,26.010917,signal_low,18,13.18433264956116,20.594713656387675,-1.8722466960352402,trend_exit_ma10,27.51097,26.010917
dedicated_trend,趋势专属分支,600315.SH,上海家化,trend,2025-05-15,2025-05-16,2025-05-23,0.196924,57.52924509415761,56.89255779667286,53.663644,53.663644,signal_low,6,-1.1067193675889375,6.205533596837953,-5.098814229249005,trend_exit_ma10,58.80262,53.663644
dedicated_trend,趋势专属分支,600936.SH,北投科技,trend,2025-05-16,2025-05-19,2025-06-03,0.201523,4.0817770750548,3.866407,3.866407,3.866407,signal_low,11,-5.27638014263454,14.572864321608026,-7.0351758793969825,stop_loss,4.081777,3.866407
dedicated_trend,趋势专属分支,002019.SZ,亿帆医药,trend,2025-05-16,2025-05-19,2025-05-27,0.201026,33.79406423780577,33.36322357820028,31.989919,31.989919,signal_low,7,-1.2749003984063756,4.143426294820718,-3.3466135458167345,trend_exit_ma10,33.632499,31.989919
dedicated_trend,趋势专属分支,605289.SH,罗曼股份,trend,2025-05-16,2025-05-19,2025-05-30,0.201026,35.43294269696133,35.9625637872185,34.399536,34.399536,signal_low,10,1.494713816988713,9.223477943857095,-2.479037550127605,trend_exit_ma10,35.44586,34.399536
dedicated_trend,趋势专属分支,603168.SH,莎普爱思,trend,2025-05-19,2025-05-20,2025-05-26,0.201026,35.615624103398886,34.565297,34.565297,34.565297,signal_low,5,-2.9490627493978128,0.6702412868632823,-4.021447721179627,stop_loss,35.615624,34.565297
dedicated_trend,趋势专属分支,002422.SZ,科伦药业,trend,2025-05-20,2025-05-21,2025-06-06,0.200441,259.96098045305877,266.504457936419,248.652144,248.652144,signal_low,12,2.517099863201122,11.627906976744207,-0.41039671682625567,trend_exit_ma10,262.450347,248.652144
dedicated_trend,趋势专属分支,002422.SZ,科伦药业,trend,2025-08-25,2025-08-26,2025-08-27,0.200441,279.8878517720152,270.738365,270.738365,270.738365,signal_low,2,-3.268983170969497,0.9266409266409426,-5.148005148005142,stop_loss,281.616889,270.738365
dedicated_trend,趋势专属分支,601107.SH,四川成渝,trend,2025-05-20,2025-05-21,2025-06-25,0.200015,8.620123793081424,9.32395229526331,8.47717,8.47717,signal_low,25,8.164946572423748,11.11647801982536,0.0,trend_exit_ma10,8.66301,8.47717
dedicated_trend,趋势专属分支,688550.SH,瑞联新材,trend,2025-05-21,2025-05-22,2025-06-09,0.200441,111.47990723122494,116.30131016808434,101.791935,101.791935,signal_low,12,4.324907561018265,12.894453539244788,-0.9791921664626613,trend_exit_ma10,111.452617,101.791935
dedicated_trend,趋势专属分支,688550.SH,瑞联新材,trend,2025-09-23,2025-09-24,2025-10-10,0.200441,140.19846032881216,138.3154867356146,133.137309,133.137309,signal_low,7,-1.3430772269405478,5.58957140035552,-3.8119691882283258,trend_exit_ma10,141.776835,133.137309
dedicated_trend,趋势专属分支,300572.SZ,安车检测,trend,2025-05-21,2025-05-22,2025-05-28,0.200015,61.41246069239682,59.497005,59.497005,59.497005,signal_low,5,-3.119001699005297,5.566218809980805,-11.948176583493275,stop_loss,62.0313,59.497005
dedicated_trend,趋势专属分支,600535.SH,天士力,trend,2025-05-21,2025-05-22,2025-05-26,0.200015,60.17513772294875,58.735364,58.735364,58.735364,signal_low,3,-2.3926388495820072,0.30674846625766694,-3.9877300613496924,stop_loss,60.175138,58.735364
dedicated_trend,趋势专属分支,601998.SH,中信银行,trend,2025-05-22,2025-05-23,2025-06-30,0.201523,15.162513730911177,16.334773981336504,14.547558,14.547558,signal_low,26,7.731305449936632,12.547528517110273,-3.548795944233196,trend_exit_ma10,15.162514,14.547558
dedicated_trend,趋势专属分支,601825.SH,沪农商行,trend,2025-05-22,2025-05-23,2025-06-16,0.199217,11.452491883510177,12.692651225591941,11.072851,11.072851,signal_low,16,10.828729281767945,16.132596685082866,-2.983425414364649,trend_exit_ma10,11.465147,11.072851
dedicated_trend,趋势专属分支,300901.SZ,中胤时尚,trend,2025-05-22,2025-05-23,2025-05-26,0.196754,15.456345905320962,14.157929750640102,14.531874,14.531874,signal_low,2,-8.4005376344086,0.40322580645160144,-9.4758064516129,gap_stop,15.529057,14.531874
dedicated_trend,趋势专属分支,300779.SZ,惠城环保,trend,2025-05-23,2025-05-26,2025-06-12,0.200015,219.80133233115293,243.69650968210792,207.19634,207.19634,signal_low,13,10.871261378413521,18.21846553966189,-1.1638491547464325,trend_exit_ma10,219.515505,207.19634
dedicated_trend,趋势专属分支,300779.SZ,惠城环保,trend,2025-07-04,2025-07-07,2025-07-17,0.201523,278.68179326771667,295.5027404818758,262.246713,262.246713,signal_low,9,6.03589743589743,29.051282051282044,-1.533333333333342,trend_exit_ma10,272.72229,262.246713
dedicated_trend,趋势专属分支,600660.SH,福耀玻璃,trend,2025-05-23,2025-05-26,2025-05-27,0.199217,109.29946789556159,106.412175,106.412175,106.412175,signal_low,2,-2.6416349055975896,0.7642465525834918,-2.6582488785512393,stop_loss,109.499218,106.412175
dedicated_trend,趋势专属分支,002256.SZ,兆新股份,trend,2025-05-26,2025-05-27,2025-06-05,0.201026,23.24147446345251,22.39803385792399,22.210603,22.210603,signal_low,7,-3.629032258064513,5.645161290322576,-4.032258064516137,trend_exit_ma10,23.241474,22.210603
dedicated_trend,趋势专属分支,002102.SZ,能特科技,trend,2025-05-26,2025-05-27,2025-06-13,0.200015,19.740356661809784,19.19370063117505,18.829263,18.829263,signal_low,13,-2.7692307692307683,4.615384615384599,-3.076923076923077,trend_exit_ma10,19.740357,18.829263
dedicated_trend,趋势专属分支,000969.SZ,安泰科技,trend,2025-05-26,2025-05-27,2025-05-30,0.198253,25.62063164486143,24.434314,24.434314,24.434314,signal_low,4,-4.630321614648258,2.9873039581777228,-5.078416728902157,stop_loss,25.678034,24.434314
dedicated_trend,趋势专属分支,600708.SH,光明地产,trend,2025-05-27,2025-05-28,2025-06-13,0.201026,8.143218359017165,8.259218620541628,7.656017,7.656017,signal_low,12,1.4245014245014342,11.111111111111116,-1.1396011396011319,trend_exit_ma10,8.305619,7.656017
dedicated_trend,趋势专属分支,000553.SZ,安道麦A,trend,2025-05-27,2025-05-28,2025-05-29,0.200015,7.487786716473738,7.08219826933141,7.165396,7.165396,signal_low,2,-5.41666666666668,0.1388888888888884,-5.555555555555558,gap_stop,7.425388,7.165396
dedicated_trend,趋势专属分支,002121.SZ,科陆电子,trend,2025-05-27,2025-05-28,2025-06-04,0.200015,19.811807360052452,18.928722923460967,18.736748,18.736748,signal_low,5,-4.457364341085269,2.7131782945736482,-5.426356589147274,trend_exit_ma10,19.888597,18.736748
dedicated_trend,趋势专属分支,688578.SH,艾力斯,trend,2025-05-28,2025-05-29,2025-06-16,0.201523,91.11081471457013,95.55018501259333,87.182926,87.182926,signal_low,12,4.872495446265912,11.555327868852427,-0.10000000000000009,trend_exit_ma10,91.495505,87.182926
dedicated_trend,趋势专属分支,601187.SH,厦门银行,trend,2025-05-28,2025-05-29,2025-06-11,0.200441,7.885943661348342,7.8126996025742095,7.666211,7.666211,signal_low,9,-0.9287925696594312,2.941176470588247,-1.5479876160990669,trend_exit_ma10,7.922566,7.666211
dedicated_trend,趋势专属分支,300627.SZ,华测导航,trend,2025-05-28,2025-05-29,2025-06-10,0.200015,187.5505747138299,184.62401648155878,178.603668,178.603668,signal_low,8,-1.5604101649576596,4.302273740526075,-1.983950066874729,trend_exit_ma10,188.553966,178.603668
dedicated_trend,趋势专属分支,300627.SZ,华测导航,trend,2025-08-28,2025-08-29,2025-09-01,0.200441,228.43298780275924,219.31934,219.31934,219.31934,signal_low,2,-3.989637350726427,0.4922279792745954,-4.0155440414507915,stop_loss,227.841192,219.31934
dedicated_trend,趋势专属分支,002425.SZ,凯撒文化,trend,2025-05-29,2025-05-30,2025-06-23,0.204424,11.371393864153216,13.672220638223127,11.105914,11.105914,signal_low,16,20.23346303501945,40.46692607003892,-0.38910505836574627,trend_exit_ma10,11.636874,11.105914
dedicated_trend,趋势专属分支,002425.SZ,凯撒文化,trend,2025-06-10,2025-06-11,2025-06-23,0.200015,13.141260613437765,13.672220638223127,12.477561,12.477561,signal_low,9,4.040404040404022,21.54882154882154,-2.020202020202022,trend_exit_ma10,13.052767,12.477561
dedicated_trend,趋势专属分支,002425.SZ,凯撒文化,trend,2025-11-03,2025-11-04,2025-11-05,0.200441,19.11456089227311,18.539354,18.539354,18.539354,signal_low,2,-3.0092602990719697,1.157407407407396,-3.472222222222221,stop_loss,19.114561,18.539354
dedicated_trend,趋势专属分支,688180.SH,君实生物-U,trend,2025-05-29,2025-05-30,2025-06-18,0.201523,32.75,34.21,30.32,30.32,signal_low,13,4.458015267175575,19.17557251908397,-2.5648854961832,trend_exit_ma10,32.96,30.32
dedicated_trend,趋势专属分支,600751.SH,海航科技,trend,2025-05-29,2025-05-30,2025-06-17,0.200015,5.5935766423357665,5.991824817518248,5.340146,5.340146,signal_low,12,7.119741100323629,29.126213592233018,-3.5598705501618144,trend_exit_ma10,5.611679,5.340146
dedicated_trend,趋势专属分支,002721.SZ,金一文化,trend,2025-05-30,2025-06-03,2025-06-19,0.200441,9.289300669272654,8.954276710708724,8.83245,8.83245,signal_low,12,-3.6065573770491577,16.72131147540985,-4.2622950819672045,trend_exit_ma10,9.137017,8.83245
dedicated_trend,趋势专属分支,688506.SH,百利天恒,trend,2025-05-30,2025-06-03,2025-06-18,0.199251,300.1,304.07,283.0,283.0,signal_low,12,1.32289236921026,13.958680439853378,-5.431522825724766,trend_exit_ma10,301.18,283.0
dedicated_trend,趋势专属分支,002352.SZ,顺丰控股,trend,2025-06-03,2025-06-04,2025-06-27,0.201523,176.49914584374812,179.78542701113173,169.298867,169.298867,signal_low,18,1.8619246861924843,6.966527196652739,-3.263598326359829,trend_exit_ma10,176.94224,169.298867
dedicated_trend,趋势专属分支,002352.SZ,顺丰控股,trend,2025-06-20,2025-06-23,2025-06-26,0.200441,185.5456501809277,180.19159659361733,182.554765,182.554765,signal_low,4,-2.885572139303494,1.3930348258706537,-5.472636815920406,gap_stop,187.02263,182.554765
dedicated_trend,趋势专属分支,600073.SH,光明肉业,trend,2025-06-03,2025-06-04,2025-06-05,0.201523,15.855718730292319,15.332181,15.332181,15.332181,signal_low,2,-3.301885831842488,0.8254716981132004,-5.660377358490576,stop_loss,15.93051,15.332181
dedicated_trend,趋势专属分支,000070.SZ,特发信息,trend,2025-06-04,2025-06-05,2025-06-20,0.201523,16.78682121627264,17.47702825600191,16.466368,16.466368,signal_low,12,4.1116005873715,9.544787077826733,-0.4405286343612258,trend_exit_ma10,16.836122,16.466368
dedicated_trend,趋势专属分支,000070.SZ,特发信息,trend,2025-06-17,2025-06-18,2025-06-19,0.200015,18.241186049987892,17.550979,17.550979,17.550979,signal_low,2,-3.7837838400225587,0.0,-5.810810810810841,stop_loss,18.241186,17.550979
dedicated_trend,趋势专属分支,000893.SZ,亚钾国际,trend,2025-06-04,2025-06-05,2025-06-09,0.201523,46.19324192835028,44.387144,44.387144,44.387144,signal_low,3,-3.909874806257807,2.717031146454607,-5.964214711729632,stop_loss,45.963653,44.387144
dedicated_trend,趋势专属分支,000893.SZ,亚钾国际,trend,2025-07-10,2025-07-11,2025-07-21,0.201523,48.79524694088161,47.203432,47.203432,47.203432,signal_low,7,-3.2622335999450747,3.7954830614805646,-3.4504391468005102,stop_loss,49.131977,47.203432
dedicated_trend,趋势专属分支,000915.SZ,华特达因,trend,2025-06-04,2025-06-05,2025-06-11,0.201523,51.8502328155803,49.603389,49.603389,49.603389,signal_low,5,-4.333334092388396,2.151515151515171,-6.725378164667406,stop_loss,51.284594,49.603389
dedicated_trend,趋势专属分支,688002.SH,睿创微纳,trend,2025-06-05,2025-06-06,2025-06-10,0.201523,64.7434026472137,61.915693,61.915693,61.915693,signal_low,3,-4.367564155720805,1.8315591734502146,-4.5710707576706255,stop_loss,64.591375,61.915693
dedicated_trend,趋势专属分支,688002.SH,睿创微纳,trend,2025-06-19,2025-06-20,2025-06-24,0.201523,65.07786293014388,63.131912,63.131912,63.131912,signal_low,3,-2.9901887408821493,0.3270518610808626,-3.0369101386076847,stop_loss,65.300836,63.131912
dedicated_trend,趋势专属分支,688002.SH,睿创微纳,trend,2025-08-06,2025-08-07,2025-08-15,0.204092,71.8097615172331,68.45113059138824,65.833225,65.833225,signal_low,7,-4.677123074749179,0.8619471527483435,-6.457538505016236,trend_exit_ma10,71.809762,65.833225
dedicated_trend,趋势专属分支,688002.SH,睿创微纳,trend,2025-08-28,2025-08-29,2025-09-04,0.200441,79.91715157690095,74.782809,74.782809,74.782809,signal_low,5,-6.424581551759112,1.1554088369730708,-11.630269172168628,stop_loss,78.740109,74.782809
dedicated_trend,趋势专属分支,688008.SH,澜起科技,trend,2025-06-05,2025-06-06,2025-06-13,0.201523,85.5442125964797,82.641617,82.641617,82.641617,signal_low,6,-3.393094060227686,1.660450006016112,-4.945253278787143,stop_loss,86.254422,82.641617
dedicated_trend,趋势专属分支,000010.SZ,美丽生态,trend,2025-06-05,2025-06-06,2025-06-16,0.201026,3.11,3.14,3.04,3.04,signal_low,7,0.9646302250803984,8.681672025723476,-1.2861736334405127,trend_exit_ma10,3.12,3.04
dedicated_trend,趋势专属分支,600846.SH,同济科技,trend,2025-06-06,2025-06-09,2025-06-20,0.201523,23.07495013167559,23.305239055145403,22.176823,22.176823,signal_low,10,0.99800399201595,11.576846307385246,-0.5988023952095634,trend_exit_ma10,22.936777,22.176823
dedicated_trend,趋势专属分支,601858.SH,中国科传,trend,2025-06-06,2025-06-09,2025-06-10,0.201026,24.15632709126435,23.268812,23.268812,23.268812,signal_low,2,-3.674048161010801,1.7428167687234986,-5.699481865284984,stop_loss,24.497679,23.268812
dedicated_trend,趋势专属分支,603713.SH,密尔克卫,trend,2025-06-06,2025-06-09,2025-06-19,0.201026,55.32945657870684,53.82311575934663,53.095917,53.095917,signal_low,9,-2.7224934284641344,4.862936537739393,-2.7788208787082214,trend_exit_ma10,55.267125,53.095917
dedicated_trend,趋势专属分支,603811.SH,诚意药业,trend,2025-06-09,2025-06-10,2025-06-17,0.20335,42.31885353215913,41.179836770424,40.741753,40.741753,signal_low,6,-2.69151138716357,3.002070393374723,-3.105590062111807,trend_exit_ma10,42.056004,40.741753
dedicated_trend,趋势专属分支,001203.SZ,大中矿业,trend,2025-06-09,2025-06-10,2025-06-23,0.201026,10.06355235783939,10.318594867436165,9.882897,9.882897,signal_low,10,2.5343189017951406,8.025343189017953,-0.42238648363251974,trend_exit_ma10,10.042299,9.882897
dedicated_trend,趋势专属分支,301048.SZ,金鹰重工,trend,2025-06-10,2025-06-11,2025-06-12,0.200015,11.136927765001609,10.66736,10.66736,10.66736,signal_low,2,-4.216313285942741,2.566452795600349,-4.582951420714954,stop_loss,11.320672,10.66736
dedicated_trend,趋势专属分支,603087.SH,甘李药业,trend,2025-06-10,2025-06-11,2025-06-13,0.200015,84.70028273193604,81.704346,81.704346,81.704346,signal_low,3,-3.537103579001899,2.0901710139920704,-3.9385040594230536,stop_loss,84.466183,81.704346
dedicated_trend,趋势专属分支,688019.SH,安集科技,trend,2025-06-11,2025-06-12,2025-06-16,0.204092,439.5192326442147,418.553441,418.553441,418.553441,signal_low,3,-4.770164781659558,1.0895490026019194,-5.999152294248445,stop_loss,441.711111,418.553441
dedicated_trend,趋势专属分支,002539.SZ,云图控股,trend,2025-06-11,2025-06-12,2025-08-12,0.201523,59.2192915301725,69.73774397304919,56.218314,56.218314,signal_low,44,17.76186808570226,27.205573449096754,-2.1396396396396455,trend_exit_ma10,59.68611,56.218314
dedicated_trend,趋势专属分支,002539.SZ,云图控股,trend,2025-06-24,2025-06-25,2025-08-12,0.201523,61.35332005378231,69.73774397304919,59.68611,59.68611,signal_low,35,13.665803108808294,22.781031763910796,-1.6304347826086918,trend_exit_ma10,61.553385,59.68611
dedicated_trend,趋势专属分支,603259.SH,药明康德,trend,2025-06-12,2025-06-13,2025-06-19,0.204424,171.74994456892225,164.24175,164.24175,164.24175,signal_low,5,-4.371584857140521,3.293457391818033,-4.74080638015063,stop_loss,171.749945,164.24175
dedicated_trend,趋势专属分支,603259.SH,药明康德,trend,2025-08-29,2025-09-01,2025-09-12,0.200441,264.30873170996455,267.5301529121877,242.545114,242.545114,signal_low,10,1.2188099808061237,11.122840690978908,-6.381957773512481,trend_exit_ma10,262.025835,242.545114
dedicated_trend,趋势专属分支,000408.SZ,藏格矿业,trend,2025-06-12,2025-06-13,2025-07-08,0.201523,49.1337971710605,50.81728508196321,47.630683,47.630683,signal_low,18,3.4263338228095908,8.859520313264802,-1.3215859030836996,trend_exit_ma10,48.929374,47.630683
dedicated_trend,趋势专属分支,000408.SZ,藏格矿业,trend,2025-06-27,2025-06-30,2025-07-01,0.204424,52.76532109315064,50.769185,50.769185,50.769185,signal_low,2,-3.783045477211644,1.2762078395624377,-4.033728350045596,stop_loss,52.596972,50.769185
dedicated_trend,趋势专属分支,000408.SZ,藏格矿业,trend,2025-07-22,2025-07-23,2025-08-01,0.201523,56.45696958348729,55.38675226869914,53.558965,53.558965,signal_low,8,-1.8956336528221485,3.620873269435565,-2.5559105431309903,trend_exit_ma10,56.252546,53.558965
dedicated_trend,趋势专属分支,300487.SZ,蓝晓科技,trend,2025-06-12,2025-06-13,2025-06-18,0.201026,301.54653853524115,286.842736,286.842736,286.842736,signal_low,4,-4.876130433021952,2.025167125442384,-5.6036177742823545,stop_loss,303.443803,286.842736
dedicated_trend,趋势专属分支,600160.SH,巨化股份,trend,2025-06-13,2025-06-16,2025-06-23,0.201523,115.02743433422214,110.933931,110.933931,110.933931,signal_low,6,-3.5587191507098326,3.6654804270462638,-3.6298932384341787,stop_loss,113.922189,110.933931
dedicated_trend,趋势专属分支,600160.SH,巨化股份,trend,2025-09-29,2025-09-30,2025-10-14,0.204092,161.32495327799623,150.31343,150.31343,150.31343,signal_low,5,-6.825678888634846,6.445064704389769,-8.195889368180664,stop_loss,162.102719,150.31343
dedicated_trend,趋势专属分支,600160.SH,巨化股份,trend,2026-01-06,2026-01-07,2026-01-09,0.201363,158.21389099707065,153.097012,153.097012,153.097012,signal_low,3,-3.2341528072053927,1.3454075032341528,-3.415265200517459,stop_loss,158.418566,153.097012
dedicated_trend,趋势专属分支,300992.SZ,泰福泵业,trend,2025-06-13,2025-06-16,2025-06-23,0.198253,26.513239195109417,25.3094713720579,24.550794,24.550794,signal_low,6,-4.540251812285401,2.556276230446386,-6.638687523845876,trend_exit_ma10,26.513239,24.550794
dedicated_trend,趋势专属分支,600673.SH,东阳光,trend,2025-06-16,2025-06-17,2025-07-22,0.201523,32.63937059810925,39.24804952557788,30.792404,30.792404,signal_low,26,20.247568523430594,28.647214854111436,-1.591511936339507,trend_exit_ma10,32.350782,30.792404
dedicated_trend,趋势专属分支,601555.SH,东吴证券,trend,2025-06-16,2025-06-17,2025-07-18,0.201523,12.366146184275799,12.792565018216344,11.826016,11.826016,signal_low,24,3.4482758620689724,11.264367816091948,-3.6781609195402076,trend_exit_ma10,12.45143,11.826016
dedicated_trend,趋势专属分支,300450.SZ,先导智能,trend,2025-06-16,2025-06-17,2025-07-07,0.201026,465.7179181293827,490.6110181716412,449.431191,449.431191,signal_low,15,5.345102490847875,13.944223107569709,-1.2394864984506482,trend_exit_ma10,464.480952,449.431191
dedicated_trend,趋势专属分支,002270.SZ,华明装备,trend,2025-06-17,2025-06-18,2025-06-27,0.201026,43.350282054274345,42.28864249376151,40.923677,40.923677,signal_low,8,-2.4489795918367308,4.198250728862973,-2.6239067055393583,trend_exit_ma10,43.350282,40.923677
dedicated_trend,趋势专属分支,002270.SZ,华明装备,trend,2025-07-21,2025-07-22,2025-08-01,0.201523,46.05499657260586,44.95357006947902,43.724071,43.724071,signal_low,9,-2.391546162402669,2.1134593993325845,-3.281423804226913,trend_exit_ma10,45.517091,43.724071
dedicated_trend,趋势专属分支,300550.SZ,和仁科技,trend,2025-06-17,2025-06-18,2025-06-19,0.201026,38.23579341044431,36.705249,36.705249,36.705249,signal_low,2,-4.002910032530494,1.7467248908297206,-4.585152838427941,stop_loss,38.235793,36.705249
dedicated_trend,趋势专属分支,601838.SH,成都银行,trend,2025-06-18,2025-06-19,2025-06-30,0.201523,27.358011736867628,27.209106180655088,26.464578,26.464578,signal_low,8,-0.5442850074220629,3.7110341415141024,-2.226620484908459,trend_exit_ma10,27.398622,26.464578
dedicated_trend,趋势专属分支,002952.SZ,亚世光电,trend,2025-06-18,2025-06-19,2025-06-20,0.201026,56.558137460237695,52.952247,52.952247,52.952247,signal_low,2,-6.375546689055589,0.3930131004366677,-9.257641921397363,stop_loss,57.496657,52.952247
dedicated_trend,趋势专属分支,300739.SZ,明阳电路,trend,2025-06-18,2025-06-19,2025-07-14,0.201026,36.13362762336101,38.43025649772717,34.041144,34.041144,signal_low,18,6.355932203389814,13.488700564971756,-1.836158192090409,trend_exit_ma10,36.133628,34.041144
dedicated_trend,趋势专属分支,603790.SH,雅运股份,trend,2025-06-19,2025-06-20,2025-06-23,0.201523,26.463903556200588,24.88999771312129,25.057138,25.057138,signal_low,2,-5.9473684210526345,0.3157894736842026,-7.4210526315789505,gap_stop,26.129623,25.057138
dedicated_trend,趋势专属分支,300057.SZ,万顺新材,trend,2025-06-20,2025-06-23,2025-07-11,0.201026,13.46693667255308,14.681601548901005,12.912416,12.912416,signal_low,15,9.019607843137244,22.745098039215694,-0.9803921568627416,trend_exit_ma10,13.57256,12.912416
dedicated_trend,趋势专属分支,301012.SZ,扬电科技,trend,2025-06-20,2025-06-23,2025-07-02,0.198253,38.75197096197666,38.91054680223027,36.591375,36.591375,signal_low,8,0.4092071611253134,4.808184143222505,-1.7902813299232823,trend_exit_ma10,39.425918,36.591375
dedicated_trend,趋势专属分支,600015.SH,华夏银行,trend,2025-06-23,2025-06-24,2025-07-16,0.201523,27.728323673438595,28.69906465678392,26.896141,26.896141,signal_low,17,3.500900360144077,8.607442977190892,-2.602040816326523,trend_exit_ma10,27.728324,26.896141
dedicated_trend,趋势专属分支,688458.SH,美芯晟,trend,2025-06-23,2025-06-24,2025-07-03,0.201523,62.67354516244199,63.87558014994645,59.402892,59.402892,signal_low,8,1.9179304192685098,7.604817127564667,-1.2042818911686237,trend_exit_ma10,62.617637,59.402892
dedicated_trend,趋势专属分支,688006.SH,杭可科技,trend,2025-06-23,2025-06-24,2025-07-07,0.201026,28.63396585958188,28.161653020660943,27.305586,27.305586,signal_low,10,-1.6494845360824795,6.030927835051547,-2.1134020618556626,trend_exit_ma10,28.38305,27.305586
dedicated_trend,趋势专属分支,002706.SZ,良信股份,trend,2025-06-24,2025-06-25,2025-07-21,0.201523,115.47347750045061,116.24330068378696,109.058284,109.058284,signal_low,19,0.6666666666666599,4.111111111111088,-2.0000000000000018,trend_exit_ma10,115.473478,109.058284
dedicated_trend,趋势专属分支,300018.SZ,中元股份,trend,2025-06-24,2025-06-25,2025-07-30,0.201523,52.73123941972193,56.53658659434104,50.42085,50.42085,signal_low,26,7.216494845360821,27.319587628865992,-1.5463917525773252,trend_exit_ma10,52.255571,50.42085
dedicated_trend,趋势专属分支,601211.SH,国泰海通,trend,2025-06-25,2025-06-26,2025-07-16,0.201523,26.686884081708257,25.281620008508067,24.835087,24.835087,signal_low,15,-5.265748031496065,0.5905511811023612,-6.446850393700776,trend_exit_ma10,26.647484,24.835087
dedicated_trend,趋势专属分支,601211.SH,国泰海通,trend,2025-07-28,2025-07-29,2025-07-31,0.201523,27.53596778601091,26.963411,26.963411,26.963411,signal_low,3,-2.0793051127180107,2.3694390715667257,-2.4661508704061808,stop_loss,27.682436,26.963411
dedicated_trend,趋势专属分支,601211.SH,国泰海通,trend,2026-01-06,2026-01-07,2026-01-09,0.201523,29.8627200700031,28.144775,28.144775,28.144775,signal_low,3,-5.752808404512233,0.4494382022472099,-5.932584269662922,stop_loss,29.916406,28.144775
dedicated_trend,趋势专属分支,601601.SH,中国太保,trend,2025-06-25,2025-06-26,2025-07-04,0.201523,57.9604535185661,55.964444,55.964444,55.964444,signal_low,7,-3.4437437897664624,0.5520504731861164,-3.969505783385907,stop_loss,57.960454,55.964444
dedicated_trend,趋势专属分支,601601.SH,中国太保,trend,2025-08-14,2025-08-15,2025-08-28,0.200441,61.800719966695944,62.64773491040193,59.447901,59.447901,signal_low,10,1.3705583756345119,5.862944162436556,-2.4365482233502544,trend_exit_ma10,62.114429,59.447901
dedicated_trend,趋势专属分支,601601.SH,中国太保,trend,2026-01-05,2026-01-06,2026-01-15,0.204424,71.5257063573943,70.45909494680157,66.145593,66.145593,signal_low,8,-1.4912280701754432,6.118421052631584,-1.9736842105263164,trend_exit_ma10,70.678691,66.145593
dedicated_trend,趋势专属分支,000987.SZ,越秀资本,trend,2025-06-25,2025-06-26,2025-07-22,0.201026,26.683445298887783,29.199544494815687,25.089271,25.089271,signal_low,19,9.429438993894767,22.269159835845098,-4.431623278665242,trend_exit_ma10,26.455706,25.089271
dedicated_trend,趋势专属分支,600867.SH,通化东宝,trend,2025-06-26,2025-06-27,2025-07-08,0.201026,42.93596020549447,41.554358,41.554358,41.554358,signal_low,8,-3.2178206773111007,2.103960396039617,-3.4653465346534684,stop_loss,42.882822,41.554358
dedicated_trend,趋势专属分支,002948.SZ,青岛银行,trend,2025-06-26,2025-06-27,2025-06-30,0.200441,7.411010167398388,7.112293826677916,7.154968,7.154968,signal_low,2,-4.030710172744712,0.9596928982725572,-6.142034548944331,gap_stop,7.510582,7.154968
dedicated_trend,趋势专属分支,601963.SH,重庆银行,trend,2025-06-26,2025-06-27,2025-06-30,0.200015,14.369059994299288,13.715920903649321,13.879206,13.879206,signal_low,2,-4.545454545454541,0.786713286713292,-7.167832167832177,gap_stop,14.456983,13.879206
dedicated_trend,趋势专属分支,002026.SZ,山东威达,trend,2025-06-27,2025-06-30,2025-07-03,0.201523,24.640687944466045,22.97472948281189,22.819757,22.819757,signal_low,4,-6.76100628930818,1.729559748427656,-7.154088050314467,trend_exit_ma10,23.904567,22.819757
dedicated_trend,趋势专属分支,002026.SZ,山东威达,trend,2025-12-04,2025-12-05,2025-12-10,0.200015,31.723466218706154,28.866202,28.866202,28.866202,signal_low,4,-9.006784438395732,2.4059222702035754,-9.808760024676133,stop_loss,31.566904,28.866202
dedicated_trend,趋势专属分支,600362.SH,江西铜业,trend,2025-06-27,2025-06-30,2025-07-10,0.201523,31.018925897238386,29.804017966263213,29.222413,29.222413,signal_low,9,-3.9166666666666794,1.4999999999999902,-4.791666666666661,trend_exit_ma10,30.46317,29.222413
dedicated_trend,趋势专属分支,002993.SZ,奥海科技,trend,2025-06-30,2025-07-01,2025-07-10,0.201523,57.796187513521865,55.654537374984,55.342509,55.342509,signal_low,8,-3.7055214723926366,2.331288343558291,-3.730061349693259,trend_exit_ma10,58.817372,55.342509
dedicated_trend,趋势专属分支,300911.SZ,亿田智能,trend,2025-06-30,2025-07-01,2025-07-31,0.201523,77.83999221155186,91.42268695396214,71.916987,71.916987,signal_low,23,17.44950681070925,30.97698449976516,-6.294034758102396,trend_exit_ma10,77.620622,71.916987
dedicated_trend,趋势专属分支,300357.SZ,我武生物,trend,2025-07-01,2025-07-02,2025-09-11,0.201523,122.15846401336708,176.65942450045875,114.579289,114.579289,signal_low,52,44.61496870255994,60.48958138374194,-4.10583941605841,trend_exit_ma10,122.492839,114.579289
dedicated_trend,趋势专属分支,300219.SZ,鸿利智汇,trend,2025-07-01,2025-07-02,2025-07-04,0.201026,37.4090297538399,36.107846,36.107846,36.107846,signal_low,3,-3.478261164221552,0.14492753623187582,-3.7681159420289823,stop_loss,37.788542,36.107846
dedicated_trend,趋势专属分支,002192.SZ,融捷股份,trend,2025-07-02,2025-07-03,2025-07-31,0.201026,49.22667839989078,53.375772934817455,46.611511,46.611511,signal_low,21,8.428548644338107,22.78724082934609,-4.749999999999998,trend_exit_ma10,48.149845,46.611511
dedicated_trend,趋势专属分支,002203.SZ,海亮股份,trend,2025-07-02,2025-07-03,2025-07-29,0.201026,40.84329513512722,40.30803268145904,39.128791,39.128791,signal_low,19,-1.3105271058500567,4.188021816206322,-2.6377630525533324,trend_exit_ma10,40.728995,39.128791
dedicated_trend,趋势专属分支,002203.SZ,海亮股份,trend,2025-12-30,2025-12-31,2026-01-23,0.201523,51.23217067658594,59.12005061307249,48.03016,48.03016,signal_low,16,15.396341463414643,25.685975609756074,-5.335365853658535,trend_exit_ma10,51.739807,48.03016
dedicated_trend,趋势专属分支,002756.SZ,永兴材料,trend,2025-07-02,2025-07-03,2025-07-16,0.201026,105.77004181339217,104.28166098547916,99.373171,99.373171,signal_low,10,-1.4071856287425133,6.736526946107779,-3.143712574850299,trend_exit_ma10,105.5167,99.373171
dedicated_trend,趋势专属分支,002273.SZ,水晶光电,trend,2025-07-03,2025-07-04,2025-07-07,0.201026,239.69401510529096,229.333273,229.333273,229.333273,signal_low,2,-4.3224867757919565,0.0,-5.5852355512384655,stop_loss,240.508905,229.333273
dedicated_trend,趋势专属分支,002466.SZ,天齐锂业,trend,2025-07-03,2025-07-04,2025-07-07,0.201026,277.8266915533055,272.106978,272.106978,272.106978,signal_low,2,-2.0587343574971384,0.5146836209506622,-2.876173175900698,stop_loss,280.350095,272.106978
dedicated_trend,趋势专属分支,300828.SZ,锐新科技,trend,2025-07-07,2025-07-08,2025-07-24,0.201523,29.024859136329525,29.97649386211082,27.733355,27.733355,signal_low,13,3.2786885245901676,10.070257611241228,-1.5807962529274078,trend_exit_ma10,28.871918,27.733355
dedicated_trend,趋势专属分支,300828.SZ,锐新科技,trend,2025-08-13,2025-08-14,2025-08-15,0.201523,32.33858719931797,29.908519953126447,30.707213,30.707213,signal_low,2,-7.514450867052025,1.6815554387808573,-7.882291119285345,gap_stop,31.709829,30.707213
dedicated_trend,趋势专属分支,601002.SH,晋亿实业,trend,2025-07-07,2025-07-08,2025-07-31,0.201523,5.9843111995402065,5.972713697215517,5.717569,5.717569,signal_low,18,-0.19379844961239234,4.844961240310086,-1.5503875968992165,trend_exit_ma10,5.984311,5.717569
dedicated_trend,趋势专属分支,601002.SH,晋亿实业,trend,2025-08-08,2025-08-11,2025-08-21,0.201523,6.390223780904368,6.564186315774723,6.158274,6.158274,signal_low,9,2.722323049001818,12.159709618874782,-1.2704174228675091,trend_exit_ma10,6.367029,6.158274
dedicated_trend,趋势专属分支,600016.SH,民生银行,trend,2025-07-07,2025-07-08,2025-07-23,0.200441,16.83731975780749,16.89726970556252,16.262231,16.262231,signal_low,12,0.35605398375373465,7.779886148007598,-1.3282732447817636,trend_exit_ma10,16.80537,16.262231
dedicated_trend,趋势专属分支,688711.SH,宏微科技,trend,2025-07-08,2025-07-09,2025-08-20,0.20335,38.71993476185033,62.23388954159585,37.24489,37.24489,signal_low,31,60.728291316526594,78.59943977591035,-2.2969187675070057,trend_exit_ma10,38.589784,37.24489
dedicated_trend,趋势专属分支,600141.SH,兴发集团,trend,2025-07-08,2025-07-09,2025-08-01,0.201523,39.04895423336112,44.77974983149792,37.891948,37.891948,signal_low,18,14.675925925925926,22.3611111111111,-1.6203703703703831,trend_exit_ma10,39.320128,37.891948
dedicated_trend,趋势专属分支,600176.SH,中国巨石,trend,2025-07-08,2025-07-09,2025-07-30,0.201523,88.4135302907123,89.75741595113112,84.594066,84.594066,signal_low,16,1.519999999999988,5.44,-2.72,trend_exit_ma10,88.696454,84.594066
dedicated_trend,趋势专属分支,600052.SH,东望时代,trend,2025-07-09,2025-07-10,2025-07-11,0.20335,5.262755101679229,5.074007,5.074007,5.074007,signal_low,2,-3.586488408305444,7.1729957805907185,-5.696202531645578,stop_loss,5.284961,5.074007
dedicated_trend,趋势专属分支,002807.SZ,江阴银行,trend,2025-07-09,2025-07-10,2025-07-15,0.200441,8.159804181343715,7.980647,7.980647,7.980647,signal_low,4,-2.1956063817478944,1.7964071856287456,-2.395209580838331,stop_loss,8.159804,7.980647
dedicated_trend,趋势专属分支,002807.SZ,江阴银行,trend,2025-10-22,2025-10-23,2025-10-24,0.200015,8.566980038696194,8.208665,8.208665,8.208665,signal_low,2,-4.182512823395412,2.471482889733845,-4.7528517110265955,stop_loss,8.518119,8.208665
dedicated_trend,趋势专属分支,000042.SZ,中洲控股,trend,2025-07-09,2025-07-10,2025-07-23,0.200015,19.097016465554333,19.426275370132856,18.697202,18.697202,signal_low,10,1.724137931034475,4.92610837438423,-1.2315270935960743,trend_exit_ma10,19.097016,18.697202
dedicated_trend,趋势专属分支,000623.SZ,吉林敖东,trend,2025-07-10,2025-07-11,2025-08-01,0.201523,44.398164977503434,48.25006056915898,43.131094,43.131094,signal_low,16,8.675799086757996,15.011415525114158,-0.22831050228310223,trend_exit_ma10,44.296799,43.131094
dedicated_trend,趋势专属分支,000623.SZ,吉林敖东,trend,2025-10-15,2025-10-16,2025-10-17,0.200441,53.19163715055919,51.899225,51.899225,51.899225,signal_low,2,-2.4297280922206066,0.8099094807051177,-3.7636969985707425,stop_loss,53.445051,51.899225
dedicated_trend,趋势专属分支,601318.SH,中国平安,trend,2025-07-10,2025-07-11,2025-08-04,0.201523,171.62422857859403,175.26747974666594,168.041196,168.041196,signal_low,17,2.1228070175438596,7.596491228070179,-1.5789473684210575,trend_exit_ma10,172.015652,168.041196
dedicated_trend,趋势专属分支,601318.SH,中国平安,trend,2025-12-08,2025-12-09,2025-12-31,0.201523,194.03185376012814,209.33405042890797,189.747239,189.747239,signal_low,17,7.886435331230279,13.53312302839118,-2.003154574132493,trend_exit_ma10,194.031854,189.747239
dedicated_trend,趋势专属分支,688176.SH,亚虹医药-U,trend,2025-07-11,2025-07-14,2025-07-28,0.200441,9.99,11.26,9.5,9.5,signal_low,11,12.712712712712705,19.71971971971973,0.0,trend_exit_ma10,9.93,9.5
dedicated_trend,趋势专属分支,000426.SZ,兴业银锡,trend,2025-07-11,2025-07-14,2025-07-30,0.200015,45.526971939868794,45.10588460418993,42.009654,42.009654,signal_low,13,-0.9249183895538415,8.161044613710565,-4.352557127312295,trend_exit_ma10,43.892162,42.009654
dedicated_trend,趋势专属分支,000688.SZ,国城矿业,trend,2025-07-11,2025-07-14,2025-07-16,0.200015,13.738069978158041,13.271685314692897,13.129742,13.129742,signal_low,3,-3.394833948339482,2.730627306273048,-4.132841328413295,trend_exit_ma10,13.65696,13.129742
dedicated_trend,趋势专属分支,002838.SZ,道恩股份,trend,2025-07-14,2025-07-15,2025-07-16,0.201523,97.43373299832344,94.792151,94.792151,94.792151,signal_low,2,-2.71115753962633,2.085505735140769,-3.806047966631909,stop_loss,97.636932,94.792151
dedicated_trend,趋势专属分支,300158.SZ,振东制药,trend,2025-07-14,2025-07-15,2025-08-07,0.201523,28.78735147973007,43.44594149701594,27.551085,27.551085,signal_low,18,50.92024539877302,81.5950920245399,-4.703476482617575,trend_exit_ma10,28.787351,27.551085
dedicated_trend,趋势专属分支,301580.SZ,爱迪特,trend,2025-07-14,2025-07-15,2025-08-04,0.201523,61.43975903614458,69.09849397590362,57.44759,57.44759,signal_low,15,12.465437788018452,34.838709677419374,-1.7972350230414769,trend_exit_ma10,61.793675,57.44759
dedicated_trend,趋势专属分支,002028.SZ,思源电气,trend,2025-07-15,2025-07-16,2025-07-18,0.201523,162.18912676026054,149.52117,149.52117,149.52117,signal_low,3,-7.810607907757983,0.15742310486801525,-8.173891983531112,stop_loss,162.189127,149.52117
dedicated_trend,趋势专属分支,002028.SZ,思源电气,trend,2025-09-30,2025-10-09,2025-10-14,0.200875,214.41253291859584,202.314143,202.314143,202.314143,signal_low,4,-5.642575904454771,5.221214619400949,-6.952459466886518,stop_loss,214.117929,202.314143
dedicated_trend,趋势专属分支,002028.SZ,思源电气,trend,2026-01-15,2026-01-16,2026-01-30,0.200441,365.0924772761544,362.95169078827985,317.877333,317.877333,signal_low,11,-0.5863682823174843,10.005917478078441,-3.9754693636021132,trend_exit_ma10,331.920107,317.877333
dedicated_trend,趋势专属分支,600499.SH,科达制造,trend,2025-07-15,2025-07-16,2025-07-17,0.201523,34.50802562480448,34.026966,34.026966,34.026966,signal_low,2,-1.3940514303394158,0.9293680297397522,-1.8587360594795488,stop_loss,34.604238,34.026966
dedicated_trend,趋势专属分支,600323.SH,瀚蓝环境,trend,2025-07-16,2025-07-17,2025-07-18,0.201523,58.042756892069534,56.53572845806391,56.845999,56.845999,signal_low,2,-2.59641084383353,0.1527300496372508,-2.9018709431080647,gap_stop,58.087081,56.845999
dedicated_trend,趋势专属分支,600323.SH,瀚蓝环境,trend,2025-11-05,2025-11-06,2025-11-20,0.200441,65.88708454158328,67.20616767288746,63.383062,63.383062,signal_low,11,2.0020359687818123,5.123854767560254,-0.5089921954529952,trend_exit_ma10,66.356589,63.383062
dedicated_trend,趋势专属分支,688408.SH,中信博,trend,2025-07-16,2025-07-17,2025-08-01,0.201026,77.48398185618925,74.86523893063216,71.291425,71.291425,signal_low,12,-3.379721669980107,5.765407554671986,-3.379721669980107,trend_exit_ma10,76.80619,71.291425
dedicated_trend,趋势专属分支,002527.SZ,新时达,trend,2025-07-16,2025-07-17,2025-08-11,0.200015,45.125775783691374,47.47142254472484,43.282768,43.282768,signal_low,18,5.198019801980203,11.88118811881187,-2.846534653465349,trend_exit_ma10,45.377095,43.282768
dedicated_trend,趋势专属分支,600862.SH,中航高科,trend,2025-07-17,2025-07-18,2025-08-01,0.201523,56.284756377421566,55.45703937187125,53.865276,53.865276,signal_low,11,-1.4705882352941235,4.864253393665163,-2.224736048265452,trend_exit_ma10,56.688003,53.865276
dedicated_trend,趋势专属分支,600862.SH,中航高科,trend,2025-12-29,2025-12-30,2026-01-16,0.201026,51.08499570152855,52.74042971262919,48.707962,48.707962,signal_low,12,3.240548400498544,18.40465309513919,-3.489821354383049,trend_exit_ma10,51.59436,48.707962
dedicated_trend,趋势专属分支,688281.SH,华秦科技,trend,2025-07-17,2025-07-18,2025-08-13,0.201523,259.65992085370164,295.0323203446988,249.553521,249.553521,signal_low,19,13.622587334503123,25.139575689902706,-1.6749082788323544,trend_exit_ma10,259.949859,249.553521
dedicated_trend,趋势专属分支,002180.SZ,纳思达,trend,2025-07-17,2025-07-18,2025-07-21,0.201026,81.38213511708044,78.418198,78.418198,78.418198,signal_low,2,-3.6419997003228843,0.0,-4.184424641611784,stop_loss,81.50826,78.418198
dedicated_trend,趋势专属分支,603069.SH,海汽集团,trend,2025-07-18,2025-07-21,2025-07-23,0.201523,23.340410524680824,22.533102,22.533102,22.533102,signal_low,3,-3.4588445812774093,7.267950963222414,-5.998248686514884,stop_loss,23.299534,22.533102
dedicated_trend,趋势专属分支,002460.SZ,赣锋锂业,trend,2025-07-18,2025-07-21,2025-08-01,0.201026,510.29143758169084,511.4222773325644,496.580006,496.580006,signal_low,10,0.2216066481994572,11.717451523545709,-0.8864265927977844,trend_exit_ma10,508.171113,496.580006
dedicated_trend,趋势专属分支,600309.SH,万华化学,trend,2025-07-18,2025-07-21,2025-08-04,0.201026,142.16079109456703,143.32196441739313,131.070401,131.070401,signal_low,11,0.8168028004667427,8.268044674112351,-1.6336056009334854,trend_exit_ma10,141.520961,131.070401
dedicated_trend,趋势专属分支,000682.SZ,东方电子,trend,2025-07-21,2025-07-22,2025-07-28,0.201523,11.2087756864284,10.905553,10.905553,10.905553,signal_low,5,-2.7052257526711254,2.145522388059695,-2.8917910447761264,stop_loss,11.208776,10.905553
dedicated_trend,趋势专属分支,000822.SZ,山东海化,trend,2025-07-22,2025-07-23,2025-07-31,0.201523,7.262819001131327,6.761935,6.761935,6.761935,signal_low,7,-6.896550789071087,3.1347962382445305,-7.210031347962376,stop_loss,7.183133,6.761935
dedicated_trend,趋势专属分支,002051.SZ,中工国际,trend,2025-07-22,2025-07-23,2025-07-24,0.201523,48.61633639387007,46.626508,46.626508,46.626508,signal_low,2,-4.092921313011488,0.33185840707965486,-4.424778761061921,stop_loss,48.939011,46.626508
dedicated_trend,趋势专属分支,600690.SH,海尔智家,trend,2025-07-23,2025-07-24,2025-07-25,0.201026,148.117675074693,144.401268,144.401268,144.401268,signal_low,2,-2.509090878464648,0.21818181818180626,-2.776697026980568,stop_loss,148.117675,144.401268
dedicated_trend,趋势专属分支,601336.SH,新华保险,trend,2025-07-23,2025-07-24,2025-08-11,0.200441,81.016737119615,82.2933634136324,78.720561,78.720561,signal_low,13,1.5757562442098472,8.140450322783831,-0.42512990080301183,trend_exit_ma10,81.578025,78.720561
dedicated_trend,趋势专属分支,600030.SH,中信证券,trend,2025-07-23,2025-07-24,2025-07-31,0.199217,67.04312951590464,65.77303,65.77303,65.77303,signal_low,6,-1.8944514151943426,2.9431664411366576,-2.4018944519621166,stop_loss,67.542097,65.77303
dedicated_trend,趋势专属分支,600655.SH,豫园股份,trend,2025-07-24,2025-07-25,2025-07-29,0.201523,15.645916256175752,15.045155,15.045155,15.045155,signal_low,3,-3.8397320191370765,0.33388981636059967,-3.8397328881469184,stop_loss,15.672036,15.045155
dedicated_trend,趋势专属分支,601788.SH,光大证券,trend,2025-07-24,2025-07-25,2025-07-31,0.201523,23.616960003208003,22.912727,22.912727,22.912727,signal_low,5,-2.9818952274651034,2.609158679446222,-3.620873269435565,stop_loss,23.61696,22.912727
dedicated_trend,趋势专属分支,601881.SH,中国银河,trend,2025-07-24,2025-07-25,2025-07-30,0.201523,21.14033563029559,20.575652,20.575652,20.575652,signal_low,4,-2.6711195137619104,1.2242626599888728,-2.7267668336115714,stop_loss,21.1521,20.575652
dedicated_trend,趋势专属分支,601881.SH,中国银河,trend,2025-08-22,2025-08-25,2025-08-28,0.201523,22.469694520792753,21.187393,21.187393,21.187393,signal_low,4,-5.706804423202783,0.8900523560209317,-6.492146596858639,stop_loss,22.187353,21.187393
dedicated_trend,趋势专属分支,603281.SH,江瀚新材,trend,2025-07-25,2025-07-28,2025-08-06,0.201523,40.15953128373005,39.20817928050382,38.381595,38.381595,signal_low,8,-2.3689320388349477,2.56310679611651,-2.5242718446601864,trend_exit_ma10,40.362278,38.381595
dedicated_trend,趋势专属分支,603281.SH,江瀚新材,trend,2025-11-17,2025-11-18,2025-11-19,0.200015,45.64930022037974,43.606233,43.606233,43.606233,signal_low,2,-4.47557182808167,1.674069012640933,-5.637171165015364,stop_loss,45.774068,43.606233
dedicated_trend,趋势专属分支,688401.SH,路维光电,trend,2025-07-25,2025-07-28,2025-08-26,0.201523,52.452614552936986,62.48032027629259,50.346203,50.346203,signal_low,22,19.11764705882353,30.316742081447966,-2.007918552036203,trend_exit_ma10,52.452615,50.346203
dedicated_trend,趋势专属分支,001979.SZ,招商蛇口,trend,2025-07-25,2025-07-28,2025-07-31,0.201026,12.864377154579287,12.588613,12.588613,12.588613,signal_low,4,-2.1436261644515286,1.7148981779206762,-7.073954983922848,stop_loss,12.933318,12.588613
dedicated_trend,趋势专属分支,000009.SZ,中国宝安,trend,2025-07-28,2025-07-29,2025-08-07,0.201523,21.70553179131215,21.101955506206146,20.893025,20.893025,signal_low,8,-2.7807486631015954,0.8556149732620533,-3.4224598930481243,trend_exit_ma10,21.659103,20.893025
dedicated_trend,趋势专属分支,300976.SZ,达瑞电子,trend,2025-07-28,2025-07-29,2025-08-20,0.201523,146.54573432271545,163.33070829800445,135.597843,135.597843,signal_low,17,11.45374449339207,17.749632892804733,-1.1196769456681244,trend_exit_ma10,145.496673,135.597843
dedicated_trend,趋势专属分支,002925.SZ,盈趣科技,trend,2025-07-29,2025-07-30,2025-08-22,0.201523,38.706944052943776,39.08601096967554,36.579957,36.579957,signal_low,18,0.9793253536452662,6.039173014145804,-3.3188248095756268,trend_exit_ma10,39.022833,36.579957
dedicated_trend,趋势专属分支,002985.SZ,北摩高科,trend,2025-07-29,2025-07-30,2025-08-01,0.201523,70.45646704781878,67.971109,67.971109,67.971109,signal_low,3,-3.5275087610225575,0.9708737864077888,-4.174757281553387,stop_loss,70.456467,67.971109
dedicated_trend,趋势专属分支,002072.SZ,凯瑞德,trend,2025-07-30,2025-07-31,2025-08-01,0.200015,7.12,6.91,6.91,6.91,signal_low,2,-2.94943820224719,1.6853932584269593,-4.49438202247191,stop_loss,7.23,6.91
dedicated_trend,趋势专属分支,603255.SH,鼎际得,trend,2025-07-30,2025-07-31,2025-08-12,0.200015,31.146462415880546,32.24055342565527,30.353497,30.353497,signal_low,9,3.5127296165001543,8.282307444408632,0.0,trend_exit_ma10,31.427513,30.353497
dedicated_trend,趋势专属分支,688392.SH,骄成超声,trend,2025-07-31,2025-08-01,2025-08-15,0.200015,112.94512744994861,119.52860573431352,102.742161,102.742161,signal_low,11,5.82891748675245,16.300782235680057,-2.737824880141304,trend_exit_ma10,112.09013,102.742161
dedicated_trend,趋势专属分支,300807.SZ,天迈科技,trend,2025-07-31,2025-08-01,2025-08-18,0.198253,46.175861456483126,44.78152753108348,42.929201,42.929201,signal_low,12,-3.0196164866651887,20.718536477848826,-3.28410844170155,trend_exit_ma10,46.318348,42.929201
dedicated_trend,趋势专属分支,300384.SZ,三联虹普,trend,2025-08-01,2025-08-04,2025-08-15,0.201026,116.70345516771508,117.31768387912412,112.895237,112.895237,signal_low,10,0.5263157894736858,6.2105263157894885,-1.473684210526327,trend_exit_ma10,118.054758,112.895237
dedicated_trend,趋势专属分支,600666.SH,奥瑞德,trend,2025-08-01,2025-08-04,2025-08-06,0.200441,15.465850476121414,14.465572,14.465572,14.465572,signal_low,3,-6.467659037993412,0.7462686567164312,-10.199004975124371,stop_loss,15.542795,14.465572
dedicated_trend,趋势专属分支,300369.SZ,绿盟科技,trend,2025-08-01,2025-08-04,2025-08-08,0.200015,66.99638194368471,66.082039,66.082039,66.082039,signal_low,5,-1.3647646591621765,3.722084367245637,-1.7369727047146455,stop_loss,67.661358,66.082039
dedicated_trend,趋势专属分支,300369.SZ,绿盟科技,trend,2025-11-25,2025-11-26,2025-11-27,0.198253,71.23560710389305,69.573166,69.573166,69.573166,signal_low,2,-2.3337220969682604,1.0501750291715295,-2.4504084014002503,stop_loss,71.568095,69.573166
dedicated_trend,趋势专属分支,002829.SZ,星网宇达,trend,2025-08-04,2025-08-05,2025-08-13,0.201523,54.65937184785594,55.0754978314715,51.917836,51.917836,signal_low,7,0.761307657859378,8.822212270488139,-0.5373936408418989,trend_exit_ma10,54.585938,51.917836
dedicated_trend,趋势专属分支,300435.SZ,中泰股份,trend,2025-08-04,2025-08-05,2025-08-27,0.201523,54.33847696634395,53.754541094466816,51.256593,51.256593,signal_low,17,-1.0746268656716462,6.507462686567167,-3.88059701492538,trend_exit_ma10,54.403359,51.256593
dedicated_trend,趋势专属分支,688087.SH,英科再生,trend,2025-08-04,2025-08-05,2025-08-19,0.201026,41.73582653739188,40.77949945873071,38.752657,38.752657,signal_low,11,-2.291381668946646,1.9835841313269542,-4.172366621067026,trend_exit_ma10,41.393262,38.752657
dedicated_trend,趋势专属分支,688087.SH,英科再生,trend,2026-01-15,2026-01-16,2026-01-30,0.201523,47.052394239362265,45.820206083276645,44.545035,44.545035,signal_low,11,-2.6187576126674883,5.816077953714971,-4.841656516443383,trend_exit_ma10,47.238655,44.545035
dedicated_trend,趋势专属分支,300701.SZ,森霸传感,trend,2025-08-05,2025-08-06,2025-08-29,0.20335,40.00951545727533,44.620412429211775,39.101859,39.101859,signal_low,18,11.524500907441016,22.86751361161523,-1.814882032667875,trend_exit_ma10,39.973209,39.101859
dedicated_trend,趋势专属分支,002446.SZ,盛路通信,trend,2025-08-05,2025-08-06,2025-09-22,0.201523,37.637313694861376,43.056689114597035,36.79209,36.79209,signal_low,34,14.398943196829595,23.381770145310444,-1.0568031704095038,trend_exit_ma10,37.985347,36.79209
dedicated_trend,趋势专属分支,002875.SZ,安奈儿,trend,2025-08-05,2025-08-06,2025-08-14,0.201523,29.472394252216024,28.322336,28.322336,28.322336,signal_low,7,-3.9021541391383585,2.737332556785077,-4.135119394292386,stop_loss,29.472394,28.322336
dedicated_trend,趋势专属分支,002254.SZ,泰和新材,trend,2025-08-06,2025-08-07,2025-08-14,0.201523,51.98793487139707,50.041862,50.041862,50.041862,signal_low,6,-3.743316360249904,0.0,-4.099821746880572,stop_loss,52.173275,50.041862
dedicated_trend,趋势专属分支,300866.SZ,安克创新,trend,2025-08-06,2025-08-07,2025-08-27,0.201523,185.09352458944156,191.7478123193689,173.561306,173.561306,signal_low,15,3.5950948282428064,13.870058648792739,-2.9019727321197286,trend_exit_ma10,185.290898,173.561306
dedicated_trend,趋势专属分支,603776.SH,永安行,trend,2025-08-07,2025-08-08,2025-08-20,0.201523,59.74691091764603,59.64153717705053,56.928163,56.928163,signal_low,9,-0.17636684303351524,7.14285714285714,-2.2486772486772444,trend_exit_ma10,60.405497,56.928163
dedicated_trend,趋势专属分支,300667.SZ,必创科技,trend,2025-08-07,2025-08-08,2025-08-12,0.201026,40.02825854634316,38.647167,38.647167,38.647167,signal_low,3,-3.4502913604002594,0.9356725146198785,-3.56725146198833,stop_loss,40.028259,38.647167
dedicated_trend,趋势专属分支,688691.SH,灿芯股份,trend,2025-08-07,2025-08-08,2025-08-11,0.201026,63.97719651283202,61.375592160965276,62.995268,62.995268,signal_low,2,-4.0664556962025316,3.544303797468329,-5.126582278481018,gap_stop,66.659785,62.995268
dedicated_trend,趋势专属分支,002458.SZ,益生股份,trend,2025-08-08,2025-08-11,2025-08-15,0.200015,82.65082754314072,78.84283130031537,77.977378,77.977378,signal_low,5,-4.6073298429319625,4.502617801047126,-5.5497382198952945,trend_exit_ma10,79.881376,77.977378
dedicated_trend,趋势专属分支,300453.SZ,三鑫医疗,trend,2025-08-08,2025-08-11,2025-08-25,0.200015,64.52663959332514,73.00199291739322,61.962667,61.962667,signal_low,11,13.134657836644582,28.47682119205297,-0.9933774834437137,trend_exit_ma10,64.455418,61.962667
dedicated_trend,趋势专属分支,002326.SZ,永太科技,trend,2025-08-11,2025-08-12,2025-08-28,0.201523,80.9046183186194,87.49727485065844,78.591406,78.591406,signal_low,13,8.148677626876344,17.79842744817728,-2.6447462473195182,trend_exit_ma10,80.962449,78.591406
dedicated_trend,趋势专属分支,002812.SZ,恩捷股份,trend,2025-08-11,2025-08-12,2025-08-28,0.201026,116.11266290532897,115.34297669288836,111.457894,111.457894,signal_low,13,-0.6628787878787845,3.0934343434343425,-3.409090909090895,trend_exit_ma10,116.25927,111.457894
dedicated_trend,趋势专属分支,300559.SZ,佳发教育,trend,2025-08-11,2025-08-12,2025-08-14,0.201026,76.47373271995417,73.769819,73.769819,73.769819,signal_low,3,-3.535741781895063,0.0,-5.149884704073782,stop_loss,76.708856,73.769819
dedicated_trend,趋势专属分支,603186.SH,华正新材,trend,2025-08-12,2025-08-13,2025-09-03,0.201523,38.473843209291715,40.975862222075634,37.222834,37.222834,signal_low,16,6.503168917057045,23.64287682557178,-3.2240286580325184,trend_exit_ma10,38.664675,37.222834
dedicated_trend,趋势专属分支,300657.SZ,弘信电子,trend,2025-08-12,2025-08-13,2025-09-03,0.201026,107.1257791711319,112.37839802081321,100.214439,100.214439,signal_low,16,4.9032258064516165,23.19354838709675,-0.9354838709677349,trend_exit_ma10,106.952996,100.214439
dedicated_trend,趋势专属分支,600378.SH,昊华科技,trend,2025-08-12,2025-08-13,2025-09-04,0.201026,37.5289144854418,38.14833682714626,36.438193,36.438193,signal_low,17,1.6505202726946555,12.343021169716529,-1.2558306422676635,trend_exit_ma10,37.528914,36.438193
dedicated_trend,趋势专属分支,300376.SZ,易事特,trend,2025-08-13,2025-08-14,2025-08-15,0.20335,104.2753763006568,101.64457552242921,101.644576,101.644576,signal_low,2,-2.5229357798165264,0.917431192660545,-2.981651376146799,gap_stop,103.797049,101.644576
dedicated_trend,趋势专属分支,688339.SH,亿华通-U,trend,2025-08-13,2025-08-14,2025-08-15,0.20335,65.08241511410839,62.914830462331594,64.231844,64.231844,signal_low,2,-3.3305227655986425,1.8128161888701477,-3.5413153456998248,gap_stop,65.52142,64.231844
dedicated_trend,趋势专属分支,300232.SZ,洲明科技,trend,2025-08-14,2025-08-15,2025-09-02,0.201026,78.23839013982412,79.7585661140435,75.198038,75.198038,signal_low,13,1.9430051813471572,10.621761658031058,-0.2590673575129432,trend_exit_ma10,79.859911,75.198038
dedicated_trend,趋势专属分支,002241.SZ,歌尔股份,trend,2025-08-14,2025-08-15,2025-09-04,0.198671,299.92821588923977,376.2971870345913,284.111458,284.111458,signal_low,15,25.46241637150728,46.280991735537214,-0.11806375442737771,trend_exit_ma10,303.115174,284.111458
dedicated_trend,趋势专属分支,002197.SZ,证通电子,trend,2025-08-15,2025-08-18,2025-09-17,0.201523,19.994263490030765,24.324571892951866,18.978512,18.978512,signal_low,23,21.657754010695186,29.41176470588236,-0.6684491978609763,trend_exit_ma10,19.70023,18.978512
dedicated_trend,趋势专属分支,002197.SZ,证通电子,trend,2025-10-28,2025-10-29,2025-11-21,0.201523,25.92838981995968,25.26013235037309,25.206672,25.206672,signal_low,18,-2.577319587628868,14.432989690721666,-2.577319587628868,trend_exit_ma10,25.98185,25.206672
dedicated_trend,趋势专属分支,300258.SZ,精锻科技,trend,2025-08-15,2025-08-18,2025-08-27,0.201523,70.06652384583059,65.936775,65.936775,65.936775,signal_low,8,-5.894039862627409,1.9867549668874274,-7.88079470198676,stop_loss,68.86008,65.936775
dedicated_trend,趋势专属分支,000636.SZ,风华高科,trend,2025-08-15,2025-08-18,2025-09-03,0.201026,16.753346567959717,16.1799098733517,15.865082,15.865082,signal_low,13,-3.4228187919463027,6.375838926174482,-3.691275167785235,trend_exit_ma10,16.584689,15.865082
dedicated_trend,趋势专属分支,688571.SH,杭华股份,trend,2025-08-18,2025-08-19,2025-08-21,0.20335,13.186295957095185,12.749181,12.749181,12.749181,signal_low,3,-3.3149184465254278,0.7734806629834168,-3.646408839779003,stop_loss,13.259148,12.749181
dedicated_trend,趋势专属分支,000880.SZ,潍柴重机,trend,2025-08-18,2025-08-19,2025-08-27,0.201523,73.59873489705826,64.83913086636544,61.144433,61.144433,signal_low,7,-11.901840490797555,0.9114811568799341,-13.234005258545134,trend_exit_ma10,67.522485,61.144433
dedicated_trend,趋势专属分支,002139.SZ,拓邦股份,trend,2025-08-18,2025-08-19,2025-08-25,0.201026,95.51245836999581,92.47453030479238,92.596047,92.596047,signal_low,5,-3.180661577608146,1.6539440203562128,-4.580152671755744,gap_stop,95.02639,92.596047
dedicated_trend,趋势专属分支,300935.SZ,盈建科,trend,2025-08-19,2025-08-20,2025-08-25,0.20335,41.01696477248749,38.51927561175523,38.013963,38.013963,signal_low,4,-6.089405139035553,0.0,-6.898979232664559,trend_exit_ma10,41.016965,38.013963
dedicated_trend,趋势专属分支,002388.SZ,新亚制程,trend,2025-08-19,2025-08-20,2025-08-28,0.201523,19.219159498295763,18.524491,18.524491,18.524491,signal_low,7,-3.614458261597553,3.4136546184738936,-4.618473895582342,stop_loss,19.180567,18.524491
dedicated_trend,趋势专属分支,002388.SZ,新亚制程,trend,2025-09-05,2025-09-08,2025-09-18,0.201523,20.10679136267488,19.6050863958519,19.064789,19.064789,signal_low,9,-2.4952015355086288,6.717850287907878,-3.8387715930902067,trend_exit_ma10,20.106791,19.064789
dedicated_trend,趋势专属分支,002388.SZ,新亚制程,trend,2025-10-30,2025-10-31,2025-11-21,0.200441,22.190796609478035,22.576723507034174,21.689092,21.689092,signal_low,16,1.7391304347825987,21.21739130434783,-0.6956521739130417,trend_exit_ma10,22.306575,21.689092
dedicated_trend,趋势专属分支,605133.SH,嵘泰股份,trend,2025-08-20,2025-08-21,2025-09-11,0.201523,47.09660863660327,58.80347992627323,46.127764,46.127764,signal_low,16,24.85714285714287,40.3142857142857,-2.68571428571428,trend_exit_ma10,47.284995,46.127764
dedicated_trend,趋势专属分支,002106.SZ,莱宝高科,trend,2025-08-20,2025-08-21,2025-09-03,0.201026,24.816346661168982,23.803874,23.803874,23.803874,signal_low,10,-4.079861854739619,4.947916666666674,-5.03472222222221,stop_loss,24.730179,23.803874
dedicated_trend,趋势专属分支,002577.SZ,雷柏科技,trend,2025-08-20,2025-08-21,2025-08-28,0.201026,52.951086529889736,50.865845,50.865845,50.865845,signal_low,6,-3.938052392395508,2.522123893805306,-4.867256637168149,stop_loss,52.552782,50.865845
dedicated_trend,趋势专属分支,002588.SZ,史丹利,trend,2025-08-21,2025-08-22,2025-08-28,0.201523,103.09635638047884,98.069768,98.069768,98.069768,signal_low,5,-4.875621755174486,2.189054726368145,-4.975124378109452,stop_loss,104.122191,98.069768
dedicated_trend,趋势专属分支,300768.SZ,迪普科技,trend,2025-08-21,2025-08-22,2025-09-02,0.201026,29.141982707619043,28.432331,28.432331,28.432331,signal_low,8,-2.435152455956635,6.934886183165689,-4.76442562202225,stop_loss,29.249973,28.432331
dedicated_trend,趋势专属分支,603163.SH,圣晖集成,trend,2025-08-22,2025-08-25,2025-09-18,0.201363,50.85611644065099,61.06732925626324,43.73626,43.73626,signal_low,19,20.07863268035561,47.52291322476596,-2.631578947368418,trend_exit_ma10,47.242656,43.73626
dedicated_trend,趋势专属分支,002230.SZ,科大讯飞,trend,2025-08-22,2025-08-25,2025-09-04,0.201026,478.02619751908674,450.968111,450.968111,450.968111,signal_low,9,-5.660377330680988,6.000000000000005,-9.075471698113224,stop_loss,470.991095,450.968111
dedicated_trend,趋势专属分支,002230.SZ,科大讯飞,trend,2025-09-25,2025-09-26,2025-09-29,0.198177,503.2804117276422,489.3004002907633,490.653305,490.653305,signal_low,2,-2.777777777777768,0.35842293906809264,-3.9247311827957043,gap_stop,506.617576,490.653305
dedicated_trend,趋势专属分支,300124.SZ,汇川技术,trend,2025-08-25,2025-08-26,2025-09-04,0.201026,1795.0163182695542,1746.650601,1746.650601,1746.650601,signal_low,8,-2.694444433584875,7.888888888888901,-2.9305555555555474,stop_loss,1791.276701,1746.650601
dedicated_trend,趋势专属分支,300124.SZ,汇川技术,trend,2026-01-12,2026-01-13,2026-01-14,0.201523,2014.9058172575744,1959.559481,1959.559481,1959.559481,signal_low,2,-2.7468448293481273,0.6681514476614803,-4.714179658500351,stop_loss,2015.653741,1959.559481
dedicated_trend,趋势专属分支,605117.SH,德业股份,trend,2025-08-25,2025-08-26,2025-09-17,0.201026,323.2579666774019,378.96608960147415,313.452475,313.452475,signal_low,17,17.233333333333324,33.11666666666668,-1.200000000000001,trend_exit_ma10,333.656098,313.452475
dedicated_trend,趋势专属分支,688326.SH,经纬恒润-W,trend,2025-08-26,2025-08-27,2025-09-04,0.204424,118.3,107.61,107.61,107.61,signal_low,7,-9.0363482671175,7.945900253592564,-9.535080304311073,stop_loss,116.8,107.61
dedicated_trend,趋势专属分支,000422.SZ,湖北宜化,trend,2025-08-26,2025-08-27,2025-08-28,0.201523,22.278269188293294,21.655100819389983,21.686259,21.686259,signal_low,2,-2.7972027972028024,1.538461538461533,-5.174825174825182,gap_stop,22.387324,21.686259
dedicated_trend,趋势专属分支,600021.SH,上海电力,trend,2025-08-27,2025-08-28,2025-09-17,0.195773,20.176230450640897,27.403135898340498,18.403086,18.403086,signal_low,15,35.81890812250332,62.58322237017311,-4.2609853528628445,trend_exit_ma10,19.907572,18.403086
dedicated_trend,趋势专属分支,601865.SH,福莱特,trend,2025-08-28,2025-08-29,2025-09-19,0.201026,18.701039290747445,18.77499820319673,17.137337,17.137337,signal_low,16,0.39548022598869803,10.338983050847483,-3.1073446327683607,trend_exit_ma10,18.690474,17.137337
dedicated_trend,趋势专属分支,600295.SH,鄂尔多斯,trend,2025-08-29,2025-09-01,2025-09-02,0.200441,33.98564706701252,31.902961174326517,32.092296,32.092296,signal_low,2,-6.128133704735383,0.5571030640668662,-7.428040854224682,gap_stop,33.35453,32.092296
dedicated_trend,趋势专属分支,300363.SZ,博腾股份,trend,2025-09-01,2025-09-02,2025-09-04,0.204092,103.82307178806788,99.803056,99.803056,99.803056,signal_low,3,-3.8719869474425295,10.628210193599363,-4.425128407743973,stop_loss,104.479401,99.803056
dedicated_trend,趋势专属分支,600641.SH,先导基电,trend,2025-09-01,2025-09-02,2025-09-03,0.201026,23.15832236879457,22.528164,22.528164,22.528164,signal_low,2,-2.7210881632932726,2.473716759431044,-4.761904761904767,stop_loss,23.043748,22.528164
dedicated_trend,趋势专属分支,688611.SH,杭州柯林,trend,2025-09-02,2025-09-03,2025-09-04,0.200015,121.25543719908049,113.34560485047584,113.775487,113.775487,signal_low,2,-6.523280548333743,1.0635783502717766,-13.306546915622796,gap_stop,120.968849,113.775487
dedicated_trend,趋势专属分支,600066.SH,宇通客车,trend,2025-09-02,2025-09-03,2025-09-16,0.199217,179.43449805276924,175.77998542644244,171.980971,171.980971,signal_low,10,-2.0366833947684126,4.834865509022812,-2.4514811031665196,trend_exit_ma10,179.312309,171.980971
dedicated_trend,趋势专属分支,600066.SH,宇通客车,trend,2025-12-04,2025-12-05,2025-12-08,0.201523,205.92612861308479,201.326511,201.326511,201.326511,signal_low,2,-2.2336250596576845,1.3884696649562267,-3.10896468457591,stop_loss,205.801815,201.326511
dedicated_trend,趋势专属分支,301305.SZ,朗坤科技,trend,2025-09-02,2025-09-03,2025-09-04,0.196924,21.19271333158849,20.46087862661277,20.613344,20.613344,signal_low,2,-3.453237410071941,1.1031175059952103,-4.076738609112718,gap_stop,21.294357,20.613344
dedicated_trend,趋势专属分支,300919.SZ,中伟新材,trend,2025-09-03,2025-09-04,2025-10-14,0.201026,56.69882600904707,66.43680184380509,54.601585,54.601585,signal_low,23,17.174916167054665,35.540610450077594,-0.18106570098290753,trend_exit_ma10,56.845486,54.601585
dedicated_trend,趋势专属分支,300832.SZ,新产业,trend,2025-09-03,2025-09-04,2025-09-05,0.198177,133.33518247507888,127.884955,127.884955,127.884955,signal_low,2,-4.08761391697765,1.0643220731142877,-4.673762147154104,stop_loss,133.314616,127.884955
dedicated_trend,趋势专属分支,601288.SH,农业银行,trend,2025-09-04,2025-09-05,2025-09-15,0.200441,16.4491158905839,15.808814735111508,15.565942,15.565942,signal_low,7,-3.892617449664426,0.5369127516778649,-4.697986577181224,trend_exit_ma10,16.603671,15.565942
dedicated_trend,趋势专属分支,603043.SH,广州酒家,trend,2025-09-04,2025-09-05,2025-09-18,0.200015,28.33543512615727,27.4850511727675,26.955567,26.955567,signal_low,10,-3.0011325028312608,3.7938844847112074,-3.737259343148358,trend_exit_ma10,27.886176,26.955567
dedicated_trend,趋势专属分支,600628.SH,新世界,trend,2025-09-04,2025-09-05,2025-09-15,0.198253,9.659322349221855,9.263841409365376,9.155983,9.155983,signal_low,7,-4.094292803970223,0.0,-4.342431761786614,trend_exit_ma10,9.719244,9.155983
dedicated_trend,趋势专属分支,301587.SZ,中瑞股份,trend,2025-09-05,2025-09-08,2025-09-19,0.201026,25.39790814006367,24.828994997726245,23.843556,23.843556,signal_low,10,-2.2399999999999975,3.839999999999999,-5.600000000000005,trend_exit_ma10,25.286157,23.843556
dedicated_trend,趋势专属分支,600486.SH,扬农化工,trend,2025-09-08,2025-09-09,2025-09-16,0.204424,273.7808611485104,264.85789852730886,257.260838,257.260838,signal_low,6,-3.259162303664942,3.6518324607329733,-4.672774869109963,trend_exit_ma10,276.432665,257.260838
dedicated_trend,趋势专属分支,001266.SZ,宏英智能,trend,2025-09-08,2025-09-09,2025-09-10,0.204092,45.19733874551985,43.910582,43.910582,43.910582,signal_low,2,-2.846974581324002,0.7117437722419906,-3.5910708508573252,stop_loss,45.358183,43.910582
dedicated_trend,趋势专属分支,002831.SZ,裕同科技,trend,2025-09-08,2025-09-09,2025-09-16,0.201523,68.68330568054749,67.5898654198057,65.962419,65.962419,signal_low,6,-1.5920029618659903,2.739726027397249,-2.887819326175489,trend_exit_ma10,68.861308,65.962419
dedicated_trend,趋势专属分支,002831.SZ,裕同科技,trend,2025-11-12,2025-11-13,2025-11-18,0.200441,74.4144677377412,71.727279,71.727279,71.727279,signal_low,4,-3.6111106071626597,2.673611111111085,-3.7847222222222365,stop_loss,74.414468,71.727279
dedicated_trend,趋势专属分支,603833.SH,欧派家居,trend,2025-09-09,2025-09-10,2025-09-16,0.201026,97.72288549145892,93.587949,93.587949,93.587949,signal_low,5,-4.231287758915315,0.5731625084288483,-5.596763317599462,stop_loss,98.052363,93.587949
dedicated_trend,趋势专属分支,301365.SZ,矩阵股份,trend,2025-09-09,2025-09-10,2025-09-11,0.200015,34.37253717377405,32.549018,32.549018,32.549018,signal_low,2,-5.305163143922298,0.8920187793427292,-6.713615023474173,stop_loss,34.775971,32.549018
dedicated_trend,趋势专属分支,002321.SZ,华英农业,trend,2025-09-09,2025-09-10,2025-09-22,0.199217,5.919511070473719,6.047731526873872,5.769921,5.769921,signal_low,9,2.166064981949467,9.38628158844763,-0.7220216606498187,trend_exit_ma10,5.983621,5.769921
dedicated_trend,趋势专属分支,000910.SZ,大亚圣象,trend,2025-09-10,2025-09-11,2025-09-18,0.201026,10.056683431271182,9.749067,9.749067,9.749067,signal_low,6,-3.0588258382942657,0.588235294117645,-4.470588235294137,stop_loss,10.104009,9.749067
dedicated_trend,趋势专属分支,001358.SZ,兴欣新材,trend,2025-09-10,2025-09-11,2025-10-14,0.200015,41.400838449978586,45.45220621258363,39.035076,39.035076,signal_low,18,9.785714285714286,17.392857142857142,-1.2142857142857122,trend_exit_ma10,41.726131,39.035076
dedicated_trend,趋势专属分支,000571.SZ,新大洲A,trend,2025-09-11,2025-09-12,2025-09-15,0.200015,5.419262744877961,5.199563,5.199563,5.199563,signal_low,2,-4.054052280185361,0.7722007722007707,-5.405405405405384,stop_loss,5.46111,5.199563
dedicated_trend,趋势专属分支,000933.SZ,神火股份,trend,2025-09-12,2025-09-15,2025-09-16,0.199217,58.47978169619669,56.929292,56.929292,56.929292,signal_low,2,-2.6513260672748507,0.8504252126063205,-4.752376188094054,stop_loss,58.655309,56.929292
dedicated_trend,趋势专属分支,600082.SH,海泰发展,trend,2025-09-12,2025-09-15,2025-09-18,0.198253,4.43994093496816,4.296717,4.296717,4.296717,signal_low,4,-3.2258072137886895,2.5345622119815836,-4.377880184331784,stop_loss,4.470632,4.296717
dedicated_trend,趋势专属分支,600082.SH,海泰发展,trend,2025-10-14,2025-10-15,2025-10-17,0.200015,4.572934557444165,4.41948,4.41948,4.41948,signal_low,3,-3.3557129566693655,0.8948545861297452,-3.579418344519014,stop_loss,4.572935,4.41948
dedicated_trend,趋势专属分支,601880.SH,辽港股份,trend,2025-09-12,2025-09-15,2025-09-23,0.198177,5.000874942647942,5.029128473397367,4.831354,4.831354,signal_low,7,0.5649717514124575,9.604519774011312,-1.6949152542372836,trend_exit_ma10,5.000875,4.831354
dedicated_trend,趋势专属分支,605365.SH,立达信,trend,2025-09-15,2025-09-16,2025-09-17,0.199648,18.55036680825254,17.26319849910849,17.360547,17.360547,signal_low,2,-6.938775510204065,0.05830903790089437,-9.096209912536423,gap_stop,18.398935,17.360547
dedicated_trend,趋势专属分支,000058.SZ,深赛格,trend,2025-09-15,2025-09-16,2025-09-18,0.199217,10.097385478316292,9.713809,9.713809,9.713809,signal_low,3,-3.7987702771178466,0.30800821355234653,-4.414784394250493,stop_loss,10.087019,9.713809
dedicated_trend,趋势专属分支,002960.SZ,青鸟消防,trend,2025-09-15,2025-09-16,2025-10-09,0.198253,39.65844534406432,42.56028280826415,38.024077,38.024077,signal_low,12,7.317073170731714,19.343986543313708,-0.6728343145500304,trend_exit_ma10,39.725154,38.024077
dedicated_trend,趋势专属分支,301135.SZ,瑞德智能,trend,2025-09-16,2025-09-17,2025-09-19,0.204092,35.273084182024576,31.978403,31.978403,31.978403,signal_low,3,-9.340496467568805,2.1187705162638126,-11.489107729036107,stop_loss,34.76783,31.978403
dedicated_trend,趋势专属分支,688191.SH,智洋创新,trend,2025-09-16,2025-09-17,2025-10-17,0.200441,44.614427720848184,44.915021382797164,41.212973,41.212973,signal_low,17,0.6737588652482307,15.212765957446827,-0.7801418439716157,trend_exit_ma10,44.614428,41.212973
dedicated_trend,趋势专属分支,688191.SH,智洋创新,trend,2025-10-24,2025-10-27,2025-11-20,0.200015,51.5755441028245,56.47996700830782,46.987536,46.987536,signal_low,19,9.509202453987742,22.515337423312886,-5.245398773006138,trend_exit_ma10,51.021819,46.987536
dedicated_trend,趋势专属分支,002320.SZ,海峡股份,trend,2025-09-16,2025-09-17,2025-10-31,0.200015,129.83423189877408,191.49131800790806,118.636738,118.636738,signal_low,27,47.48908296943233,65.8296943231441,-5.131004366812231,trend_exit_ma10,129.975972,118.636738
dedicated_trend,趋势专属分支,603308.SH,应流股份,trend,2025-09-17,2025-09-18,2025-09-19,0.200441,48.380368193899216,46.075124704795506,46.194105,46.194105,signal_low,2,-4.76483246234245,1.7522287119582147,-6.609283738087923,gap_stop,48.187025,46.194105
dedicated_trend,趋势专属分支,603699.SH,纽威股份,trend,2025-09-17,2025-09-18,2025-10-14,0.200441,52.27373594948391,59.52153980971749,49.13955,49.13955,signal_low,13,13.865096359743045,26.552462526766597,-1.6327623126338398,trend_exit_ma10,52.315712,49.13955
dedicated_trend,趋势专属分支,301155.SZ,海力风电,trend,2025-09-18,2025-09-19,2025-10-15,0.200015,89.90630234697262,94.87400651055111,83.587464,83.587464,signal_low,13,5.525423728813572,16.45197740112996,-3.570621468926538,trend_exit_ma10,91.684111,83.587464
dedicated_trend,趋势专属分支,605305.SH,中际联合,trend,2025-09-18,2025-09-19,2025-10-14,0.200015,85.15028609610255,79.89033237915665,77.745026,77.745026,signal_low,12,-6.177259006516311,5.163685716665123,-7.821575085783539,trend_exit_ma10,85.252287,77.745026
dedicated_trend,趋势专属分支,605389.SH,长龄液压,trend,2025-09-18,2025-09-19,2025-09-22,0.195773,85.88251395424243,81.878345,81.878345,81.878345,signal_low,2,-4.662379767289792,1.732761700607388,-4.948195784208631,stop_loss,87.478045,81.878345
dedicated_trend,趋势专属分支,605389.SH,长龄液压,trend,2025-11-20,2025-11-21,2025-11-24,0.200015,105.8573323123031,100.22694956467771,103.556086,103.556086,signal_low,2,-5.3188405797101375,0.521739130434784,-8.666666666666655,gap_stop,107.621621,103.556086
dedicated_trend,趋势专属分支,601001.SH,晋控煤业,trend,2025-09-19,2025-09-22,2025-09-30,0.200015,36.468071251342685,35.16472742946569,34.806947,34.806947,signal_low,7,-3.5739313244568915,4.344779257182907,-4.1345480028030845,trend_exit_ma10,36.544739,34.806947
dedicated_trend,趋势专属分支,002042.SZ,华孚时尚,trend,2025-09-22,2025-09-23,2025-09-24,0.201026,34.092869024308065,32.6507,32.6507,32.6507,signal_low,2,-4.230119275910171,0.33840947546530664,-5.076142131979711,stop_loss,34.092869,32.6507
dedicated_trend,趋势专属分支,001208.SZ,华菱线缆,trend,2025-09-22,2025-09-23,2025-09-26,0.200015,13.694394230847161,13.345623,13.345623,13.345623,signal_low,4,-2.5468175150204164,9.887640449438218,-6.591760299625471,stop_loss,13.755942,13.345623
dedicated_trend,趋势专属分支,300926.SZ,博俊科技,trend,2025-09-23,2025-09-24,2025-10-13,0.201523,83.5187354581974,76.98758634001727,80.746329,80.746329,signal_low,8,-7.819980849026475,9.479731886370878,-9.671241621449077,gap_stop,84.451757,80.746329
dedicated_trend,趋势专属分支,600577.SH,精达股份,trend,2025-09-23,2025-09-24,2025-10-17,0.200015,47.12367178299268,47.958135020465775,43.811465,43.811465,signal_low,12,1.7707941802919125,24.196677472906103,-2.2364217252396124,trend_exit_ma10,47.525151,43.811465
dedicated_trend,趋势专属分支,000921.SZ,海信家电,trend,2025-09-24,2025-09-25,2025-10-10,0.201026,36.46095127110373,34.61787021783915,33.242237,33.242237,signal_low,6,-5.054945054945048,1.4285714285714457,-7.655677655677651,trend_exit_ma10,36.460951,33.242237
dedicated_trend,趋势专属分支,002236.SZ,大华股份,trend,2025-09-24,2025-09-25,2025-10-14,0.200441,996.8343467905527,929.041973,929.041973,929.041973,signal_low,8,-6.80076624655036,3.735632183908044,-7.950191570881227,stop_loss,976.30567,929.041973
dedicated_trend,趋势专属分支,300041.SZ,回天新材,trend,2025-09-24,2025-09-25,2025-10-17,0.200441,97.73026218806453,91.42772434176555,89.790702,89.790702,signal_low,11,-6.448911222780573,5.695142378559459,-6.867671691792299,trend_exit_ma10,95.602133,89.790702
dedicated_trend,趋势专属分支,601799.SH,星宇股份,trend,2025-09-25,2025-09-26,2025-10-17,0.201026,183.1436756702864,169.448219629113,161.146341,161.146341,signal_low,10,-7.477984697560258,1.7612241951783014,-7.571820412877129,trend_exit_ma10,176.110874,161.146341
dedicated_trend,趋势专属分支,600819.SH,耀皮玻璃,trend,2025-09-25,2025-09-26,2025-09-29,0.198253,8.036022022031867,7.648744,7.648744,7.648744,signal_low,2,-4.8192752704023345,5.087014725568961,-4.819277108433717,stop_loss,8.100568,7.648744
dedicated_trend,趋势专属分支,300596.SZ,利安隆,trend,2025-09-26,2025-09-29,2025-10-17,0.200441,60.41299285527057,60.74862059335541,57.887794,57.887794,signal_low,9,0.5555555555555536,6.7460317460317665,-1.8518518518518268,trend_exit_ma10,60.428975,57.887794
dedicated_trend,趋势专属分支,300596.SZ,利安隆,trend,2026-01-07,2026-01-08,2026-01-30,0.201523,71.18504502046962,74.79703877319214,68.579934,68.579934,signal_low,17,5.07409070498428,12.146385271665938,-3.008531656937563,trend_exit_ma10,72.080052,68.579934
dedicated_trend,趋势专属分支,600282.SH,南钢股份,trend,2025-09-26,2025-09-29,2025-10-17,0.200441,9.287446813734602,9.451988194292893,8.757258,8.757258,signal_low,9,1.7716535433070835,8.464566929133843,-2.3622047244094557,trend_exit_ma10,9.287447,8.757258
dedicated_trend,趋势专属分支,600282.SH,南钢股份,trend,2025-10-10,2025-10-13,2025-10-17,0.200015,9.63481195046877,9.451988194292893,9.397141,9.397141,signal_low,5,-1.8975332068311035,4.554079696394697,-2.4667931688804434,trend_exit_ma10,9.835918,9.397141
dedicated_trend,趋势专属分支,603225.SH,新凤鸣,trend,2025-09-26,2025-09-29,2025-10-14,0.200441,34.32960889727948,32.848219,32.848219,32.848219,signal_low,6,-4.315195963088514,7.066916823014391,-5.941213258286426,stop_loss,35.639244,32.848219
dedicated_trend,趋势专属分支,603588.SH,高能环境,trend,2025-09-29,2025-09-30,2025-10-20,0.204092,50.264921418769326,53.225828430814644,48.149988,48.149988,signal_low,9,5.890603085554003,22.159887798036483,-1.2622720897615625,trend_exit_ma10,50.194424,48.149988
dedicated_trend,趋势专属分支,000630.SZ,铜陵有色,trend,2025-09-29,2025-09-30,2025-10-20,0.200441,31.51239973939553,31.632446976497985,28.751313,28.751313,signal_low,9,0.3809523809523707,20.95238095238092,-1.5238095238095384,trend_exit_ma10,30.972187,28.751313
dedicated_trend,趋势专属分支,688269.SH,凯立新材,trend,2025-09-30,2025-10-09,2025-10-10,0.201523,58.91529987538205,57.885885924659995,58.631838,58.631838,signal_low,2,-1.747277791846047,0.0,-3.925044315016468,gap_stop,61.018885,58.631838
dedicated_trend,趋势专属分支,600383.SH,金地集团,trend,2025-09-30,2025-10-09,2025-10-17,0.201026,12.479538057156923,11.70849108337377,11.594262,11.594262,signal_low,7,-6.178489702517176,4.347826086956519,-6.407322654462244,trend_exit_ma10,12.393866,11.594262
dedicated_trend,趋势专属分支,600997.SH,开滦股份,trend,2025-10-09,2025-10-10,2025-10-28,0.201523,10.816977970902636,11.049101961694538,10.44558,10.44558,signal_low,13,2.145922746781115,7.868383404864088,-1.0014306151645225,trend_exit_ma10,10.925302,10.44558
dedicated_trend,趋势专属分支,601608.SH,中信重工,trend,2025-10-09,2025-10-10,2025-11-04,0.201523,9.113973547064703,11.73646682348474,8.725456,8.725456,signal_low,18,28.774422735346338,48.31261101243338,-1.0657193605683846,trend_exit_ma10,9.211103,8.725456
dedicated_trend,趋势专属分支,000543.SZ,皖能电力,trend,2025-10-10,2025-10-13,2025-11-10,0.200015,16.985889886530423,18.39770411086542,16.41234,16.41234,signal_low,21,8.311688311688314,14.935064935064934,-1.6883116883116944,trend_exit_ma10,17.316784,16.41234
dedicated_trend,趋势专属分支,605008.SH,长鸿高科,trend,2025-10-10,2025-10-13,2025-11-05,0.200015,23.331664058464384,26.03322515997079,22.623768,22.623768,signal_low,18,11.578947368421066,19.504643962848323,-1.1764705882352677,trend_exit_ma10,23.967325,22.623768
dedicated_trend,趋势专属分支,002057.SZ,中钢天源,trend,2025-10-13,2025-10-14,2025-10-17,0.201523,60.33390779926632,56.784854,56.784854,56.784854,signal_low,4,-5.882353603009083,0.0,-8.269394714407508,stop_loss,60.333908,56.784854
dedicated_trend,趋势专属分支,600395.SH,盘江股份,trend,2025-10-14,2025-10-15,2025-10-28,0.200441,15.759112320794747,15.312837,15.312837,15.312837,signal_low,10,-2.8318557017064316,1.9469026548672552,-6.902654867256652,stop_loss,15.787005,15.312837
dedicated_trend,趋势专属分支,002043.SZ,兔宝宝,trend,2025-10-14,2025-10-15,2025-10-28,0.200015,53.753588744611285,54.32873002336021,50.346983,50.346983,signal_low,10,1.0699588477366184,7.489711934156373,-2.0576131687242927,trend_exit_ma10,54.638421,50.346983
dedicated_trend,趋势专属分支,002043.SZ,兔宝宝,trend,2025-12-17,2025-12-18,2026-01-07,0.201523,62.29222465219151,59.637726,59.637726,59.637726,signal_low,13,-4.261364346855312,4.758522727272729,-6.25,stop_loss,63.309782,59.637726
dedicated_trend,趋势专属分支,601226.SH,华电科工,trend,2025-10-15,2025-10-16,2025-10-17,0.201523,12.587029477675513,11.925404,11.925404,11.925404,signal_low,2,-5.25640683410632,0.0,-7.948717948717954,stop_loss,12.538618,11.925404
dedicated_trend,趋势专属分支,603187.SH,海容冷链,trend,2025-10-15,2025-10-16,2025-10-17,0.201523,71.82378810401408,65.04043,65.04043,65.04043,signal_low,2,-9.444444915924699,2.9629629629629672,-9.691358024691343,stop_loss,70.050361,65.04043
dedicated_trend,趋势专属分支,601088.SH,中国神华,trend,2025-10-16,2025-10-17,2025-11-17,0.200015,107.96298015530819,111.56940314143907,104.438813,104.438813,signal_low,22,3.3404255615609335,5.99705442623315,-2.192041934715294,trend_exit_ma10,108.065876,104.438813
dedicated_trend,趋势专属分支,601225.SH,陕西煤业,trend,2025-10-16,2025-10-17,2025-11-19,0.199217,39.21389694075507,41.31805726440534,37.927055,37.927055,signal_low,24,5.365853658536568,9.534368070953425,-1.9955654101995624,trend_exit_ma10,39.196507,37.927055
dedicated_trend,趋势专属分支,601012.SH,隆基绿能,trend,2025-10-16,2025-10-17,2025-10-20,0.198253,396.2991281348638,384.857939,384.857939,384.857939,signal_low,2,-2.8870084041593636,3.235440517670485,-5.823792931806848,stop_loss,399.455318,384.857939
dedicated_trend,趋势专属分支,601918.SH,新集能源,trend,2025-10-20,2025-10-21,2025-11-17,0.201026,11.438849588198396,12.110759091230106,11.127477,11.127477,signal_low,20,5.873925501432664,11.747851002865307,-2.148997134670505,trend_exit_ma10,11.43885,11.127477
dedicated_trend,趋势专属分支,002348.SZ,高乐股份,trend,2025-10-20,2025-10-21,2025-11-18,0.200015,28.978205748075727,32.34297371408452,27.810837,27.810837,signal_low,21,11.611374407582954,16.58767772511849,-3.080568720379151,trend_exit_ma10,28.978206,27.810837
dedicated_trend,趋势专属分支,600725.SH,云维股份,trend,2025-10-20,2025-10-21,2025-10-28,0.200015,13.707620480591416,13.560621869539496,13.156376,13.156376,signal_low,6,-1.072386058981245,6.434316353887404,-3.217158176943702,trend_exit_ma10,13.78112,13.156376
dedicated_trend,趋势专属分支,000833.SZ,粤桂股份,trend,2025-10-21,2025-10-22,2025-10-23,0.201523,19.951173157679516,19.514576,19.514576,19.514576,signal_low,2,-2.188328246308968,0.6631299734747964,-2.3209549071617874,stop_loss,20.202547,19.514576
dedicated_trend,趋势专属分支,300849.SZ,锦盛新材,trend,2025-10-21,2025-10-22,2025-10-31,0.201523,22.472994060203366,22.182724252491695,20.639711,20.639711,signal_low,8,-1.291638341264456,4.554724677090416,-2.3793337865397723,trend_exit_ma10,22.549381,20.639711
dedicated_trend,趋势专属分支,600064.SH,南京高科,trend,2025-10-21,2025-10-22,2025-11-14,0.200441,68.82820479307854,71.14646023907075,66.829709,66.829709,signal_low,18,3.368176538908263,9.988385598141726,-1.8583042973286945,trend_exit_ma10,68.588385,66.829709
dedicated_trend,趋势专属分支,300137.SZ,先河环保,trend,2025-10-22,2025-10-23,2025-11-06,0.200015,36.72620578784057,37.14041111627486,35.16143,35.16143,signal_low,11,1.1278195488721776,8.395989974937358,-2.6315789473684403,trend_exit_ma10,36.910297,35.16143
dedicated_trend,趋势专属分支,600665.SH,天地源,trend,2025-10-22,2025-10-23,2025-10-24,0.198177,6.101331471461218,5.919449,5.919449,5.919449,signal_low,2,-2.981029178827066,0.0,-5.1490514905149105,stop_loss,6.084797,5.919449
dedicated_trend,趋势专属分支,601857.SH,中国石油,trend,2025-10-23,2025-10-24,2025-11-25,0.200441,15.789202341030501,16.89237805044748,15.375511,15.375511,signal_low,23,6.986899563318771,13.973799126637543,-2.183406113537112,trend_exit_ma10,15.823677,15.375511
dedicated_trend,趋势专属分支,601857.SH,中国石油,trend,2025-11-19,2025-11-20,2025-11-24,0.200441,17.51291438699453,16.944089,16.944089,16.944089,signal_low,3,-3.2480338476213344,2.7559055118110187,-4.42913385826772,stop_loss,17.702523,16.944089
dedicated_trend,趋势专属分支,300889.SZ,爱克股份,trend,2025-10-23,2025-10-24,2025-11-10,0.200015,31.19722156055473,31.835056621992695,29.085279,29.085279,signal_low,12,2.0445252158109994,9.768287142208099,-0.9541117673784738,trend_exit_ma10,31.636619,29.085279
dedicated_trend,趋势专属分支,300072.SZ,海新能科,trend,2025-10-24,2025-10-27,2025-11-19,0.200015,85.07990400608907,106.09484432413986,79.775162,79.775162,signal_low,18,24.7002398081535,53.23741007194245,-5.275779376498802,trend_exit_ma10,83.651704,79.775162
dedicated_trend,趋势专属分支,300072.SZ,海新能科,trend,2025-11-05,2025-11-06,2025-11-19,0.200015,86.50810383352942,106.09484432413986,82.427533,82.427533,signal_low,10,22.64150943396226,50.70754716981129,-1.1792452830188704,trend_exit_ma10,87.120189,82.427533
dedicated_trend,趋势专属分支,688690.SH,纳微科技,trend,2025-10-24,2025-10-27,2025-11-05,0.200015,30.160810768290133,29.04112849562117,27.649091,27.649091,signal_low,8,-3.7123745819397924,7.3578595317725926,-4.983277591973245,trend_exit_ma10,29.878368,27.649091
dedicated_trend,趋势专属分支,001288.SZ,运机集团,trend,2025-10-27,2025-10-28,2025-11-10,0.201523,38.900564984635196,41.85064500577482,36.99169,36.99169,signal_low,10,7.583643122676587,17.100371747211906,-0.5576208178438624,trend_exit_ma10,38.929487,36.99169
dedicated_trend,趋势专属分支,002841.SZ,视源股份,trend,2025-10-27,2025-10-28,2025-11-04,0.200441,77.65512189493293,74.042424,74.042424,74.042424,signal_low,6,-4.652233885899893,3.3164440350069047,-5.757715338553671,stop_loss,77.99493,74.042424
dedicated_trend,趋势专属分支,300321.SZ,同大股份,trend,2025-10-27,2025-10-28,2025-11-19,0.200441,101.0991825521413,101.46799931252465,95.219809,95.219809,signal_low,17,0.36480686695279374,5.128755364806881,-3.3905579399141628,trend_exit_ma10,101.424609,95.219809
dedicated_trend,趋势专属分支,300321.SZ,同大股份,trend,2025-11-28,2025-12-01,2025-12-02,0.200015,110.05926031910145,102.70462,102.70462,102.70462,signal_low,2,-6.682436623486021,0.6307904592943059,-7.332939089296275,stop_loss,109.885699,102.70462
dedicated_trend,趋势专属分支,301189.SZ,奥尼电子,trend,2025-10-28,2025-10-29,2025-11-03,0.200015,38.27336171457831,35.580202,35.580202,35.580202,signal_low,4,-7.036642703775053,0.0,-7.488050982474759,stop_loss,38.44613,35.580202
dedicated_trend,趋势专属分支,601058.SH,赛轮轮胎,trend,2025-10-29,2025-10-30,2025-11-17,0.201523,85.36893503393209,87.88307251857015,81.290445,81.290445,signal_low,13,2.945026178010468,7.657068062827199,-0.7198952879581166,trend_exit_ma10,85.033717,81.290445
dedicated_trend,趋势专属分支,601058.SH,赛轮轮胎,trend,2025-12-10,2025-12-11,2025-12-16,0.201523,100.00680216671363,96.040052,96.040052,96.040052,signal_low,4,-3.966480360106861,0.8379888268156499,-4.245810055865906,stop_loss,100.230281,96.040052
dedicated_trend,趋势专属分支,000007.SZ,全新好,trend,2025-10-29,2025-10-30,2025-11-24,0.200015,12.347592942659107,14.087958412098299,11.027316,11.027316,signal_low,18,14.09477521263669,26.002430133657327,-3.523693803159178,trend_exit_ma10,11.987517,11.027316
dedicated_trend,趋势专属分支,000683.SZ,博源化工,trend,2025-10-29,2025-10-30,2025-11-04,0.200015,21.35138837725789,20.399618,20.399618,20.399618,signal_low,4,-4.4576509988064945,1.9316493313521477,-4.9034175334323855,stop_loss,21.541743,20.399618
dedicated_trend,趋势专属分支,603045.SH,福达合金,trend,2025-10-30,2025-10-31,2025-11-04,0.198253,32.88465259656218,31.682792,31.682792,31.682792,signal_low,3,-3.6547766257619574,5.019815059445176,-4.359313077939242,stop_loss,32.971534,31.682792
dedicated_trend,趋势专属分支,688025.SH,杰普特,trend,2025-10-30,2025-10-31,2025-11-03,0.197603,176.99009906848383,160.19541813497807,161.053239,161.053239,signal_low,2,-9.48905109489051,0.43795620437956373,-15.748905109489042,gap_stop,174.457978,161.053239
dedicated_trend,趋势专属分支,300354.SZ,东华测试,trend,2025-10-31,2025-11-03,2025-11-10,0.200015,182.43856830172263,160.94208485440637,162.465719,162.465719,signal_low,6,-11.782861292665203,1.8518518518518379,-11.89179375453886,gap_stop,178.828219,162.465719
dedicated_trend,趋势专属分支,603739.SH,蔚蓝生物,trend,2025-10-31,2025-11-03,2025-11-04,0.200015,23.004306691267818,22.5457,22.5457,22.5457,signal_low,2,-1.9935688452714762,2.1221864951768366,-2.700964630225078,stop_loss,23.300182,22.5457
dedicated_trend,趋势专属分支,601900.SH,南方传媒,trend,2025-11-03,2025-11-04,2025-11-13,0.201026,19.611115880722455,19.08287033511377,18.686686,18.686686,signal_low,8,-2.6936026936026813,2.2222222222222143,-3.367003367003374,trend_exit_ma10,19.584704,18.686686
dedicated_trend,趋势专属分支,600575.SH,淮河能源,trend,2025-11-04,2025-11-05,2025-11-06,0.196754,16.82053844247527,16.427331,16.427331,16.427331,signal_low,2,-2.3376626367818565,1.558441558441559,-3.3766233766233666,stop_loss,16.907918,16.427331
dedicated_trend,趋势专属分支,300071.SZ,福石控股,trend,2025-11-04,2025-11-05,2025-11-28,0.195773,65.11068009342856,74.45990595299779,59.100463,59.100463,signal_low,18,14.358974358974352,38.80341880341878,-7.3504273504273465,trend_exit_ma10,68.449689,59.100463
dedicated_trend,趋势专属分支,002652.SZ,扬子新材,trend,2025-11-05,2025-11-06,2025-11-19,0.200015,20.947591653191704,19.739077,19.739077,19.739077,signal_low,10,-5.769229576363088,0.48076923076922906,-9.615384615384626,stop_loss,20.645463,19.739077
dedicated_trend,趋势专属分支,002023.SZ,海特高新,trend,2025-11-06,2025-11-07,2025-11-11,0.201523,38.33174949684489,37.89013947960013,37.684055,37.684055,signal_low,3,-1.1520737327189057,1.8433179723502224,-1.3824884792626668,trend_exit_ma10,38.743919,37.684055
dedicated_trend,趋势专属分支,600346.SH,恒力石化,trend,2025-11-06,2025-11-07,2025-11-21,0.201523,74.04950456873743,74.65120693522229,69.917815,69.917815,signal_low,11,0.8125677139761533,13.651137594799568,-0.7583965330444253,trend_exit_ma10,74.290186,69.917815
dedicated_trend,趋势专属分支,002140.SZ,东华科技,trend,2025-11-07,2025-11-10,2025-11-12,0.201523,57.37025408703525,54.809857,54.809857,54.809857,signal_low,3,-4.462934891574511,0.0,-6.127080181543132,stop_loss,57.283461,54.809857
dedicated_trend,趋势专属分支,601156.SH,东航物流,trend,2025-11-07,2025-11-10,2025-11-17,0.201523,18.913380973660843,18.237903,18.237903,18.237903,signal_low,6,-3.5714290036325536,1.5807962529274189,-4.449648711943787,stop_loss,18.758353,18.237903
dedicated_trend,趋势专属分支,601156.SH,东航物流,trend,2025-12-17,2025-12-18,2026-01-09,0.201523,19.433831152678447,20.07608882040229,18.802647,18.802647,signal_low,15,3.3048433048432857,6.894586894586885,-0.9116809116809121,trend_exit_ma10,19.467051,18.802647
dedicated_trend,趋势专属分支,601678.SH,滨化股份,trend,2025-11-07,2025-11-10,2025-11-21,0.201523,21.422404357092496,19.869394,19.869394,19.869394,signal_low,10,-7.249468039185469,3.1982942430703654,-8.742004264392323,stop_loss,21.285374,19.869394
dedicated_trend,趋势专属分支,000703.SZ,恒逸石化,trend,2025-11-10,2025-11-11,2025-11-24,0.200441,32.03490275464989,30.716594,30.716594,30.716594,signal_low,10,-4.115226335308719,6.1728395061728225,-4.663923182441698,stop_loss,32.078846,30.716594
dedicated_trend,趋势专属分支,600032.SH,浙江新能,trend,2025-11-10,2025-11-11,2025-11-14,0.200015,8.604139538770053,8.386968,8.386968,8.386968,signal_low,4,-2.524035527219004,0.8413461538461675,-2.8846153846153966,stop_loss,8.60414,8.386968
dedicated_trend,趋势专属分支,603223.SH,恒通股份,trend,2025-11-10,2025-11-11,2025-11-24,0.200015,43.20149896214875,41.38630993012569,40.942597,40.942597,signal_low,10,-4.201680672268903,2.2408963585434094,-5.135387488328669,trend_exit_ma10,43.282174,40.942597
dedicated_trend,趋势专属分支,603223.SH,恒通股份,trend,2025-12-04,2025-12-05,2025-12-10,0.200015,46.06546387934068,42.435086,42.435086,42.435086,signal_low,4,-7.880910282049336,2.8021015761821255,-11.821366024518387,stop_loss,46.186476,42.435086
dedicated_trend,趋势专属分支,300883.SZ,龙利得,trend,2025-11-11,2025-11-12,2025-11-18,0.200015,7.417134978838714,7.215856,7.215856,7.215856,signal_low,5,-2.713702520083139,1.085481682496603,-3.3921302578018953,stop_loss,7.427199,7.215856
dedicated_trend,趋势专属分支,002092.SZ,中泰化学,trend,2025-11-11,2025-11-12,2025-11-20,0.198671,8.896580762619383,8.568357,8.568357,8.568357,signal_low,7,-3.689324824639084,5.631067961165037,-5.048543689320406,stop_loss,8.913856,8.568357
dedicated_trend,趋势专属分支,002862.SZ,实丰文化,trend,2025-11-12,2025-11-13,2025-11-17,0.200015,44.63746072011357,43.49291,43.49291,43.49291,signal_low,3,-2.5641035615581953,2.089268755935425,-3.5612535612535634,stop_loss,44.997782,43.49291
dedicated_trend,趋势专属分支,603798.SH,康普顿,trend,2025-11-12,2025-11-13,2025-11-17,0.200015,49.356894095890105,48.277745,48.277745,48.277745,signal_low,3,-2.1864201863949217,2.8768699654775576,-4.430379746835444,stop_loss,50.123658,48.277745
dedicated_trend,趋势专属分支,002064.SZ,华峰化学,trend,2025-11-13,2025-11-14,2025-11-18,0.200015,47.789420626322,46.033503,46.033503,46.033503,signal_low,3,-3.6742810507203627,4.170804369414105,-4.270109235352537,stop_loss,48.31145,46.033503
dedicated_trend,趋势专属分支,300816.SZ,艾可蓝,trend,2025-11-13,2025-11-14,2025-11-26,0.200015,45.935851005717964,44.39956894550458,43.951911,43.951911,signal_low,9,-3.344407530454041,8.637873754152814,-4.29678848283499,trend_exit_ma10,45.864633,43.951911
dedicated_trend,趋势专属分支,600201.SH,生物股份,trend,2025-11-13,2025-11-14,2025-12-25,0.200015,49.80901392551985,66.29926471580232,44.10085,44.10085,signal_low,30,33.10696095076402,45.67062818336165,-3.989813242784368,trend_exit_ma10,49.639883,44.10085
dedicated_trend,趋势专属分支,600179.SH,安通控股,trend,2025-11-14,2025-11-17,2025-11-19,0.200441,7.228416125401143,6.628548,6.628548,6.628548,signal_low,3,-8.298749200300815,4.771784232365128,-12.863070539419086,stop_loss,7.318396,6.628548
dedicated_trend,趋势专属分支,688198.SH,佰仁医疗,trend,2025-11-14,2025-11-17,2025-11-18,0.199217,176.5437855816268,173.930874,173.930874,173.930874,signal_low,2,-1.4800359995785328,1.561356428397187,-2.3745629015206826,stop_loss,177.993808,173.930874
dedicated_trend,趋势专属分支,600115.SH,中国东航,trend,2025-11-17,2025-11-18,2025-11-24,0.200441,5.568840260641574,5.320416159795109,5.175502,5.175502,signal_low,5,-4.460966542750933,1.858736059479571,-5.390334572490696,trend_exit_ma10,5.537787,5.175502
dedicated_trend,趋势专属分支,600115.SH,中国东航,trend,2025-12-31,2026-01-05,2026-01-15,0.200875,6.200251516959671,6.034635449728695,5.858668,5.858668,signal_low,9,-2.6711185308848084,4.674457429048395,-3.8397328881469184,trend_exit_ma10,6.210603,5.858668
dedicated_trend,趋势专属分支,603100.SH,川仪股份,trend,2025-11-17,2025-11-18,2025-11-21,0.200015,42.53804462894292,40.143358,40.143358,40.143358,signal_low,4,-5.629517411605645,1.3313046785850213,-6.770635222518051,stop_loss,42.877831,40.143358
dedicated_trend,趋势专属分支,002899.SZ,英派斯,trend,2025-11-18,2025-11-19,2025-11-20,0.200015,25.89256224361628,25.040766,25.040766,25.040766,signal_low,2,-3.289733304884823,2.6159334126040656,-4.280618311533879,stop_loss,26.149127,25.040766
dedicated_trend,趋势专属分支,300971.SZ,博亚精工,trend,2025-11-18,2025-11-19,2025-11-21,0.198253,39.35438635783085,37.625178,37.625178,37.625178,signal_low,3,-4.393940594341816,4.621212121212115,-12.121212121212132,stop_loss,39.697247,37.625178
dedicated_trend,趋势专属分支,600328.SH,中盐化工,trend,2025-11-19,2025-11-20,2025-11-21,0.198253,14.581889184620579,14.046625,14.046625,14.046625,signal_low,2,-3.670746484516685,3.893214682981072,-8.00889877641826,stop_loss,14.614329,14.046625
dedicated_trend,趋势专属分支,600028.SH,中国石化,trend,2025-11-19,2025-11-20,2025-11-25,0.198177,18.07010245723599,17.437649,17.437649,17.437649,signal_low,4,-3.499999287401545,2.3333333333333206,-4.5000000000000036,stop_loss,18.220687,17.437649
dedicated_trend,趋势专属分支,000417.SZ,合百集团,trend,2025-11-20,2025-11-21,2025-11-24,0.201523,14.585209455885057,13.557525320782045,13.656341,13.656341,signal_low,2,-7.0460704607046125,0.8130081300813163,-13.414634146341465,gap_stop,15.454788,13.656341
dedicated_trend,趋势专属分支,300517.SZ,海波重科,trend,2025-11-20,2025-11-21,2025-11-24,0.200015,23.808769507780514,22.732457246322003,22.9737,22.9737,signal_low,2,-4.520654715510519,1.870615744349191,-5.378020265003891,gap_stop,24.346926,22.9737
dedicated_trend,趋势专属分支,002712.SZ,思美传媒,trend,2025-11-24,2025-11-25,2025-12-04,0.196754,32.44139204739301,31.191643397092157,30.41055,30.41055,signal_low,8,-3.8523274478330594,7.544141252006442,-3.8523274478330594,trend_exit_ma10,33.482849,30.41055
dedicated_trend,趋势专属分支,603533.SH,掌阅科技,trend,2025-11-24,2025-11-25,2025-12-02,0.196754,23.71588296910771,22.396616,22.396616,22.396616,signal_low,6,-5.562799288671583,7.34463276836157,-6.127770534550181,stop_loss,24.086927,22.396616
dedicated_trend,趋势专属分支,300654.SZ,世纪天鸿,trend,2025-11-24,2025-11-25,2025-12-01,0.195773,39.16796691142711,37.354312,37.354312,37.354312,signal_low,5,-4.6304545638746974,8.90471950133569,-5.342831700801431,stop_loss,39.726015,37.354312
dedicated_trend,趋势专属分支,002319.SZ,乐通股份,trend,2025-11-25,2025-11-26,2025-12-04,0.198253,27.198822326295762,25.824523,25.824523,25.824523,signal_low,7,-5.052789822326586,3.6953242835595868,-7.0135746606334815,stop_loss,27.342406,25.824523
dedicated_trend,趋势专属分支,600012.SH,皖通高速,trend,2025-11-25,2025-11-26,2025-12-01,0.198001,29.898746597694743,28.983479,28.983479,28.983479,signal_low,4,-3.061223970389826,1.40306122448981,-5.739795918367352,stop_loss,29.879679,28.983479
dedicated_trend,趋势专属分支,301566.SZ,达利凯普,trend,2025-11-26,2025-11-27,2025-12-03,0.200015,19.57387544562189,18.464588,18.464588,18.464588,signal_low,5,-5.667183530944597,1.7516743946419444,-7.058217413704271,stop_loss,19.916746,18.464588
dedicated_trend,趋势专属分支,300749.SZ,顶固集创,trend,2025-11-26,2025-11-27,2025-12-12,0.198253,19.90919758678355,21.01526411938264,18.971853,18.971853,signal_low,12,5.55555555555558,22.41054613935971,-1.4124293785310438,trend_exit_ma10,20.096666,18.971853
dedicated_trend,趋势专属分支,000715.SZ,中兴商业,trend,2025-11-26,2025-11-27,2025-12-05,0.198177,14.239210179469058,13.885989461838818,13.46654,13.46654,signal_low,7,-2.4806201550387597,9.922480620155039,-4.961240310077519,trend_exit_ma10,14.349592,13.46654
dedicated_trend,趋势专属分支,600795.SH,国电电力,trend,2025-11-27,2025-11-28,2025-12-29,0.201523,18.073592369238757,17.454857,17.454857,17.454857,signal_low,22,-3.423422176389479,8.828828828828827,-4.864864864864849,stop_loss,18.106157,17.454857
dedicated_trend,趋势专属分支,603217.SH,元利科技,trend,2025-11-27,2025-11-28,2025-12-10,0.201523,65.95763771426257,67.93887474066057,61.092321,61.092321,signal_low,9,3.003802281368806,10.646387832699622,-0.912547528517127,trend_exit_ma10,65.957638,61.092321
dedicated_trend,趋势专属分支,300658.SZ,延江股份,trend,2025-11-27,2025-11-28,2025-12-11,0.198253,32.47872961110213,32.803221914210326,30.856268,30.856268,signal_low,10,0.9990917347865613,11.262488646684844,-1.3623978201634968,trend_exit_ma10,33.186713,30.856268
dedicated_trend,趋势专属分支,301227.SZ,森鹰窗业,trend,2025-11-28,2025-12-01,2025-12-02,0.200015,49.31694916734478,47.014005769601326,47.417286,47.417286,signal_low,2,-4.669679363029921,0.02151925973745694,-6.176027544652463,gap_stop,49.316949,47.417286
dedicated_trend,趋势专属分支,301369.SZ,联动科技,trend,2025-11-28,2025-12-01,2026-01-06,0.200015,165.47367029859473,200.32244382474292,156.533328,156.533328,signal_low,25,21.06001121704988,30.865582351841446,-4.655075715086932,trend_exit_ma10,166.107847,156.533328
dedicated_trend,趋势专属分支,300979.SZ,华利集团,trend,2025-12-01,2025-12-02,2025-12-05,0.201523,71.75709265683659,69.188223,69.188223,69.188223,signal_low,4,-3.5799522552031005,2.4025457438345166,-9.562450278440727,stop_loss,72.156695,69.188223
dedicated_trend,趋势专属分支,603766.SH,隆鑫通用,trend,2025-12-01,2025-12-02,2025-12-23,0.201523,49.758783167563216,51.27561817465924,47.384607,47.384607,signal_low,16,3.048376408217357,9.343936381709739,-1.8555334658714395,trend_exit_ma10,49.725808,47.384607
dedicated_trend,趋势专属分支,000708.SZ,中信特钢,trend,2025-12-01,2025-12-02,2025-12-08,0.200441,43.84100026960911,42.843984,42.843984,42.843984,signal_low,5,-2.274164055285599,2.0214782059380765,-3.5375868603916727,stop_loss,44.034864,42.843984
dedicated_trend,趋势专属分支,688267.SH,中触媒,trend,2025-12-02,2025-12-03,2025-12-04,0.200015,31.80742700883056,30.401861,30.401861,30.401861,signal_low,2,-4.418986824807735,1.1456628477904962,-6.31751227495908,stop_loss,31.526314,30.401861
dedicated_trend,趋势专属分支,600461.SH,洪城环境,trend,2025-12-02,2025-12-03,2025-12-10,0.198177,41.97942969415912,40.723814,40.723814,40.723814,signal_low,6,-2.9910260889843054,0.7976071784645988,-4.586241276171476,stop_loss,41.686453,40.723814
dedicated_trend,趋势专属分支,600863.SH,华能蒙电,trend,2025-12-02,2025-12-03,2025-12-11,0.196924,17.865934681476556,17.30878495128498,17.197355,17.197355,signal_low,7,-3.118503118503113,1.6632016632016633,-3.3264033264033155,trend_exit_ma10,17.717361,17.197355
dedicated_trend,趋势专属分支,002444.SZ,巨星科技,trend,2025-12-03,2025-12-04,2025-12-24,0.201523,158.1353819363852,160.48324350225292,150.078994,150.078994,signal_low,15,1.4847161572052459,9.170305676855905,-1.4847161572052459,trend_exit_ma10,157.444834,150.078994
dedicated_trend,趋势专属分支,002444.SZ,巨星科技,trend,2026-01-06,2026-01-07,2026-01-27,0.201523,170.28901827734754,171.3938943083441,158.825929,158.825929,signal_low,15,0.6488240064882245,5.920519059205187,-4.676939713436079,trend_exit_ma10,171.624077,158.825929
dedicated_trend,趋势专属分支,301061.SZ,匠心家居,trend,2025-12-03,2025-12-04,2025-12-23,0.201363,317.54555003178683,310.35830507221965,295.657122,295.657122,signal_low,14,-2.263374485596703,7.3699962588851475,-4.395809951365504,trend_exit_ma10,316.892164,295.657122
dedicated_trend,趋势专属分支,002937.SZ,兴瑞科技,trend,2025-12-03,2025-12-04,2026-01-14,0.200015,36.08834091528578,41.299145262078255,34.099081,34.099081,signal_low,28,14.439024390243894,21.90243902439024,-4.8292682926829205,trend_exit_ma10,35.595427,34.099081
dedicated_trend,趋势专属分支,000157.SZ,中联重科,trend,2025-12-05,2025-12-08,2025-12-16,0.201523,48.35146366909752,46.842227,46.842227,46.842227,signal_low,7,-3.121387760722749,0.9248554913294793,-4.046242774566466,stop_loss,48.295566,46.842227
dedicated_trend,趋势专属分支,600057.SH,厦门象屿,trend,2025-12-05,2025-12-08,2025-12-11,0.201523,20.804024772769317,19.745413,19.745413,19.745413,signal_low,4,-5.088495059643217,2.8761061946902755,-7.632743362831851,stop_loss,20.596905,19.745413
dedicated_trend,趋势专属分支,600549.SH,厦门钨业,trend,2025-12-08,2025-12-09,2025-12-30,0.201523,74.11592392414289,82.13008480374533,71.625308,71.625308,signal_low,16,10.813008130081304,19.62059620596206,-2.3577235772357708,trend_exit_ma10,74.557807,71.625308
dedicated_trend,趋势专属分支,001205.SZ,盛航股份,trend,2025-12-08,2025-12-09,2025-12-10,0.200015,26.67544999820695,25.629073,25.629073,25.629073,signal_low,2,-3.9226217300074917,1.182160128962928,-4.406233207952715,stop_loss,26.474775,25.629073
dedicated_trend,趋势专属分支,000603.SZ,盛达资源,trend,2025-12-09,2025-12-10,2025-12-26,0.196754,34.16548259298343,33.983448719694145,30.763725,30.763725,signal_low,13,-0.5328005328005259,7.958707958707989,-4.428904428904435,trend_exit_ma10,32.640949,30.763725
dedicated_trend,趋势专属分支,001335.SZ,信凯科技,trend,2025-12-09,2025-12-10,2025-12-19,0.195773,47.659930648172846,45.902928781008264,43.874847,43.874847,signal_low,8,-3.6865388666526333,2.6543079839898898,-6.5093743416894885,trend_exit_ma10,46.74629,43.874847
dedicated_trend,趋势专属分支,002233.SZ,塔牌集团,trend,2025-12-10,2025-12-11,2025-12-15,0.200015,33.79521625467955,32.742406,32.742406,32.742406,signal_low,3,-3.1152641449180507,1.869158878504673,-4.153686396677047,stop_loss,33.654842,32.742406
dedicated_trend,趋势专属分支,600750.SH,华润江中,trend,2025-12-10,2025-12-11,2025-12-26,0.200015,77.96192888690399,76.40916017878308,75.535728,75.535728,signal_low,12,-1.991701244813271,3.6514522821576856,-2.1161825726141115,trend_exit_ma10,77.573737,75.535728
dedicated_trend,趋势专属分支,001359.SZ,平安电工,trend,2025-12-11,2025-12-12,2025-12-30,0.198253,64.94306840865538,74.38877470257106,61.402208,61.402208,signal_low,13,14.544595020485328,26.66246454459502,-2.8521903561298467,trend_exit_ma10,65.495688,61.402208
dedicated_trend,趋势专属分支,002066.SZ,瑞泰科技,trend,2025-12-15,2025-12-16,2025-12-24,0.198253,42.226332110615395,40.424904,40.424904,40.424904,signal_low,7,-4.266124999671783,9.243270695784656,-4.72320975114271,stop_loss,41.926094,40.424904
dedicated_trend,趋势专属分支,688607.SH,康众医疗,trend,2025-12-15,2025-12-16,2026-02-03,0.198253,41.029239054448,61.93886375886535,37.448543,37.448543,signal_low,34,50.96274068517128,69.19229807451863,-3.3758439609902546,trend_exit_ma10,41.029239,37.448543
dedicated_trend,趋势专属分支,601319.SH,中国人保,trend,2025-12-17,2025-12-18,2025-12-31,0.201026,10.705696801641585,10.646220708299131,10.32505,10.32505,signal_low,10,-0.5555555555555647,4.666666666666663,-1.1111111111111072,trend_exit_ma10,10.777068,10.32505
dedicated_trend,趋势专属分支,000415.SZ,渤海租赁,trend,2025-12-18,2025-12-19,2026-01-05,0.200015,11.025968330680486,11.025968330680486,10.482817,10.482817,signal_low,10,0.0,2.9556650246305605,-1.477832512315258,trend_exit_ma10,11.025968,10.482817
dedicated_trend,趋势专属分支,002462.SZ,嘉事堂,trend,2025-12-18,2025-12-19,2025-12-22,0.200015,30.042248469228568,29.33493406908564,29.428002,29.428002,signal_low,2,-2.354399008674102,0.12391573729864103,-3.9653035935563796,gap_stop,30.488973,29.428002
dedicated_trend,趋势专属分支,300964.SZ,本川智能,trend,2025-12-18,2025-12-19,2025-12-22,0.195773,62.5556203139232,59.489369,59.489369,59.489369,signal_low,2,-4.901640010179442,5.524590163934429,-4.91803278688524,stop_loss,64.196423,59.489369
dedicated_trend,趋势专属分支,600298.SH,安琪酵母,trend,2025-12-19,2025-12-22,2025-12-31,0.201523,129.39118902425207,127.46780648470238,121.58109,121.58109,signal_low,8,-1.4864864864864824,3.603603603603611,-3.738738738738734,trend_exit_ma10,129.94489,121.58109
dedicated_trend,趋势专属分支,603568.SH,伟明环保,trend,2025-12-19,2025-12-22,2026-01-13,0.201523,91.74970046739534,96.26260778509133,85.706994,85.706994,signal_low,15,4.918716131721568,16.38182576073366,0.0,trend_exit_ma10,91.061291,85.706994
dedicated_trend,趋势专属分支,600882.SH,妙可蓝多,trend,2025-12-19,2025-12-22,2025-12-24,0.201026,30.75539413950411,29.864248,29.864248,29.864248,signal_low,3,-2.897527944080114,5.689045936395742,-3.710247349823337,stop_loss,30.994482,29.864248
dedicated_trend,趋势专属分支,000520.SZ,凤凰航运,trend,2025-12-22,2025-12-23,2025-12-24,0.198253,5.25,5.05,5.06,5.06,signal_low,2,-3.809523809523818,1.333333333333342,-5.714285714285716,gap_stop,5.27,5.06
dedicated_trend,趋势专属分支,002643.SZ,万润股份,trend,2025-12-22,2025-12-23,2025-12-31,0.198253,90.87287397159766,91.79140032575802,88.117295,88.117295,signal_low,7,1.0107816711590445,10.377358490566024,-0.4716981132075415,trend_exit_ma10,91.179049,88.117295
dedicated_trend,趋势专属分支,300512.SZ,中亚股份,trend,2025-12-22,2025-12-23,2025-12-24,0.198253,37.62783564780232,35.748153,35.748153,35.748153,signal_low,2,-4.995457791928837,2.4523160762942586,-6.267029972752058,stop_loss,38.208829,35.748153
dedicated_trend,趋势专属分支,300684.SZ,中石科技,trend,2025-12-23,2025-12-24,2026-01-05,0.198253,168.95315488415253,167.6703936682489,162.539349,162.539349,signal_low,7,-0.7592407592407424,10.169830169830174,-2.0379620379620267,trend_exit_ma10,170.640999,162.539349
dedicated_trend,趋势专属分支,301338.SZ,凯格精机,trend,2025-12-23,2025-12-24,2026-01-05,0.195773,128.0288981683505,119.000304,119.000304,119.000304,signal_low,7,-7.051997086219108,3.2135683999107156,-7.587592055344816,stop_loss,129.357473,119.000304
dedicated_trend,趋势专属分支,301387.SZ,光大同创,trend,2025-12-23,2025-12-24,2026-01-27,0.195773,65.65435004984558,84.78790349294343,63.677505,63.677505,signal_low,23,29.14285714285714,35.82417582417583,-0.9230769230769265,trend_exit_ma10,65.510055,63.677505
dedicated_trend,趋势专属分支,601233.SH,桐昆股份,trend,2025-12-24,2025-12-25,2026-01-13,0.200441,52.85218715062291,55.745555060328535,50.408899,50.408899,signal_low,12,5.474452554744502,12.895377128953744,-0.5474452554744547,trend_exit_ma10,52.56285,50.408899
dedicated_trend,趋势专属分支,000923.SZ,河钢资源,trend,2025-12-24,2025-12-25,2026-02-02,0.200015,22.642668560239713,26.17492485563711,22.042638,22.042638,signal_low,26,15.59999999999999,34.9,-1.749999999999996,trend_exit_ma10,22.789846,22.042638
dedicated_trend,趋势专属分支,002484.SZ,江海股份,trend,2025-12-24,2025-12-25,2026-01-06,0.200015,153.09648311105786,144.400643,144.400643,144.400643,signal_low,7,-5.679973787999948,3.440441415124962,-6.069457968192138,stop_loss,155.084104,144.400643
dedicated_trend,趋势专属分支,301057.SZ,汇隆新材,trend,2025-12-25,2025-12-26,2026-01-26,0.201523,33.60953149342155,40.010841503065635,31.45453,31.45453,signal_low,20,19.046114971572937,32.31206569804168,-1.3897662665824484,trend_exit_ma10,33.492758,31.45453
dedicated_trend,趋势专属分支,002493.SZ,荣盛石化,trend,2025-12-25,2025-12-26,2026-01-13,0.200441,171.73649699209435,180.7999335940429,164.235722,164.235722,signal_low,11,5.277525022747942,12.73885350318471,-1.0919017288444244,trend_exit_ma10,169.705037,164.235722
dedicated_trend,趋势专属分支,000830.SZ,鲁西化工,trend,2025-12-25,2025-12-26,2026-02-02,0.200015,25.812007175933807,27.399959366491863,24.846781,24.846781,signal_low,25,6.151990349819081,23.94451145958989,-3.1363088057901,trend_exit_ma10,25.952121,24.846781
dedicated_trend,趋势专属分支,301127.SZ,武汉天源,trend,2025-12-26,2025-12-29,2025-12-30,0.201026,23.36222961976486,22.29835,22.29835,22.29835,signal_low,2,-4.553844547717311,0.6153846153846176,-6.215384615384611,stop_loss,23.247216,22.29835
dedicated_trend,趋势专属分支,601600.SH,中国铝业,trend,2025-12-26,2025-12-29,2026-01-19,0.200441,12.70747166370135,14.270479972800253,11.743973,11.743973,signal_low,14,12.299915754001688,21.651221566975565,-6.3184498736309935,trend_exit_ma10,12.675355,11.743973
dedicated_trend,趋势专属分支,300719.SZ,安达维尔,trend,2025-12-29,2025-12-30,2026-01-14,0.201026,29.589852845528867,29.040995782382122,28.10471,28.10471,signal_low,10,-1.8548827059465367,5.619203491543923,-5.019094380796507,trend_exit_ma10,29.34771,28.10471
dedicated_trend,趋势专属分支,301257.SZ,普蕊斯,trend,2025-12-29,2025-12-30,2026-01-23,0.200015,68.8799756189293,90.09923874145933,66.368038,66.368038,signal_low,17,30.806142034548945,63.14779270633395,-1.7274472168906096,trend_exit_ma10,69.924413,66.368038
dedicated_trend,趋势专属分支,300909.SZ,汇创达,trend,2025-12-30,2025-12-31,2026-01-07,0.201523,75.0644814670628,71.223327,71.223327,71.223327,signal_low,4,-5.117139813652416,1.2124948623099208,-5.50760378133991,stop_loss,75.712387,71.223327
dedicated_trend,趋势专属分支,300278.SZ,华昌达,trend,2025-12-30,2025-12-31,2026-01-27,0.200015,26.919556050686495,27.1380589407083,25.870742,25.870742,signal_low,18,0.8116883116883189,11.363636363636353,-3.0844155844155896,trend_exit_ma10,26.744754,25.870742
dedicated_trend,趋势专属分支,601111.SH,中国国航,trend,2025-12-31,2026-01-05,2026-01-06,0.201523,10.427966975729406,10.167833,10.167833,10.167833,signal_low,2,-2.494579972633737,1.0845986984815426,-3.6876355748373,stop_loss,10.597619,10.167833
dedicated_trend,趋势专属分支,603057.SH,紫燕食品,trend,2025-12-31,2026-01-05,2026-01-30,0.201026,22.71845237304053,31.653179689710623,22.101103,22.101103,signal_low,20,39.32806324110671,57.21343873517788,-3.2608695652173947,trend_exit_ma10,22.830698,22.101103
dedicated_trend,趋势专属分支,002290.SZ,禾盛新材,trend,2026-01-05,2026-01-06,2026-01-27,0.201523,132.53768433997666,158.0461400269008,121.430878,121.430878,signal_low,16,19.246190858059343,37.570168404170026,-2.766639935846038,trend_exit_ma10,131.23569,121.430878
dedicated_trend,趋势专属分支,300244.SZ,迪安诊断,trend,2026-01-05,2026-01-06,2026-01-27,0.201523,179.30858322422247,273.9202297842975,167.389836,167.389836,signal_low,16,52.764705882352914,95.88235294117644,-0.7058823529411895,trend_exit_ma10,180.679767,167.389836
dedicated_trend,趋势专属分支,601100.SH,恒立液压,trend,2026-01-07,2026-01-08,2026-01-15,0.201523,418.6586444316895,402.26656750648726,392.838445,392.838445,signal_low,6,-3.9153800221786272,6.969205834683945,-5.416702209332092,trend_exit_ma10,418.05153,392.838445
dedicated_trend,趋势专属分支,688235.SH,百济神州-U,trend,2026-01-07,2026-01-08,2026-01-09,0.201523,312.99,298.7,298.7,298.7,signal_low,2,-4.5656410747947245,1.5495702738106631,-5.108789418192272,stop_loss,307.93,298.7
dedicated_trend,趋势专属分支,688522.SH,纳睿雷达,trend,2026-01-08,2026-01-09,2026-01-21,0.201026,85.30203001204286,85.10319078124556,79.833951,79.833951,signal_low,9,-0.2331002331002363,12.004662004662014,-2.86713286713286,trend_exit_ma10,84.128879,79.833951
dedicated_trend,趋势专属分支,002099.SZ,海翔药业,trend,2026-01-08,2026-01-09,2026-01-16,0.200015,33.00761576979008,30.700379,30.700379,30.700379,signal_low,6,-6.990013413515783,9.985734664764623,-7.417974322396558,stop_loss,32.301319,30.700379
dedicated_trend,趋势专属分支,002271.SZ,东方雨虹,trend,2026-01-08,2026-01-09,2026-02-13,0.200015,415.59004112953625,483.10569286252576,392.895704,392.895704,signal_low,26,16.24573378839591,29.62457337883957,-5.187713310580211,end_of_data,413.887966,392.895704
dedicated_trend,趋势专属分支,002222.SZ,福晶科技,trend,2026-01-09,2026-01-12,2026-01-23,0.201523,207.54017405453195,195.63967099932748,177.271503,177.271503,signal_low,10,-5.734072022160664,5.263157894736836,-8.490304709141295,trend_exit_ma10,199.52027,177.271503
dedicated_trend,趋势专属分支,002223.SZ,鱼跃医疗,trend,2026-01-09,2026-01-12,2026-01-19,0.201523,262.3114581425507,263.21420160715144,247.932044,247.932044,signal_low,6,0.3441494591937211,13.839724680432642,-0.7374631268436516,trend_exit_ma10,260.248045,247.932044
dedicated_trend,趋势专属分支,300206.SZ,理邦仪器,trend,2026-01-09,2026-01-12,2026-01-28,0.201523,103.93198283451643,103.57750813180661,98.685757,98.685757,signal_low,13,-0.3410641200545794,14.597544338335622,-2.2510231923601687,trend_exit_ma10,102.655874,98.685757
dedicated_trend,趋势专属分支,002768.SZ,国恩股份,trend,2026-01-12,2026-01-13,2026-01-14,0.201523,190.16064473374763,179.894738,179.894738,179.894738,signal_low,2,-5.398544345556566,0.01692333728211537,-8.089355220849548,stop_loss,192.220262,179.894738
dedicated_trend,趋势专属分支,002903.SZ,宇环数控,trend,2026-01-12,2026-01-13,2026-01-15,0.201523,39.26060608851794,38.260437,38.260437,38.260437,signal_low,3,-2.547513113432154,7.804286291953089,-3.4775576223210702,stop_loss,39.451114,38.260437
dedicated_trend,趋势专属分支,001328.SZ,登康口腔,trend,2026-01-13,2026-01-14,2026-01-26,0.198001,42.99862991834838,42.50086252766799,40.456839,40.456839,signal_low,9,-1.1576354679802892,4.679802955665013,-2.6600985221674978,trend_exit_ma10,42.99863,40.456839
dedicated_trend,趋势专属分支,301337.SZ,亚华电子,trend,2026-01-13,2026-01-14,2026-01-16,0.195773,33.61723326667587,32.088717,32.088717,32.088717,signal_low,3,-4.54682351325757,6.202950918398087,-5.239385727190604,stop_loss,34.416921,32.088717
dedicated_trend,趋势专属分支,002209.SZ,达意隆,trend,2026-01-14,2026-01-15,2026-01-20,0.200015,26.731581484120916,25.095908,25.095908,25.095908,signal_low,4,-6.1188803404412795,0.0,-6.177156177156162,stop_loss,26.871782,25.095908
dedicated_trend,趋势专属分支,003043.SZ,华亚智能,trend,2026-01-14,2026-01-15,2026-01-29,0.200015,73.14886491927346,74.51117469526464,70.883129,70.883129,signal_low,11,1.8623799255048201,8.01803567927859,0.0,trend_exit_ma10,75.385921,70.883129
dedicated_trend,趋势专属分支,300097.SZ,智云股份,trend,2026-01-14,2026-01-15,2026-01-20,0.200015,27.628595425229893,26.387681,26.387681,26.387681,signal_low,4,-4.4914133568176755,2.3778071334213946,-7.001321003963012,stop_loss,27.519103,26.387681
dedicated_trend,趋势专属分支,002452.SZ,长高电新,trend,2026-01-15,2026-01-16,2026-02-06,0.200015,56.726661023334195,58.310549180138764,50.860409,50.860409,signal_low,16,2.792140641158203,11.065149948293683,-3.1023784901758056,trend_exit_ma10,52.502959,50.860409
dedicated_trend,趋势专属分支,002767.SZ,先锋电子,trend,2026-01-16,2026-01-19,2026-01-29,0.200441,35.80128689289396,34.8051038243845,34.881733,34.881733,signal_low,9,-2.78253424657533,8.818493150684926,-7.962328767123294,gap_stop,36.169108,34.881733
dedicated_trend,趋势专属分支,002008.SZ,大族激光,trend,2026-01-16,2026-01-19,2026-01-30,0.200015,82.66983299046208,85.21297675261259,78.607867,78.607867,signal_low,10,3.0762657551805184,14.740440076906648,-1.538132877590248,trend_exit_ma10,83.287958,78.607867
dedicated_trend,趋势专属分支,002801.SZ,微光股份,trend,2026-01-16,2026-01-19,2026-01-29,0.200015,164.9780995200058,159.775286,159.775286,159.775286,signal_low,9,-3.1536388982192687,4.420485175202149,-5.92991913746631,stop_loss,163.599576,159.775286
