strategy_id,strategy_name,symbol,name,signal_date,score,entry_type,signal_open,signal_high,signal_low,signal_close,eligible_execution,ret_1d_pct,vol_ratio_20,box_quality_60,handle_quality_10,alpha_vs_hs300_10d_pct,diag_highwin_shared_cls_prob,diag_highwin_shared_reg_score,branch_trend_lgbm_cls_prob,branch_trend_lgbm_reg_score
both_highwin_highwin_exec,双入口高胜率执行,000631.SZ,顺发恒能,2022-04-06,0.384624,box,9.768231,10.31091,8.167326,10.148106,True,2.747253,3.218396,0.572101,0.04397,,0.384624,0.147594,,
both_highwin_highwin_exec,双入口高胜率执行,600408.SH,安泰集团,2022-04-06,0.363551,box,3.5,3.69,2.82,3.64,True,3.409091,1.626702,0.398699,0.108489,,0.363551,0.145014,,
both_highwin_highwin_exec,双入口高胜率执行,601010.SH,文峰股份,2022-04-06,0.343574,box,16.194043,16.622708,14.336491,16.622708,True,2.046784,1.197079,0.655892,0.226716,,0.343574,0.126446,,
both_highwin_highwin_exec,双入口高胜率执行,002356.SZ,赫美集团,2022-04-07,0.305617,box,26.352381,27.069077,21.170114,27.069077,True,4.91453,1.631942,0.419253,0.12,,0.305617,0.140908,,
both_highwin_highwin_exec,双入口高胜率执行,002861.SZ,瀛通通讯,2022-04-07,0.285446,box,18.27935,18.456555,15.607648,18.320243,True,1.204819,2.108691,0.649588,0.093901,,0.285446,0.12469,,
both_highwin_highwin_exec,双入口高胜率执行,603966.SH,法兰泰克,2022-04-07,0.237184,box,19.178101,19.351397,14.768678,19.235866,True,1.62767,1.63812,0.376565,0.12,,0.237184,0.122237,,
both_highwin_highwin_exec,双入口高胜率执行,000523.SZ,红棉股份,2022-04-08,0.358541,box,8.269477,8.686632,7.140706,8.686632,True,5.04451,2.110505,0.526659,0.413025,,0.358541,0.138096,,
both_highwin_highwin_exec,双入口高胜率执行,600941.SH,中国移动,2022-04-08,0.30434,box,67.1,69.68,58.55,69.56,True,3.235381,1.292601,0.602599,0.318104,,0.30434,0.139494,,
both_highwin_highwin_exec,双入口高胜率执行,300278.SZ,华昌达,2022-04-08,0.302427,box,17.480231,18.703847,15.775909,18.441644,True,6.835443,2.428872,0.584215,0.367665,,0.302427,0.130707,,
both_highwin_highwin_exec,双入口高胜率执行,600063.SH,皖维高新,2022-04-11,0.283744,box,20.487408,21.099989,16.777894,20.759666,True,0.826446,1.676455,0.482935,0.120091,,0.283744,0.110544,,
both_highwin_highwin_exec,双入口高胜率执行,601390.SH,中国中铁,2022-04-11,0.241794,box,8.439281,8.613031,6.726604,8.550978,True,1.923077,2.71115,0.502775,0.200343,,0.241794,0.126841,,
both_highwin_highwin_exec,双入口高胜率执行,600858.SH,银座股份,2022-04-11,0.238547,box,9.954194,10.913172,8.707522,10.721377,True,8.123791,5.898243,0.5699,0.188744,,0.238547,0.10263,,
both_highwin_highwin_exec,双入口高胜率执行,601958.SH,金钼股份,2022-04-12,0.337291,box,8.481161,8.888448,7.486901,8.828553,True,3.656821,1.894434,0.61797,0.234205,,0.337291,0.12644,,
both_highwin_highwin_exec,双入口高胜率执行,000429.SZ,粤高速Ａ,2022-04-12,0.304695,box,11.62043,12.007778,10.473285,11.99288,True,2.809706,1.391213,0.723689,0.383527,,0.304695,0.126902,,
both_highwin_highwin_exec,双入口高胜率执行,600075.SH,新疆天业,2022-04-12,0.274389,box,11.306719,12.01616,9.666136,11.80924,True,3.229974,2.336702,0.54149,0.153761,,0.274389,0.125848,,
both_highwin_highwin_exec,双入口高胜率执行,603567.SH,珍宝岛,2022-04-13,0.295664,box,31.773971,32.818887,26.71999,32.413715,True,2.013423,1.29024,0.437333,0.2591,,0.295664,0.126351,,
both_highwin_highwin_exec,双入口高胜率执行,600382.SH,广东明珠,2022-04-13,0.285251,box,10.61517,11.066495,8.954293,10.867912,True,2.555366,1.626444,0.549124,0.209276,,0.285251,0.131904,,
both_highwin_highwin_exec,双入口高胜率执行,002109.SZ,兴化股份,2022-04-13,0.274327,box,9.295674,9.582676,7.796886,9.407286,True,1.200686,2.114277,0.525292,0.216482,,0.274327,0.130889,,
both_highwin_highwin_exec,双入口高胜率执行,600826.SH,兰生股份,2022-04-14,0.338934,box,14.866362,15.394868,13.008066,15.224382,True,1.824401,2.428423,0.622343,0.28181,,0.338934,0.128308,,
both_highwin_highwin_exec,双入口高胜率执行,600719.SH,大连热电,2022-04-14,0.322148,box,8.352699,8.555928,7.356878,8.494959,True,2.45098,1.530229,0.630432,0.281181,,0.322148,0.125894,,
both_highwin_highwin_exec,双入口高胜率执行,002078.SZ,太阳纸业,2022-04-14,0.30355,box,55.74316,57.177216,48.110279,56.992176,True,1.566364,1.081362,0.580457,0.32885,,0.30355,0.130319,,
both_highwin_highwin_exec,双入口高胜率执行,600780.SH,通宝能源,2022-04-15,0.292336,box,4.287614,4.62611,4.118366,4.547127,True,5.497382,4.229171,0.647844,0.28838,,0.292336,0.128298,,
both_highwin_highwin_exec,双入口高胜率执行,000895.SZ,双汇发展,2022-04-15,0.258479,box,141.123924,150.43667,121.017944,147.905514,True,4.135844,2.032967,0.421585,0.194113,,0.258479,0.127543,,
both_highwin_highwin_exec,双入口高胜率执行,002692.SZ,远程股份,2022-04-15,0.257607,box,16.081138,16.953758,13.546385,16.953758,True,4.884319,1.42773,0.428591,0.09,,0.257607,0.122825,,
both_highwin_highwin_exec,双入口高胜率执行,600615.SH,鑫源智造,2022-04-18,0.285646,box,9.1,9.56,7.8,9.55,True,4.945055,2.464731,0.53221,0.051138,,0.285646,0.138223,,
both_highwin_highwin_exec,双入口高胜率执行,002319.SZ,乐通股份,2022-04-18,0.259826,box,30.35766,31.137113,25.947594,30.747387,True,0.133601,1.376595,0.528304,0.09,,0.259826,0.128435,,
both_highwin_highwin_exec,双入口高胜率执行,600037.SH,歌华有线,2022-04-18,0.257937,box,10.222588,10.936063,9.590986,10.784011,True,5.01139,1.729626,0.595901,0.267277,,0.257937,0.120364,,
both_highwin_highwin_exec,双入口高胜率执行,600350.SH,山东高速,2022-04-19,0.285303,box,9.067564,9.276568,8.070775,9.276568,True,1.943463,1.116355,0.639743,0.436303,,0.285303,0.133809,,
both_highwin_highwin_exec,双入口高胜率执行,600495.SH,晋西车轴,2022-04-19,0.275356,box,20.864207,21.72681,19.408564,21.672897,True,3.608247,1.668009,0.612679,0.272776,,0.275356,0.123053,,
both_highwin_highwin_exec,双入口高胜率执行,002446.SZ,盛路通信,2022-04-19,0.272279,box,30.477772,31.820186,28.091258,31.820186,True,4.918033,1.922257,0.500913,0.238229,,0.272279,0.121499,,
both_highwin_highwin_exec,双入口高胜率执行,300278.SZ,华昌达,2022-04-20,0.301419,box,19.840062,20.014865,16.60622,19.883763,True,0.886918,1.917931,0.445319,0.09,17.711739,0.301419,0.13783,,
both_highwin_highwin_exec,双入口高胜率执行,000007.SZ,全新好,2022-04-20,0.266432,box,10.502205,10.562218,8.866862,10.38218,True,3.283582,1.901975,0.556013,0.135,7.811241,0.266432,0.116817,,
both_highwin_highwin_exec,双入口高胜率执行,002719.SZ,麦趣尔,2022-04-20,0.233598,box,15.350755,16.097198,13.841643,15.902474,True,1.659751,2.317386,0.582583,0.06,11.748666,0.233598,0.116373,,
both_highwin_highwin_exec,双入口高胜率执行,600900.SH,长江电力,2022-04-21,0.272484,box,54.599656,55.562075,49.083354,55.256918,True,0.813704,1.609563,0.657941,0.554212,8.904545,0.272484,0.122721,,
both_highwin_highwin_exec,双入口高胜率执行,000429.SZ,粤高速Ａ,2022-04-22,0.272395,box,11.76941,12.186553,11.084102,12.171655,True,2.896725,2.086521,0.696411,0.387221,8.559038,0.272395,0.124972,,
both_highwin_highwin_exec,双入口高胜率执行,601113.SH,华鼎股份,2022-04-22,0.2585,box,10.265605,10.625431,9.228462,10.625431,True,5.020921,1.155252,0.30265,0.253737,14.035025,0.2585,0.122721,,
both_highwin_highwin_exec,双入口高胜率执行,601328.SH,交通银行,2022-04-22,0.244039,box,9.998141,10.214636,9.506106,10.194954,True,1.768173,1.102864,0.704328,0.514671,5.33474,0.244039,0.121601,,
both_highwin_highwin_exec,双入口高胜率执行,603223.SH,恒通股份,2022-04-25,0.23733,box,64.232979,65.236619,57.789608,65.236619,True,2.523659,3.28214,0.635252,0.146538,11.155008,0.23733,0.117531,,
both_highwin_highwin_exec,双入口高胜率执行,002032.SZ,苏泊尔,2022-04-26,0.226464,box,121.187057,129.511297,109.787473,127.383991,True,4.773678,1.403812,0.432934,0.333655,16.670071,0.226464,0.110204,,
both_highwin_highwin_exec,双入口高胜率执行,601288.SH,农业银行,2022-04-26,0.215461,box,5.347609,5.400036,5.17285,5.365084,True,0.326797,1.266085,0.797483,0.49122,9.145552,0.215461,0.111361,,
both_highwin_highwin_exec,双入口高胜率执行,300957.SZ,贝泰妮,2022-04-26,0.186964,box,176.883936,195.825412,162.490017,192.570002,True,5.631868,1.183502,0.393306,0.045,18.301249,0.186964,0.057157,,
both_highwin_highwin_exec,双入口高胜率执行,600795.SH,国电电力,2022-04-27,0.282293,box,7.859734,8.471047,7.161091,8.325496,True,4.761905,2.330759,0.541122,0.15,18.497372,0.282293,0.125467,,
both_highwin_highwin_exec,双入口高胜率执行,000895.SZ,双汇发展,2022-04-27,0.262801,box,144.944538,152.585766,129.08899,152.585766,True,2.700096,1.094596,0.368432,0.047393,16.45258,0.262801,0.119584,,
both_highwin_highwin_exec,双入口高胜率执行,300896.SZ,爱美客,2022-04-27,0.218718,box,886.283534,925.3127,786.668915,917.703011,True,3.776879,1.613993,0.480674,0.220117,8.821005,0.218718,0.101123,,
both_highwin_highwin_exec,双入口高胜率执行,601668.SH,中国建筑,2022-04-28,0.231449,box,11.602096,12.213771,10.398477,12.19404,True,4.215852,1.168393,0.393127,0.178016,9.281123,0.231449,0.104722,,
both_highwin_highwin_exec,双入口高胜率执行,300244.SZ,迪安诊断,2022-04-28,0.218874,box,304.947016,324.107488,250.897326,319.627179,True,8.651977,3.124398,0.50069,0.170684,26.416725,0.218874,0.102306,,
both_highwin_highwin_exec,双入口高胜率执行,002847.SZ,盐津铺子,2022-04-28,0.208066,box,69.529304,71.391696,57.682421,70.729513,True,1.786778,1.505343,0.501861,0.015,19.819004,0.208066,0.078248,,
both_highwin_highwin_exec,双入口高胜率执行,002078.SZ,太阳纸业,2022-04-29,0.255179,box,54.725442,57.547295,51.117171,56.992176,True,3.79107,1.568545,0.573936,0.037063,6.870618,0.255179,0.112786,,
both_highwin_highwin_exec,双入口高胜率执行,600820.SH,隧道股份,2022-04-29,0.240523,box,15.010203,15.539664,13.474768,15.513191,True,3.533569,2.489476,0.624196,0.015,11.052631,0.240523,0.098155,,
both_highwin_highwin_exec,双入口高胜率执行,600729.SH,重庆百货,2022-04-29,0.227461,box,36.495254,37.963686,34.097264,37.640362,True,3.36663,1.520936,0.533971,0.109646,7.984495,0.227461,0.102553,,
both_highwin_highwin_exec,双入口高胜率执行,300427.SZ,红相股份,2022-05-05,0.271781,box,47.427077,48.959132,43.064053,48.559465,True,2.459592,2.326192,0.708419,0.194734,8.716037,0.271781,0.116312,,
both_highwin_highwin_exec,双入口高胜率执行,002267.SZ,陕天然气,2022-05-05,0.257157,box,17.858148,18.591698,14.999833,18.364045,True,3.862661,2.045859,0.525529,0.03,10.513141,0.257157,0.10992,,
both_highwin_highwin_exec,双入口高胜率执行,002594.SZ,比亚迪,2022-05-05,0.250577,box,251.223779,257.540088,223.274878,253.876833,True,2.386831,1.53085,0.588737,0.161735,7.805315,0.250577,0.132704,,
both_highwin_highwin_exec,双入口高胜率执行,603177.SH,德创环保,2022-05-06,0.265031,box,21.421486,22.433844,19.994062,22.261743,True,2.901263,2.64036,0.393346,0.305763,10.683076,0.265031,0.115534,,
both_highwin_highwin_exec,双入口高胜率执行,300886.SZ,华业香料,2022-05-06,0.21756,box,34.18558,36.54906,28.427047,36.431539,True,5.761941,2.666622,0.473033,0.09,21.62097,0.21756,0.097941,,
both_highwin_highwin_exec,双入口高胜率执行,002501.SZ,利源股份,2022-05-09,0.331428,box,13.263955,13.942226,10.776964,13.942226,True,5.113636,1.603937,0.440683,0.06,11.686171,0.331428,0.140515,,
both_highwin_highwin_exec,双入口高胜率执行,002078.SZ,太阳纸业,2022-05-09,0.258268,box,58.056154,60.831747,51.117171,59.952809,True,4.854369,2.28051,0.563821,0.015,12.034523,0.258268,0.113795,,
both_highwin_highwin_exec,双入口高胜率执行,002818.SZ,富森美,2022-05-09,0.25043,box,24.869766,25.205044,21.516982,24.850043,True,1.449275,1.104626,0.67981,0.045,6.362658,0.25043,0.112954,,
both_highwin_highwin_exec,双入口高胜率执行,600795.SH,国电电力,2022-05-10,0.263637,box,8.558377,9.22791,7.306642,9.08236,True,5.405405,2.186461,0.408259,0.075,22.364342,0.263637,0.119411,,
both_highwin_highwin_exec,双入口高胜率执行,601186.SH,中国铁建,2022-05-10,0.261436,box,10.493635,10.952094,9.58945,10.901154,True,2.147971,1.064376,0.520945,0.06,14.089751,0.261436,0.118606,,
both_highwin_highwin_exec,双入口高胜率执行,600236.SH,桂冠电力,2022-05-10,0.259507,box,14.4265,15.474792,12.429752,15.275117,True,5.335628,2.692011,0.577135,0.075,20.04774,0.259507,0.117587,,
both_highwin_highwin_exec,双入口高胜率执行,600025.SH,华能水电,2022-05-11,0.267269,box,7.355439,7.468425,6.711414,7.411932,True,0.768049,2.270398,0.624585,0.139624,5.210156,0.267269,0.113997,,
both_highwin_highwin_exec,双入口高胜率执行,002993.SZ,奥海科技,2022-05-11,0.210116,box,40.144699,42.221824,32.149725,41.803787,True,4.302477,1.287264,0.350987,0.09,9.318712,0.210116,0.104091,,
both_highwin_highwin_exec,双入口高胜率执行,300622.SZ,博士眼镜,2022-05-11,0.203965,box,44.695498,47.062352,39.729331,46.681964,True,4.592803,1.071362,0.275735,0.116374,8.202718,0.203965,0.087343,,
both_highwin_highwin_exec,双入口高胜率执行,002981.SZ,朝阳科技,2022-05-12,0.280483,box,22.995491,24.089558,19.121087,24.069484,True,4.624782,1.964439,0.571697,0.135,12.581152,0.280483,0.125101,,
both_highwin_highwin_exec,双入口高胜率执行,600790.SH,轻纺城,2022-05-12,0.215667,box,9.044281,9.690302,7.680461,9.522815,True,3.916449,1.927365,0.532903,0.045,9.944152,0.215667,0.097395,,
both_highwin_highwin_exec,双入口高胜率执行,600805.SH,悦达投资,2022-05-12,0.20744,box,7.642342,8.459341,6.518969,8.323174,True,8.185841,2.309035,0.393654,0.045,9.950797,0.20744,0.09203,,
both_highwin_highwin_exec,双入口高胜率执行,300107.SZ,建新股份,2022-05-13,0.339677,box,49.93964,52.422299,40.772899,51.944864,True,4.214559,2.141289,0.473921,0.105174,17.395452,0.339677,0.136515,,
both_highwin_highwin_exec,双入口高胜率执行,000429.SZ,粤高速Ａ,2022-05-13,0.257058,box,11.709818,12.141859,11.32247,12.067369,True,3.316327,1.258392,0.690266,0.399102,-3.259887,0.257058,0.119465,,
both_highwin_highwin_exec,双入口高胜率执行,600694.SH,大商股份,2022-05-13,0.240326,box,26.397883,27.258684,23.453696,26.9468,True,1.028999,1.212652,0.574785,0.045,2.219673,0.240326,0.112531,,
both_highwin_highwin_exec,双入口高胜率执行,000523.SZ,红棉股份,2022-05-16,0.283996,box,8.318554,8.71117,7.06709,8.613016,True,3.846154,1.869253,0.48563,0.110405,13.516029,0.283996,0.130489,,
both_highwin_highwin_exec,双入口高胜率执行,600595.SH,中孚实业,2022-05-16,0.273243,box,8.986458,9.351596,7.850472,9.270454,True,3.863636,2.570964,0.633493,0.124033,10.170003,0.273243,0.126143,,
both_highwin_highwin_exec,双入口高胜率执行,300427.SZ,红相股份,2022-05-16,0.249241,box,48.259716,52.456213,43.064053,51.823407,True,7.532827,3.003209,0.626045,0.105,14.207871,0.249241,0.120387,,
both_highwin_highwin_exec,双入口高胜率执行,002367.SZ,康力电梯,2022-05-17,0.32941,box,62.029567,64.052271,52.298879,63.546595,True,2.585034,1.487056,0.589709,0.148515,9.838103,0.32941,0.13075,,
both_highwin_highwin_exec,双入口高胜率执行,300160.SZ,秀强股份,2022-05-17,0.258023,box,55.321768,56.65304,45.189305,55.913445,True,0.665779,1.157045,0.462213,0.281732,14.324603,0.258023,0.126794,,
both_highwin_highwin_exec,双入口高胜率执行,600199.SH,金种子酒,2022-05-17,0.22366,box,58.104735,63.4634,49.236671,62.643839,True,6.160969,1.438011,0.209025,0.147315,16.792209,0.22366,0.070888,,
both_highwin_highwin_exec,双入口高胜率执行,603949.SH,雪龙集团,2022-05-18,0.266159,box,36.802933,39.343569,33.521882,38.995139,True,6.841687,2.419065,0.594753,0.229653,13.226437,0.266159,0.117148,,
both_highwin_highwin_exec,双入口高胜率执行,300596.SZ,利安隆,2022-05-18,0.239639,box,71.200729,73.733684,60.26578,73.193114,True,3.021739,1.790436,0.556217,0.425077,3.897087,0.239639,0.113075,,
both_highwin_highwin_exec,双入口高胜率执行,300174.SZ,元力股份,2022-05-18,0.225524,box,55.20902,57.723716,43.24516,56.809281,True,2.969613,1.934661,0.42983,0.033613,13.560438,0.225524,0.119529,,
both_highwin_highwin_exec,双入口高胜率执行,002358.SZ,森源电气,2022-05-19,0.251714,box,23.80405,25.334311,19.298284,25.334311,True,4.929577,1.36659,0.333521,0.197779,18.051181,0.251714,0.11829,,
both_highwin_highwin_exec,双入口高胜率执行,600719.SH,大连热电,2022-05-19,0.244336,box,8.43399,8.799802,7.052035,8.677865,True,3.640777,1.732859,0.565279,0.108216,7.821295,0.244336,0.108313,,
both_highwin_highwin_exec,双入口高胜率执行,600089.SH,特变电工,2022-05-19,0.238041,box,35.125409,38.144136,30.588595,37.515961,True,4.878049,2.268537,0.585567,0.070553,11.837012,0.238041,0.105699,,
both_highwin_highwin_exec,双入口高胜率执行,603586.SH,金麒麟,2022-05-20,0.303042,box,13.558749,13.852033,10.727429,13.69411,True,1.166667,1.730944,0.454286,0.260566,6.045581,0.303042,0.136886,,
both_highwin_highwin_exec,双入口高胜率执行,600888.SH,新疆众和,2022-05-20,0.292511,box,20.903841,22.124685,16.645176,21.850618,True,6.174334,2.294262,0.420674,0.261083,5.854601,0.292511,0.120673,,
both_highwin_highwin_exec,双入口高胜率执行,603177.SH,德创环保,2022-05-20,0.255447,box,23.587931,24.357323,19.994062,24.316829,True,3.579129,1.206462,0.379309,0.202496,4.913413,0.255447,0.120019,,
both_highwin_highwin_exec,双入口高胜率执行,002972.SZ,科安达,2022-05-23,0.353179,box,17.70128,18.403631,14.983487,18.261125,True,2.808023,1.815894,0.552794,0.249333,5.104541,0.353179,0.140656,,
both_highwin_highwin_exec,双入口高胜率执行,002575.SZ,群兴玩具,2022-05-23,0.348809,box,20.763684,21.48122,17.759004,21.077606,True,2.396514,2.325327,0.568708,0.205139,6.821247,0.348809,0.128996,,
both_highwin_highwin_exec,双入口高胜率执行,600873.SH,梅花生物,2022-05-23,0.236175,box,37.290679,38.447289,28.715817,37.968692,True,6.368715,1.735391,0.454075,0.264148,-0.849457,0.236175,0.10327,,
both_highwin_highwin_exec,双入口高胜率执行,600350.SH,山东高速,2022-05-25,0.262099,box,8.842482,9.324799,8.633478,9.292645,True,4.710145,1.427017,0.68319,0.418138,3.786951,0.262099,0.125271,,
both_highwin_highwin_exec,双入口高胜率执行,600035.SH,楚天高速,2022-05-25,0.247977,box,6.816571,7.172036,6.168369,7.130217,True,4.601227,1.528887,0.625533,0.254489,7.062821,0.247977,0.11383,,
both_highwin_highwin_exec,双入口高胜率执行,002448.SZ,中原内配,2022-05-25,0.241696,box,36.777529,38.662092,33.408159,38.547876,True,5.633803,1.760284,0.593738,0.149942,5.134328,0.241696,0.103537,,
both_highwin_highwin_exec,双入口高胜率执行,000425.SZ,徐工机械,2022-05-26,0.322207,box,35.551154,37.496406,31.526495,37.429328,True,5.882353,3.034861,0.611527,0.250501,11.633447,0.322207,0.136594,,
both_highwin_highwin_exec,双入口高胜率执行,603195.SH,公牛集团,2022-05-26,0.294493,box,146.562626,150.024735,128.27851,149.709998,True,2.595442,1.179823,0.543223,0.483443,-0.800945,0.294493,0.133934,,
both_highwin_highwin_exec,双入口高胜率执行,600323.SH,瀚蓝环境,2022-05-26,0.285227,box,39.750025,40.87754,34.85046,40.447034,True,1.805986,2.150525,0.651392,0.448385,2.215996,0.285227,0.131851,,
both_highwin_highwin_exec,双入口高胜率执行,000070.SZ,特发信息,2022-05-27,0.272456,box,14.272496,14.617599,10.180554,14.592949,True,2.24525,2.19425,0.256744,0.128648,12.229156,0.272456,0.13461,,
both_highwin_highwin_exec,双入口高胜率执行,601019.SH,山东出版,2022-05-27,0.261591,box,7.730006,7.872059,6.581751,7.836546,True,1.378254,1.728753,0.589523,0.320762,5.263765,0.261591,0.126632,,
both_highwin_highwin_exec,双入口高胜率执行,002501.SZ,利源股份,2022-05-27,0.258231,box,15.977037,16.27849,11.003054,16.0524,True,0.947867,1.215626,0.255202,0.096214,6.716804,0.258231,0.130501,,
both_highwin_highwin_exec,双入口高胜率执行,600060.SH,海信视像,2022-05-30,0.296894,box,32.531177,33.603633,26.536421,33.273647,True,3.59589,1.441538,0.396223,0.277753,4.964209,0.296894,0.122102,,
both_highwin_highwin_exec,双入口高胜率执行,601568.SH,北元集团,2022-05-30,0.281137,box,7.826439,8.021843,6.921411,8.011559,True,2.365309,1.930707,0.618113,0.399245,6.212476,0.281137,0.133552,,
both_highwin_highwin_exec,双入口高胜率执行,000429.SZ,粤高速Ａ,2022-05-30,0.267789,box,12.305737,12.588799,11.411858,12.484513,True,1.330109,1.344519,0.696645,0.481601,0.864171,0.267789,0.121085,,
both_highwin_highwin_exec,双入口高胜率执行,688777.SH,中控技术,2022-05-31,0.315307,trend,74.716836,76.682541,73.814217,76.502017,True,2.183523,1.977601,0.364036,0.204677,9.989547,0.315307,0.138776,,
both_highwin_highwin_exec,双入口高胜率执行,601012.SH,隆基绿能,2022-05-31,0.314231,box,1069.986808,1085.317309,877.123637,1084.085394,True,3.787184,1.07845,0.264446,0.246657,10.506549,0.314231,0.135143,,
both_highwin_highwin_exec,双入口高胜率执行,002832.SZ,比音勒芬,2022-05-31,0.311687,box,128.756327,135.615651,111.320029,135.301484,True,5.211726,1.090607,0.532161,0.369035,0.646952,0.311687,0.125588,,
both_highwin_highwin_exec,双入口高胜率执行,603722.SH,阿科力,2022-06-01,0.299884,box,51.43021,54.203152,42.876685,53.502068,True,3.5859,1.505881,0.233946,0.25696,7.192267,0.299884,0.130983,,
both_highwin_highwin_exec,双入口高胜率执行,603629.SH,利通电子,2022-06-01,0.29853,box,21.555048,21.94123,17.154607,21.82944,True,1.225259,1.259429,0.262736,0.279375,5.544942,0.29853,0.132989,,
both_highwin_highwin_exec,双入口高胜率执行,600660.SH,福耀玻璃,2022-06-01,0.283294,box,67.646185,68.835859,54.700654,67.993173,True,2.516193,1.152737,0.259308,0.243707,8.929833,0.283294,0.120329,,
both_highwin_highwin_exec,双入口高胜率执行,601615.SH,明阳智能,2022-06-02,0.316891,trend,25.635634,26.716532,25.513268,26.655349,True,4.06051,1.392383,0.284825,0.420759,3.409381,0.316891,0.13415,,
both_highwin_highwin_exec,双入口高胜率执行,603855.SH,华荣股份,2022-06-02,0.304128,box,27.47518,29.654646,24.171203,29.295266,True,6.53457,1.891639,0.31556,0.254649,13.455657,0.304128,0.136303,,
both_highwin_highwin_exec,双入口高胜率执行,603787.SH,新日股份,2022-06-02,0.296333,box,14.819472,15.406382,12.2203,15.280615,True,2.820874,1.174511,0.266512,0.432754,0.354329,0.296333,0.132291,,
both_highwin_highwin_exec,双入口高胜率执行,688181.SH,八亿时空,2022-06-06,0.305653,box,41.924033,44.149278,36.081493,43.30592,True,2.971732,3.409543,0.325728,0.200804,9.459094,0.305653,0.139062,,
both_highwin_highwin_exec,双入口高胜率执行,603031.SH,安孚科技,2022-06-06,0.305487,box,61.600384,64.91406,54.307465,64.560035,True,5.459172,1.96917,0.616237,0.183421,14.577728,0.305487,0.120787,,
both_highwin_highwin_exec,双入口高胜率执行,688096.SH,京源环保,2022-06-06,0.289717,box,14.463899,14.606101,11.558931,14.463899,True,1.496793,1.993427,0.40224,0.21096,4.656675,0.289717,0.127022,,
both_highwin_highwin_exec,双入口高胜率执行,002950.SZ,奥美医疗,2022-06-07,0.290779,box,20.371784,20.837333,18.750389,20.805226,True,3.020668,1.940345,0.407294,0.292393,1.852277,0.290779,0.129584,,
both_highwin_highwin_exec,双入口高胜率执行,600590.SH,泰豪科技,2022-06-07,0.282845,box,10.853504,10.937901,9.317472,10.921022,True,0.154799,1.289809,0.291828,0.268539,2.116258,0.282845,0.129051,,
both_highwin_highwin_exec,双入口高胜率执行,000096.SZ,广聚能源,2022-06-07,0.281342,box,9.745088,10.276071,9.224517,10.203191,True,4.700855,2.054653,0.497675,0.215083,2.744539,0.281342,0.120762,,
both_highwin_highwin_exec,双入口高胜率执行,002379.SZ,宏桥控股,2022-06-08,0.296975,box,26.535881,27.658244,24.53166,27.337569,True,3.963415,2.299638,0.652131,0.354523,-3.562534,0.296975,0.124447,,
both_highwin_highwin_exec,双入口高胜率执行,002493.SZ,荣盛石化,2022-06-08,0.28732,box,239.002424,247.478761,201.596619,243.543319,True,3.539254,1.193708,0.44046,0.154722,4.252432,0.28732,0.131636,,
both_highwin_highwin_exec,双入口高胜率执行,605008.SH,长鸿高科,2022-06-08,0.282763,box,16.877161,17.272941,15.477799,17.202266,True,1.841004,1.484549,0.248177,0.300998,3.055958,0.282763,0.11833,,
both_highwin_highwin_exec,双入口高胜率执行,601857.SH,中国石油,2022-06-09,0.29127,box,7.915035,8.164983,7.012443,8.053895,True,2.836879,1.76167,0.620683,0.273254,4.189825,0.29127,0.129226,,
both_highwin_highwin_exec,双入口高胜率执行,000981.SZ,山子高科,2022-06-09,0.289147,box,9.032659,9.36928,7.573969,9.313176,True,4.402516,2.847868,0.525211,0.174865,12.897765,0.289147,0.132013,,
both_highwin_highwin_exec,双入口高胜率执行,300442.SZ,润泽科技,2022-06-09,0.286043,box,49.367393,51.116513,41.275202,50.211795,True,1.400731,1.724302,0.455956,0.19162,14.493595,0.286043,0.131626,,
both_highwin_highwin_exec,双入口高胜率执行,601233.SH,桐昆股份,2022-06-10,0.308749,box,51.628995,54.614769,45.875162,53.712816,True,2.920143,1.237236,0.384877,0.314368,-1.619484,0.308749,0.131502,,
both_highwin_highwin_exec,双入口高胜率执行,600039.SH,四川路桥,2022-06-10,0.300739,box,47.04241,48.101924,41.532939,47.762879,True,1.166966,1.426097,0.446779,0.346962,0.061111,0.300739,0.131559,,
both_highwin_highwin_exec,双入口高胜率执行,600917.SH,重庆燃气,2022-06-10,0.300728,box,8.320601,8.603763,7.285972,8.516636,True,2.759527,2.327555,0.546541,0.180191,3.672025,0.300728,0.130582,,
both_highwin_highwin_exec,双入口高胜率执行,300121.SZ,阳谷华泰,2022-06-13,0.295806,box,65.219189,67.983779,57.365241,67.543958,True,2.576336,1.209703,0.358785,0.321343,3.667114,0.295806,0.136701,,
both_highwin_highwin_exec,双入口高胜率执行,603380.SH,易德龙,2022-06-13,0.285443,box,37.894672,39.452564,34.020994,38.799934,True,2.332038,1.110184,0.266457,0.229584,4.450312,0.285443,0.139839,,
both_highwin_highwin_exec,双入口高胜率执行,300470.SZ,中密控股,2022-06-13,0.282922,box,138.289654,145.073389,125.741465,144.391226,True,3.532609,1.233478,0.464331,0.2556,4.885719,0.282922,0.124046,,
both_highwin_highwin_exec,双入口高胜率执行,002052.SZ,同洲电子,2022-06-14,0.291243,box,3.559427,3.720305,3.33822,3.720305,True,5.113636,1.660648,0.433683,0.42609,0.916752,0.291243,0.129123,,
both_highwin_highwin_exec,双入口高胜率执行,000407.SZ,胜利股份,2022-06-14,0.290519,box,5.092379,5.239018,4.532484,5.225687,True,2.617801,2.127976,0.534919,0.355334,2.014455,0.290519,0.132854,,
both_highwin_highwin_exec,双入口高胜率执行,000902.SZ,新洋丰,2022-06-14,0.289401,box,40.61742,41.965343,35.427915,41.897947,True,1.303639,1.409905,0.379416,0.199435,8.714335,0.289401,0.120672,,
both_highwin_highwin_exec,双入口高胜率执行,600845.SH,宝信软件,2022-06-15,0.331184,box,263.262757,272.151129,224.664636,269.450242,True,1.743,1.161338,0.345398,0.320949,0.592128,0.331184,0.134847,,
both_highwin_highwin_exec,双入口高胜率执行,002254.SZ,泰和新材,2022-06-15,0.285654,box,67.640716,69.406792,60.797171,68.170539,True,0.78329,1.79743,0.320956,0.417987,3.107747,0.285654,0.132696,,
both_highwin_highwin_exec,双入口高胜率执行,000661.SZ,长春高新,2022-06-15,0.281447,box,419.68071,446.824594,346.410569,441.672504,True,5.600228,1.520421,0.338997,0.147668,7.579464,0.281447,0.128664,,
both_highwin_highwin_exec,双入口高胜率执行,688069.SH,德林海,2022-06-16,0.32444,box,40.570206,42.994882,36.319414,42.964447,True,4.904632,1.683077,0.434721,0.269548,5.941463,0.32444,0.133589,,
both_highwin_highwin_exec,双入口高胜率执行,603489.SH,八方股份,2022-06-16,0.289143,box,206.426988,213.524823,182.998034,209.375945,True,1.428571,1.556143,0.245094,0.342788,4.116152,0.289143,0.131921,,
both_highwin_highwin_exec,双入口高胜率执行,002372.SZ,伟星新材,2022-06-16,0.288628,box,178.723729,184.186154,153.716063,180.857488,True,2.664729,1.082989,0.554222,0.177299,6.68131,0.288628,0.119018,,
both_highwin_highwin_exec,双入口高胜率执行,002397.SZ,梦洁股份,2022-06-17,0.328709,box,47.13075,49.842382,40.416232,49.584131,True,5.205479,1.721501,0.28294,0.326198,5.615926,0.328709,0.130893,,
both_highwin_highwin_exec,双入口高胜率执行,300316.SZ,晶盛机电,2022-06-17,0.327241,box,570.354071,586.366933,493.558048,584.423175,True,2.069188,1.193645,0.244861,0.190814,5.912788,0.327241,0.12572,,
both_highwin_highwin_exec,双入口高胜率执行,300015.SZ,爱尔眼科,2022-06-17,0.299037,box,1410.467079,1518.502856,1245.412421,1500.496893,True,5.401845,1.81354,0.418916,0.161573,8.528484,0.299037,0.132783,,
both_highwin_highwin_exec,双入口高胜率执行,603267.SH,鸿远电子,2022-06-20,0.327548,box,190.033981,196.240157,164.537176,194.720567,True,2.966356,1.209311,0.395417,0.131762,0.36155,0.327548,0.132487,,
both_highwin_highwin_exec,双入口高胜率执行,000568.SZ,泸州老窖,2022-06-20,0.327259,box,322.156503,329.745078,276.338689,325.191933,True,1.847534,1.051234,0.522449,0.324816,1.79067,0.327259,0.134989,,
both_highwin_highwin_exec,双入口高胜率执行,600151.SH,航天机电,2022-06-20,0.313547,box,11.199006,11.963817,10.008088,11.756225,True,5.697446,1.470589,0.238609,0.238792,0.82628,0.313547,0.132257,,
both_highwin_highwin_exec,双入口高胜率执行,688309.SH,恒誉环保,2022-06-21,0.316065,box,16.419093,17.140811,13.732697,16.970406,True,3.865031,1.056036,0.24115,0.51451,-2.909836,0.316065,0.13051,,
both_highwin_highwin_exec,双入口高胜率执行,000551.SZ,创元科技,2022-06-21,0.289441,box,13.446963,13.729067,12.334219,13.68205,True,1.158749,1.245133,0.286719,0.575855,-1.39875,0.289441,0.127774,,
both_highwin_highwin_exec,双入口高胜率执行,000720.SZ,新能泰山,2022-06-21,0.288776,box,5.89,6.05,5.42,5.95,True,1.883562,1.657639,0.301859,0.263915,3.896709,0.288776,0.136534,,
both_highwin_highwin_exec,双入口高胜率执行,300025.SZ,华星创业,2022-06-22,0.272892,box,36.353932,37.228972,31.978733,36.513031,True,0.437637,1.500438,0.227528,0.276849,5.540092,0.272892,0.124263,,
both_highwin_highwin_exec,双入口高胜率执行,600332.SH,白云山,2022-06-22,0.267008,box,34.933471,35.698854,32.723855,35.047707,True,0.0,1.280672,0.609815,0.300845,-0.562451,0.267008,0.111188,,
both_highwin_highwin_exec,双入口高胜率执行,002404.SZ,嘉欣丝绸,2022-06-22,0.266093,box,29.746364,30.328588,28.052621,29.905152,True,0.533808,1.466395,0.52539,0.49101,1.336741,0.266093,0.123073,,
both_highwin_highwin_exec,双入口高胜率执行,300694.SZ,蠡湖股份,2022-06-23,0.35405,box,10.986551,11.492844,9.589183,11.361208,True,3.314917,1.814535,0.413206,0.183859,12.725209,0.35405,0.131359,,
both_highwin_highwin_exec,双入口高胜率执行,002090.SZ,金智科技,2022-06-23,0.303011,box,30.805587,32.86912,28.778904,32.500632,True,5.0,2.976868,0.227996,0.241849,7.335463,0.303011,0.135873,,
both_highwin_highwin_exec,双入口高胜率执行,688568.SH,中科星图,2022-06-23,0.290165,box,65.824703,67.85782,60.792233,67.666586,True,2.484756,1.115636,0.561405,0.412931,0.838462,0.290165,0.136112,,
both_highwin_highwin_exec,双入口高胜率执行,300066.SZ,三川智慧,2022-06-24,0.311617,box,110.20149,113.585797,97.933378,113.162759,True,3.883495,2.425136,0.358772,0.293825,2.056327,0.311617,0.125933,,
both_highwin_highwin_exec,双入口高胜率执行,601956.SH,东贝集团,2022-06-24,0.304675,box,6.282935,6.507691,5.915154,6.477042,True,3.257329,2.321404,0.5324,0.254977,2.345169,0.304675,0.130359,,
both_highwin_highwin_exec,双入口高胜率执行,300416.SZ,苏试试验,2022-06-24,0.302686,box,122.918189,124.487357,111.513425,123.284328,True,1.202233,1.274215,0.470684,0.379128,-3.999493,0.302686,0.126764,,
both_highwin_highwin_exec,双入口高胜率执行,300442.SZ,润泽科技,2022-06-27,0.299545,box,48.502886,51.06625,43.235422,50.543525,True,4.207254,1.164854,0.417039,0.411843,-3.262654,0.299545,0.136069,,
both_highwin_highwin_exec,双入口高胜率执行,688069.SH,德林海,2022-06-27,0.295329,box,45.723874,47.406167,36.37014,46.902917,True,1.021988,1.145904,0.260979,0.127988,9.669255,0.295329,0.137769,,
both_highwin_highwin_exec,双入口高胜率执行,600519.SH,贵州茅台,2022-06-27,0.288799,box,3280.213427,3328.930915,2854.844799,3264.964853,True,0.076655,1.204834,0.542505,0.167696,2.242308,0.288799,0.128957,,
both_highwin_highwin_exec,双入口高胜率执行,600234.SH,科新发展,2022-06-28,0.310531,box,12.170937,13.305398,11.204545,13.207358,True,6.795017,2.640204,0.410863,0.210709,6.446949,0.310531,0.139221,,
both_highwin_highwin_exec,双入口高胜率执行,000410.SZ,沈阳机床,2022-06-28,0.290444,box,4.886817,5.007728,4.564388,4.947273,True,1.028807,1.112864,0.317487,0.481716,-5.73734,0.290444,0.129667,,
both_highwin_highwin_exec,双入口高胜率执行,002842.SZ,翔鹭钨业,2022-06-28,0.289717,box,23.715912,24.415909,21.990752,24.303909,True,2.479339,1.390543,0.45153,0.376528,-4.47416,0.289717,0.127961,,
both_highwin_highwin_exec,双入口高胜率执行,603661.SH,恒林股份,2022-06-29,0.288544,box,43.858207,44.612245,40.666453,44.292037,True,0.515706,1.32558,0.403203,0.502855,0.004438,0.288544,0.12578,,
both_highwin_highwin_exec,双入口高胜率执行,600521.SH,华海药业,2022-06-29,0.284216,box,94.156755,98.212196,79.521904,97.330578,True,3.274088,1.151722,0.243947,0.448793,4.151799,0.284216,0.119469,,
both_highwin_highwin_exec,双入口高胜率执行,603776.SH,永安行,2022-06-29,0.264164,box,35.558191,37.228877,31.06978,36.829907,True,3.576438,2.277571,0.299809,0.091306,9.661119,0.264164,0.125527,,
both_highwin_highwin_exec,双入口高胜率执行,300426.SZ,华智数媒,2022-06-30,0.316009,box,37.82308,40.290898,33.391081,39.736898,True,6.048387,2.864508,0.428722,0.163602,4.360438,0.316009,0.13919,,
both_highwin_highwin_exec,双入口高胜率执行,000568.SZ,泸州老窖,2022-06-30,0.302474,box,340.76999,360.113698,293.534687,352.997619,True,4.510386,1.560362,0.367889,0.169138,7.48584,0.302474,0.13921,,
both_highwin_highwin_exec,双入口高胜率执行,002271.SZ,东方雨虹,2022-06-30,0.301664,box,1099.433721,1168.706983,983.456871,1150.159626,True,4.826884,1.412466,0.566539,0.119335,8.469644,0.301664,0.126687,,
both_highwin_highwin_exec,双入口高胜率执行,002535.SZ,林州重机,2022-07-01,0.292798,box,5.929322,6.246964,5.682267,6.246964,True,4.733728,3.298871,0.652912,0.327059,3.613598,0.292798,0.129391,,
both_highwin_highwin_exec,双入口高胜率执行,688222.SH,成都先导,2022-07-01,0.26529,box,16.618326,17.070184,14.318872,16.979813,True,5.952381,1.663913,0.2306,0.178236,9.37563,0.26529,0.134244,,
both_highwin_highwin_exec,双入口高胜率执行,300345.SZ,华民股份,2022-07-01,0.254329,box,28.262066,30.028445,23.996907,29.769951,True,6.307692,1.220201,0.244681,0.126731,4.98867,0.254329,0.119183,,
both_highwin_highwin_exec,双入口高胜率执行,002020.SZ,京新药业,2022-07-04,0.299251,box,52.047819,53.354696,48.184007,53.297876,True,2.178649,1.301411,0.690722,0.337182,2.888133,0.299251,0.125335,,
both_highwin_highwin_exec,双入口高胜率执行,003036.SZ,泰坦股份,2022-07-04,0.298341,box,10.918419,11.31233,10.191198,11.31233,True,3.799815,1.229975,0.510026,0.27443,2.337097,0.298341,0.126781,,
both_highwin_highwin_exec,双入口高胜率执行,603499.SH,翔港科技,2022-07-04,0.297611,box,15.860758,16.140418,14.442478,16.020564,True,0.880503,1.410611,0.36734,0.462895,1.012561,0.297611,0.122404,,
both_highwin_highwin_exec,双入口高胜率执行,603368.SH,柳药集团,2022-07-05,0.304531,box,51.250974,51.774536,43.677289,51.1928,True,0.22779,1.125743,0.440385,0.03,9.392502,0.304531,0.134878,,
both_highwin_highwin_exec,双入口高胜率执行,300109.SZ,新开源,2022-07-05,0.298979,box,74.10339,76.708236,62.291759,76.124391,True,2.789569,1.531887,0.241699,0.265855,3.081857,0.298979,0.137339,,
both_highwin_highwin_exec,双入口高胜率执行,002668.SZ,TCL智家,2022-07-05,0.298935,box,25.491878,26.578741,21.391441,26.282324,True,2.307692,1.299059,0.404338,0.105,9.884436,0.298935,0.132418,,
both_highwin_highwin_exec,双入口高胜率执行,688059.SH,华锐精密,2022-07-06,0.329577,box,141.536568,148.419434,121.162877,147.635439,True,2.524217,1.309559,0.2469,0.247303,8.27471,0.329577,0.133827,,
both_highwin_highwin_exec,双入口高胜率执行,688192.SH,迪哲医药-U,2022-07-06,0.316919,box,26.4,28.5,23.88,27.98,True,5.505279,2.000295,0.33938,0.154535,10.940571,0.316919,0.12444,,
both_highwin_highwin_exec,双入口高胜率执行,002193.SZ,如意集团,2022-07-06,0.264947,box,6.229659,6.496498,5.737033,6.455445,True,3.114754,2.414547,0.486191,0.224087,8.13217,0.264947,0.134451,,
both_highwin_highwin_exec,双入口高胜率执行,600323.SH,瀚蓝环境,2022-07-07,0.2854,box,42.599562,43.563075,40.89804,43.091569,True,1.00913,1.552673,0.616845,0.435345,0.746437,0.2854,0.132372,,
both_highwin_highwin_exec,双入口高胜率执行,002767.SZ,先锋电子,2022-07-07,0.280279,box,16.394723,16.791616,15.314313,16.501579,True,0.092593,1.250329,0.502984,0.436261,1.737135,0.280279,0.12848,,
both_highwin_highwin_exec,双入口高胜率执行,000901.SZ,航天科技,2022-07-07,0.278631,box,20.027486,21.166173,19.446979,20.942901,True,4.804469,1.52389,0.347441,0.425397,0.108968,0.278631,0.121883,,
both_highwin_highwin_exec,双入口高胜率执行,002826.SZ,易明医药,2022-07-08,0.326437,box,10.990243,11.278917,9.435784,11.186129,True,4.026846,2.260626,0.482659,0.20369,14.410455,0.326437,0.141997,,
both_highwin_highwin_exec,双入口高胜率执行,002546.SZ,新联电子,2022-07-08,0.289889,box,40.578178,41.930784,36.416314,41.618644,True,1.78117,1.698175,0.483647,0.248921,5.609134,0.289889,0.133163,,
both_highwin_highwin_exec,双入口高胜率执行,603878.SH,武进不锈,2022-07-08,0.284934,box,15.621674,16.175293,15.043985,15.98273,True,2.311248,1.472549,0.46001,0.4847,2.390548,0.284934,0.130908,,
both_highwin_highwin_exec,双入口高胜率执行,300434.SZ,金石亚药,2022-07-11,0.318355,box,36.398008,37.468537,31.672911,36.95173,True,1.521298,1.610037,0.485908,0.425022,4.264335,0.318355,0.138968,,
both_highwin_highwin_exec,双入口高胜率执行,600970.SH,中材国际,2022-07-11,0.298904,box,50.75118,51.927871,43.02595,51.006982,True,1.424212,1.158411,0.319523,0.347693,5.871311,0.298904,0.137001,,
both_highwin_highwin_exec,双入口高胜率执行,300888.SZ,稳健医疗,2022-07-11,0.290437,box,74.080947,76.316148,63.605374,75.399406,True,1.51158,1.509702,0.343068,0.105831,14.701873,0.290437,0.12835,,
both_highwin_highwin_exec,双入口高胜率执行,002322.SZ,理工能科,2022-07-12,0.286811,box,44.19332,46.081487,41.003159,45.367046,True,2.893519,1.420391,0.578326,0.526628,4.993136,0.286811,0.132319,,
both_highwin_highwin_exec,双入口高胜率执行,600039.SH,四川路桥,2022-07-12,0.280707,box,47.313349,49.656907,45.89837,48.905199,True,3.461179,2.308253,0.493989,0.370853,7.789138,0.280707,0.120851,,
both_highwin_highwin_exec,双入口高胜率执行,600886.SH,国投电力,2022-07-12,0.255356,box,36.075933,36.771525,32.471501,36.360493,True,1.232394,1.128577,0.548548,0.172604,12.327686,0.255356,0.125757,,
both_highwin_highwin_exec,双入口高胜率执行,600558.SH,大西洋,2022-07-13,0.314146,box,16.486661,17.009293,15.25135,16.961781,True,2.292264,1.748827,0.467507,0.457695,8.509381,0.314146,0.129559,,
both_highwin_highwin_exec,双入口高胜率执行,600302.SH,标准股份,2022-07-13,0.310432,box,5.083834,5.421392,4.80765,5.370247,True,5.633803,2.291476,0.562082,0.338949,8.319987,0.310432,0.121465,,
both_highwin_highwin_exec,双入口高胜率执行,688350.SH,富淼科技,2022-07-13,0.303584,box,19.379551,19.96365,18.044469,19.921928,True,3.860794,2.180114,0.50677,0.236925,8.429475,0.303584,0.129785,,
both_highwin_highwin_exec,双入口高胜率执行,300876.SZ,蒙泰高新,2022-07-14,0.28262,box,23.744699,24.978852,21.776174,24.621866,True,4.321521,2.8011,0.53891,0.12,11.448904,0.28262,0.129942,,
both_highwin_highwin_exec,双入口高胜率执行,000590.SZ,古汉医药,2022-07-14,0.280279,box,9.33372,9.639188,8.903804,9.514738,True,2.063107,1.306153,0.623893,0.357219,5.94435,0.280279,0.128235,,
both_highwin_highwin_exec,双入口高胜率执行,300111.SZ,向日葵,2022-07-14,0.280205,box,6.708455,6.865509,6.282165,6.843073,True,1.666667,1.265567,0.624494,0.390164,7.728477,0.280205,0.1281,,
both_highwin_highwin_exec,双入口高胜率执行,600261.SH,阳光照明,2022-07-15,0.27508,box,24.228101,24.803249,23.365379,24.515675,True,0.294118,1.572975,0.737597,0.48199,4.884808,0.27508,0.117835,,
both_highwin_highwin_exec,双入口高胜率执行,603339.SH,四方科技,2022-07-15,0.266361,box,20.349884,21.013468,17.176353,20.665876,True,1.948558,1.543946,0.307509,0.075,17.449352,0.266361,0.131079,,
both_highwin_highwin_exec,双入口高胜率执行,002679.SZ,福建金森,2022-07-15,0.243954,box,19.73366,20.396224,18.892025,20.163431,True,3.208066,2.599443,0.455334,0.543062,7.434899,0.243954,0.116939,,
both_highwin_highwin_exec,双入口高胜率执行,300154.SZ,瑞凌股份,2022-07-18,0.298961,box,30.511111,32.200307,29.191426,32.14752,True,5.363322,1.7618,0.482887,0.309091,9.524981,0.298961,0.117956,,
both_highwin_highwin_exec,双入口高胜率执行,603041.SH,美思德,2022-07-18,0.29768,box,17.792326,18.607128,16.429383,18.503426,True,3.996669,1.528016,0.505693,0.184407,6.567464,0.29768,0.133362,,
both_highwin_highwin_exec,双入口高胜率执行,603126.SH,中材节能,2022-07-18,0.293077,box,11.371931,11.936495,11.097714,11.920364,True,5.722461,2.832415,0.472217,0.507075,6.737982,0.293077,0.130793,,
both_highwin_highwin_exec,双入口高胜率执行,603788.SH,宁波高发,2022-07-19,0.29474,box,23.271758,23.986713,21.001779,23.629235,True,1.848998,1.625982,0.414687,0.278125,13.800907,0.29474,0.137251,,
both_highwin_highwin_exec,双入口高胜率执行,600345.SH,长江通信,2022-07-19,0.291269,box,17.444603,17.778791,16.486598,17.700814,True,1.46871,1.47801,0.48625,0.417366,10.626585,0.291269,0.131589,,
both_highwin_highwin_exec,双入口高胜率执行,002318.SZ,久立特材,2022-07-19,0.290324,box,94.198452,98.732386,91.275257,97.837531,True,3.863205,1.899684,0.567896,0.351641,6.5156,0.290324,0.127759,,
both_highwin_highwin_exec,双入口高胜率执行,600182.SH,S佳通,2022-07-20,0.304251,box,16.453528,17.188686,14.356601,17.165347,True,4.77208,1.381381,0.249266,0.482224,8.84763,0.304251,0.132986,,
both_highwin_highwin_exec,双入口高胜率执行,600658.SH,电子城,2022-07-20,0.301584,box,8.033596,8.301979,7.085309,8.266194,True,2.666667,1.419042,0.66315,0.105,18.093729,0.301584,0.132648,,
both_highwin_highwin_exec,双入口高胜率执行,300270.SZ,中威电子,2022-07-20,0.297309,box,40.806901,41.811997,37.389574,41.744991,True,2.298851,1.210423,0.462828,0.281155,9.664082,0.297309,0.132939,,
both_highwin_highwin_exec,双入口高胜率执行,600666.SH,奥瑞德,2022-07-21,0.293732,box,3.225032,3.394771,2.909804,3.394771,True,5.263158,1.852958,0.473759,0.170476,17.571101,0.293732,0.132686,,
both_highwin_highwin_exec,双入口高胜率执行,300378.SZ,鼎捷数智,2022-07-21,0.287424,box,38.382436,39.563078,35.072009,39.169531,True,1.378071,1.417896,0.504163,0.227451,10.550228,0.287424,0.133058,,
both_highwin_highwin_exec,双入口高胜率执行,002099.SZ,海翔药业,2022-07-21,0.285737,box,34.26041,35.102879,32.247845,34.822056,True,3.477051,2.408091,0.578765,0.228065,11.872486,0.285737,0.134654,,
both_highwin_highwin_exec,双入口高胜率执行,300137.SZ,先河环保,2022-07-22,0.304122,box,28.579437,30.074083,24.639008,29.938206,True,4.588608,2.250114,0.433689,0.135,22.76125,0.304122,0.134879,,
both_highwin_highwin_exec,双入口高胜率执行,003015.SZ,日久光电,2022-07-22,0.288943,box,9.879575,10.096822,9.031276,10.055442,True,1.886792,1.571133,0.527272,0.20531,9.383549,0.288943,0.118146,,
both_highwin_highwin_exec,双入口高胜率执行,300583.SZ,赛托生物,2022-07-22,0.288943,box,23.758695,24.223759,22.151192,24.193429,True,1.829787,1.565459,0.532996,0.240246,10.281211,0.288943,0.116955,,
both_highwin_highwin_exec,双入口高胜率执行,002021.SZ,中捷资源,2022-07-25,0.292318,box,2.430442,2.574955,2.33848,2.574955,True,4.812834,3.032321,0.449181,0.349386,11.547571,0.292318,0.13064,,
both_highwin_highwin_exec,双入口高胜率执行,002853.SZ,皮阿诺,2022-07-25,0.287885,box,31.243238,32.52327,28.73542,31.974685,True,2.255639,1.802518,0.57465,0.223738,11.101687,0.287885,0.133058,,
both_highwin_highwin_exec,双入口高胜率执行,600671.SH,天目药业,2022-07-25,0.277297,box,7.93,8.31,7.2,8.31,True,5.05689,3.722025,0.723262,0.12,15.861904,0.277297,0.119,,
both_highwin_highwin_exec,双入口高胜率执行,688600.SH,皖仪科技,2022-07-26,0.327547,box,13.795924,14.435197,12.197741,14.424886,True,4.559043,1.897063,0.507121,0.242619,18.933889,0.327547,0.13535,,
both_highwin_highwin_exec,双入口高胜率执行,688777.SH,中控技术,2022-07-26,0.31197,box,79.105853,80.536448,66.97602,80.49615,True,1.926266,1.119656,0.409057,0.188687,17.466,0.31197,0.128814,,
both_highwin_highwin_exec,双入口高胜率执行,002983.SZ,芯瑞达,2022-07-26,0.290667,box,26.845786,27.495709,24.935809,27.376336,True,1.825358,1.372273,0.651946,0.269553,10.256901,0.290667,0.120412,,
both_highwin_highwin_exec,双入口高胜率执行,300588.SZ,熙菱信息,2022-07-27,0.330954,box,17.198919,18.360572,14.811077,18.070159,True,4.672897,2.109448,0.516254,0.298761,18.293505,0.330954,0.135712,,
both_highwin_highwin_exec,双入口高胜率执行,603725.SH,天安新材,2022-07-27,0.296088,box,10.830711,10.903892,9.74764,10.859984,True,0.27027,1.06877,0.52468,0.291261,8.535053,0.296088,0.134281,,
both_highwin_highwin_exec,双入口高胜率执行,300549.SZ,优德精密,2022-07-27,0.294733,box,29.255735,30.230926,27.072155,30.082528,True,3.275109,1.410301,0.494943,0.394297,8.923058,0.294733,0.129562,,
both_highwin_highwin_exec,双入口高胜率执行,300475.SZ,香农芯创,2022-07-28,0.32968,box,44.828177,46.604837,39.850643,45.846507,True,1.244019,2.905422,0.586363,0.181895,15.681818,0.32968,0.13645,,
both_highwin_highwin_exec,双入口高胜率执行,301000.SZ,肇民科技,2022-07-28,0.312827,box,59.207819,63.00705,53.320892,62.574465,True,6.259981,3.475095,0.605719,0.197783,16.915023,0.312827,0.127117,,
both_highwin_highwin_exec,双入口高胜率执行,002975.SZ,博杰股份,2022-07-28,0.311917,box,78.780339,84.185227,70.632061,82.93637,True,5.659885,3.128104,0.516086,0.250448,11.776132,0.311917,0.123267,,
both_highwin_highwin_exec,双入口高胜率执行,601609.SH,金田股份,2022-07-29,0.30552,box,8.390699,8.514853,7.656125,8.411392,True,0.494438,1.159629,0.61172,0.333027,10.390669,0.30552,0.123454,,
both_highwin_highwin_exec,双入口高胜率执行,688092.SH,爱科科技,2022-07-29,0.302631,box,29.021598,29.887763,24.456403,29.449585,True,2.846975,3.509043,0.544957,0.128662,19.182525,0.302631,0.134656,,
both_highwin_highwin_exec,双入口高胜率执行,688215.SH,瑞晟智能,2022-07-29,0.300265,box,33.282017,34.28078,29.519,33.756177,True,1.76399,1.92913,0.555854,0.206993,13.119638,0.300265,0.13042,,
both_highwin_highwin_exec,双入口高胜率执行,600877.SH,电科芯片,2022-08-01,0.32375,box,11.71,12.29,9.86,12.2,True,4.184458,1.571101,0.4361,0.165,21.213225,0.32375,0.137122,,
both_highwin_highwin_exec,双入口高胜率执行,300378.SZ,鼎捷数智,2022-08-01,0.311036,box,40.836319,43.521701,35.072009,42.919805,True,4.450704,1.968202,0.476631,0.09,18.951109,0.311036,0.136067,,
both_highwin_highwin_exec,双入口高胜率执行,002279.SZ,久其软件,2022-08-01,0.306197,box,47.473178,48.772444,41.076792,48.37267,True,2.325581,1.062439,0.642365,0.224702,14.978764,0.306197,0.137198,,
both_highwin_highwin_exec,双入口高胜率执行,600009.SH,上海机场,2022-08-02,0.274047,box,64.568845,67.120125,59.466285,66.059079,True,1.113139,2.127732,0.50493,0.294491,11.961183,0.274047,0.120676,,
both_highwin_highwin_exec,双入口高胜率执行,300810.SZ,中科海讯,2022-08-02,0.246461,box,30.741523,32.564024,26.885654,32.021792,True,4.78068,4.319075,0.542666,0.242689,13.502624,0.246461,0.103562,,
both_highwin_highwin_exec,双入口高胜率执行,300576.SZ,容大感光,2022-08-02,0.242756,box,71.406945,74.136207,64.373846,72.876548,True,1.424397,3.740867,0.532302,0.267925,10.732976,0.242756,0.119241,,
both_highwin_highwin_exec,双入口高胜率执行,688369.SH,致远互联,2022-08-03,0.285719,box,57.445033,59.577944,48.205837,58.460216,True,0.352051,1.165178,0.275748,0.309903,13.817761,0.285719,0.125682,,
both_highwin_highwin_exec,双入口高胜率执行,002119.SZ,康强电子,2022-08-03,0.249475,box,22.396467,23.417066,20.41197,23.152466,True,3.027754,2.864507,0.385148,0.270398,13.757213,0.249475,0.121803,,
both_highwin_highwin_exec,双入口高胜率执行,688232.SH,新点软件,2022-08-03,0.247033,box,42.233333,45.386891,34.577591,44.514846,True,5.503485,1.83783,0.404148,0.135,22.850668,0.247033,0.13346,,
both_highwin_highwin_exec,双入口高胜率执行,300876.SZ,蒙泰高新,2022-08-04,0.283074,box,25.672426,26.835182,22.224957,26.804583,True,4.327114,1.474212,0.550779,0.275198,9.658602,0.283074,0.136619,,
both_highwin_highwin_exec,双入口高胜率执行,600388.SH,龙净环保,2022-08-04,0.266252,box,77.163183,81.05125,69.865579,81.05125,True,5.03876,1.77409,0.362946,0.211361,16.659707,0.266252,0.122081,,
both_highwin_highwin_exec,双入口高胜率执行,688313.SH,仕佳光子,2022-08-04,0.258607,box,11.164973,11.426024,10.070565,11.395903,True,4.319853,1.921523,0.585226,0.270603,7.783915,0.258607,0.129577,,
both_highwin_highwin_exec,双入口高胜率执行,688079.SH,美迪凯,2022-08-05,0.33961,box,11.517895,12.044196,10.1819,12.003711,True,5.141844,2.565655,0.63343,0.128764,14.549374,0.33961,0.136385,,
both_highwin_highwin_exec,双入口高胜率执行,600195.SH,中牧股份,2022-08-05,0.337576,box,33.93095,35.446955,29.548317,35.116191,True,2.247191,3.422532,0.566671,0.19908,10.529195,0.337576,0.139116,,
both_highwin_highwin_exec,双入口高胜率执行,603232.SH,格尔软件,2022-08-05,0.329629,box,39.000324,41.117989,34.623817,40.835634,True,5.373406,2.723839,0.549419,0.43934,10.659396,0.329629,0.134872,,
both_highwin_highwin_exec,双入口高胜率执行,603203.SH,快克智能,2022-08-08,0.32226,box,75.125651,78.664072,66.703624,78.225425,True,4.126119,1.956798,0.538612,0.159743,14.306785,0.32226,0.1436,,
both_highwin_highwin_exec,双入口高胜率执行,688219.SH,会通股份,2022-08-08,0.316766,box,10.309697,10.591328,8.881427,10.500804,True,2.052786,2.203718,0.642349,0.135,13.310057,0.316766,0.128909,,
both_highwin_highwin_exec,双入口高胜率执行,603725.SH,天安新材,2022-08-08,0.303634,box,11.094161,11.123433,9.74764,11.094161,True,1.336898,1.077467,0.634302,0.407768,6.518904,0.303634,0.127774,,
both_highwin_highwin_exec,双入口高胜率执行,300822.SZ,贝仕达克,2022-08-09,0.301395,box,27.404121,27.96055,24.591064,27.79053,True,1.524562,1.259829,0.601306,0.416386,7.939195,0.301395,0.131115,,
both_highwin_highwin_exec,双入口高胜率执行,000809.SZ,和展能源,2022-08-09,0.296055,box,6.437152,6.756727,5.638215,6.756727,True,4.964539,2.000987,0.465746,0.175883,10.935767,0.296055,0.136021,,
both_highwin_highwin_exec,双入口高胜率执行,000032.SZ,深桑达Ａ,2022-08-09,0.294522,box,20.613578,20.923168,18.007856,20.845771,True,1.827347,2.316358,0.606264,0.148799,10.860555,0.294522,0.135041,,
both_highwin_highwin_exec,双入口高胜率执行,688588.SH,凌志软件,2022-08-10,0.293742,box,12.197726,12.694747,10.696308,12.549782,True,1.848739,2.145684,0.538282,0.075902,9.98557,0.293742,0.133574,,
both_highwin_highwin_exec,双入口高胜率执行,300798.SZ,锦鸡股份,2022-08-10,0.292915,box,7.67365,7.794812,6.916381,7.794812,True,1.981506,1.360895,0.677123,0.340014,6.77206,0.292915,0.132385,,
both_highwin_highwin_exec,双入口高胜率执行,000612.SZ,焦作万方,2022-08-10,0.291329,box,12.409617,12.665688,11.464122,12.46871,True,0.47619,1.085942,0.598682,0.284376,4.008933,0.291329,0.127517,,
both_highwin_highwin_exec,双入口高胜率执行,688168.SH,安博通,2022-08-11,0.307492,box,55.998616,57.063769,48.116488,56.240051,True,0.789005,1.175912,0.366936,0.10961,9.821229,0.307492,0.135455,,
both_highwin_highwin_exec,双入口高胜率执行,600117.SH,西宁特钢,2022-08-11,0.304359,box,3.816442,3.846732,3.362104,3.816442,True,0.265252,1.136482,0.591243,0.412177,2.647156,0.304359,0.13802,,
both_highwin_highwin_exec,双入口高胜率执行,688101.SH,三达膜,2022-08-11,0.30236,box,16.026337,16.286505,14.683871,16.234472,True,1.298701,1.200328,0.662001,0.271692,3.122569,0.30236,0.130371,,
both_highwin_highwin_exec,双入口高胜率执行,603116.SH,红蜻蜓,2022-08-12,0.298155,box,9.501588,9.501588,8.499663,9.351299,True,0.358423,1.393297,0.660977,0.304873,2.059316,0.298155,0.133818,,
both_highwin_highwin_exec,双入口高胜率执行,600303.SH,曙光股份,2022-08-12,0.296731,box,8.878468,9.279755,7.77493,9.279755,True,5.113636,1.159298,0.570838,0.072303,7.053353,0.296731,0.119879,,
both_highwin_highwin_exec,双入口高胜率执行,300654.SZ,世纪天鸿,2022-08-12,0.284564,box,18.846147,19.088282,17.070493,18.947036,True,0.967742,1.085362,0.549597,0.376626,3.944602,0.284564,0.130848,,
both_highwin_highwin_exec,双入口高胜率执行,603045.SH,福达合金,2022-08-15,0.353231,box,24.144652,25.17513,20.466421,24.71714,True,5.369128,2.360209,0.581078,0.108535,12.800057,0.353231,0.140367,,
both_highwin_highwin_exec,双入口高胜率执行,002416.SZ,爱施德,2022-08-15,0.310097,box,28.621743,29.518104,25.28357,29.178105,True,1.943844,1.676077,0.626888,0.158665,7.957312,0.310097,0.138819,,
both_highwin_highwin_exec,双入口高胜率执行,002072.SZ,凯瑞德,2022-08-15,0.307392,box,5.87,6.16,5.51,6.16,True,4.940375,2.859152,0.690825,0.300346,6.278494,0.307392,0.135713,,
both_highwin_highwin_exec,双入口高胜率执行,300111.SZ,向日葵,2022-08-16,0.300993,box,6.887946,7.179618,6.596274,7.067436,True,2.605863,2.016702,0.640845,0.404471,3.275807,0.300993,0.132391,,
both_highwin_highwin_exec,双入口高胜率执行,600241.SH,时代万恒,2022-08-16,0.29257,box,14.004252,14.643164,13.12359,14.453217,True,3.589109,2.426101,0.563722,0.295261,3.691425,0.29257,0.13664,,
both_highwin_highwin_exec,双入口高胜率执行,300876.SZ,蒙泰高新,2022-08-16,0.289584,box,28.436521,29.221891,24.377075,29.048498,True,3.039074,1.396149,0.370248,0.222816,12.424104,0.289584,0.125311,,
both_highwin_highwin_exec,双入口高胜率执行,000701.SZ,厦门信达,2022-08-17,0.351892,box,6.928835,7.045554,5.931423,6.939446,True,1.395349,1.381722,0.633482,0.173666,12.682275,0.351892,0.13946,,
both_highwin_highwin_exec,双入口高胜率执行,300433.SZ,蓝思科技,2022-08-17,0.305351,box,65.582586,70.398091,58.588639,69.30887,True,5.8669,2.201331,0.550387,0.137002,9.726803,0.305351,0.136578,,
both_highwin_highwin_exec,双入口高胜率执行,000677.SZ,恒天海龙,2022-08-17,0.295678,box,3.24,3.31,2.94,3.28,True,1.234568,1.424907,0.706823,0.249957,6.749879,0.295678,0.134367,,
both_highwin_highwin_exec,双入口高胜率执行,600515.SH,海南机场,2022-08-18,0.325353,box,4.977496,5.125196,4.342385,5.066116,True,1.179941,1.239269,0.626549,0.181524,11.28587,0.325353,0.136987,,
both_highwin_highwin_exec,双入口高胜率执行,002275.SZ,桂林三金,2022-08-18,0.301012,box,25.939717,26.403589,22.766833,26.25515,True,1.87185,1.33018,0.623423,0.075,11.92204,0.301012,0.12724,,
both_highwin_highwin_exec,双入口高胜率执行,002884.SZ,凌霄泵业,2022-08-18,0.297636,box,102.458819,105.114231,94.592788,104.813618,True,3.155819,2.286409,0.696525,0.184304,4.547654,0.297636,0.130159,,
both_highwin_highwin_exec,双入口高胜率执行,600816.SH,建元信托,2022-08-19,0.297741,box,32.778473,33.076459,28.97915,32.778473,True,1.149425,1.405408,0.67031,0.186961,9.86611,0.297741,0.13754,,
both_highwin_highwin_exec,双入口高胜率执行,600057.SH,厦门象屿,2022-08-19,0.292388,box,17.290378,17.914861,15.046142,17.68068,True,2.954545,2.725609,0.646402,0.167263,12.547372,0.292388,0.128976,,
both_highwin_highwin_exec,双入口高胜率执行,001211.SZ,双枪科技,2022-08-19,0.274906,box,24.869193,25.035403,21.723252,24.900357,True,0.125313,1.469979,0.683044,0.285879,5.17268,0.274906,0.126979,,
both_highwin_highwin_exec,双入口高胜率执行,002354.SZ,天娱数科,2022-08-22,0.308781,box,11.379855,11.868384,10.029215,11.81091,True,3.787879,1.610631,0.591565,0.241117,5.39824,0.308781,0.124189,,
both_highwin_highwin_exec,双入口高胜率执行,000062.SZ,深圳华强,2022-08-22,0.30019,box,21.174479,21.9681,20.060033,21.951215,True,3.668262,1.653418,0.727394,0.400936,2.126223,0.30019,0.124367,,
both_highwin_highwin_exec,双入口高胜率执行,002198.SZ,嘉应制药,2022-08-22,0.299724,box,29.423821,30.38937,27.035359,30.236915,True,2.763385,1.578973,0.605063,0.363525,1.960075,0.299724,0.136085,,
both_highwin_highwin_exec,双入口高胜率执行,600281.SH,华阳新材,2022-08-23,0.30258,box,5.54,5.69,5.05,5.65,True,1.98556,1.323236,0.612293,0.276411,3.364568,0.30258,0.131891,,
both_highwin_highwin_exec,双入口高胜率执行,603889.SH,新澳股份,2022-08-23,0.301303,box,31.597851,33.316164,27.397533,32.743393,True,3.46908,1.898921,0.580375,0.236289,11.42943,0.301303,0.13559,,
both_highwin_highwin_exec,双入口高胜率执行,600161.SH,天坛生物,2022-08-23,0.295962,box,63.254883,65.82745,59.259838,65.645857,True,3.04038,2.204349,0.678581,0.473956,4.971924,0.295962,0.135802,,
both_highwin_highwin_exec,双入口高胜率执行,603811.SH,诚意药业,2022-08-24,0.316191,box,43.894417,45.242709,37.602384,44.553582,True,1.779603,1.39844,0.606549,0.276954,5.827368,0.316191,0.128486,,
both_highwin_highwin_exec,双入口高胜率执行,000889.SZ,中嘉博创,2022-08-24,0.267531,box,2.905496,3.063716,2.60344,3.063716,True,4.926108,2.153321,0.432376,0.328092,6.634858,0.267531,0.132588,,
both_highwin_highwin_exec,双入口高胜率执行,688101.SH,三达膜,2022-08-24,0.264597,box,15.682916,16.536266,14.683871,16.276098,True,5.107527,3.569729,0.704122,0.38379,2.223151,0.264597,0.133756,,
both_highwin_highwin_exec,双入口高胜率执行,601901.SH,方正证券,2022-08-25,0.339021,box,7.319234,7.476074,6.409558,7.444706,True,1.8598,1.437427,0.62358,0.224586,9.885875,0.339021,0.142791,,
both_highwin_highwin_exec,双入口高胜率执行,002069.SZ,獐子岛,2022-08-25,0.300806,box,14.495384,15.207211,12.133413,15.207211,True,4.910714,1.748333,0.297045,0.257881,11.145712,0.300806,0.140275,,
both_highwin_highwin_exec,双入口高胜率执行,300119.SZ,瑞普生物,2022-08-25,0.297518,box,106.806055,111.740194,97.358985,110.837608,True,3.950339,1.642175,0.683268,0.42414,5.501237,0.297518,0.136836,,
both_highwin_highwin_exec,双入口高胜率执行,002640.SZ,跨境通,2022-08-26,0.314459,box,41.450807,42.18662,34.828489,41.696078,True,0.890208,1.145535,0.611054,0.105,14.951644,0.314459,0.134463,,
both_highwin_highwin_exec,双入口高胜率执行,601900.SH,南方传媒,2022-08-26,0.307648,box,9.114012,9.495251,8.509255,9.423769,True,3.129074,3.320753,0.75022,0.205625,9.007453,0.307648,0.131633,,
both_highwin_highwin_exec,双入口高胜率执行,601999.SH,出版传媒,2022-08-26,0.287164,box,6.404488,6.669959,5.999204,6.614652,True,3.28152,2.46092,0.768329,0.321346,7.076289,0.287164,0.13066,,
both_highwin_highwin_exec,双入口高胜率执行,300247.SZ,融捷健康,2022-08-29,0.347879,box,22.192002,23.32682,19.733229,23.263774,True,4.829545,2.301053,0.673528,0.193539,12.446584,0.347879,0.140972,,
both_highwin_highwin_exec,双入口高胜率执行,603000.SH,人民网,2022-08-29,0.337531,box,51.275601,52.044735,42.772397,51.660168,True,0.0,1.551956,0.580429,0.045,11.21625,0.337531,0.144909,,
both_highwin_highwin_exec,双入口高胜率执行,600088.SH,中视传媒,2022-08-29,0.318668,box,15.846884,16.040353,14.404659,16.040353,True,0.884956,1.190419,0.709402,0.414021,6.764685,0.318668,0.13267,,
both_highwin_highwin_exec,双入口高胜率执行,600601.SH,方正科技,2022-08-30,0.315262,box,3.02722,3.132009,2.794357,3.085436,True,1.923077,1.521931,0.677637,0.340251,4.759093,0.315262,0.123409,,
both_highwin_highwin_exec,双入口高胜率执行,600158.SH,中体产业,2022-08-30,0.293296,box,8.821461,9.213526,8.298707,9.082837,True,3.473945,2.193934,0.764493,0.243581,6.432516,0.293296,0.131337,,
both_highwin_highwin_exec,双入口高胜率执行,000419.SZ,通程控股,2022-08-30,0.292285,box,8.819037,8.999688,7.709147,8.950419,True,1.869159,1.355185,0.584541,0.299822,10.792392,0.292285,0.134577,,
both_highwin_highwin_exec,双入口高胜率执行,600048.SH,保利发展,2022-08-31,0.2944,box,77.116823,79.209669,67.471533,78.709206,True,2.064897,1.254252,0.604431,0.444656,9.02103,0.2944,0.127709,,
both_highwin_highwin_exec,双入口高胜率执行,600266.SH,城建发展,2022-08-31,0.278263,box,11.332983,11.557398,10.603632,11.361035,True,0.997506,1.831687,0.747033,0.392908,1.815454,0.278263,0.127303,,
both_highwin_highwin_exec,双入口高胜率执行,002440.SZ,闰土股份,2022-08-31,0.250172,box,44.953977,45.333107,41.866777,44.68317,True,0.732601,2.091438,0.793706,0.417689,5.12716,0.250172,0.11636,,
both_highwin_highwin_exec,双入口高胜率执行,688799.SH,华纳药厂,2022-09-01,0.281511,box,33.764412,34.439291,31.136473,33.938245,True,1.498471,1.321345,0.691595,0.292876,5.795335,0.281511,0.128471,,
both_highwin_highwin_exec,双入口高胜率执行,688578.SH,艾力斯,2022-09-01,0.276633,box,22.22,23.07,18.11,22.79,True,2.703921,1.733003,0.378214,0.159627,20.193885,0.276633,0.125789,,
both_highwin_highwin_exec,双入口高胜率执行,600886.SH,国投电力,2022-09-01,0.264646,box,35.799912,36.923676,32.203867,36.538385,True,2.06278,1.419845,0.64638,0.12,14.721479,0.264646,0.123674,,
both_highwin_highwin_exec,双入口高胜率执行,603017.SH,中衡设计,2022-09-02,0.29596,box,45.17736,46.636212,42.165536,46.353853,True,2.818372,1.275619,0.672292,0.210923,5.248971,0.29596,0.120114,,
both_highwin_highwin_exec,双入口高胜率执行,300291.SZ,百纳千成,2022-09-02,0.290267,box,38.930832,39.98962,35.673021,39.500948,True,2.972399,1.821111,0.671194,0.218726,9.197462,0.290267,0.122449,,
both_highwin_highwin_exec,双入口高胜率执行,000651.SZ,格力电器,2022-09-02,0.285405,box,174.147317,174.831279,157.04826,173.726417,True,0.517504,1.900058,0.68583,0.239623,11.475013,0.285405,0.124939,,
both_highwin_highwin_exec,双入口高胜率执行,300454.SZ,深信服,2022-09-05,0.356303,box,103.986609,106.898837,90.881585,106.477066,True,2.394978,2.028111,0.561185,0.160467,10.425074,0.356303,0.136366,,
both_highwin_highwin_exec,双入口高胜率执行,002223.SZ,鱼跃医疗,2022-09-05,0.29778,box,165.415018,172.922961,154.002943,172.262262,True,4.442826,2.095943,0.62535,0.239673,7.656886,0.29778,0.135162,,
both_highwin_highwin_exec,双入口高胜率执行,001965.SZ,招商公路,2022-09-05,0.295911,box,8.953414,9.236153,8.340812,9.18903,True,2.902375,1.598915,0.692501,0.361412,7.830768,0.295911,0.125034,,
both_highwin_highwin_exec,双入口高胜率执行,688658.SH,悦康药业,2022-09-06,0.338611,box,18.532931,19.296301,15.776316,19.190277,True,4.322767,2.300165,0.550506,0.075,15.739755,0.338611,0.123102,,
both_highwin_highwin_exec,双入口高胜率执行,605100.SH,华丰股份,2022-09-06,0.299602,box,30.320427,31.534891,27.64449,31.32905,True,3.186441,3.09301,0.696571,0.03,7.291509,0.299602,0.125927,,
both_highwin_highwin_exec,双入口高胜率执行,600498.SH,烽火通信,2022-09-06,0.29672,box,33.96193,34.415058,30.993943,34.120525,True,0.601202,1.208931,0.715644,0.182222,5.76544,0.29672,0.132968,,
both_highwin_highwin_exec,双入口高胜率执行,000777.SZ,中核科技,2022-09-07,0.294948,box,21.803066,22.400147,20.685948,22.361626,True,2.290749,1.691019,0.739786,0.241553,5.266659,0.294948,0.132073,,
both_highwin_highwin_exec,双入口高胜率执行,601669.SH,中国电建,2022-09-07,0.289578,box,9.985764,10.47318,8.710986,10.29821,True,3.128911,1.873746,0.55484,0.152368,7.685052,0.289578,0.131962,,
both_highwin_highwin_exec,双入口高胜率执行,688220.SH,翱捷科技-U,2022-09-07,0.288893,box,78.63,80.1,65.0,78.99,True,1.64715,1.281534,0.498722,0.18,12.873769,0.288893,0.129504,,
both_highwin_highwin_exec,双入口高胜率执行,603567.SH,珍宝岛,2022-09-08,0.295204,box,26.71635,27.534417,24.951047,27.448305,True,2.988691,1.817523,0.653712,0.368867,4.731014,0.295204,0.130978,,
both_highwin_highwin_exec,双入口高胜率执行,600221.SH,海航控股,2022-09-08,0.281574,box,3.343279,3.473537,3.147893,3.451827,True,2.580645,1.281408,0.43188,0.551702,6.513697,0.281574,0.127401,,
both_highwin_highwin_exec,双入口高胜率执行,600489.SH,中金黄金,2022-09-08,0.279726,box,31.066292,31.888152,29.258201,31.600501,True,2.396804,2.090003,0.754654,0.362116,7.831299,0.279726,0.125492,,
both_highwin_highwin_exec,双入口高胜率执行,600570.SH,恒生电子,2022-09-09,0.358401,box,153.737719,160.709335,134.72422,159.80393,True,3.854075,1.344857,0.597008,0.18036,9.151223,0.358401,0.141574,,
both_highwin_highwin_exec,双入口高胜率执行,600426.SH,华鲁恒升,2022-09-09,0.293766,box,113.911629,117.052434,106.289432,115.941661,True,1.747899,1.379025,0.659703,0.282128,3.119327,0.293766,0.130188,,
both_highwin_highwin_exec,双入口高胜率执行,300003.SZ,乐普医疗,2022-09-09,0.290224,box,89.072555,93.632432,75.747088,92.658477,True,4.129353,2.110462,0.552488,0.09,21.317606,0.290224,0.130459,,
both_highwin_highwin_exec,双入口高胜率执行,605009.SH,豪悦护理,2022-09-13,0.318002,box,63.260719,67.348525,55.625007,66.253301,True,4.705022,1.797145,0.55164,0.418717,5.416713,0.318002,0.135806,,
both_highwin_highwin_exec,双入口高胜率执行,300808.SZ,久量股份,2022-09-13,0.296221,box,13.865861,14.278117,12.850305,14.147401,True,2.030457,1.620508,0.686039,0.345076,2.398083,0.296221,0.126447,,
both_highwin_highwin_exec,双入口高胜率执行,002237.SZ,恒邦股份,2022-09-13,0.290578,box,42.158234,43.154098,39.33662,42.69766,True,1.47929,1.635381,0.727973,0.414273,3.201806,0.290578,0.128707,,
both_highwin_highwin_exec,双入口高胜率执行,603658.SH,安图生物,2022-09-14,0.295672,box,67.3041,71.05332,63.750734,70.451766,True,3.472365,2.082822,0.65537,0.199461,8.324686,0.295672,0.122439,,
both_highwin_highwin_exec,双入口高胜率执行,000910.SZ,大亚圣象,2022-09-14,0.290578,box,9.853001,10.128225,9.390626,10.095198,True,1.102536,1.640486,0.739416,0.315699,2.485671,0.290578,0.128875,,
both_highwin_highwin_exec,双入口高胜率执行,603698.SH,航天工程,2022-09-14,0.283779,box,18.44031,18.983471,17.150303,18.942734,True,1.973684,1.274931,0.703579,0.191518,2.678924,0.283779,0.120891,,
both_highwin_highwin_exec,双入口高胜率执行,002439.SZ,启明星辰,2022-09-15,0.30857,box,165.918023,171.4349,150.767196,169.705729,True,2.181458,3.211466,0.645637,0.237473,10.837425,0.30857,0.135549,,
both_highwin_highwin_exec,双入口高胜率执行,600446.SH,金证股份,2022-09-15,0.300673,box,64.612876,66.280305,56.81169,65.446591,True,1.383764,1.302245,0.553509,0.17305,2.093735,0.300673,0.137981,,
both_highwin_highwin_exec,双入口高胜率执行,600048.SH,保利发展,2022-09-15,0.292436,box,83.258871,86.67112,73.022124,85.761187,True,3.914002,1.476285,0.48142,0.175535,10.227584,0.292436,0.129418,,
both_highwin_highwin_exec,双入口高胜率执行,002700.SZ,万憬能源,2022-09-16,0.275029,box,31.662208,32.976488,30.347927,32.976488,True,3.564728,2.410202,0.462591,0.427537,9.723135,0.275029,0.124048,,
both_highwin_highwin_exec,双入口高胜率执行,688301.SH,奕瑞科技,2022-09-16,0.235113,box,504.654053,539.818347,473.365501,529.876662,True,3.548323,1.135392,0.562974,0.215013,4.745614,0.235113,0.107059,,
both_highwin_highwin_exec,双入口高胜率执行,000719.SZ,中原传媒,2022-09-19,0.297152,box,13.742806,14.136395,11.676465,14.037997,True,3.757576,1.386305,0.396158,0.219948,7.925002,0.297152,0.130909,,
both_highwin_highwin_exec,双入口高胜率执行,600009.SH,上海机场,2022-09-19,0.266811,box,68.586515,72.580341,64.568845,71.853107,True,4.255319,2.041167,0.623892,0.261665,11.798955,0.266811,0.120645,,
both_highwin_highwin_exec,双入口高胜率执行,002930.SZ,宏川智慧,2022-09-19,0.252812,box,44.595088,46.673343,40.205502,45.79931,True,1.637931,1.661414,0.595234,0.197133,12.511748,0.252812,0.110827,,
both_highwin_highwin_exec,双入口高胜率执行,300849.SZ,锦盛新材,2022-09-20,0.263507,box,19.127253,19.310581,18.6231,19.218917,True,0.559552,1.109195,0.744548,0.531209,2.295869,0.263507,0.112882,,
both_highwin_highwin_exec,双入口高胜率执行,002640.SZ,跨境通,2022-09-20,0.254059,box,40.592358,42.554526,39.488638,42.554526,True,5.151515,1.083274,0.522896,0.262832,7.849508,0.254059,0.115531,,
both_highwin_highwin_exec,双入口高胜率执行,603966.SH,法兰泰克,2022-09-20,0.235218,box,23.83183,24.834654,19.663226,24.520043,True,1.712887,1.52798,0.523639,0.186939,8.184485,0.235218,0.095182,,
both_highwin_highwin_exec,双入口高胜率执行,300884.SZ,狄耐克,2022-09-21,0.29609,box,23.557463,25.313565,20.773399,25.035159,True,5.220522,3.64806,0.63371,0.135,12.511161,0.29609,0.118136,,
both_highwin_highwin_exec,双入口高胜率执行,600816.SH,建元信托,2022-09-21,0.293133,box,34.715383,35.385851,30.69257,35.236858,True,1.72043,1.22278,0.524008,0.437651,8.311742,0.293133,0.136711,,
both_highwin_highwin_exec,双入口高胜率执行,600717.SH,天津港,2022-09-21,0.270411,box,8.94256,9.293249,8.591871,9.249412,True,2.926829,1.09482,0.73403,0.329227,3.194026,0.270411,0.12143,,
both_highwin_highwin_exec,双入口高胜率执行,603113.SH,金能科技,2022-09-22,0.283512,box,11.390796,11.742635,10.961992,11.698655,True,0.948767,1.19239,0.623619,0.300058,6.201733,0.283512,0.117048,,
both_highwin_highwin_exec,双入口高胜率执行,002072.SZ,凯瑞德,2022-09-22,0.269967,box,6.47,6.8,6.12,6.74,True,3.692308,1.428373,0.519197,0.333696,13.287724,0.269967,0.119663,,
both_highwin_highwin_exec,双入口高胜率执行,300034.SZ,钢研高纳,2022-09-22,0.240275,box,187.692866,200.380904,163.743257,198.12859,True,5.707991,1.130668,0.489401,0.232588,13.966647,0.240275,0.101943,,
both_highwin_highwin_exec,双入口高胜率执行,601857.SH,中国石油,2022-09-23,0.288341,box,7.804627,8.113285,7.456271,7.995701,True,1.872659,1.45675,0.677467,0.221325,6.691986,0.288341,0.123433,,
both_highwin_highwin_exec,双入口高胜率执行,600515.SH,海南机场,2022-09-23,0.286862,box,5.509216,5.523986,5.095656,5.509216,True,4.775281,2.448786,0.409469,0.379649,5.038264,0.286862,0.117323,,
both_highwin_highwin_exec,双入口高胜率执行,601006.SH,大秦铁路,2022-09-23,0.264698,box,13.98231,14.230885,13.091585,14.023739,True,0.147929,1.09035,0.64581,0.331245,5.998431,0.264698,0.123594,,
both_highwin_highwin_exec,双入口高胜率执行,000729.SZ,燕京啤酒,2022-09-26,0.270625,box,20.482573,21.476873,18.449783,21.167535,True,2.459893,1.320352,0.576454,0.175411,11.55522,0.270625,0.122438,,
both_highwin_highwin_exec,双入口高胜率执行,600859.SH,王府井,2022-09-26,0.261896,box,39.162259,41.513686,37.639752,40.76935,True,3.079555,2.139029,0.42766,0.348174,8.572515,0.261896,0.116779,,
both_highwin_highwin_exec,双入口高胜率执行,000596.SZ,古井贡酒,2022-09-26,0.261651,box,570.373812,600.422154,529.477202,594.612202,True,3.190232,1.099209,0.617055,0.337515,13.088485,0.261651,0.113815,,
both_highwin_highwin_exec,双入口高胜率执行,600221.SH,海航控股,2022-09-27,0.297871,box,3.364989,3.538666,3.039345,3.495246,True,3.205128,2.20072,0.46108,0.218345,9.1936,0.297871,0.134446,,
both_highwin_highwin_exec,双入口高胜率执行,600115.SH,中国东航,2022-09-27,0.296325,box,5.082343,5.330767,4.802866,5.320416,True,4.471545,1.334816,0.715932,0.288677,5.713257,0.296325,0.123736,,
both_highwin_highwin_exec,双入口高胜率执行,600054.SH,黄山旅游,2022-09-27,0.294139,box,17.375661,18.314441,16.716868,18.232092,True,5.529075,1.86381,0.650216,0.167887,7.162559,0.294139,0.129428,,
both_highwin_highwin_exec,双入口高胜率执行,601628.SH,中国人寿,2022-09-28,0.261896,box,38.684454,39.692965,36.318814,39.194935,True,1.221865,1.130948,0.482196,0.350625,5.346881,0.261896,0.118089,,
both_highwin_highwin_exec,双入口高胜率执行,603355.SH,莱克电气,2022-09-28,0.244903,box,55.659461,60.680986,50.604121,60.325929,True,8.383961,2.976196,0.354332,0.253389,19.741932,0.244903,0.120021,,
both_highwin_highwin_exec,双入口高胜率执行,600612.SH,老凤祥,2022-09-28,0.235706,box,79.22418,81.279815,75.688488,80.210885,True,1.271736,1.389032,0.733722,0.361829,6.388125,0.235706,0.106927,,
both_highwin_highwin_exec,双入口高胜率执行,002773.SZ,康弘药业,2022-09-29,0.290794,box,32.135136,32.92286,29.04483,32.72088,True,3.250478,1.395714,0.564461,0.158282,8.41399,0.290794,0.125618,,
both_highwin_highwin_exec,双入口高胜率执行,688192.SH,迪哲医药-U,2022-09-29,0.274038,box,32.05,32.97,30.2,32.9,True,3.785489,1.316394,0.521017,0.359861,9.809564,0.274038,0.119427,,
both_highwin_highwin_exec,双入口高胜率执行,002422.SZ,科伦药业,2022-09-29,0.257032,box,147.677341,150.849569,131.276247,149.702167,True,2.828002,1.090633,0.592621,0.09,9.489748,0.257032,0.120303,,
both_highwin_highwin_exec,双入口高胜率执行,300553.SZ,集智股份,2022-09-30,0.236324,box,42.693911,44.575511,36.967303,44.37099,True,3.284932,2.00685,0.420147,0.293638,7.028622,0.236324,0.092334,,
both_highwin_highwin_exec,双入口高胜率执行,300872.SZ,天阳科技,2022-09-30,0.202451,box,25.07605,26.911326,21.641721,26.402537,True,3.711635,1.820332,0.555202,0.075,10.245203,0.202451,0.087833,,
both_highwin_highwin_exec,双入口高胜率执行,002952.SZ,亚世光电,2022-09-30,0.200581,box,38.328653,39.862758,31.113566,39.071736,True,2.002503,1.618822,0.36333,0.165,23.456111,0.200581,0.09882,,
both_highwin_highwin_exec,双入口高胜率执行,600941.SH,中国移动,2022-10-10,0.277437,box,72.558778,76.855092,66.074137,75.6534,True,4.112396,1.938654,0.526572,0.12,15.80597,0.277437,0.131875,,
both_highwin_highwin_exec,双入口高胜率执行,002966.SZ,苏州银行,2022-10-10,0.240727,box,8.06295,8.425601,7.797005,8.316806,True,3.148426,1.490795,0.640953,0.314032,6.896292,0.240727,0.121719,,
both_highwin_highwin_exec,双入口高胜率执行,601728.SH,中国电信,2022-10-10,0.236793,box,4.133953,4.220302,3.941364,4.187921,True,1.305483,1.816693,0.771058,0.348184,9.014792,0.236793,0.121796,,
both_highwin_highwin_exec,双入口高胜率执行,688236.SH,春立医疗,2022-10-11,0.262226,box,21.436284,21.698071,18.627114,21.637659,True,2.187351,2.012025,0.66913,0.15,14.859179,0.262226,0.124,,
both_highwin_highwin_exec,双入口高胜率执行,600515.SH,海南机场,2022-10-11,0.256624,box,5.538756,5.804617,5.095656,5.804617,True,5.080214,1.487551,0.442753,0.164724,15.920547,0.256624,0.122554,,
both_highwin_highwin_exec,双入口高胜率执行,605259.SH,绿田机械,2022-10-11,0.229614,box,34.200642,36.139266,31.214954,36.118532,True,6.609547,2.545473,0.527155,0.228452,11.825869,0.229614,0.107071,,
both_highwin_highwin_exec,双入口高胜率执行,605266.SH,健之佳,2022-10-12,0.268727,box,84.594761,88.177181,73.155847,87.964364,True,3.505843,1.647342,0.625059,0.12,13.996487,0.268727,0.135028,,
both_highwin_highwin_exec,双入口高胜率执行,300575.SZ,中旗股份,2022-10-12,0.256867,box,81.630462,82.74341,70.244147,82.572187,True,0.994764,1.40314,0.561477,0.247417,9.106616,0.256867,0.125312,,
both_highwin_highwin_exec,双入口高胜率执行,300525.SZ,博思软件,2022-10-12,0.250921,box,122.82441,124.714017,111.184435,124.562848,True,1.477833,1.450141,0.661602,0.119534,12.054046,0.250921,0.1211,,
both_highwin_highwin_exec,双入口高胜率执行,600557.SH,康缘药业,2022-10-13,0.294975,box,27.857504,28.897256,23.698496,28.56375,True,1.818182,1.718057,0.5492,0.045,18.023167,0.294975,0.133611,,
both_highwin_highwin_exec,双入口高胜率执行,002788.SZ,鹭燕医药,2022-10-13,0.277125,box,24.134961,25.139316,22.461035,25.017576,True,3.526448,1.893189,0.70164,0.140484,9.768515,0.277125,0.12685,,
both_highwin_highwin_exec,双入口高胜率执行,600566.SH,济川药业,2022-10-13,0.263704,box,39.571838,42.692904,34.873812,42.019411,True,4.965121,1.920632,0.550776,0.075,17.313749,0.263704,0.135786,,
both_highwin_highwin_exec,双入口高胜率执行,300962.SZ,中金辐照,2022-10-14,0.286978,box,15.46171,16.160831,13.627785,16.008848,True,2.265372,2.134439,0.548515,0.225,12.17026,0.286978,0.134591,,
both_highwin_highwin_exec,双入口高胜率执行,688799.SH,华纳药厂,2022-10-14,0.273771,box,33.549678,35.78905,29.745813,35.584541,True,6.422018,3.07727,0.659403,0.15,15.966053,0.273771,0.140389,,
both_highwin_highwin_exec,双入口高胜率执行,603609.SH,禾丰股份,2022-10-14,0.273729,box,17.512224,17.69092,14.70182,17.625939,True,1.59176,1.454427,0.505417,0.230901,15.16625,0.273729,0.135102,,
both_highwin_highwin_exec,双入口高胜率执行,600285.SH,羚锐制药,2022-10-17,0.282488,box,35.048899,36.563011,30.282248,36.142424,True,2.627389,2.160204,0.541765,0.241854,17.786568,0.282488,0.134401,,
both_highwin_highwin_exec,双入口高胜率执行,600535.SH,天士力,2022-10-17,0.276857,box,35.182957,35.864137,31.334289,35.659783,True,2.146341,1.859087,0.691684,0.06,13.303759,0.276857,0.129037,,
both_highwin_highwin_exec,双入口高胜率执行,603331.SH,百达精工,2022-10-17,0.276057,box,17.457735,18.702548,16.167381,18.657006,True,6.684028,2.542061,0.648722,0.255155,10.367337,0.276057,0.132385,,
both_highwin_highwin_exec,双入口高胜率执行,603368.SH,柳药集团,2022-10-18,0.298281,box,49.389417,51.600015,42.175886,50.989192,True,3.239105,3.26518,0.576604,0.105,15.441434,0.298281,0.140467,,
both_highwin_highwin_exec,双入口高胜率执行,600594.SH,益佰制药,2022-10-18,0.291162,box,18.78681,19.379344,16.625804,19.239924,True,2.60223,1.964708,0.618674,0.064856,12.678406,0.291162,0.134816,,
both_highwin_highwin_exec,双入口高胜率执行,600993.SH,马应龙,2022-10-18,0.289583,box,66.088008,68.490143,57.241121,67.99214,True,3.247331,1.952473,0.572266,0.118724,14.057986,0.289583,0.134974,,
both_highwin_highwin_exec,双入口高胜率执行,002376.SZ,新北洋,2022-10-19,0.263341,box,38.00968,39.158587,32.456628,38.536262,True,1.257862,2.282598,0.50134,0.195157,17.860594,0.263341,0.129795,,
both_highwin_highwin_exec,双入口高胜率执行,300796.SZ,贝斯美,2022-10-19,0.244515,box,27.815639,28.084185,22.642609,27.872175,True,1.284027,1.56928,0.543663,0.125264,22.641977,0.244515,0.124855,,
both_highwin_highwin_exec,双入口高胜率执行,600461.SH,洪城环境,2022-10-19,0.243988,box,27.309073,28.000903,25.961825,27.891666,True,1.591512,2.479399,0.73267,0.322403,6.872406,0.243988,0.12207,,
both_highwin_highwin_exec,双入口高胜率执行,002368.SZ,太极股份,2022-10-20,0.256139,box,111.278698,119.168065,91.031161,117.181931,True,4.117647,2.2468,0.482712,0.105,25.088812,0.256139,0.121072,,
both_highwin_highwin_exec,双入口高胜率执行,600039.SH,四川路桥,2022-10-20,0.253436,box,48.595673,49.435816,44.439173,48.993636,True,1.279707,1.796209,0.707421,0.296711,7.310362,0.253436,0.122472,,
both_highwin_highwin_exec,双入口高胜率执行,603039.SH,泛微网络,2022-10-21,0.287806,box,144.803184,153.264014,124.489739,151.884936,True,3.295311,2.887478,0.58217,0.183435,13.98109,0.287806,0.137934,,
both_highwin_highwin_exec,双入口高胜率执行,603661.SH,恒林股份,2022-10-21,0.277901,box,47.691852,49.31102,41.75981,49.090225,True,3.894081,1.773705,0.555047,0.248966,9.943672,0.277901,0.135531,,
both_highwin_highwin_exec,双入口高胜率执行,000790.SZ,华神科技,2022-10-21,0.267503,box,14.709992,15.048507,12.709679,14.986959,True,0.619835,1.256043,0.565863,0.15,10.822109,0.267503,0.118798,,
both_highwin_highwin_exec,双入口高胜率执行,002179.SZ,中航光电,2022-10-24,0.254771,box,313.194482,327.574617,278.828395,323.187457,True,3.837118,2.219296,0.654501,0.141061,15.473885,0.254771,0.125572,,
both_highwin_highwin_exec,双入口高胜率执行,600372.SH,中航机载,2022-10-24,0.243046,box,41.325543,42.723857,39.195804,42.293607,True,2.824268,2.298448,0.734445,0.294049,8.623527,0.243046,0.115534,,
both_highwin_highwin_exec,双入口高胜率执行,600862.SH,中航高科,2022-10-24,0.239294,box,55.814775,57.711693,47.216784,57.526125,True,4.416168,1.873338,0.548808,0.208792,17.690173,0.239294,0.119677,,
both_highwin_highwin_exec,双入口高胜率执行,600879.SH,航天电子,2022-10-25,0.288986,box,15.087519,15.7754,13.092665,15.660753,True,3.799392,2.500179,0.572029,0.159948,20.650869,0.288986,0.135858,,
both_highwin_highwin_exec,双入口高胜率执行,002430.SZ,杭氧股份,2022-10-25,0.243031,box,95.058208,100.988029,75.367579,99.652688,True,8.555227,3.900744,0.465507,0.18031,29.211854,0.243031,0.119845,,
both_highwin_highwin_exec,双入口高胜率执行,000733.SZ,振华科技,2022-10-25,0.24146,box,133.515695,138.433172,110.539921,135.912448,True,0.304971,1.491607,0.543071,0.138587,22.050143,0.24146,0.118029,,
both_highwin_highwin_exec,双入口高胜率执行,300962.SZ,中金辐照,2022-10-26,0.271276,box,16.11017,16.596514,13.627785,16.373606,True,1.63522,1.574552,0.562952,0.28375,10.457421,0.271276,0.132308,,
both_highwin_highwin_exec,双入口高胜率执行,300469.SZ,信息发展,2022-10-26,0.264294,box,42.696729,43.618905,37.317372,43.342252,True,2.620087,1.561855,0.64435,0.283542,11.000221,0.264294,0.1365,,
both_highwin_highwin_exec,双入口高胜率执行,000423.SZ,东阿阿胶,2022-10-26,0.260532,box,40.711267,43.882791,37.382976,43.822495,True,7.039764,2.903269,0.616997,0.124134,14.907455,0.260532,0.129262,,
both_highwin_highwin_exec,双入口高胜率执行,300002.SZ,神州泰岳,2022-10-27,0.280373,box,66.803105,68.813383,55.978527,67.730926,True,2.816901,2.923861,0.503388,0.150737,15.834842,0.280373,0.136011,,
both_highwin_highwin_exec,双入口高胜率执行,300779.SZ,惠城环保,2022-10-27,0.275541,box,15.516772,16.047609,13.056547,16.006775,True,3.84106,2.424444,0.487993,0.193694,15.720507,0.275541,0.133692,,
both_highwin_highwin_exec,双入口高胜率执行,688176.SH,亚虹医药-U,2022-10-27,0.274313,box,11.64,12.1,10.01,11.94,True,1.790281,2.040978,0.55909,0.075,17.496814,0.274313,0.135927,,
both_highwin_highwin_exec,双入口高胜率执行,000975.SZ,山金国际,2022-10-28,0.230879,box,32.010991,33.489131,27.3918,32.911733,True,2.517986,1.818115,0.394758,0.127168,14.980012,0.230879,0.105607,,
both_highwin_highwin_exec,双入口高胜率执行,002907.SZ,华森制药,2022-10-28,0.198687,box,22.811203,24.947539,11.025921,24.552671,True,6.313021,2.941509,0.241329,0.06,94.951352,0.198687,0.058206,,
both_highwin_highwin_exec,双入口高胜率执行,002315.SZ,焦点科技,2022-10-31,0.270137,box,49.029941,51.173903,42.527763,50.365524,True,5.60059,3.616335,0.593102,0.140337,15.560756,0.270137,0.126992,,
both_highwin_highwin_exec,双入口高胜率执行,002152.SZ,广电运通,2022-10-31,0.253801,box,63.88133,66.252471,55.442858,65.694556,True,3.744493,2.347744,0.599941,0.293754,15.100374,0.253801,0.131933,,
both_highwin_highwin_exec,双入口高胜率执行,600998.SH,九州通,2022-10-31,0.252189,box,13.626094,13.933285,12.210824,13.77969,True,0.48,1.482171,0.688114,0.113437,13.884434,0.252189,0.131308,,
both_highwin_highwin_exec,双入口高胜率执行,600118.SH,中国卫星,2022-11-01,0.271768,box,71.553652,74.595082,61.244804,73.602616,True,2.041722,1.916022,0.590039,0.258535,12.098571,0.271768,0.130861,,
both_highwin_highwin_exec,双入口高胜率执行,600977.SH,中国电影,2022-11-01,0.263392,box,11.5196,11.931014,10.415277,11.898534,True,3.095685,1.62191,0.670401,0.254918,13.168169,0.263392,0.125449,,
both_highwin_highwin_exec,双入口高胜率执行,600718.SH,东软集团,2022-11-01,0.260781,box,15.309517,15.628465,12.827267,15.545261,True,1.631913,1.786264,0.50842,0.245597,12.590062,0.260781,0.125899,,
both_highwin_highwin_exec,双入口高胜率执行,603901.SH,永创智能,2022-11-02,0.261948,box,60.279609,61.621019,51.895797,61.495262,True,3.164557,1.641175,0.579342,0.166501,10.640769,0.261948,0.130659,,
both_highwin_highwin_exec,双入口高胜率执行,600435.SH,北方导航,2022-11-02,0.258146,box,28.626267,30.235527,23.365223,29.926054,True,4.427646,3.524806,0.467794,0.06,20.685078,0.258146,0.133088,,
both_highwin_highwin_exec,双入口高胜率执行,603059.SH,倍加洁,2022-11-02,0.258125,box,25.119428,26.291668,21.770171,25.840807,True,2.713774,2.161735,0.573888,0.151674,12.713052,0.258125,0.132654,,
both_highwin_highwin_exec,双入口高胜率执行,605177.SH,东亚药业,2022-11-03,0.26484,box,21.516939,22.169586,18.345485,22.006424,True,1.888574,1.701032,0.536551,0.093243,9.947171,0.26484,0.130352,,
both_highwin_highwin_exec,双入口高胜率执行,002186.SZ,全聚德,2022-11-03,0.258907,box,20.335897,21.217042,17.576522,21.101102,True,3.174603,1.692404,0.560973,0.212433,14.644008,0.258907,0.130907,,
both_highwin_highwin_exec,双入口高胜率执行,000860.SZ,顺鑫农业,2022-11-03,0.244611,box,33.368283,33.924885,26.66123,33.674414,True,1.297614,2.051929,0.505858,0.09,15.095294,0.244611,0.110294,,
both_highwin_highwin_exec,双入口高胜率执行,002358.SZ,森源电气,2022-11-04,0.272477,box,32.305497,32.305497,25.844397,32.305497,True,4.972376,1.621341,0.567402,0.138988,12.784094,0.272477,0.139925,,
both_highwin_highwin_exec,双入口高胜率执行,000420.SZ,吉林化纤,2022-11-04,0.265266,box,9.72,9.94,7.64,9.86,True,1.859504,1.58159,0.414084,0.12,16.175903,0.265266,0.128985,,
both_highwin_highwin_exec,双入口高胜率执行,600378.SH,昊华科技,2022-11-04,0.262578,box,56.361424,57.20264,48.531651,57.021455,True,1.171068,1.171304,0.589983,0.349223,5.853555,0.262578,0.129852,,
both_highwin_highwin_exec,双入口高胜率执行,600814.SH,杭州解百,2022-11-07,0.291809,box,7.177126,7.419441,6.161713,7.315592,True,1.277955,1.325463,0.50993,0.165,11.576579,0.291809,0.120754,,
both_highwin_highwin_exec,双入口高胜率执行,000998.SZ,隆平高科,2022-11-07,0.267219,box,48.976289,51.170682,42.615732,50.757245,True,3.973941,2.17895,0.565415,0.075,6.773495,0.267219,0.126413,,
both_highwin_highwin_exec,双入口高胜率执行,688336.SH,三生国健,2022-11-07,0.261399,box,14.23,14.58,11.95,14.39,True,1.480959,1.649861,0.524894,0.045,6.871405,0.261399,0.125987,,
both_highwin_highwin_exec,双入口高胜率执行,600239.SH,云南城投,2022-11-08,0.280082,box,5.130759,5.329186,4.507131,5.272492,True,3.333333,1.230989,0.523281,0.194157,6.052083,0.280082,0.124852,,
both_highwin_highwin_exec,双入口高胜率执行,300523.SZ,辰安科技,2022-11-08,0.273635,box,65.474745,67.856143,51.350594,67.82877,True,3.595318,1.252038,0.370795,0.095509,9.021271,0.273635,0.144239,,
both_highwin_highwin_exec,双入口高胜率执行,300962.SZ,中金辐照,2022-11-08,0.254885,box,16.424267,16.555986,14.509285,16.545854,True,0.430504,1.081509,0.54616,0.223131,-0.655279,0.254885,0.11721,,
both_highwin_highwin_exec,双入口高胜率执行,002574.SZ,明牌珠宝,2022-11-09,0.272697,box,12.157677,12.344718,10.521066,12.227817,True,0.965251,1.077688,0.549641,0.181404,1.995605,0.272697,0.129603,,
both_highwin_highwin_exec,双入口高胜率执行,002072.SZ,凯瑞德,2022-11-09,0.263978,box,7.23,7.58,6.61,7.56,True,4.709141,1.407414,0.46706,0.407636,4.910122,0.263978,0.125662,,
both_highwin_highwin_exec,双入口高胜率执行,000935.SZ,四川双马,2022-11-09,0.259015,box,22.474432,23.77608,19.671689,23.650114,True,4.986021,1.5849,0.524744,0.22808,9.035078,0.259015,0.125352,,
both_highwin_highwin_exec,双入口高胜率执行,002010.SZ,传化智联,2022-11-10,0.271501,box,13.122592,13.644771,11.124689,13.463144,True,2.241379,2.218725,0.528619,0.075161,13.643524,0.271501,0.122399,,
both_highwin_highwin_exec,双入口高胜率执行,600249.SH,两面针,2022-11-10,0.244956,box,4.987961,5.240388,4.594175,5.169709,True,3.643725,3.329005,0.598583,0.143916,4.283016,0.244956,0.119206,,
both_highwin_highwin_exec,双入口高胜率执行,300624.SZ,万兴科技,2022-11-10,0.244609,box,51.174179,53.789749,44.302218,53.123672,True,3.089533,2.112773,0.359109,0.087997,6.418685,0.244609,0.125896,,
both_highwin_highwin_exec,双入口高胜率执行,300989.SZ,蕾奥规划,2022-11-11,0.264639,box,35.735485,36.838655,30.165379,36.585469,True,2.223345,2.846004,0.489463,0.03,11.812505,0.264639,0.126969,,
both_highwin_highwin_exec,双入口高胜率执行,300408.SZ,三环集团,2022-11-11,0.258223,box,126.956817,132.93885,112.238433,130.614895,True,5.162855,1.78644,0.493703,0.110932,4.685122,0.258223,0.120401,,
both_highwin_highwin_exec,双入口高胜率执行,600958.SH,东方证券,2022-11-11,0.256026,box,10.044356,10.713198,8.824014,10.537187,True,8.192771,5.410836,0.590492,0.045,12.120278,0.256026,0.123731,,
both_highwin_highwin_exec,双入口高胜率执行,600337.SH,美克家居,2022-11-14,0.289958,box,7.76015,8.112884,6.864748,8.00435,True,4.240283,2.758303,0.628217,0.151774,6.209486,0.289958,0.122849,,
both_highwin_highwin_exec,双入口高胜率执行,300272.SZ,开能健康,2022-11-14,0.275628,box,33.393124,34.502336,29.598451,34.093679,True,2.276708,1.452724,0.553546,0.376878,-0.975636,0.275628,0.129786,,
both_highwin_highwin_exec,双入口高胜率执行,300255.SZ,常山药业,2022-11-14,0.272716,box,46.742097,48.564247,42.93935,48.564247,True,3.898305,2.274592,0.669175,0.324059,-2.076236,0.272716,0.122291,,
both_highwin_highwin_exec,双入口高胜率执行,603221.SH,爱丽家居,2022-11-15,0.320875,box,8.644386,8.900744,7.444631,8.890489,True,2.725118,1.296016,0.57197,0.186536,5.492642,0.320875,0.140305,,
both_highwin_highwin_exec,双入口高胜率执行,002415.SZ,海康威视,2022-11-15,0.309408,box,669.509331,696.903329,587.327334,696.465025,True,3.89016,1.964713,0.699896,0.281095,3.777654,0.309408,0.124772,,
both_highwin_highwin_exec,双入口高胜率执行,603225.SH,新凤鸣,2022-11-15,0.289226,box,20.657155,21.650686,16.703732,21.423002,True,3.811434,1.494409,0.422337,0.062277,18.020713,0.289226,0.124994,,
both_highwin_highwin_exec,双入口高胜率执行,000639.SZ,西王食品,2022-11-16,0.292844,box,26.188515,27.210505,22.994793,26.955008,True,2.926829,2.028954,0.610051,0.294864,1.242439,0.292844,0.126545,,
both_highwin_highwin_exec,双入口高胜率执行,603682.SH,锦和商管,2022-11-16,0.27369,box,6.345206,6.489922,5.588234,6.489922,True,2.280702,2.093684,0.558219,0.246477,7.214714,0.27369,0.135426,,
both_highwin_highwin_exec,双入口高胜率执行,605338.SH,巴比食品,2022-11-16,0.272184,box,27.605804,28.528024,24.3831,28.426681,True,2.973568,1.710237,0.694145,0.35704,1.51167,0.272184,0.120842,,
both_highwin_highwin_exec,双入口高胜率执行,300042.SZ,朗科科技,2022-11-17,0.302112,box,40.972616,42.182375,36.356432,42.118704,True,4.667722,3.17328,0.467098,0.240977,3.583883,0.302112,0.128578,,
both_highwin_highwin_exec,双入口高胜率执行,003012.SZ,东鹏控股,2022-11-17,0.270216,box,8.852614,8.904688,7.196654,8.873443,True,0.828402,1.070733,0.500974,0.248584,12.674115,0.270216,0.139069,,
both_highwin_highwin_exec,双入口高胜率执行,600774.SH,汉商集团,2022-11-17,0.264709,box,15.40373,16.718359,13.053333,16.466056,True,5.173876,3.572355,0.47374,0.073265,12.299875,0.264709,0.130164,,
both_highwin_highwin_exec,双入口高胜率执行,600239.SH,云南城投,2022-11-18,0.303101,box,5.357533,5.442573,4.507131,5.385879,True,0.0,1.05765,0.523471,0.393036,7.658437,0.303101,0.135791,,
both_highwin_highwin_exec,双入口高胜率执行,605300.SH,佳禾食品,2022-11-18,0.277582,box,14.765354,15.319685,12.31622,15.087874,True,1.491525,1.925879,0.509474,0.271597,8.038973,0.277582,0.127262,,
both_highwin_highwin_exec,双入口高胜率执行,603269.SH,海鸥股份,2022-11-18,0.274344,box,15.93618,16.359265,14.102814,16.194732,True,1.622419,1.405761,0.444223,0.443892,5.005532,0.274344,0.132927,,
both_highwin_highwin_exec,双入口高胜率执行,301057.SZ,汇隆新材,2022-11-21,0.304153,box,20.175131,20.528196,16.997548,20.245744,True,0.35,1.313554,0.415364,0.530462,1.271748,0.304153,0.126928,,
both_highwin_highwin_exec,双入口高胜率执行,603790.SH,雅运股份,2022-11-21,0.27656,box,14.235006,14.888862,12.668474,14.834374,True,4.610951,2.977734,0.528279,0.401313,6.303787,0.27656,0.140203,,
both_highwin_highwin_exec,双入口高胜率执行,688606.SH,奥泰生物,2022-11-21,0.271285,box,123.554235,134.604141,109.559081,132.003549,True,6.031879,3.027872,0.516468,0.066238,9.31794,0.271285,0.117974,,
both_highwin_highwin_exec,双入口高胜率执行,600241.SH,时代万恒,2022-11-22,0.272206,box,15.074861,15.869183,13.002715,15.81738,True,4.685714,2.939934,0.508133,0.206598,8.377922,0.272206,0.132461,,
both_highwin_highwin_exec,双入口高胜率执行,002692.SZ,远程股份,2022-11-22,0.26932,box,17.784824,18.200358,15.582498,18.034144,True,1.401869,1.645474,0.526512,0.23965,7.152275,0.26932,0.138543,,
both_highwin_highwin_exec,双入口高胜率执行,002595.SZ,豪迈科技,2022-11-22,0.250289,box,127.736925,131.210134,119.198618,130.148876,True,1.543094,1.35142,0.591698,0.357676,2.201779,0.250289,0.116381,,
both_highwin_highwin_exec,双入口高胜率执行,300516.SZ,久之洋,2022-11-23,0.273391,box,43.099624,44.385266,37.084655,44.186298,True,2.448545,1.985139,0.398309,0.266562,3.157843,0.273391,0.134636,,
both_highwin_highwin_exec,双入口高胜率执行,300137.SZ,先河环保,2022-11-23,0.256083,box,29.684715,30.098921,26.279027,30.098921,True,2.347418,1.342785,0.477724,0.447832,0.592078,0.256083,0.124955,,
both_highwin_highwin_exec,双入口高胜率执行,002066.SZ,瑞泰科技,2022-11-23,0.245599,box,25.846527,27.135734,22.893826,26.782242,True,3.954802,4.189922,0.36222,0.150563,4.238596,0.245599,0.116274,,
both_highwin_highwin_exec,双入口高胜率执行,600601.SH,方正科技,2022-11-24,0.284874,box,3.108722,3.108722,2.689569,3.108722,True,5.11811,1.783896,0.677988,0.373788,1.558754,0.284874,0.122722,,
both_highwin_highwin_exec,双入口高胜率执行,000544.SZ,中原环保,2022-11-24,0.280015,box,12.519521,12.902772,10.694518,12.720271,True,2.650957,1.77588,0.607372,0.380947,3.836695,0.280015,0.137635,,
both_highwin_highwin_exec,双入口高胜率执行,605008.SH,长鸿高科,2022-11-24,0.257372,box,24.312159,26.6727,22.658366,26.22038,True,7.786171,3.771411,0.440127,0.126923,8.487049,0.257372,0.129572,,
both_highwin_highwin_exec,双入口高胜率执行,600057.SH,厦门象屿,2022-11-25,0.271622,box,21.212913,21.974002,18.949162,21.856911,True,2.3766,1.133677,0.349153,0.46345,3.560042,0.271622,0.124176,,
both_highwin_highwin_exec,双入口高胜率执行,600084.SH,中信尼雅,2022-11-25,0.263684,box,7.45,7.6,6.61,7.59,True,2.153432,1.745475,0.510858,0.298954,6.488081,0.263684,0.132449,,
both_highwin_highwin_exec,双入口高胜率执行,600648.SH,外高桥,2022-11-25,0.252378,box,14.701179,14.748602,13.420754,14.618188,True,1.565074,1.989159,0.777549,0.440446,1.565762,0.252378,0.121883,,
both_highwin_highwin_exec,双入口高胜率执行,002313.SZ,日海智能,2022-11-28,0.26349,box,16.330842,17.1635,13.779148,17.10978,True,4.597701,3.372486,0.419747,0.12,15.759562,0.26349,0.131479,,
both_highwin_highwin_exec,双入口高胜率执行,600186.SH,莲花控股,2022-11-28,0.259075,box,3.024454,3.306303,2.829328,3.241261,True,6.405694,2.140698,0.5232,0.337065,5.062064,0.259075,0.118525,,
both_highwin_highwin_exec,双入口高胜率执行,301217.SZ,铜冠铜箔,2022-11-28,0.257622,box,13.897006,14.73588,12.340542,14.695453,True,5.745455,2.555818,0.537442,0.075,14.227728,0.257622,0.126035,,
both_highwin_highwin_exec,双入口高胜率执行,600826.SH,兰生股份,2022-11-29,0.277056,box,15.018736,15.710844,13.011624,15.641633,True,3.669725,1.121597,0.408437,0.284439,6.932176,0.277056,0.137553,,
both_highwin_highwin_exec,双入口高胜率执行,002798.SZ,帝欧水华,2022-11-29,0.265737,box,24.499847,25.085378,20.77094,24.900474,True,5.208333,2.470837,0.465096,0.195475,5.525487,0.265737,0.118361,,
both_highwin_highwin_exec,双入口高胜率执行,600197.SH,伊力特,2022-11-29,0.264462,box,29.182554,30.136478,24.764378,29.822687,True,2.325581,1.492024,0.416346,0.26394,3.713418,0.264462,0.114902,,
both_highwin_highwin_exec,双入口高胜率执行,300033.SZ,同花顺,2022-11-30,0.2641,box,871.703939,913.717005,772.53877,900.817471,True,2.226289,1.468501,0.34027,0.266533,6.242633,0.2641,0.130714,,
both_highwin_highwin_exec,双入口高胜率执行,603989.SH,艾华集团,2022-11-30,0.259907,box,60.904586,62.775452,53.939554,62.595128,True,2.472325,1.084603,0.526368,0.36079,4.703095,0.259907,0.13427,,
both_highwin_highwin_exec,双入口高胜率执行,600780.SH,通宝能源,2022-11-30,0.255481,box,7.717705,7.977218,7.108413,7.932086,True,2.180233,1.266482,0.381612,0.290708,7.335787,0.255481,0.130595,,
both_highwin_highwin_exec,双入口高胜率执行,603326.SH,我乐家居,2022-12-01,0.269164,box,16.895259,17.333826,14.994804,17.083217,True,2.25,1.310648,0.4889,0.31803,2.477021,0.269164,0.127281,,
both_highwin_highwin_exec,双入口高胜率执行,000839.SZ,国安股份,2022-12-01,0.261523,box,7.282435,7.446086,6.273259,7.391536,True,1.879699,1.147875,0.409125,0.212618,2.640238,0.261523,0.128801,,
both_highwin_highwin_exec,双入口高胜率执行,000921.SZ,海信家电,2022-12-01,0.259982,box,15.905464,16.443619,13.477788,16.180521,True,2.422407,1.324646,0.325714,0.259148,6.594513,0.259982,0.128387,,
both_highwin_highwin_exec,双入口高胜率执行,605009.SH,豪悦护理,2022-12-02,0.273545,box,70.587918,75.786372,64.849564,74.660298,True,5.931276,1.92856,0.379432,0.286791,6.042157,0.273545,0.131898,,
both_highwin_highwin_exec,双入口高胜率执行,000695.SZ,滨海能源,2022-12-02,0.261036,box,12.73,13.45,11.1,13.38,True,5.27144,1.478165,0.505434,0.371835,5.386523,0.261036,0.132632,,
both_highwin_highwin_exec,双入口高胜率执行,300970.SZ,华绿生物,2022-12-02,0.260262,box,36.51559,38.714595,34.054318,38.411979,True,5.368013,2.948517,0.562036,0.276726,3.484719,0.260262,0.12539,,
both_highwin_highwin_exec,双入口高胜率执行,600968.SH,海油发展,2022-12-05,0.273035,box,3.417655,3.649004,3.039084,3.60694,True,5.214724,1.991195,0.548141,0.186217,11.555267,0.273035,0.136548,,
both_highwin_highwin_exec,双入口高胜率执行,000159.SZ,国际实业,2022-12-05,0.269943,box,20.73889,21.591173,17.897946,21.372639,True,2.947368,1.233648,0.426055,0.208689,9.270094,0.269943,0.138681,,
both_highwin_highwin_exec,双入口高胜率执行,300770.SZ,新媒股份,2022-12-05,0.267645,box,68.147553,70.118998,63.787626,69.739874,True,2.822806,1.171398,0.488058,0.317626,-1.950557,0.267645,0.122812,,
both_highwin_highwin_exec,双入口高胜率执行,002041.SZ,登海种业,2022-12-06,0.270304,box,112.417361,116.178537,103.954716,114.559142,True,1.763341,1.487202,0.654007,0.274166,3.510592,0.270304,0.127108,,
both_highwin_highwin_exec,双入口高胜率执行,600486.SH,扬农化工,2022-12-06,0.25528,box,274.82124,291.890226,260.262399,290.648365,True,5.769231,2.964426,0.528865,0.440681,2.998546,0.25528,0.124756,,
both_highwin_highwin_exec,双入口高胜率执行,002320.SZ,海峡股份,2022-12-06,0.248621,box,71.842293,73.487537,66.769459,72.527811,True,0.954198,1.870761,0.641262,0.238134,1.599517,0.248621,0.123866,,
both_highwin_highwin_exec,双入口高胜率执行,002259.SZ,升达林业,2022-12-07,0.29444,box,6.733041,7.040252,6.246623,7.040252,True,4.961832,2.073758,0.626064,0.127664,6.435786,0.29444,0.128789,,
both_highwin_highwin_exec,双入口高胜率执行,000886.SZ,海南高速,2022-12-07,0.275762,box,4.99114,5.252115,4.545308,5.165123,True,3.938731,2.270315,0.488697,0.15309,8.194992,0.275762,0.132591,,
both_highwin_highwin_exec,双入口高胜率执行,300903.SZ,科翔股份,2022-12-07,0.270181,box,24.028854,24.372123,21.083964,24.263723,True,1.129518,2.678822,0.522726,0.261269,5.362479,0.270181,0.127624,,
both_highwin_highwin_exec,双入口高胜率执行,601928.SH,凤凰传媒,2022-12-08,0.277315,box,11.91488,12.236904,10.038741,12.166899,True,2.597403,1.489978,0.321356,0.225025,7.03235,0.277315,0.13644,,
both_highwin_highwin_exec,双入口高胜率执行,600559.SH,老白干酒,2022-12-08,0.270873,box,128.254816,130.948616,109.248559,130.050682,True,1.321415,1.137868,0.504368,0.14724,9.610998,0.270873,0.130437,,
both_highwin_highwin_exec,双入口高胜率执行,600327.SH,大东方,2022-12-08,0.269112,box,19.487161,19.805969,17.733715,19.566863,True,0.821355,2.262552,0.699351,0.139208,2.762984,0.269112,0.118071,,
both_highwin_highwin_exec,双入口高胜率执行,600036.SH,招商银行,2022-12-09,0.275322,box,60.575232,62.487244,52.538016,62.182676,True,3.667137,1.150353,0.325684,0.17974,5.404209,0.275322,0.135637,,
both_highwin_highwin_exec,双入口高胜率执行,002508.SZ,老板电器,2022-12-09,0.262932,box,191.662898,207.369569,164.331907,203.287218,True,6.410721,2.154086,0.269903,0.18454,9.504726,0.262932,0.138001,,
both_highwin_highwin_exec,双入口高胜率执行,002081.SZ,金螳螂,2022-12-09,0.261578,box,68.023328,69.730478,62.901881,69.599158,True,2.316602,1.185214,0.515611,0.292185,0.747864,0.261578,0.127759,,
both_highwin_highwin_exec,双入口高胜率执行,600436.SH,片仔癀,2022-12-12,0.304454,trend,1244.409673,1302.645928,1244.364424,1291.062027,True,4.512821,2.007296,0.403239,0.207735,8.720185,0.304454,0.123866,,
both_highwin_highwin_exec,双入口高胜率执行,002557.SZ,洽洽食品,2022-12-12,0.262772,box,178.076858,179.942933,145.553839,178.276795,True,0.488355,1.395932,0.365598,0.180703,10.837381,0.262772,0.12632,,
both_highwin_highwin_exec,双入口高胜率执行,603587.SH,地素时尚,2022-12-12,0.262576,box,23.247028,23.725116,21.215154,23.590654,True,1.608752,1.341696,0.603927,0.170156,2.178278,0.262576,0.130641,,
both_highwin_highwin_exec,双入口高胜率执行,300970.SZ,华绿生物,2022-12-13,0.28607,box,37.968144,39.682964,34.054318,39.259303,True,3.400638,1.74676,0.591801,0.222377,7.915438,0.28607,0.134528,,
both_highwin_highwin_exec,双入口高胜率执行,301009.SZ,可靠股份,2022-12-13,0.269423,box,11.917825,12.370401,10.95233,12.320114,True,3.201348,1.819768,0.559933,0.301425,5.497451,0.269423,0.123457,,
both_highwin_highwin_exec,双入口高胜率执行,002956.SZ,西麦食品,2022-12-13,0.264209,box,44.613379,45.695802,39.259774,45.286237,True,1.508197,1.19818,0.398204,0.129633,5.952086,0.264209,0.131027,,
both_highwin_highwin_exec,双入口高胜率执行,605136.SH,丽人丽妆,2022-12-14,0.294514,box,12.748913,13.451528,11.241853,13.298786,True,3.650794,1.68451,0.583002,0.196066,11.2189,0.294514,0.124397,,
both_highwin_highwin_exec,双入口高胜率执行,603886.SH,元祖股份,2022-12-14,0.281217,box,24.5323,25.347919,21.919769,24.978342,True,1.818182,1.458911,0.544596,0.32283,6.24554,0.281217,0.1295,,
both_highwin_highwin_exec,双入口高胜率执行,000963.SZ,华东医药,2022-12-14,0.265069,box,180.549835,186.58047,159.996445,183.339517,True,1.591271,1.058084,0.557342,0.37945,5.774895,0.265069,0.127785,,
both_highwin_highwin_exec,双入口高胜率执行,600794.SH,保税科技,2022-12-15,0.273536,box,22.345597,23.125743,19.782262,22.73567,True,1.745636,1.520175,0.530841,0.219746,4.504881,0.273536,0.132751,,
both_highwin_highwin_exec,双入口高胜率执行,603551.SH,奥普科技,2022-12-15,0.27092,box,10.787371,11.213927,9.21585,11.079225,True,3.567681,1.564915,0.440592,0.177474,13.834593,0.27092,0.144793,,
both_highwin_highwin_exec,双入口高胜率执行,688519.SH,南亚新材,2022-12-15,0.264444,box,24.829034,26.148108,21.86619,25.864,True,5.767635,2.367234,0.346567,0.311008,12.989768,0.264444,0.131245,,
both_highwin_highwin_exec,双入口高胜率执行,600189.SH,泉阳泉,2022-12-16,0.271715,box,9.828012,10.387563,8.551088,10.229741,True,2.589928,2.315609,0.495427,0.125635,6.703571,0.271715,0.140506,,
both_highwin_highwin_exec,双入口高胜率执行,002092.SZ,中泰化学,2022-12-16,0.269702,box,12.862557,13.185822,10.803867,13.04971,True,2.540107,1.403725,0.405892,0.135,15.126897,0.269702,0.131104,,
both_highwin_highwin_exec,双入口高胜率执行,002319.SZ,乐通股份,2022-12-16,0.262685,box,27.239846,28.203907,24.552783,28.203907,True,4.403948,1.746618,0.227208,0.283611,10.277064,0.262685,0.121968,,
both_highwin_highwin_exec,双入口高胜率执行,603833.SH,欧派家居,2022-12-19,0.267074,box,179.409041,182.894703,145.196835,182.411397,True,2.653919,1.195471,0.216494,0.319649,7.757863,0.267074,0.119837,,
both_highwin_highwin_exec,双入口高胜率执行,600576.SH,祥源文旅,2022-12-19,0.249083,box,13.791453,14.033795,12.645838,13.901609,True,1.446945,1.442671,0.53537,0.359063,2.319435,0.249083,0.123981,,
both_highwin_highwin_exec,双入口高胜率执行,600455.SH,博通股份,2022-12-19,0.247232,box,22.26,23.64,20.55,23.2,True,4.269663,3.059292,0.575537,0.265143,6.241894,0.247232,0.112057,,
both_highwin_highwin_exec,双入口高胜率执行,002367.SZ,康力电梯,2022-12-20,0.243999,box,64.557946,66.917767,59.416909,65.737857,True,0.775194,1.227721,0.547652,0.398483,6.409775,0.243999,0.126494,,
both_highwin_highwin_exec,双入口高胜率执行,301263.SZ,泰恩康,2022-12-20,0.239915,box,35.784429,37.115045,29.771263,36.607176,True,2.971429,1.0998,0.362483,0.272825,13.418959,0.239915,0.118906,,
both_highwin_highwin_exec,双入口高胜率执行,605288.SH,凯迪股份,2022-12-20,0.221145,box,53.567751,55.371476,52.136224,55.256954,True,3.791342,2.0989,0.642809,0.393634,6.495661,0.221145,0.100809,,
both_highwin_highwin_exec,双入口高胜率执行,300517.SZ,海波重科,2022-12-21,0.258052,box,29.071117,31.027475,24.463619,30.661801,True,5.804416,1.481155,0.372765,0.146826,13.487544,0.258052,0.133247,,
both_highwin_highwin_exec,双入口高胜率执行,300345.SZ,华民股份,2022-12-21,0.255889,box,43.987148,45.667363,37.266291,45.021126,True,1.752678,1.393731,0.454739,0.144061,16.448901,0.255889,0.128283,,
both_highwin_highwin_exec,双入口高胜率执行,002351.SZ,漫步者,2022-12-21,0.253747,box,65.360745,70.873971,60.935656,69.568207,True,5.038335,3.352832,0.546509,0.18,12.084709,0.253747,0.117731,,
both_highwin_highwin_exec,双入口高胜率执行,603899.SH,晨光股份,2022-12-22,0.277172,box,115.567461,120.543947,97.791195,119.783348,True,4.770956,1.283776,0.319792,0.414674,6.73904,0.277172,0.13773,,
both_highwin_highwin_exec,双入口高胜率执行,300896.SZ,爱美客,2022-12-22,0.260467,box,946.216642,1008.873982,786.413182,993.091597,True,5.788466,1.713023,0.411073,0.300156,6.56723,0.260467,0.123359,,
both_highwin_highwin_exec,双入口高胜率执行,002242.SZ,九阳股份,2022-12-22,0.242907,box,45.054754,47.574719,41.593264,46.827037,True,3.109756,1.991389,0.534963,0.245605,8.534478,0.242907,0.120496,,
both_highwin_highwin_exec,双入口高胜率执行,688235.SH,百济神州-U,2022-12-23,0.254153,box,133.0,139.91,116.3,137.88,True,6.809203,1.844115,0.373146,0.304644,13.222706,0.254153,0.121844,,
both_highwin_highwin_exec,双入口高胜率执行,688561.SH,奇安信-U,2022-12-23,0.230314,box,61.59,68.19,59.86,67.16,True,7.800963,1.245065,0.360343,0.248546,12.122723,0.230314,0.098741,,
both_highwin_highwin_exec,双入口高胜率执行,002481.SZ,双塔食品,2022-12-23,0.226844,box,114.707462,121.575061,103.756426,121.575061,True,6.158833,2.105504,0.518069,0.187097,5.488978,0.226844,0.099463,,
both_highwin_highwin_exec,双入口高胜率执行,000690.SZ,宝新能源,2022-12-26,0.250807,box,12.523534,13.416622,12.219072,13.315135,True,6.148867,1.299812,0.334582,0.438047,6.414728,0.250807,0.118439,,
both_highwin_highwin_exec,双入口高胜率执行,603326.SH,我乐家居,2022-12-26,0.246336,box,16.790839,17.730625,16.247851,17.563551,True,4.732254,1.755345,0.503783,0.389207,2.543988,0.246336,0.114319,,
both_highwin_highwin_exec,双入口高胜率执行,000423.SZ,东阿阿胶,2022-12-26,0.239124,box,48.718459,51.021733,45.329873,50.358487,True,2.528849,1.834942,0.554598,0.206543,8.663589,0.239124,0.112475,,
both_highwin_highwin_exec,双入口高胜率执行,002352.SZ,顺丰控股,2022-12-27,0.281243,box,202.257593,213.546715,181.853031,210.145955,True,4.425087,1.297482,0.393962,0.353127,5.709063,0.281243,0.125142,,
both_highwin_highwin_exec,双入口高胜率执行,601636.SH,旗滨集团,2022-12-27,0.254214,box,40.14697,42.172402,35.047219,41.919223,True,4.508566,1.216848,0.267653,0.288124,5.692203,0.254214,0.121791,,
both_highwin_highwin_exec,双入口高胜率执行,600426.SH,华鲁恒升,2022-12-27,0.250883,box,124.215001,128.926208,119.771911,128.19846,True,3.750775,1.157688,0.499695,0.374684,5.863588,0.250883,0.119441,,
both_highwin_highwin_exec,双入口高胜率执行,600480.SH,凌云股份,2022-12-28,0.248958,box,14.157057,14.592144,13.052606,14.441537,True,1.768868,1.052123,0.663079,0.232466,9.720365,0.248958,0.118106,,
both_highwin_highwin_exec,双入口高胜率执行,002966.SZ,苏州银行,2022-12-28,0.247632,box,9.114639,9.561909,8.715722,9.428937,True,3.448276,1.520273,0.624828,0.376164,4.208621,0.247632,0.11565,,
both_highwin_highwin_exec,双入口高胜率执行,002712.SZ,思美传媒,2022-12-28,0.247494,box,24.422172,25.047046,23.016204,24.994973,True,1.479915,1.088832,0.625254,0.292554,3.809295,0.247494,0.120372,,
both_highwin_highwin_exec,双入口高胜率执行,688737.SH,中自科技,2022-12-29,0.264004,box,37.297993,38.27607,34.152015,37.993739,True,2.419136,1.396457,0.575155,0.30554,9.002366,0.264004,0.124393,,
both_highwin_highwin_exec,双入口高胜率执行,603882.SH,金域医学,2022-12-29,0.25578,box,75.251217,78.204658,68.7598,77.927773,True,2.412399,1.499276,0.505834,0.217458,6.507026,0.25578,0.124061,,
both_highwin_highwin_exec,双入口高胜率执行,600452.SH,涪陵电力,2022-12-29,0.251743,box,68.579718,72.788582,65.80682,72.293421,True,4.434907,3.298928,0.67106,0.315154,9.764077,0.251743,0.1166,,
both_highwin_highwin_exec,双入口高胜率执行,603308.SH,应流股份,2022-12-30,0.258495,box,29.696569,30.930901,26.763216,30.930901,True,3.548858,2.663387,0.610375,0.215695,7.534276,0.258495,0.120586,,
both_highwin_highwin_exec,双入口高胜率执行,600377.SH,宁沪高速,2022-12-30,0.252438,box,15.970755,16.426497,15.832052,16.287793,True,2.238806,1.08451,0.671543,0.518803,1.484137,0.252438,0.123482,,
both_highwin_highwin_exec,双入口高胜率执行,600824.SH,益民集团,2022-12-30,0.251812,box,6.158493,6.38479,5.964525,6.352462,True,3.149606,2.402169,0.559711,0.399721,6.888732,0.251812,0.120967,,
both_highwin_highwin_exec,双入口高胜率执行,605259.SH,绿田机械,2023-01-03,0.273942,box,34.957431,36.978991,31.930275,36.813119,True,5.968368,3.486403,0.57772,0.320027,11.279096,0.273942,0.132298,,
both_highwin_highwin_exec,双入口高胜率执行,600021.SH,上海电力,2023-01-03,0.272124,box,12.822703,13.700448,11.41068,13.45875,True,5.694306,2.773605,0.605271,0.21,13.412918,0.272124,0.137116,,
both_highwin_highwin_exec,双入口高胜率执行,600489.SH,中金黄金,2023-01-03,0.263371,box,33.696243,34.723567,30.90192,34.559195,True,2.686203,1.737785,0.697057,0.257624,8.933582,0.263371,0.127988,,
both_highwin_highwin_exec,双入口高胜率执行,002969.SZ,嘉美包装,2023-01-04,0.295252,box,4.26951,4.511181,3.826448,4.430624,True,3.773585,2.075338,0.639994,0.12,12.616085,0.295252,0.133155,,
both_highwin_highwin_exec,双入口高胜率执行,603456.SH,九洲药业,2023-01-04,0.281146,box,162.297306,167.800867,140.629442,167.377516,True,3.105737,1.20914,0.493152,0.146431,12.928526,0.281146,0.12496,,
both_highwin_highwin_exec,双入口高胜率执行,000555.SZ,神州信息,2023-01-04,0.263892,box,22.953719,23.605466,20.550402,23.523998,True,2.758007,2.745347,0.5904,0.26011,11.013297,0.263892,0.136994,,
both_highwin_highwin_exec,双入口高胜率执行,603790.SH,雅运股份,2023-01-05,0.271387,box,15.392877,16.073978,13.417685,15.828781,True,3.842717,3.775936,0.570851,0.24,6.122491,0.271387,0.128743,,
both_highwin_highwin_exec,双入口高胜率执行,000567.SZ,海德股份,2023-01-05,0.26915,box,31.627289,33.010848,27.800884,32.75143,True,3.767123,2.662956,0.550263,0.18054,11.343223,0.26915,0.13228,,
both_highwin_highwin_exec,双入口高胜率执行,002081.SZ,金螳螂,2023-01-05,0.263701,box,68.023328,69.33652,63.0332,68.811243,True,1.550388,1.547846,0.615014,0.379066,2.25492,0.263701,0.12475,,
both_highwin_highwin_exec,双入口高胜率执行,600388.SH,龙净环保,2023-01-06,0.265156,box,93.940173,96.44443,76.104978,95.711477,True,1.621271,1.283293,0.436601,0.211601,15.659653,0.265156,0.125591,,
both_highwin_highwin_exec,双入口高胜率执行,002028.SZ,思源电气,2023-01-06,0.26012,box,75.33629,78.900795,70.423054,77.841078,True,3.536648,1.849262,0.581631,0.268328,6.006286,0.26012,0.116453,,
both_highwin_highwin_exec,双入口高胜率执行,603385.SH,惠达卫浴,2023-01-06,0.259932,box,10.726147,11.178543,9.996477,10.974235,True,1.897019,2.291703,0.677417,0.255991,3.041859,0.259932,0.125069,,
both_highwin_highwin_exec,双入口高胜率执行,603707.SH,健友股份,2023-01-09,0.304163,box,68.466843,72.454097,60.568283,71.20096,True,3.763143,1.867286,0.596684,0.13693,9.919139,0.304163,0.138387,,
both_highwin_highwin_exec,双入口高胜率执行,002949.SZ,华阳国际,2023-01-09,0.289212,box,15.692573,15.89554,13.759042,15.81008,True,1.508916,1.799195,0.58092,0.31306,7.889021,0.289212,0.132212,,
both_highwin_highwin_exec,双入口高胜率执行,000963.SZ,华东医药,2023-01-09,0.276032,box,194.744391,201.021175,171.319271,199.298136,True,2.706131,1.257181,0.539567,0.199617,4.856216,0.276032,0.135955,,
both_highwin_highwin_exec,双入口高胜率执行,603758.SH,秦安股份,2023-01-10,0.277551,box,10.011753,10.592939,8.399784,10.549076,True,5.251641,2.803134,0.543056,0.195,15.274,0.277551,0.128039,,
both_highwin_highwin_exec,双入口高胜率执行,000661.SZ,长春高新,2023-01-10,0.261786,box,465.119286,487.755091,393.562473,479.526058,True,2.83376,1.707228,0.497639,0.105,14.080923,0.261786,0.12854,,
both_highwin_highwin_exec,双入口高胜率执行,600702.SH,舍得酒业,2023-01-10,0.260665,box,177.168745,187.244243,162.134459,185.296524,True,4.587592,1.828215,0.275185,0.2333,5.542046,0.260665,0.1305,,
both_highwin_highwin_exec,双入口高胜率执行,688192.SH,迪哲医药-U,2023-01-11,0.270969,box,40.87,43.47,35.77,43.09,True,6.368798,3.107642,0.483867,0.18489,11.306343,0.270969,0.139471,,
both_highwin_highwin_exec,双入口高胜率执行,601636.SH,旗滨集团,2023-01-11,0.261701,box,44.053161,45.499899,38.374716,45.319057,True,2.958094,1.145383,0.247396,0.340282,4.967912,0.261701,0.11601,,
both_highwin_highwin_exec,双入口高胜率执行,000630.SZ,铜陵有色,2023-01-11,0.261313,box,17.969554,18.753273,16.178197,18.417393,True,3.134796,1.369903,0.471261,0.226513,4.726324,0.261313,0.119645,,
both_highwin_highwin_exec,双入口高胜率执行,300484.SZ,蓝海华腾,2023-01-12,0.279753,box,47.202856,51.171238,43.067385,50.837059,True,6.848112,4.554756,0.609207,0.136705,12.117761,0.279753,0.122106,,
both_highwin_highwin_exec,双入口高胜率执行,300803.SZ,指南针,2023-01-12,0.274817,box,51.96222,53.165978,43.756603,52.654381,True,1.410355,1.183122,0.504493,0.175998,13.587776,0.274817,0.127847,,
both_highwin_highwin_exec,双入口高胜率执行,000725.SZ,京东方Ａ,2023-01-12,0.260567,box,4.965775,5.04652,4.508224,5.019605,True,1.358696,1.898741,0.716662,0.182228,6.242498,0.260567,0.134249,,
both_highwin_highwin_exec,双入口高胜率执行,300685.SZ,艾德生物,2023-01-13,0.270884,box,135.662184,141.727778,115.196969,141.727778,True,3.754513,1.108487,0.512248,0.345971,2.077028,0.270884,0.134108,,
both_highwin_highwin_exec,双入口高胜率执行,002271.SZ,东方雨虹,2023-01-13,0.270048,box,810.273714,863.681165,715.078843,849.826512,True,4.910345,1.247655,0.340676,0.29311,11.335279,0.270048,0.126209,,
both_highwin_highwin_exec,双入口高胜率执行,002003.SZ,伟星股份,2023-01-13,0.261615,box,76.616311,78.325225,68.000536,77.969201,True,2.72045,1.211006,0.653132,0.267017,4.627792,0.261615,0.128985,,
both_highwin_highwin_exec,双入口高胜率执行,605111.SH,新洁能,2023-01-16,0.297293,box,172.870182,181.439646,146.510194,179.563842,True,4.121823,1.425188,0.471221,0.139658,10.341912,0.297293,0.126427,,
both_highwin_highwin_exec,双入口高胜率执行,300231.SZ,银信科技,2023-01-16,0.2876,box,82.332766,86.9242,73.358599,86.298096,True,4.816223,2.134578,0.630034,0.206532,6.564052,0.2876,0.133126,,
both_highwin_highwin_exec,双入口高胜率执行,603117.SH,万林物流,2023-01-16,0.285418,box,4.505119,4.712591,4.016076,4.697772,True,4.620462,1.380764,0.438665,0.172304,7.149756,0.285418,0.135674,,
both_highwin_highwin_exec,双入口高胜率执行,688022.SH,瀚川智能,2023-01-17,0.311028,box,56.609848,59.137073,46.804214,59.086529,True,5.315315,2.423244,0.501348,0.235505,9.375122,0.311028,0.12791,,
both_highwin_highwin_exec,双入口高胜率执行,300033.SZ,同花顺,2023-01-17,0.279999,box,1033.754338,1059.732566,842.142507,1051.222457,True,0.539753,1.050972,0.325112,0.16016,13.233917,0.279999,0.138446,,
both_highwin_highwin_exec,双入口高胜率执行,601066.SH,中信建投,2023-01-17,0.278421,box,28.109427,28.71473,24.466989,28.523581,True,1.167608,1.781046,0.633929,0.160416,5.596699,0.278421,0.134246,,
both_highwin_highwin_exec,双入口高胜率执行,002881.SZ,美格智能,2023-01-18,0.289919,box,68.876301,71.588666,58.693813,70.810529,True,3.241491,1.429942,0.584064,0.094224,5.735516,0.289919,0.13475,,
both_highwin_highwin_exec,双入口高胜率执行,002660.SZ,茂硕电源,2023-01-18,0.286382,box,22.111017,22.984865,19.43651,22.773023,True,2.870813,2.424924,0.648677,0.488087,-0.055425,0.286382,0.133122,,
both_highwin_highwin_exec,双入口高胜率执行,000933.SZ,神火股份,2023-01-18,0.276859,box,41.987893,43.722722,36.154844,43.09416,True,3.377563,1.417903,0.435431,0.176139,10.501291,0.276859,0.130596,,
both_highwin_highwin_exec,双入口高胜率执行,300059.SZ,东方财富,2023-01-19,0.276093,box,1523.035216,1570.104737,1237.255981,1569.432316,True,2.955448,1.080679,0.29252,0.147426,9.857428,0.276093,0.141408,,
both_highwin_highwin_exec,双入口高胜率执行,688235.SH,百济神州-U,2023-01-19,0.275565,box,154.17,162.61,128.0,160.51,True,3.554839,1.69119,0.321583,0.147968,6.12661,0.275565,0.14206,,
both_highwin_highwin_exec,双入口高胜率执行,688586.SH,江航装备,2023-01-19,0.273268,box,25.49404,26.404541,21.652862,26.12001,True,1.717452,1.818853,0.591082,0.10705,5.415135,0.273268,0.141225,,
both_highwin_highwin_exec,双入口高胜率执行,603110.SH,东方材料,2023-01-20,0.295122,box,76.978394,78.272499,65.394064,77.625446,True,1.16975,1.325944,0.623435,0.191401,8.344119,0.295122,0.14303,,
both_highwin_highwin_exec,双入口高胜率执行,601899.SH,紫金矿业,2023-01-20,0.277281,box,23.405498,24.267173,19.517941,23.866394,True,2.849741,1.353334,0.309164,0.096915,9.149809,0.277281,0.138646,,
both_highwin_highwin_exec,双入口高胜率执行,603181.SH,皇马科技,2023-01-20,0.271693,box,46.196468,46.907183,39.243822,46.536375,True,0.534045,1.721977,0.607894,0.367765,1.01631,0.271693,0.128901,,
both_highwin_highwin_exec,双入口高胜率执行,300022.SZ,吉峰科技,2023-01-30,0.300626,box,21.15936,21.848458,18.362433,21.564712,True,2.702703,2.363218,0.522194,0.276004,6.60682,0.300626,0.138579,,
both_highwin_highwin_exec,双入口高胜率执行,301193.SZ,家联科技,2023-01-30,0.279684,box,36.851825,38.171199,31.463542,37.506476,True,2.139331,1.121277,0.577224,0.436469,-1.817323,0.279684,0.13504,,
both_highwin_highwin_exec,双入口高胜率执行,603421.SH,鼎信通讯,2023-01-30,0.277554,box,14.211781,14.816852,12.027624,14.639758,True,3.333333,2.031997,0.557217,0.134171,5.287576,0.277554,0.144356,,
both_highwin_highwin_exec,双入口高胜率执行,603602.SH,纵横通信,2023-01-31,0.289348,box,32.47673,33.328664,27.778189,33.251215,True,2.875399,1.24493,0.628443,0.441068,3.507298,0.289348,0.133049,,
both_highwin_highwin_exec,双入口高胜率执行,002493.SZ,荣盛石化,2023-01-31,0.277947,box,189.506672,201.615724,168.31583,200.404819,True,5.750799,2.400933,0.566227,0.096171,7.978365,0.277947,0.131072,,
both_highwin_highwin_exec,双入口高胜率执行,300418.SZ,昆仑万维,2023-01-31,0.276733,box,63.453929,67.374332,55.451459,66.363919,True,6.209573,3.381154,0.574381,0.174407,8.383415,0.276733,0.137427,,
both_highwin_highwin_exec,双入口高胜率执行,688681.SH,科汇股份,2023-02-01,0.281601,box,14.892476,15.487771,12.67273,15.376784,True,2.144772,1.348556,0.530682,0.092141,7.587927,0.281601,0.126789,,
both_highwin_highwin_exec,双入口高胜率执行,002182.SZ,宝武镁业,2023-02-01,0.279283,box,73.596198,77.111834,65.271436,76.846503,True,4.463481,2.163654,0.509857,0.167095,5.907961,0.279283,0.123799,,
both_highwin_highwin_exec,双入口高胜率执行,601377.SH,兴业证券,2023-02-01,0.277524,box,18.106066,18.474504,14.605911,18.42187,True,1.449275,1.090806,0.399133,0.06,7.723619,0.277524,0.138669,,
both_highwin_highwin_exec,双入口高胜率执行,002773.SZ,康弘药业,2023-02-02,0.282939,box,36.356533,36.861485,30.862657,36.659504,True,0.276243,1.120578,0.552624,0.136697,6.472084,0.282939,0.134287,,
both_highwin_highwin_exec,双入口高胜率执行,688786.SH,悦安新材,2023-02-02,0.274623,box,51.86519,54.685714,41.49621,53.924781,True,3.971049,1.986657,0.412314,0.068207,14.760207,0.274623,0.133069,,
both_highwin_highwin_exec,双入口高胜率执行,688097.SH,博众精工,2023-02-02,0.27261,box,31.61,33.14,27.52,32.6,True,2.130326,1.498358,0.484815,0.094718,10.724884,0.27261,0.128442,,
both_highwin_highwin_exec,双入口高胜率执行,300972.SZ,万辰集团,2023-02-03,0.293432,box,13.01891,13.303477,11.484285,13.069726,True,0.547303,1.639631,0.632802,0.175966,10.467896,0.293432,0.132389,,
both_highwin_highwin_exec,双入口高胜率执行,688030.SH,山石网科,2023-02-03,0.27864,box,22.834914,23.714736,19.265062,23.472026,True,3.662349,2.001149,0.500566,0.082596,11.734768,0.27864,0.142112,,
both_highwin_highwin_exec,双入口高胜率执行,688229.SH,博睿数据,2023-02-03,0.275044,box,38.947891,41.175221,34.250251,40.972736,True,4.250386,2.873491,0.482742,0.132822,13.157836,0.275044,0.13517,,
both_highwin_highwin_exec,双入口高胜率执行,688171.SH,纬德信息,2023-02-06,0.277909,box,22.55911,23.50748,19.209546,23.50748,True,3.786192,2.654474,0.499712,0.119106,15.115321,0.277909,0.133547,,
both_highwin_highwin_exec,双入口高胜率执行,002633.SZ,申科股份,2023-02-06,0.277281,box,16.312525,16.799921,13.936471,16.495299,True,1.594747,1.866879,0.629886,0.175467,10.407965,0.277281,0.135443,,
both_highwin_highwin_exec,双入口高胜率执行,600583.SH,海油工程,2023-02-06,0.277281,box,9.442082,9.707466,8.380546,9.623661,True,1.323529,1.134564,0.42892,0.27213,10.253565,0.277281,0.130422,,
both_highwin_highwin_exec,双入口高胜率执行,002358.SZ,森源电气,2023-02-07,0.282544,box,40.381871,42.422218,36.046133,42.422218,True,5.052632,2.477053,0.470092,0.225945,14.448641,0.282544,0.136397,,
both_highwin_highwin_exec,双入口高胜率执行,300467.SZ,迅游科技,2023-02-07,0.274245,box,53.988669,55.033092,47.119575,54.711731,True,1.565996,1.091305,0.468079,0.167605,14.634212,0.274245,0.138682,,
both_highwin_highwin_exec,双入口高胜率执行,300252.SZ,金信诺,2023-02-07,0.272727,box,40.203225,41.148598,36.172951,41.049085,True,2.10396,1.609119,0.681659,0.182192,12.375582,0.272727,0.138206,,
both_highwin_highwin_exec,双入口高胜率执行,603879.SH,永悦科技,2023-02-08,0.288444,box,16.865745,17.326418,14.408823,17.044896,True,2.147239,1.603183,0.571544,0.24921,16.536513,0.288444,0.142231,,
both_highwin_highwin_exec,双入口高胜率执行,600433.SH,冠豪高新,2023-02-08,0.273145,box,21.598666,22.117411,18.957781,21.692983,True,2.222222,1.245795,0.467405,0.384946,4.219877,0.273145,0.129954,,
both_highwin_highwin_exec,双入口高胜率执行,603016.SH,新宏泰,2023-02-08,0.272822,box,25.179494,25.702907,20.546734,25.257449,True,0.487373,1.279874,0.406775,0.063163,17.978267,0.272822,0.140741,,
both_highwin_highwin_exec,双入口高胜率执行,603331.SH,百达精工,2023-02-09,0.285418,box,21.328798,22.300359,18.29267,22.103011,True,3.777619,1.308897,0.362991,0.072986,12.519089,0.285418,0.143446,,
both_highwin_highwin_exec,双入口高胜率执行,688616.SH,西力科技,2023-02-09,0.280398,box,13.167225,13.975284,11.478588,13.892406,True,5.341712,2.639355,0.44199,0.136032,14.249245,0.280398,0.146302,,
both_highwin_highwin_exec,双入口高胜率执行,688095.SH,福昕软件,2023-02-09,0.275334,box,109.937947,115.067179,90.352339,114.483364,True,3.363454,1.208233,0.365157,0.102129,11.2149,0.275334,0.141118,,
both_highwin_highwin_exec,双入口高胜率执行,688065.SH,凯赛生物,2023-02-10,0.287611,box,97.34923,99.388847,83.270206,98.638155,True,1.324022,1.251351,0.567663,0.299794,7.441997,0.287611,0.133378,,
both_highwin_highwin_exec,双入口高胜率执行,688300.SH,联瑞新材,2023-02-10,0.281303,box,87.275746,90.05466,75.075271,89.668287,True,1.960122,1.38143,0.469733,0.246976,10.09025,0.281303,0.132677,,
both_highwin_highwin_exec,双入口高胜率执行,603421.SH,鼎信通讯,2023-02-10,0.279108,box,14.96443,15.333375,13.208249,15.141524,True,1.584158,1.296635,0.445544,0.246777,8.673793,0.279108,0.143582,,
both_highwin_highwin_exec,双入口高胜率执行,300908.SZ,仲景食品,2023-02-13,0.289302,box,38.725816,40.237665,34.660167,40.094652,True,3.726216,2.065269,0.585676,0.398365,11.288249,0.289302,0.138572,,
both_highwin_highwin_exec,双入口高胜率执行,688578.SH,艾力斯,2023-02-13,0.286878,box,23.95,24.92,20.77,24.51,True,2.380952,1.648926,0.335571,0.295437,12.029687,0.286878,0.140429,,
both_highwin_highwin_exec,双入口高胜率执行,002718.SZ,友邦吊顶,2023-02-13,0.277824,box,41.64836,43.450205,35.933937,43.115576,True,3.458925,1.225293,0.480163,0.429146,7.927223,0.277824,0.139965,,
both_highwin_highwin_exec,双入口高胜率执行,605259.SH,绿田机械,2023-02-14,0.285418,box,41.758165,42.805229,36.678349,42.214312,True,2.906242,1.755669,0.359771,0.401173,5.091662,0.285418,0.13671,,
both_highwin_highwin_exec,双入口高胜率执行,603916.SH,苏博特,2023-02-14,0.285271,box,22.653111,23.682798,19.731375,23.425376,True,3.526735,2.228902,0.562891,0.189963,10.115332,0.285271,0.131693,,
both_highwin_highwin_exec,双入口高胜率执行,688030.SH,山石网科,2023-02-14,0.275979,box,24.301283,25.342912,20.175223,24.857493,True,3.320723,2.291641,0.373408,0.026942,12.362181,0.275979,0.141488,,
both_highwin_highwin_exec,双入口高胜率执行,600850.SH,电科数字,2023-02-15,0.281295,box,45.131365,47.579041,37.844825,47.014192,True,3.868552,1.4316,0.397919,0.238487,7.886726,0.281295,0.139996,,
both_highwin_highwin_exec,双入口高胜率执行,300287.SZ,飞利信,2023-02-15,0.277355,box,49.712439,51.819949,43.513881,51.695978,True,2.70936,1.700766,0.459562,0.108538,9.195987,0.277355,0.136875,,
both_highwin_highwin_exec,双入口高胜率执行,300698.SZ,万马科技,2023-02-15,0.274241,box,26.857633,28.449864,22.962175,28.229556,True,5.147333,1.726645,0.46285,0.215599,10.942992,0.274241,0.139004,,
both_highwin_highwin_exec,双入口高胜率执行,600871.SH,石化油服,2023-02-16,0.242142,box,3.188308,3.24875,2.946541,3.203419,True,0.473934,1.196979,0.656447,0.454916,1.162014,0.242142,0.122522,,
both_highwin_highwin_exec,双入口高胜率执行,600666.SH,奥瑞德,2023-02-16,0.238476,box,6.716797,6.886535,5.310392,6.886535,True,5.185185,5.187438,0.510621,0.307061,22.435576,0.238476,0.124073,,
both_highwin_highwin_exec,双入口高胜率执行,300286.SZ,安科瑞,2023-02-16,0.227885,box,310.404612,320.038096,239.529695,314.946111,True,1.485588,1.413415,0.238677,0.11973,9.286289,0.227885,0.112136,,
both_highwin_highwin_exec,双入口高胜率执行,600535.SH,天士力,2023-02-17,0.280088,box,42.403467,44.447008,38.146091,43.833946,True,3.957997,3.661333,0.530513,0.134702,12.774895,0.280088,0.130734,,
both_highwin_highwin_exec,双入口高胜率执行,688162.SH,巨一科技,2023-02-17,0.276147,box,50.362868,54.272498,44.423045,53.709672,True,5.947661,2.483775,0.439244,0.101777,12.477552,0.276147,0.134232,,
both_highwin_highwin_exec,双入口高胜率执行,688139.SH,海尔生物,2023-02-17,0.256489,box,74.923156,79.06525,67.918146,78.171857,True,4.420938,1.144534,0.427165,0.166645,10.444782,0.256489,0.130643,,
both_highwin_highwin_exec,双入口高胜率执行,002832.SZ,比音勒芬,2023-02-20,0.27585,box,159.881037,166.929157,137.782796,165.233369,True,3.79494,1.712914,0.435542,0.129612,12.738223,0.27585,0.138898,,
both_highwin_highwin_exec,双入口高胜率执行,600066.SH,宇通客车,2023-02-20,0.27525,box,46.228397,48.24931,39.710951,47.491468,True,5.617978,2.263454,0.4697,0.120611,11.569311,0.27525,0.139572,,
both_highwin_highwin_exec,双入口高胜率执行,603950.SH,长源东谷,2023-02-20,0.274099,box,20.452718,21.185868,17.39074,21.142741,True,3.373748,1.066925,0.364168,0.095682,5.319848,0.274099,0.138215,,
both_highwin_highwin_exec,双入口高胜率执行,688309.SH,恒誉环保,2023-02-21,0.277281,box,22.63389,22.844391,19.586635,22.834368,True,1.379617,1.252767,0.441267,0.203623,7.66685,0.277281,0.13507,,
both_highwin_highwin_exec,双入口高胜率执行,002601.SZ,龙佰集团,2023-02-21,0.27625,box,232.722491,238.708258,204.960917,234.373737,True,1.158129,1.153049,0.373717,0.224461,2.379851,0.27625,0.128136,,
both_highwin_highwin_exec,双入口高胜率执行,000655.SZ,金岭矿业,2023-02-21,0.275364,box,8.290219,8.531579,7.335269,8.416146,True,3.751617,2.049085,0.451722,0.323465,2.931681,0.275364,0.127257,,
both_highwin_highwin_exec,双入口高胜率执行,000803.SZ,山高环能,2023-02-22,0.259645,box,18.41372,19.842008,16.537341,19.575955,True,6.069803,2.546897,0.499386,0.409206,4.913085,0.259645,0.12107,,
both_highwin_highwin_exec,双入口高胜率执行,603992.SH,松霖科技,2023-02-22,0.259001,box,17.144414,17.771398,15.623207,17.658336,True,2.567164,2.463879,0.605921,0.423161,6.084946,0.259001,0.131151,,
both_highwin_highwin_exec,双入口高胜率执行,605339.SH,南侨食品,2023-02-22,0.258751,box,22.905592,23.826729,20.776744,23.74485,True,3.479037,1.644407,0.587381,0.29881,6.900763,0.258751,0.128459,,
both_highwin_highwin_exec,双入口高胜率执行,300572.SZ,安车检测,2023-02-23,0.27093,box,44.430599,45.872386,37.692448,45.019084,True,1.593625,2.312275,0.329302,0.182705,7.576945,0.27093,0.135829,,
both_highwin_highwin_exec,双入口高胜率执行,000921.SZ,海信家电,2023-02-23,0.266929,box,23.21241,23.523344,19.971522,23.188492,True,0.154959,1.428776,0.240667,0.216387,12.934328,0.266929,0.124795,,
both_highwin_highwin_exec,双入口高胜率执行,603587.SH,地素时尚,2023-02-23,0.260616,box,25.398424,26.220138,22.544836,25.74205,True,0.937317,1.645198,0.587268,0.088974,9.986117,0.260616,0.140738,,
both_highwin_highwin_exec,双入口高胜率执行,600987.SH,航民股份,2023-02-24,0.274484,box,28.328788,28.929511,22.92229,28.455256,True,1.351351,1.587767,0.385749,0.093162,14.309851,0.274484,0.142811,,
both_highwin_highwin_exec,双入口高胜率执行,603879.SH,永悦科技,2023-02-24,0.268593,box,16.840152,18.375729,15.125426,18.04302,True,7.142857,3.080487,0.49278,0.108576,9.06555,0.268593,0.134778,,
both_highwin_highwin_exec,双入口高胜率执行,300549.SZ,优德精密,2023-02-24,0.26491,box,30.124927,30.485324,27.898948,30.336925,True,0.916784,1.065783,0.531843,0.368489,1.452935,0.26491,0.112462,,
both_highwin_highwin_exec,双入口高胜率执行,603076.SH,乐惠国际,2023-02-27,0.280979,box,61.095428,62.565716,52.188058,62.565716,True,2.167832,1.257184,0.438723,0.271053,8.507068,0.280979,0.132978,,
both_highwin_highwin_exec,双入口高胜率执行,600993.SH,马应龙,2023-02-27,0.268324,box,78.801747,80.412936,68.87097,79.739166,True,0.516987,1.117147,0.473216,0.045,14.515581,0.268324,0.13616,,
both_highwin_highwin_exec,双入口高胜率执行,600029.SH,南方航空,2023-02-27,0.260706,box,8.609269,8.926453,7.98623,8.915125,True,3.416557,1.162351,0.610395,0.471155,5.417321,0.260706,0.126382,,
both_highwin_highwin_exec,双入口高胜率执行,600589.SH,大位科技,2023-02-28,0.270216,box,2.385292,2.490371,2.122594,2.490371,True,4.867257,3.169919,0.526084,0.12,16.322095,0.270216,0.127517,,
both_highwin_highwin_exec,双入口高胜率执行,002438.SZ,江苏神通,2023-02-28,0.266256,box,57.063679,60.025317,48.429043,59.399619,True,5.169867,1.653355,0.344534,0.015,20.992521,0.266256,0.12192,,
both_highwin_highwin_exec,双入口高胜率执行,600535.SH,天士力,2023-02-28,0.263119,box,47.001434,48.602207,38.997566,48.091322,True,2.616279,1.360663,0.335486,0.09,19.105089,0.263119,0.14221,,
both_highwin_highwin_exec,双入口高胜率执行,603488.SH,展鹏科技,2023-03-01,0.264797,box,11.772045,11.977739,11.50306,11.835335,True,0.537634,1.564128,0.620042,0.391174,-0.078866,0.264797,0.124157,,
both_highwin_highwin_exec,双入口高胜率执行,301042.SZ,安联锐视,2023-03-01,0.262003,box,41.76416,42.646946,38.989692,42.41574,True,1.560141,1.15136,0.427376,0.304254,-0.547424,0.262003,0.122675,,
both_highwin_highwin_exec,双入口高胜率执行,002849.SZ,威星智能,2023-03-01,0.260315,box,34.552178,35.180678,30.689201,34.935409,True,2.151502,1.075414,0.460799,0.273607,1.571446,0.260315,0.137792,,
both_highwin_highwin_exec,双入口高胜率执行,603950.SH,长源东谷,2023-03-02,0.277281,box,21.951362,22.307156,19.245178,22.274811,True,1.076321,1.355325,0.338904,0.256006,7.575132,0.277281,0.13559,,
both_highwin_highwin_exec,双入口高胜率执行,000928.SZ,中钢国际,2023-03-02,0.275693,box,15.423094,16.880067,14.215888,16.6303,True,8.412483,3.541028,0.270105,0.148853,10.68893,0.275693,0.12932,,
both_highwin_highwin_exec,双入口高胜率执行,002847.SZ,盐津铺子,2023-03-02,0.274597,box,134.391288,138.347059,119.407625,138.08474,True,2.245358,1.121763,0.442389,0.344409,8.302918,0.274597,0.128243,,
both_highwin_highwin_exec,双入口高胜率执行,600826.SH,兰生股份,2023-03-03,0.265965,box,17.839075,18.427366,15.849265,18.167826,True,2.539062,2.1476,0.603413,0.334153,4.326746,0.265965,0.136685,,
both_highwin_highwin_exec,双入口高胜率执行,600066.SH,宇通客车,2023-03-03,0.265074,box,50.674407,54.46362,41.83291,53.857345,True,7.028112,1.735692,0.279828,0.075,17.39471,0.265074,0.140463,,
both_highwin_highwin_exec,双入口高胜率执行,600428.SH,中远海特,2023-03-03,0.264231,box,7.936208,8.61163,7.609754,8.510316,True,7.539118,3.017561,0.435332,0.303096,6.710338,0.264231,0.130217,,
both_highwin_highwin_exec,双入口高胜率执行,603590.SH,康辰药业,2023-03-06,0.279764,box,32.629156,33.593462,28.719527,33.341904,True,1.048285,1.191106,0.406987,0.12,12.481071,0.279764,0.14278,,
both_highwin_highwin_exec,双入口高胜率执行,300200.SZ,高盟新材,2023-03-06,0.277553,box,32.358118,32.87426,30.889099,32.794854,True,1.349693,1.202205,0.626384,0.426958,4.361065,0.277553,0.125576,,
both_highwin_highwin_exec,双入口高胜率执行,000695.SZ,滨海能源,2023-03-06,0.274756,box,14.98,16.1,13.83,16.05,True,6.573705,2.412842,0.61153,0.124621,14.502796,0.274756,0.135217,,
both_highwin_highwin_exec,双入口高胜率执行,300910.SZ,瑞丰新材,2023-03-07,0.257487,box,134.148054,140.333023,119.620571,139.007672,True,3.996925,1.765566,0.416142,0.182192,15.035593,0.257487,0.120592,,
both_highwin_highwin_exec,双入口高胜率执行,301188.SZ,力诺药包,2023-03-07,0.248821,box,19.577915,20.620047,17.969187,20.235571,True,3.788272,2.049109,0.246653,0.225007,11.53431,0.248821,0.118259,,
both_highwin_highwin_exec,双入口高胜率执行,300032.SZ,金龙机电,2023-03-07,0.247407,box,24.115081,24.961224,23.057402,24.622767,True,2.105263,2.677281,0.581436,0.329223,6.232953,0.247407,0.123404,,
both_highwin_highwin_exec,双入口高胜率执行,688199.SH,久日新材,2023-03-08,0.259829,box,33.955856,36.894544,33.955856,36.749167,True,7.437766,3.587093,0.70739,0.31332,5.465416,0.259829,0.123373,,
both_highwin_highwin_exec,双入口高胜率执行,002313.SZ,日海智能,2023-03-08,0.254862,box,16.411422,17.05606,15.739923,16.97548,True,3.606557,2.384281,0.70959,0.355226,6.757038,0.254862,0.127257,,
both_highwin_highwin_exec,双入口高胜率执行,300857.SZ,协创数据,2023-03-08,0.254362,box,21.925342,23.342799,20.286722,23.322693,True,6.373223,1.292066,0.419764,0.102765,12.460672,0.254362,0.122045,,
both_highwin_highwin_exec,双入口高胜率执行,301115.SZ,联检科技,2023-03-09,0.272199,box,28.096751,28.714373,26.324884,28.582749,True,1.913357,1.420953,0.66051,0.197941,5.562336,0.272199,0.126134,,
both_highwin_highwin_exec,双入口高胜率执行,300923.SZ,研奥股份,2023-03-09,0.26808,box,23.257889,23.716122,22.229409,23.716122,True,1.881015,1.512181,0.587365,0.377802,5.003965,0.26808,0.114434,,
both_highwin_highwin_exec,双入口高胜率执行,688129.SH,东来技术,2023-03-09,0.261236,box,15.517451,15.856575,14.59257,15.702428,True,0.791557,1.51566,0.644459,0.276346,3.773009,0.261236,0.124523,,
both_highwin_highwin_exec,双入口高胜率执行,603110.SH,东方材料,2023-03-10,0.287195,box,83.302812,87.226873,73.03346,86.204112,True,3.121099,1.186902,0.438726,0.477912,4.921167,0.287195,0.139291,,
both_highwin_highwin_exec,双入口高胜率执行,002775.SZ,文科股份,2023-03-10,0.276856,box,21.648588,21.978023,19.154294,21.648588,True,0.656455,1.793001,0.593992,0.135,13.155844,0.276856,0.142543,,
both_highwin_highwin_exec,双入口高胜率执行,300358.SZ,楚天科技,2023-03-10,0.256256,box,91.205382,93.592957,83.724312,92.107355,True,0.579374,2.808879,0.629426,0.179283,7.780272,0.256256,0.119249,,
both_highwin_highwin_exec,双入口高胜率执行,600845.SH,宝信软件,2023-03-13,0.28046,box,341.790546,357.988842,309.589114,357.143147,True,4.452055,1.109871,0.458836,0.196354,11.421182,0.28046,0.130155,,
both_highwin_highwin_exec,双入口高胜率执行,600398.SH,海澜之家,2023-03-13,0.277281,box,9.527159,9.834487,7.99052,9.742288,True,2.258065,1.117183,0.437283,0.267055,2.962828,0.277281,0.140685,,
both_highwin_highwin_exec,双入口高胜率执行,600755.SH,厦门国贸,2023-03-13,0.264593,box,25.619526,27.088746,23.874827,26.905094,True,5.522209,1.653148,0.491837,0.358141,5.762032,0.264593,0.127971,,
both_highwin_highwin_exec,双入口高胜率执行,601900.SH,南方传媒,2023-03-14,0.262597,box,10.698539,10.82959,9.995628,10.73428,True,0.111111,1.215434,0.697387,0.254436,8.082908,0.262597,0.12727,,
both_highwin_highwin_exec,双入口高胜率执行,300054.SZ,鼎龙股份,2023-03-14,0.260899,box,316.221362,329.746104,280.799417,324.593821,True,3.151862,1.791352,0.59604,0.09,16.316816,0.260899,0.131373,,
both_highwin_highwin_exec,双入口高胜率执行,688135.SH,利扬芯片,2023-03-14,0.256682,box,32.881194,34.094109,30.801912,33.90045,True,2.972136,1.686476,0.503171,0.393894,9.790162,0.256682,0.11772,,
both_highwin_highwin_exec,双入口高胜率执行,688009.SH,中国通号,2023-03-15,0.280348,box,6.093353,6.226785,5.415079,6.160069,True,1.465201,1.350281,0.536732,0.333517,7.138618,0.280348,0.133606,,
both_highwin_highwin_exec,双入口高胜率执行,601618.SH,中国中冶,2023-03-15,0.272858,box,4.616721,4.787259,4.032017,4.738534,True,2.638522,2.105872,0.541402,0.076527,15.174909,0.272858,0.136711,,
both_highwin_highwin_exec,双入口高胜率执行,600011.SH,华能国际,2023-03-15,0.267377,box,13.093151,13.732584,11.570691,13.580338,True,3.841676,1.370228,0.399645,0.311215,10.091864,0.267377,0.122081,,
both_highwin_highwin_exec,双入口高胜率执行,000156.SZ,华数传媒,2023-03-16,0.262264,box,9.676576,9.805597,9.242596,9.723493,True,0.363196,1.277605,0.683451,0.477158,4.096348,0.262264,0.121988,,
both_highwin_highwin_exec,双入口高胜率执行,601607.SH,上海医药,2023-03-16,0.260774,box,25.79213,27.12987,23.404201,26.617278,True,2.701399,2.063454,0.606002,0.133825,12.90408,0.260774,0.12803,,
both_highwin_highwin_exec,双入口高胜率执行,600332.SH,白云山,2023-03-16,0.256164,box,37.995004,38.886048,34.556491,38.280595,True,0.781955,1.623648,0.644027,0.319671,7.349626,0.256164,0.127491,,
both_highwin_highwin_exec,双入口高胜率执行,000838.SZ,财信发展,2023-03-17,0.268653,box,22.382225,23.27596,20.206176,23.159386,True,4.195804,1.332066,0.641039,0.165,14.120702,0.268653,0.131042,,
both_highwin_highwin_exec,双入口高胜率执行,002301.SZ,齐心集团,2023-03-17,0.260456,box,37.752032,39.399746,33.92352,38.769738,True,3.896104,3.357242,0.591265,0.195,7.784545,0.260456,0.115612,,
both_highwin_highwin_exec,双入口高胜率执行,300837.SZ,浙矿股份,2023-03-17,0.257621,box,50.290834,51.224024,43.941084,50.595135,True,1.238076,1.578985,0.530381,0.203859,8.83756,0.257621,0.121433,,
both_highwin_highwin_exec,双入口高胜率执行,002716.SZ,湖南白银,2023-03-20,0.254984,box,12.516875,13.509066,11.601006,13.241938,True,7.763975,3.344598,0.656315,0.135,14.645178,0.254984,0.122257,,
both_highwin_highwin_exec,双入口高胜率执行,002635.SZ,安洁科技,2023-03-20,0.254247,box,69.522454,71.281279,66.639935,71.232423,True,2.676056,1.959552,0.60441,0.489682,6.523264,0.254247,0.123394,,
both_highwin_highwin_exec,双入口高胜率执行,600226.SH,亨通股份,2023-03-20,0.254215,box,22.455121,23.407282,20.868187,23.169242,True,2.816901,2.087159,0.526299,0.19322,11.095331,0.254215,0.135655,,
both_highwin_highwin_exec,双入口高胜率执行,601177.SH,杭齿前进,2023-03-21,0.273266,box,9.718054,9.872635,9.233697,9.872635,True,1.483051,1.27736,0.63005,0.348731,5.772226,0.273266,0.126347,,
both_highwin_highwin_exec,双入口高胜率执行,603999.SH,读者传媒,2023-03-21,0.263676,box,15.649392,15.798908,14.204066,15.74907,True,0.636943,1.057942,0.611997,0.477656,4.406019,0.263676,0.127049,,
both_highwin_highwin_exec,双入口高胜率执行,300209.SZ,行云科技,2023-03-21,0.262231,box,17.912521,19.116725,16.557793,18.845779,True,5.210084,3.528358,0.59643,0.250619,12.242498,0.262231,0.129925,,
both_highwin_highwin_exec,双入口高胜率执行,601999.SH,出版传媒,2023-03-22,0.266293,box,7.820333,7.897762,6.990736,7.886701,True,1.278409,1.167972,0.585761,0.438226,4.342607,0.266293,0.128781,,
both_highwin_highwin_exec,双入口高胜率执行,300800.SZ,力合科技,2023-03-22,0.258361,box,42.261288,42.902536,39.268798,42.719322,True,1.083815,1.251535,0.576584,0.334751,5.731862,0.258361,0.108442,,
both_highwin_highwin_exec,双入口高胜率执行,300860.SZ,锋尚文化,2023-03-22,0.257951,box,113.278966,115.790312,99.725365,114.199154,True,2.353952,1.571705,0.574002,0.253664,11.914481,0.257951,0.125416,,
both_highwin_highwin_exec,双入口高胜率执行,300968.SZ,格林精密,2023-03-23,0.273569,box,9.716648,9.962121,9.041596,9.880296,True,1.791359,1.814142,0.64532,0.404754,3.504177,0.273569,0.130055,,
both_highwin_highwin_exec,双入口高胜率执行,000100.SZ,TCL科技,2023-03-23,0.260706,box,11.617203,11.770734,10.593661,11.770734,True,1.321586,1.540966,0.595596,0.363665,5.268527,0.260706,0.126656,,
both_highwin_highwin_exec,双入口高胜率执行,688165.SH,埃夫特-U,2023-03-23,0.257337,box,9.48,9.67,8.86,9.67,True,1.57563,1.415515,0.530613,0.335271,3.499895,0.257337,0.126001,,
both_highwin_highwin_exec,双入口高胜率执行,000020.SZ,深华发Ａ,2023-03-24,0.272235,box,10.6,11.0,9.52,10.79,True,1.792453,1.320423,0.604915,0.239124,6.714504,0.272235,0.133045,,
both_highwin_highwin_exec,双入口高胜率执行,300677.SZ,英科医疗,2023-03-24,0.270531,box,145.238118,158.739288,137.022513,157.360445,True,8.518225,3.431229,0.463237,0.245467,8.666821,0.270531,0.133105,,
both_highwin_highwin_exec,双入口高胜率执行,603607.SH,京华激光,2023-03-24,0.269965,box,31.744431,33.397116,28.653695,33.161018,True,4.391892,3.117146,0.627894,0.21,3.735061,0.269965,0.128764,,
both_highwin_highwin_exec,双入口高胜率执行,300729.SZ,乐歌股份,2023-03-27,0.279906,box,39.876734,41.793256,35.717009,41.139896,True,3.962576,3.278226,0.648338,0.135,12.212206,0.279906,0.12851,,
both_highwin_highwin_exec,双入口高胜率执行,002309.SZ,中利集团,2023-03-27,0.277813,box,19.389225,19.917337,16.786392,19.917337,True,4.970179,3.207795,0.373864,0.275005,11.063323,0.277813,0.134598,,
both_highwin_highwin_exec,双入口高胜率执行,605577.SH,龙版传媒,2023-03-27,0.271116,box,11.105325,11.720606,10.096667,11.539048,True,4.857929,3.25379,0.678257,0.075,10.65083,0.271116,0.13221,,
both_highwin_highwin_exec,双入口高胜率执行,000628.SZ,高新发展,2023-03-28,0.267462,box,15.011398,15.387446,13.232797,15.356955,True,2.301963,1.49989,0.50213,0.483938,3.978928,0.267462,0.12003,,
both_highwin_highwin_exec,双入口高胜率执行,000521.SZ,长虹美菱,2023-03-28,0.262871,box,8.548979,8.748955,7.899056,8.648967,True,1.565558,1.368131,0.587976,0.361395,7.7531,0.262871,0.127209,,
both_highwin_highwin_exec,双入口高胜率执行,600551.SH,时代出版,2023-03-28,0.260459,box,16.769741,17.248048,15.624702,17.001647,True,1.734605,2.030927,0.667846,0.176219,8.138738,0.260459,0.128923,,
both_highwin_highwin_exec,双入口高胜率执行,600828.SH,茂业商业,2023-03-29,0.276098,box,15.111654,15.344739,13.363519,15.228196,True,1.29199,2.109384,0.678805,0.09,11.51737,0.276098,0.137766,,
both_highwin_highwin_exec,双入口高胜率执行,002255.SZ,海陆重工,2023-03-29,0.27065,box,23.562067,24.304829,20.591018,24.057242,True,0.865052,1.439082,0.504082,0.167944,7.881682,0.27065,0.125255,,
both_highwin_highwin_exec,双入口高胜率执行,002461.SZ,珠江啤酒,2023-03-29,0.261734,box,19.804291,19.955304,17.862694,19.869011,True,0.765864,1.418645,0.649797,0.201768,6.486011,0.261734,0.12696,,
both_highwin_highwin_exec,双入口高胜率执行,603515.SH,欧普照明,2023-03-30,0.269656,box,27.453865,28.256694,25.475467,28.242357,True,3.19539,1.544095,0.511411,0.353499,6.19689,0.269656,0.131849,,
both_highwin_highwin_exec,双入口高胜率执行,600827.SH,百联股份,2023-03-30,0.260209,box,15.720428,16.083486,14.36501,15.974569,True,1.773323,1.297175,0.669742,0.18653,5.32038,0.260209,0.12582,,
both_highwin_highwin_exec,双入口高胜率执行,301086.SZ,鸿富瀚,2023-03-30,0.258918,box,71.226779,73.953747,65.528637,72.864995,True,2.622528,2.461188,0.522772,0.221495,8.106009,0.258918,0.111128,,
both_highwin_highwin_exec,双入口高胜率执行,300756.SZ,金马游乐,2023-03-31,0.286272,box,60.790805,61.694354,53.887687,61.513644,True,1.916168,1.220339,0.683255,0.061475,8.987974,0.286272,0.129806,,
both_highwin_highwin_exec,双入口高胜率执行,300908.SZ,仲景食品,2023-03-31,0.271745,box,43.424807,45.038808,38.817752,44.579124,True,2.948809,1.412446,0.465287,0.169097,6.77339,0.271745,0.127823,,
both_highwin_highwin_exec,双入口高胜率执行,603708.SH,家家悦,2023-03-31,0.264354,box,23.786931,25.123901,22.134287,24.975349,True,5.407524,3.539536,0.687235,0.212617,7.64886,0.264354,0.138464,,
both_highwin_highwin_exec,双入口高胜率执行,603117.SH,万林物流,2023-04-03,0.280128,box,5.883329,6.164899,4.623674,6.164899,True,5.050505,1.739246,0.287404,0.12,22.214766,0.280128,0.144132,,
both_highwin_highwin_exec,双入口高胜率执行,603103.SH,横店影视,2023-04-03,0.273639,box,22.948772,23.351634,19.481277,23.322859,True,1.3125,1.121286,0.575682,0.128414,8.334091,0.273639,0.139063,,
both_highwin_highwin_exec,双入口高胜率执行,605151.SH,西上海,2023-04-03,0.265234,box,20.511437,21.58501,18.58107,21.203066,True,2.957393,2.064975,0.679177,0.142035,7.784595,0.265234,0.131366,,
both_highwin_highwin_exec,双入口高胜率执行,000809.SZ,和展能源,2023-04-04,0.284931,box,7.51001,7.51001,6.323018,7.51001,True,5.111821,4.534228,0.663181,0.105,10.026889,0.284931,0.126467,,
both_highwin_highwin_exec,双入口高胜率执行,600332.SH,白云山,2023-04-04,0.279996,box,37.880768,38.851777,34.967741,38.61188,True,2.269289,1.070409,0.666624,0.19511,3.257778,0.279996,0.119927,,
both_highwin_highwin_exec,双入口高胜率执行,002468.SZ,申通快递,2023-04-04,0.276678,box,24.903402,25.82243,21.384199,25.508615,True,2.522523,1.068264,0.603094,0.096589,6.920161,0.276678,0.120476,,
both_highwin_highwin_exec,双入口高胜率执行,002387.SZ,维信诺,2023-04-06,0.29716,box,26.717169,27.855583,22.875019,27.464253,True,2.251656,1.167029,0.445468,0.352339,3.613685,0.29716,0.126822,,
both_highwin_highwin_exec,双入口高胜率执行,300433.SZ,蓝思科技,2023-04-06,0.271502,box,76.761436,81.060994,68.391631,79.570481,True,2.89103,1.669799,0.478332,0.251754,6.432474,0.271502,0.121702,,
both_highwin_highwin_exec,双入口高胜率执行,600326.SH,西藏天路,2023-04-06,0.270726,box,8.39314,9.047805,7.956697,8.98066,True,6.786427,3.382275,0.566479,0.203736,1.453224,0.270726,0.118264,,
both_highwin_highwin_exec,双入口高胜率执行,600452.SH,涪陵电力,2023-04-07,0.280899,box,92.594999,100.319501,85.266624,100.269985,True,7.256356,1.196566,0.561278,0.149233,-1.637962,0.280899,0.11621,,
both_highwin_highwin_exec,双入口高胜率执行,000031.SZ,大悦城,2023-04-07,0.279051,box,4.103919,4.378981,3.83986,4.323969,True,5.36193,2.05877,0.689718,0.135865,7.999643,0.279051,0.11664,,
both_highwin_highwin_exec,双入口高胜率执行,688670.SH,金迪克,2023-04-07,0.276267,box,55.739446,58.212251,48.564259,57.969024,True,4.417671,1.385081,0.435972,0.257416,12.728937,0.276267,0.129607,,
both_highwin_highwin_exec,双入口高胜率执行,601619.SH,嘉泽新能,2023-04-10,0.283184,box,4.745593,5.160566,4.447663,5.086084,True,5.752212,2.290982,0.495341,0.225,10.012698,0.283184,0.119223,,
both_highwin_highwin_exec,双入口高胜率执行,002880.SZ,卫光生物,2023-04-10,0.282564,box,67.277275,70.2751,61.042668,69.340995,True,3.771131,3.486216,0.721883,0.103505,7.458898,0.282564,0.124317,,
both_highwin_highwin_exec,双入口高胜率执行,001979.SZ,招商蛇口,2023-04-10,0.28106,box,18.976164,19.322117,16.592932,19.219612,True,0.874243,1.199366,0.604472,0.037949,9.344869,0.28106,0.125994,,
both_highwin_highwin_exec,双入口高胜率执行,603993.SH,洛阳钼业,2023-04-11,0.306636,box,20.662178,21.285159,18.377917,21.181328,True,2.857143,1.492776,0.5475,0.495401,1.193424,0.306636,0.117498,,
both_highwin_highwin_exec,双入口高胜率执行,002739.SZ,万达电影,2023-04-11,0.270007,box,43.321705,45.540992,38.670322,44.659357,True,3.523608,1.566314,0.607254,0.24713,1.26575,0.270007,0.115804,,
both_highwin_highwin_exec,双入口高胜率执行,600331.SH,宏达股份,2023-04-11,0.262032,box,3.45,3.49,3.16,3.48,True,1.162791,1.156616,0.546625,0.247055,5.222453,0.262032,0.117355,,
both_highwin_highwin_exec,双入口高胜率执行,300887.SZ,谱尼测试,2023-04-12,0.277562,box,122.047113,127.02729,108.613739,126.044361,True,4.029205,1.994654,0.669216,0.332163,6.043819,0.277562,0.122124,,
both_highwin_highwin_exec,双入口高胜率执行,603508.SH,思维列控,2023-04-12,0.265865,box,36.896,39.255628,34.000093,38.612093,True,6.007067,2.971316,0.641497,0.109466,6.119916,0.265865,0.11771,,
both_highwin_highwin_exec,双入口高胜率执行,600665.SH,天地源,2023-04-12,0.263526,box,6.813171,7.055346,5.860619,6.974621,True,3.846154,2.868446,0.561332,0.139439,11.841095,0.263526,0.117627,,
both_highwin_highwin_exec,双入口高胜率执行,688177.SH,百奥泰,2023-04-13,0.286167,box,27.72,29.49,24.02,29.15,True,5.15873,2.86243,0.550661,0.139674,15.312057,0.286167,0.128784,,
both_highwin_highwin_exec,双入口高胜率执行,300294.SZ,博雅生物,2023-04-13,0.278658,box,174.518157,188.612374,159.509981,186.39963,True,6.543855,2.5018,0.672632,0.06,14.55381,0.278658,0.125248,,
both_highwin_highwin_exec,双入口高胜率执行,301015.SZ,百洋医药,2023-04-13,0.2749,box,29.469198,30.036905,26.228102,29.892398,True,1.792619,2.479221,0.689437,0.261747,6.895964,0.2749,0.126154,,
both_highwin_highwin_exec,双入口高胜率执行,600769.SH,祥龙电业,2023-04-14,0.276453,box,8.38,8.88,7.32,8.84,True,7.021792,2.970372,0.604895,0.180943,17.813392,0.276453,0.124814,,
both_highwin_highwin_exec,双入口高胜率执行,600459.SH,贵研铂业,2023-04-14,0.262719,box,62.163856,65.17899,56.989739,64.769527,True,6.032907,3.741849,0.711809,0.131023,10.142934,0.262719,0.118155,,
both_highwin_highwin_exec,双入口高胜率执行,601618.SH,中国中冶,2023-04-14,0.261463,box,5.079611,5.274512,4.470545,5.25015,True,3.855422,1.174,0.396453,0.235275,11.799285,0.261463,0.116066,,
both_highwin_highwin_exec,双入口高胜率执行,601601.SH,中国太保,2023-04-17,0.295155,box,38.750937,40.531615,35.048258,40.531615,True,4.026115,1.343169,0.646059,0.247291,8.217644,0.295155,0.117325,,
both_highwin_highwin_exec,双入口高胜率执行,600511.SH,国药股份,2023-04-17,0.291473,box,43.674151,46.92944,38.750673,46.338622,True,5.568752,1.931014,0.388196,0.191031,4.952047,0.291473,0.126977,,
both_highwin_highwin_exec,双入口高胜率执行,002851.SZ,麦格米特,2023-04-17,0.28594,box,68.746981,70.801541,58.751197,69.785803,True,1.647613,1.20589,0.509723,0.09,7.496769,0.28594,0.123635,,
both_highwin_highwin_exec,双入口高胜率执行,688670.SH,金迪克,2023-04-18,0.281009,box,60.908013,63.867271,49.354746,63.674716,True,5.454851,2.399503,0.42881,0.183179,16.755399,0.281009,0.132489,,
both_highwin_highwin_exec,双入口高胜率执行,601336.SH,新华保险,2023-04-18,0.279347,box,39.167541,40.315308,33.978679,39.872939,True,1.987768,2.077353,0.631311,0.328899,3.690822,0.279347,0.126645,,
both_highwin_highwin_exec,双入口高胜率执行,300109.SZ,新开源,2023-04-18,0.276285,box,115.960577,119.284002,102.3525,118.924713,True,2.556158,1.213097,0.511463,0.237846,5.546302,0.276285,0.120825,,
both_highwin_highwin_exec,双入口高胜率执行,603556.SH,海兴电力,2023-04-19,0.273967,box,34.442764,35.690581,31.285636,35.119291,True,1.697867,1.149036,0.475541,0.404449,1.709083,0.273967,0.118516,,
both_highwin_highwin_exec,双入口高胜率执行,688281.SH,华秦科技,2023-04-19,0.262116,box,378.342927,413.333938,337.984854,409.186025,True,8.148148,2.353637,0.494332,0.165,18.524754,0.262116,0.120443,,
both_highwin_highwin_exec,双入口高胜率执行,600377.SH,宁沪高速,2023-04-19,0.258178,box,17.25872,17.773905,16.367052,17.615387,True,2.06659,1.72338,0.752501,0.399708,4.808889,0.258178,0.125116,,
both_highwin_highwin_exec,双入口高胜率执行,601898.SH,中煤能源,2023-04-20,0.274164,box,11.019251,11.131948,9.666888,11.08186,True,0.340136,1.095237,0.587224,0.161299,10.502435,0.274164,0.124746,,
both_highwin_highwin_exec,双入口高胜率执行,600827.SH,百联股份,2023-04-20,0.266713,box,15.635714,16.035079,14.36501,15.974569,True,1.930502,1.136578,0.657254,0.366458,0.749605,0.266713,0.114829,,
both_highwin_highwin_exec,双入口高胜率执行,002300.SZ,太阳电缆,2023-04-20,0.256196,box,60.079735,62.269429,55.90563,61.927289,True,3.192702,2.036262,0.660942,0.139121,9.430277,0.256196,0.117335,,
both_highwin_highwin_exec,双入口高胜率执行,688338.SH,赛科希德,2023-04-21,0.260832,box,56.790455,58.038485,48.815237,57.632622,True,4.604052,2.670946,0.501558,0.339047,2.606589,0.260832,0.116295,,
both_highwin_highwin_exec,双入口高胜率执行,300833.SZ,浩洋股份,2023-04-21,0.259531,box,116.028446,119.445833,103.416658,119.344125,True,2.857644,1.857405,0.506611,0.220337,12.919017,0.259531,0.114648,,
both_highwin_highwin_exec,双入口高胜率执行,300206.SZ,理邦仪器,2023-04-21,0.245874,box,93.794036,98.029896,83.574184,96.416235,True,1.774308,1.391332,0.564523,0.100579,9.535342,0.245874,0.123817,,
both_highwin_highwin_exec,双入口高胜率执行,000809.SZ,和展能源,2023-04-24,0.295138,box,7.738278,7.920892,6.459979,7.806759,True,0.884956,1.134033,0.512422,0.135208,7.244529,0.295138,0.128293,,
both_highwin_highwin_exec,双入口高胜率执行,300422.SZ,博世科,2023-04-24,0.263125,box,31.378355,33.384512,29.166438,32.767233,True,5.289256,3.885737,0.694032,0.125085,13.183849,0.263125,0.120877,,
both_highwin_highwin_exec,双入口高胜率执行,300855.SZ,图南股份,2023-04-24,0.26046,box,74.488101,75.69929,61.967439,74.730339,True,0.981997,1.315981,0.56839,0.07218,15.158055,0.26046,0.112856,,
both_highwin_highwin_exec,双入口高胜率执行,600239.SH,云南城投,2023-04-25,0.287022,box,5.924467,5.924467,4.932332,5.81108,True,3.015075,3.45521,0.620037,0.112321,10.123934,0.287022,0.12896,,
both_highwin_highwin_exec,双入口高胜率执行,600619.SH,海立股份,2023-04-25,0.269396,box,8.471283,8.706234,7.962223,8.693181,True,2.304147,2.658383,0.694609,0.39959,11.645784,0.269396,0.120848,,
both_highwin_highwin_exec,双入口高胜率执行,301286.SZ,侨源股份,2023-04-25,0.25595,box,25.4,26.17,24.5,26.13,True,1.20062,1.576524,0.644128,0.364547,7.539704,0.25595,0.115793,,
both_highwin_highwin_exec,双入口高胜率执行,688309.SH,恒誉环保,2023-04-26,0.279359,box,23.425776,24.568496,21.44105,24.478282,True,4.448246,1.5783,0.604117,0.190872,11.999325,0.279359,0.123782,,
both_highwin_highwin_exec,双入口高胜率执行,000567.SZ,海德股份,2023-04-26,0.270935,box,39.993496,40.966311,36.685926,40.598803,True,3.414097,1.487283,0.723691,0.362532,4.992808,0.270935,0.117485,,
both_highwin_highwin_exec,双入口高胜率执行,600803.SH,新奥股份,2023-04-26,0.260861,box,25.587756,26.125816,23.543127,25.755152,True,1.364706,1.402882,0.541694,0.427018,8.237981,0.260861,0.115998,,
both_highwin_highwin_exec,双入口高胜率执行,600572.SH,康恩贝,2023-04-27,0.26634,box,39.696677,41.971902,34.008616,41.612656,True,5.462822,1.449443,0.266124,0.225438,8.902937,0.26634,0.119063,,
both_highwin_highwin_exec,双入口高胜率执行,600662.SH,外服控股,2023-04-27,0.257207,box,7.37272,7.671452,6.894747,7.599756,True,5.298013,2.373105,0.712356,0.145327,2.932241,0.257207,0.120489,,
both_highwin_highwin_exec,双入口高胜率执行,601601.SH,中国太保,2023-04-27,0.256747,box,41.944851,44.799588,35.698347,44.333221,True,6.6644,2.095454,0.491824,0.105,15.228958,0.256747,0.121893,,
both_highwin_highwin_exec,双入口高胜率执行,002900.SZ,哈三联,2023-04-28,0.313556,box,21.955086,22.846748,18.640793,22.695334,True,3.68947,3.529845,0.553544,0.09,9.371197,0.313556,0.12461,,
both_highwin_highwin_exec,双入口高胜率执行,600729.SH,重庆百货,2023-04-28,0.285558,box,43.94235,46.137149,37.187934,45.704372,True,4.009849,1.196492,0.573409,0.149036,13.122369,0.285558,0.126449,,
both_highwin_highwin_exec,双入口高胜率执行,603365.SH,水星家纺,2023-04-28,0.281573,box,16.774401,17.142157,15.42201,17.118431,True,2.123142,1.583057,0.697828,0.248352,9.627351,0.281573,0.123457,,
both_highwin_highwin_exec,双入口高胜率执行,301035.SZ,润丰股份,2023-05-04,0.293292,box,76.92296,79.825516,64.338234,79.081539,True,1.848853,1.344377,0.55774,0.18,15.173093,0.293292,0.123869,,
both_highwin_highwin_exec,双入口高胜率执行,688211.SH,中科微至,2023-05-04,0.288279,box,46.652778,49.160556,39.748776,48.815356,True,4.795118,3.336299,0.60203,0.15,16.347702,0.288279,0.12841,,
both_highwin_highwin_exec,双入口高胜率执行,600592.SH,龙溪股份,2023-05-04,0.287418,box,9.361022,9.637703,8.196659,9.568533,True,2.342787,2.797292,0.68387,0.045,9.145193,0.287418,0.12394,,
both_highwin_highwin_exec,双入口高胜率执行,002293.SZ,罗莱生活,2023-05-05,0.281921,box,104.076961,107.257311,92.389174,106.939276,True,2.750191,2.422984,0.65836,0.130786,15.013295,0.281921,0.126052,,
both_highwin_highwin_exec,双入口高胜率执行,603630.SH,拉芳家化,2023-05-05,0.267918,box,20.68353,20.86113,18.074181,20.806484,True,0.860927,2.279095,0.644798,0.12,11.578434,0.267918,0.11939,,
both_highwin_highwin_exec,双入口高胜率执行,600822.SH,上海物贸,2023-05-05,0.26487,box,13.077832,13.540492,11.905763,13.478804,True,1.627907,2.770744,0.702704,0.105,11.924314,0.26487,0.121884,,
both_highwin_highwin_exec,双入口高胜率执行,002973.SZ,侨银股份,2023-05-08,0.332505,box,12.035141,12.349984,10.379674,12.278891,True,2.631579,2.444987,0.572913,0.202033,12.929253,0.332505,0.129748,,
both_highwin_highwin_exec,双入口高胜率执行,600191.SH,华资实业,2023-05-08,0.322855,box,6.071903,6.336341,5.359955,6.295659,True,3.685092,1.780533,0.648564,0.226082,12.432581,0.322855,0.131052,,
both_highwin_highwin_exec,双入口高胜率执行,000338.SZ,潍柴动力,2023-05-08,0.305452,box,163.02931,166.473591,142.236057,165.963327,True,1.640625,2.001185,0.634989,0.187933,13.078726,0.305452,0.127227,,
both_highwin_highwin_exec,双入口高胜率执行,600058.SH,五矿发展,2023-05-09,0.265055,box,10.469469,11.243075,9.633975,11.05741,True,5.719921,3.97537,0.639886,0.195,10.902592,0.265055,0.119179,,
both_highwin_highwin_exec,双入口高胜率执行,603365.SH,水星家纺,2023-05-09,0.264325,box,17.818353,18.008162,15.42201,17.865805,True,0.333111,1.404834,0.628747,0.15,14.626158,0.264325,0.12822,,
both_highwin_highwin_exec,双入口高胜率执行,603922.SH,金鸿顺,2023-05-09,0.261321,box,23.157903,23.802884,21.089867,23.465037,True,1.32626,1.66832,0.657824,0.158263,5.874452,0.261321,0.117602,,
both_highwin_highwin_exec,双入口高胜率执行,603839.SH,安正时尚,2023-05-10,0.281121,box,12.711553,13.005561,10.930206,12.936383,True,1.492537,1.465462,0.565916,0.09,17.034303,0.281121,0.129552,,
both_highwin_highwin_exec,双入口高胜率执行,600609.SH,金杯汽车,2023-05-10,0.268228,box,4.31,4.4,3.91,4.4,True,2.803738,1.638046,0.713369,0.167386,9.796126,0.268228,0.120459,,
both_highwin_highwin_exec,双入口高胜率执行,600861.SH,北京人力,2023-05-10,0.259736,box,29.611977,30.235984,26.049463,30.0658,True,1.415997,1.112064,0.598559,0.138227,12.888616,0.259736,0.118098,,
both_highwin_highwin_exec,双入口高胜率执行,002479.SZ,富春环保,2023-05-11,0.29175,box,20.796543,21.099195,18.272638,21.055959,True,1.670146,1.089853,0.7045,0.150251,12.977651,0.29175,0.127965,,
both_highwin_highwin_exec,双入口高胜率执行,688701.SH,卓锦股份,2023-05-11,0.289197,box,8.89847,9.402918,7.91984,9.251584,True,4.919908,4.147439,0.659392,0.12,11.901296,0.289197,0.122795,,
both_highwin_highwin_exec,双入口高胜率执行,002709.SZ,天赐材料,2023-05-11,0.286682,box,621.952549,646.24099,541.927052,638.378836,True,2.225719,1.337295,0.605754,0.075,11.683449,0.286682,0.114906,,
both_highwin_highwin_exec,双入口高胜率执行,605580.SH,恒盛能源,2023-05-12,0.294871,box,15.796427,16.599892,13.960411,16.327017,True,4.461688,3.335319,0.630329,0.12,14.116097,0.294871,0.125904,,
both_highwin_highwin_exec,双入口高胜率执行,600628.SH,新世界,2023-05-12,0.288868,box,9.084724,9.391879,8.222325,9.320997,True,3.002611,2.49679,0.732874,0.076038,12.38483,0.288868,0.123923,,
both_highwin_highwin_exec,双入口高胜率执行,600575.SH,淮河能源,2023-05-12,0.249264,box,10.711636,10.838651,9.907205,10.753974,True,0.793651,1.260065,0.752591,0.265612,8.713562,0.249264,0.116349,,
both_highwin_highwin_exec,双入口高胜率执行,600337.SH,美克家居,2023-05-15,0.288121,box,9.062553,9.143953,7.054682,9.116819,True,0.298507,1.295958,0.440764,0.075,24.841116,0.288121,0.129524,,
both_highwin_highwin_exec,双入口高胜率执行,300591.SZ,万里马,2023-05-15,0.269376,box,7.850769,8.283282,6.880891,8.270176,True,2.601626,1.632171,0.54306,0.135,15.850271,0.269376,0.116062,,
both_highwin_highwin_exec,双入口高胜率执行,300540.SZ,蜀道装备,2023-05-15,0.268962,box,32.152799,33.648629,26.516994,33.512645,True,7.826932,2.788176,0.522768,0.165,21.7433,0.268962,0.116801,,
both_highwin_highwin_exec,双入口高胜率执行,002892.SZ,科力尔,2023-05-16,0.262372,box,45.891377,46.84671,38.10718,46.634413,True,2.012384,1.696519,0.535934,0.354349,6.289858,0.262372,0.125219,,
both_highwin_highwin_exec,双入口高胜率执行,002422.SZ,科伦药业,2023-05-16,0.256383,box,211.21666,221.477919,197.893036,218.103411,True,3.294194,1.427598,0.501637,0.418722,3.994067,0.256383,0.116948,,
both_highwin_highwin_exec,双入口高胜率执行,603958.SH,哈森股份,2023-05-16,0.252142,box,7.123119,7.339909,5.997872,7.257322,True,1.736614,2.139445,0.518704,0.105,18.011513,0.252142,0.129152,,
both_highwin_highwin_exec,双入口高胜率执行,300040.SZ,九洲集团,2023-05-17,0.307062,box,37.895396,40.659242,33.227568,39.860798,True,4.00641,4.566144,0.583394,0.15,14.188918,0.307062,0.122152,,
both_highwin_highwin_exec,双入口高胜率执行,603618.SH,杭电股份,2023-05-17,0.30155,box,18.650388,19.162234,16.539023,19.130243,True,1.873935,1.569904,0.660505,0.253202,7.177954,0.30155,0.125813,,
both_highwin_highwin_exec,双入口高胜率执行,300141.SZ,和顺电气,2023-05-17,0.295734,box,45.205531,46.524026,36.588227,45.7706,True,2.208202,1.990645,0.522881,0.092762,12.165127,0.295734,0.128707,,
both_highwin_highwin_exec,双入口高胜率执行,300228.SZ,富瑞特装,2023-05-18,0.354978,box,38.452485,39.035099,31.39639,38.64669,True,1.015228,1.311442,0.567581,0.426621,4.59438,0.354978,0.126939,,
both_highwin_highwin_exec,双入口高胜率执行,300822.SZ,贝仕达克,2023-05-18,0.312536,box,26.863149,27.326839,23.308186,27.311383,True,1.84438,1.258,0.613317,0.424629,7.839308,0.312536,0.127013,,
both_highwin_highwin_exec,双入口高胜率执行,002730.SZ,电光科技,2023-05-18,0.306767,box,21.183668,21.761194,18.249834,21.66879,True,2.401747,1.401753,0.659922,0.465519,5.947056,0.306767,0.123742,,
both_highwin_highwin_exec,双入口高胜率执行,301086.SZ,鸿富瀚,2023-05-19,0.31477,box,70.799418,72.651314,61.44836,72.651314,True,2.615694,1.29494,0.626184,0.420311,7.814192,0.31477,0.124762,,
both_highwin_highwin_exec,双入口高胜率执行,688360.SH,德马科技,2023-05-19,0.309655,box,29.523109,30.066039,26.009429,29.86116,True,2.137351,2.235281,0.658181,0.344072,10.569486,0.309655,0.126082,,
both_highwin_highwin_exec,双入口高胜率执行,003008.SZ,开普检测,2023-05-19,0.287099,box,28.941447,29.649367,25.516362,29.52444,True,1.141227,1.396529,0.623226,0.236673,8.097681,0.287099,0.128478,,
both_highwin_highwin_exec,双入口高胜率执行,605028.SH,世茂能源,2023-05-22,0.331833,box,18.659972,19.715593,16.612706,19.566313,True,4.261364,3.75775,0.640455,0.218411,10.941546,0.331833,0.129446,,
both_highwin_highwin_exec,双入口高胜率执行,002566.SZ,益盛药业,2023-05-22,0.317131,box,26.729366,27.319898,23.092929,26.978011,True,1.401869,1.101555,0.614089,0.399618,5.753874,0.317131,0.12352,,
both_highwin_highwin_exec,双入口高胜率执行,002521.SZ,齐峰新材,2023-05-22,0.306875,box,20.24472,21.293669,17.902067,21.258704,True,5.008636,2.797495,0.660843,0.495527,7.124964,0.306875,0.129381,,
both_highwin_highwin_exec,双入口高胜率执行,002069.SZ,獐子岛,2023-05-23,0.281892,box,12.651105,13.039374,11.583365,12.877595,True,2.051282,1.064363,0.633975,0.341155,7.035819,0.281892,0.121836,,
both_highwin_highwin_exec,双入口高胜率执行,301035.SZ,润丰股份,2023-05-23,0.278836,box,77.761243,82.508022,64.338234,81.313468,True,4.568118,1.320593,0.452989,0.453704,6.729533,0.278836,0.122615,,
both_highwin_highwin_exec,双入口高胜率执行,600812.SH,华北制药,2023-05-23,0.266523,box,6.469193,6.614568,5.918844,6.562648,True,1.607717,1.498126,0.722696,0.149807,9.965981,0.266523,0.121752,,
both_highwin_highwin_exec,双入口高胜率执行,002879.SZ,长缆科技,2023-05-24,0.338738,box,23.857434,24.536059,19.992504,24.279689,True,2.15736,1.641471,0.463256,0.233145,17.067422,0.338738,0.12793,,
both_highwin_highwin_exec,双入口高胜率执行,301008.SZ,宏昌科技,2023-05-24,0.286909,box,32.717803,33.979987,28.709625,33.707751,True,2.252252,1.871964,0.585305,0.241068,17.377542,0.286909,0.12488,,
both_highwin_highwin_exec,双入口高胜率执行,300109.SZ,新开源,2023-05-24,0.279909,box,114.613243,122.427782,105.09208,120.76607,True,5.244618,2.469665,0.630992,0.225361,13.652016,0.279909,0.119409,,
both_highwin_highwin_exec,双入口高胜率执行,688557.SH,兰剑智能,2023-05-25,0.29034,box,37.363078,37.567304,32.614832,37.414134,True,0.853289,2.664678,0.652809,0.168615,15.939425,0.29034,0.128165,,
both_highwin_highwin_exec,双入口高胜率执行,002479.SZ,富春环保,2023-05-25,0.284842,box,20.450654,21.272139,18.272638,21.185667,True,3.59408,2.003558,0.660573,0.501035,4.128317,0.284842,0.123864,,
both_highwin_highwin_exec,双入口高胜率执行,301163.SZ,宏德股份,2023-05-25,0.281598,box,30.22,31.68,26.21,31.15,True,2.43341,3.283113,0.589395,0.20199,17.656676,0.281598,0.1226,,
both_highwin_highwin_exec,双入口高胜率执行,002595.SZ,豪迈科技,2023-05-26,0.29205,box,154.220147,160.732414,133.139695,160.44298,True,3.775351,1.052474,0.554671,0.255148,15.026832,0.29205,0.129744,,
both_highwin_highwin_exec,双入口高胜率执行,301207.SZ,华兰疫苗,2023-05-26,0.287812,box,52.078345,53.183402,46.060805,53.092989,True,2.046727,1.081349,0.625475,0.135426,14.747169,0.287812,0.119385,,
both_highwin_highwin_exec,双入口高胜率执行,002393.SZ,力生制药,2023-05-26,0.275892,box,29.645694,30.598166,25.645311,30.550543,True,3.634895,1.291318,0.590167,0.429581,6.513523,0.275892,0.123961,,
both_highwin_highwin_exec,双入口高胜率执行,600182.SH,S佳通,2023-05-29,0.281805,box,20.316023,20.421045,15.963423,20.047632,True,1.058824,1.752982,0.382473,0.075,21.957435,0.281805,0.130784,,
both_highwin_highwin_exec,双入口高胜率执行,002381.SZ,双箭股份,2023-05-29,0.267222,box,44.404025,44.827496,38.75186,44.464521,True,0.684932,1.151756,0.649729,0.49847,5.331222,0.267222,0.117477,,
both_highwin_highwin_exec,双入口高胜率执行,000045.SZ,深纺织Ａ,2023-05-29,0.266835,box,11.145179,11.276536,9.45774,11.21591,True,1.00091,1.415348,0.573576,0.25379,15.013898,0.266835,0.12728,,
both_highwin_highwin_exec,双入口高胜率执行,000009.SZ,中国宝安,2023-05-30,0.28218,box,26.838545,28.681536,23.843686,28.38205,True,5.029838,3.48119,0.565645,0.21592,13.041655,0.28218,0.125327,,
both_highwin_highwin_exec,双入口高胜率执行,002290.SZ,禾盛新材,2023-05-30,0.275421,box,26.969878,27.873302,23.993891,27.687303,True,1.757812,1.379542,0.49423,0.268962,11.846553,0.275421,0.129045,,
both_highwin_highwin_exec,双入口高胜率执行,603277.SH,银都股份,2023-05-30,0.27409,box,25.166057,25.661997,21.567611,25.362127,True,1.336406,1.944601,0.617434,0.381103,10.226323,0.27409,0.123775,,
both_highwin_highwin_exec,双入口高胜率执行,600601.SH,方正科技,2023-05-31,0.296388,box,3.730142,3.794901,3.367489,3.756046,True,0.694444,1.334715,0.608568,0.289737,14.347343,0.296388,0.124587,,
both_highwin_highwin_exec,双入口高胜率执行,603950.SH,长源东谷,2023-05-31,0.272178,box,23.393814,23.393814,21.47703,23.273072,True,0.12987,1.172269,0.670235,0.377615,9.8425,0.272178,0.122354,,
both_highwin_highwin_exec,双入口高胜率执行,601816.SH,京沪高铁,2023-05-31,0.268276,box,5.749681,5.913665,5.513955,5.913665,True,3.035714,2.39359,0.638905,0.434699,7.486201,0.268276,0.117286,,
both_highwin_highwin_exec,双入口高胜率执行,300862.SZ,蓝盾光电,2023-06-01,0.296861,box,27.328188,29.165633,24.769977,28.729113,True,5.1263,3.663734,0.59615,0.472895,5.606668,0.296861,0.123411,,
both_highwin_highwin_exec,双入口高胜率执行,002429.SZ,兆驰股份,2023-06-01,0.29091,box,44.339788,46.937472,39.233994,46.310445,True,3.607214,2.186553,0.607986,0.165,17.89951,0.29091,0.125917,,
both_highwin_highwin_exec,双入口高胜率执行,300823.SZ,建科智能,2023-06-01,0.278903,box,20.309443,21.109709,18.902183,20.709576,True,2.133333,1.823644,0.50106,0.2975,6.264791,0.278903,0.125053,,
both_highwin_highwin_exec,双入口高胜率执行,688312.SH,燕麦科技,2023-06-02,0.280094,box,18.929768,19.532223,16.435394,19.447668,True,5.202973,2.662368,0.498167,0.424929,8.0265,0.280094,0.128476,,
both_highwin_highwin_exec,双入口高胜率执行,300749.SZ,顶固集创,2023-06-02,0.26867,box,15.475347,16.378075,14.738426,16.10173,True,3.9239,2.386508,0.495622,0.35167,4.799439,0.26867,0.125333,,
both_highwin_highwin_exec,双入口高胜率执行,002283.SZ,天润工业,2023-06-02,0.268238,box,25.272824,25.701176,23.559412,25.358494,True,1.718213,1.661852,0.551536,0.424464,5.053258,0.268238,0.120383,,
both_highwin_highwin_exec,双入口高胜率执行,603129.SH,春风动力,2023-06-05,0.297554,box,152.352514,156.280981,132.82548,154.396164,True,1.475398,1.085098,0.540341,0.453623,7.130303,0.297554,0.122866,,
both_highwin_highwin_exec,双入口高胜率执行,603390.SH,通达电气,2023-06-05,0.294663,box,8.389164,8.633508,7.45251,8.480793,True,1.585366,1.469681,0.36827,0.38287,6.629386,0.294663,0.123852,,
both_highwin_highwin_exec,双入口高胜率执行,603488.SH,展鹏科技,2023-06-05,0.272621,box,12.072675,12.484063,11.234075,12.484063,True,3.679369,2.236003,0.583234,0.437516,8.351126,0.272621,0.122995,,
both_highwin_highwin_exec,双入口高胜率执行,301035.SZ,润丰股份,2023-06-06,0.260785,box,82.476586,85.064786,76.168505,84.928565,True,2.20681,1.37229,0.368103,0.390996,7.129757,0.260785,0.121954,,
both_highwin_highwin_exec,双入口高胜率执行,688557.SH,兰剑智能,2023-06-06,0.255677,box,38.159558,38.89477,32.614832,38.619066,True,0.105876,2.224904,0.57473,0.338585,8.002733,0.255677,0.121725,,
both_highwin_highwin_exec,双入口高胜率执行,002697.SZ,红旗连锁,2023-06-06,0.205259,box,47.23274,52.907062,42.357618,52.107862,True,8.305648,6.071343,0.529933,0.18,21.661983,0.205259,0.099677,,
both_highwin_highwin_exec,双入口高胜率执行,000628.SZ,高新发展,2023-06-07,0.29177,box,14.980555,15.967725,13.466556,15.703123,True,4.82337,2.260672,0.612054,0.169579,9.778119,0.29177,0.123811,,
both_highwin_highwin_exec,双入口高胜率执行,300868.SZ,杰美特,2023-06-07,0.270929,box,17.748626,18.376717,16.826751,18.305804,True,3.139269,1.24807,0.533296,0.53352,2.029316,0.270929,0.120784,,
both_highwin_highwin_exec,双入口高胜率执行,600897.SH,厦门空港,2023-06-07,0.27011,box,26.628354,27.276181,25.386688,27.222195,True,2.541942,1.13211,0.614156,0.528905,6.423646,0.27011,0.118135,,
both_highwin_highwin_exec,双入口高胜率执行,002468.SZ,申通快递,2023-06-08,0.264977,box,24.993063,25.508615,22.168735,25.239632,True,0.986547,1.539088,0.609514,0.122617,12.493595,0.264977,0.126572,,
both_highwin_highwin_exec,双入口高胜率执行,601963.SH,重庆银行,2023-06-08,0.262949,box,9.189669,9.429494,8.829931,9.418593,True,2.369668,1.391983,0.557276,0.498766,5.641615,0.262949,0.124024,,
both_highwin_highwin_exec,双入口高胜率执行,300629.SZ,新劲刚,2023-06-08,0.256277,box,48.098275,51.163993,46.455428,50.674508,True,6.037736,3.442779,0.686952,0.298049,1.682736,0.256277,0.118975,,
both_highwin_highwin_exec,双入口高胜率执行,600941.SH,中国移动,2023-06-09,0.281011,box,104.948294,111.416669,94.582702,111.416669,True,5.944272,1.070618,0.495019,0.316592,12.100479,0.281011,0.117639,,
both_highwin_highwin_exec,双入口高胜率执行,603777.SH,来伊份,2023-06-09,0.279368,box,25.026983,26.454599,21.093755,26.119546,True,3.821656,2.928001,0.465486,0.098919,19.506212,0.279368,0.112231,,
both_highwin_highwin_exec,双入口高胜率执行,600963.SH,岳阳林纸,2023-06-09,0.272274,box,10.436957,11.110309,9.258591,10.941971,True,4.83871,2.737977,0.554476,0.225893,17.391276,0.272274,0.1163,,
both_highwin_highwin_exec,双入口高胜率执行,002595.SZ,豪迈科技,2023-06-12,0.296925,box,161.986629,167.003487,143.511084,165.84575,True,2.565632,1.192166,0.488421,0.5163,3.343007,0.296925,0.125789,,
both_highwin_highwin_exec,双入口高胜率执行,603617.SH,君禾股份,2023-06-12,0.28165,box,25.681852,27.010224,23.349822,26.71503,True,5.355064,3.29586,0.693179,0.181893,11.04758,0.28165,0.124268,,
both_highwin_highwin_exec,双入口高胜率执行,603909.SH,建发合诚,2023-06-12,0.274581,box,33.333018,35.93716,29.296598,35.75487,True,7.265625,2.892979,0.56789,0.152216,16.577434,0.274581,0.120712,,
both_highwin_highwin_exec,双入口高胜率执行,000589.SZ,贵州轮胎,2023-06-13,0.284149,box,12.48579,12.762739,11.314579,12.624265,True,1.48423,1.221911,0.616937,0.271008,9.354028,0.284149,0.120712,,
both_highwin_highwin_exec,双入口高胜率执行,300717.SZ,华信新材,2023-06-13,0.281785,box,26.517379,27.096,24.632727,27.046404,True,1.931464,1.434376,0.607365,0.448685,2.705844,0.281785,0.121676,,
both_highwin_highwin_exec,双入口高胜率执行,603556.SH,海兴电力,2023-06-13,0.279504,box,35.99126,38.592132,33.345286,37.870503,True,5.265357,2.513326,0.569363,0.278012,6.896031,0.279504,0.115368,,
both_highwin_highwin_exec,双入口高胜率执行,002774.SZ,快意电梯,2023-06-14,0.273561,box,8.491462,8.537549,8.007553,8.468419,True,0.547196,1.055326,0.505203,0.378978,0.217895,0.273561,0.120824,,
both_highwin_highwin_exec,双入口高胜率执行,600590.SH,泰豪科技,2023-06-14,0.264069,box,11.427406,11.61308,10.66783,11.528683,True,0.737463,1.475501,0.617546,0.333068,0.8287,0.264069,0.121364,,
both_highwin_highwin_exec,双入口高胜率执行,300146.SZ,汤臣倍健,2023-06-14,0.263973,box,693.209869,717.321517,664.577288,712.499187,True,2.827316,1.436345,0.605177,0.413758,2.233931,0.263973,0.115757,,
both_highwin_highwin_exec,双入口高胜率执行,600293.SH,三峡新材,2023-06-15,0.325815,box,4.012818,4.228065,3.413201,4.166566,True,3.435115,3.190111,0.545421,0.105,16.26701,0.325815,0.118701,,
both_highwin_highwin_exec,双入口高胜率执行,002444.SZ,巨星科技,2023-06-15,0.275994,box,83.159606,86.526751,74.032873,85.862183,True,3.691814,1.702842,0.629142,0.205358,9.820813,0.275994,0.123038,,
both_highwin_highwin_exec,双入口高胜率执行,300492.SZ,华图山鼎,2023-06-15,0.272706,box,96.502608,103.558637,88.256115,103.084725,True,6.568681,2.936106,0.530049,0.365162,2.990491,0.272706,0.125385,,
both_highwin_highwin_exec,双入口高胜率执行,002252.SZ,上海莱士,2023-06-16,0.309468,box,170.482991,181.405299,148.95069,178.31856,True,4.74198,2.629399,0.532665,0.230067,10.957712,0.309468,0.128615,,
both_highwin_highwin_exec,双入口高胜率执行,603867.SH,新化股份,2023-06-16,0.290389,box,50.70656,52.745221,45.56202,52.115836,True,3.141078,1.28585,0.469506,0.395105,1.727434,0.290389,0.120321,,
both_highwin_highwin_exec,双入口高胜率执行,600312.SH,平高电气,2023-06-16,0.284105,box,16.362931,17.456597,15.01688,17.274319,True,6.851691,2.808751,0.480817,0.320889,3.122342,0.284105,0.119717,,
both_highwin_highwin_exec,双入口高胜率执行,600363.SH,联创光电,2023-06-19,0.300547,box,37.251103,39.102796,32.37877,38.678665,True,4.353893,1.658664,0.518063,0.266684,12.018374,0.300547,0.126363,,
both_highwin_highwin_exec,双入口高胜率执行,002223.SZ,鱼跃医疗,2023-06-19,0.265553,box,206.858362,214.318226,192.503679,212.055808,True,2.877484,1.481459,0.606131,0.363352,1.640305,0.265553,0.124183,,
both_highwin_highwin_exec,双入口高胜率执行,688288.SH,鸿泉技术,2023-06-19,0.264773,box,25.172634,26.588658,22.310024,26.130233,True,4.056795,1.688657,0.379654,0.244021,0.386814,0.264773,0.117502,,
both_highwin_highwin_exec,双入口高胜率执行,600388.SH,龙净环保,2023-06-20,0.293003,box,113.198001,113.198001,97.727098,111.592355,True,3.4937,2.840132,0.601998,0.274429,5.610998,0.293003,0.122606,,
both_highwin_highwin_exec,双入口高胜率执行,002484.SZ,江海股份,2023-06-20,0.29047,box,101.767214,105.760916,88.53507,104.317409,True,3.041825,1.503765,0.595609,0.12653,12.148547,0.29047,0.118509,,
both_highwin_highwin_exec,双入口高胜率执行,603339.SH,四方科技,2023-06-20,0.273652,box,24.370633,24.932168,22.48283,24.803817,True,2.519894,2.043096,0.581201,0.395267,6.048655,0.273652,0.120895,,
both_highwin_highwin_exec,双入口高胜率执行,600117.SH,西宁特钢,2023-06-21,0.269723,box,3.200561,3.200561,2.756319,3.180369,True,4.304636,4.153043,0.630045,0.38403,4.808593,0.269723,0.12412,,
both_highwin_highwin_exec,双入口高胜率执行,002418.SZ,康盛股份,2023-06-21,0.266785,box,14.791678,15.441313,13.892184,15.441313,True,3.344482,3.733917,0.66705,0.333679,6.831749,0.266785,0.117063,,
both_highwin_highwin_exec,双入口高胜率执行,300228.SZ,富瑞特装,2023-06-21,0.264315,box,38.581955,39.552977,35.798358,38.840894,True,2.040816,2.327208,0.500329,0.345592,4.035999,0.264315,0.117123,,
both_highwin_highwin_exec,双入口高胜率执行,600452.SH,涪陵电力,2023-06-26,0.29111,box,104.676913,111.658675,90.069681,109.876097,True,3.837155,1.532352,0.467804,0.150764,12.914201,0.29111,0.123757,,
both_highwin_highwin_exec,双入口高胜率执行,002270.SZ,华明装备,2023-06-26,0.276307,box,25.013131,25.815439,22.535416,25.367091,True,0.655431,1.092612,0.569818,0.214024,10.41805,0.276307,0.117109,,
both_highwin_highwin_exec,双入口高胜率执行,000030.SZ,富奥股份,2023-06-26,0.264177,box,9.191802,9.281042,8.317242,9.191802,True,1.178782,2.157116,0.672645,0.241384,9.616433,0.264177,0.114996,,
both_highwin_highwin_exec,双入口高胜率执行,300259.SZ,新天科技,2023-06-27,0.289017,box,60.175134,62.03622,57.538594,61.88113,True,2.835052,1.11281,0.546186,0.485334,5.049485,0.289017,0.124184,,
both_highwin_highwin_exec,双入口高胜率执行,002521.SZ,齐峰新材,2023-06-27,0.288561,box,21.603813,22.421063,20.24472,22.38553,True,3.448276,1.132087,0.573864,0.254077,7.918939,0.288561,0.125797,,
both_highwin_highwin_exec,双入口高胜率执行,300644.SZ,南京聚隆,2023-06-27,0.285405,box,29.527051,31.349272,29.067073,31.296197,True,5.991612,2.358242,0.565632,0.339109,5.891216,0.285405,0.121691,,
both_highwin_highwin_exec,双入口高胜率执行,300700.SZ,岱勒新材,2023-06-28,0.285505,trend,41.35804,43.599348,40.650258,43.410606,True,5.142857,2.886019,0.350486,0.195961,15.672411,0.285505,0.111164,,
both_highwin_highwin_exec,双入口高胜率执行,002444.SZ,巨星科技,2023-06-28,0.285159,box,92.374949,94.856003,74.032873,93.969912,True,1.726619,1.175613,0.46987,0.083559,13.516981,0.285159,0.126452,,
both_highwin_highwin_exec,双入口高胜率执行,600760.SH,中航沈飞,2023-06-28,0.283637,box,84.828802,87.893455,77.811709,86.972056,True,2.526564,2.670663,0.69555,0.254759,10.158222,0.283637,0.120749,,
both_highwin_highwin_exec,双入口高胜率执行,301106.SZ,骏成科技,2023-06-29,0.284578,box,35.567665,37.020037,34.372806,36.741924,True,2.089296,1.390677,0.478045,0.34201,6.273427,0.284578,0.123731,,
both_highwin_highwin_exec,双入口高胜率执行,001231.SZ,农心科技,2023-06-29,0.283573,box,22.821246,23.668719,20.41,23.547651,True,3.825623,2.22126,0.674694,0.316993,6.75645,0.283573,0.124215,,
both_highwin_highwin_exec,双入口高胜率执行,603037.SH,凯众股份,2023-06-29,0.277876,box,28.393304,28.974683,25.989222,28.69185,True,1.444444,1.602406,0.571556,0.361082,3.871685,0.277876,0.123523,,
both_highwin_highwin_exec,双入口高胜率执行,603338.SH,浙江鼎力,2023-06-30,0.289765,trend,375.116525,398.986289,372.99162,396.719724,True,5.281955,1.683114,0.464091,0.250188,6.899677,0.289765,0.126706,,
both_highwin_highwin_exec,双入口高胜率执行,000768.SZ,中航西飞,2023-06-30,0.284585,box,27.246112,28.474941,23.907908,28.337228,True,4.004666,3.057852,0.633833,0.133511,17.332761,0.284585,0.126077,,
both_highwin_highwin_exec,双入口高胜率执行,600388.SH,龙净环保,2023-06-30,0.283832,box,109.060376,111.5306,99.488259,110.974799,True,1.410835,1.145276,0.554627,0.370431,6.76398,0.283832,0.118606,,
both_highwin_highwin_exec,双入口高胜率执行,600418.SH,江淮汽车,2023-07-03,0.311513,box,14.721624,15.422653,12.700321,15.282447,True,3.891978,1.882748,0.564376,0.211902,5.137128,0.311513,0.12024,,
both_highwin_highwin_exec,双入口高胜率执行,601886.SH,江河集团,2023-07-03,0.294182,box,22.835992,24.17023,20.039224,23.913645,True,4.836895,1.754403,0.397915,0.250334,6.380172,0.294182,0.124728,,
both_highwin_highwin_exec,双入口高胜率执行,003013.SZ,地铁设计,2023-07-03,0.28614,box,19.988324,20.975268,18.122892,20.758357,True,4.876712,2.681298,0.644699,0.187537,9.211429,0.28614,0.117312,,
both_highwin_highwin_exec,双入口高胜率执行,603901.SH,永创智能,2023-07-04,0.322316,box,62.426904,64.627717,54.620536,63.696604,True,3.365385,2.449287,0.635569,0.168217,13.270198,0.322316,0.126355,,
both_highwin_highwin_exec,双入口高胜率执行,603239.SH,浙江仙通,2023-07-04,0.297299,box,60.237395,62.899217,53.892778,61.768854,True,3.229738,1.468241,0.520889,0.369699,7.564527,0.297299,0.124991,,
both_highwin_highwin_exec,双入口高胜率执行,603339.SH,四方科技,2023-07-04,0.287579,box,25.493703,26.135458,22.48283,25.750405,True,1.197982,1.299805,0.601015,0.204885,11.329397,0.287579,0.127414,,
both_highwin_highwin_exec,双入口高胜率执行,002973.SZ,侨银股份,2023-07-05,0.311211,box,12.573422,13.152327,11.192173,12.949202,True,2.988691,3.385196,0.578736,0.235375,14.112949,0.311211,0.13037,,
both_highwin_highwin_exec,双入口高胜率执行,603327.SH,福蓉科技,2023-07-05,0.283161,box,22.149963,22.627887,19.00669,22.278635,True,1.084237,1.068384,0.622507,0.03,6.971156,0.283161,0.119615,,
both_highwin_highwin_exec,双入口高胜率执行,688338.SH,赛科希德,2023-07-05,0.277359,box,57.297785,58.545815,50.448837,58.129805,True,1.183327,1.533974,0.630088,0.329089,9.06578,0.277359,0.119388,,
both_highwin_highwin_exec,双入口高胜率执行,300422.SZ,博世科,2023-07-06,0.275268,box,32.767233,34.67051,29.423637,34.31043,True,6.041335,3.180335,0.632264,0.12,14.745322,0.275268,0.124106,,
both_highwin_highwin_exec,双入口高胜率执行,300397.SZ,天和防务,2023-07-06,0.274302,box,40.973635,42.525941,36.461121,41.840038,True,2.294793,1.724082,0.6165,0.305731,4.371196,0.274302,0.114928,,
both_highwin_highwin_exec,双入口高胜率执行,688016.SH,心脉医疗,2023-07-06,0.271618,box,187.845792,195.592011,156.263472,192.625374,True,2.196961,1.879769,0.508264,0.06,12.296844,0.271618,0.123691,,
both_highwin_highwin_exec,双入口高胜率执行,601555.SH,东吴证券,2023-07-07,0.272662,box,9.554947,10.019423,9.010846,9.926528,True,3.457815,1.752788,0.688326,0.277929,7.09135,0.272662,0.117525,,
both_highwin_highwin_exec,双入口高胜率执行,002521.SZ,齐峰新材,2023-07-07,0.267786,box,22.065737,22.882986,20.419545,22.776388,True,3.054662,1.720522,0.574092,0.366199,6.074027,0.267786,0.124284,,
both_highwin_highwin_exec,双入口高胜率执行,301345.SZ,涛涛车业,2023-07-07,0.265543,box,48.863867,51.461692,46.8021,51.03903,True,4.451477,2.983381,0.72925,0.322036,5.598018,0.265543,0.119026,,
both_highwin_highwin_exec,双入口高胜率执行,603501.SH,豪威集团,2023-07-10,0.293525,box,143.509309,146.916463,126.814257,145.839802,True,1.739875,1.299637,0.5269,0.203012,5.262232,0.293525,0.121661,,
both_highwin_highwin_exec,双入口高胜率执行,002749.SZ,国光股份,2023-07-10,0.285946,box,77.999927,82.84931,71.033209,82.576105,True,5.8669,1.646831,0.476817,0.169418,10.212309,0.285946,0.125496,,
both_highwin_highwin_exec,双入口高胜率执行,601021.SH,春秋航空,2023-07-10,0.278655,box,129.577587,131.95817,112.21575,129.433932,True,0.047589,1.15245,0.545957,0.202306,8.246402,0.278655,0.126756,,
both_highwin_highwin_exec,双入口高胜率执行,000061.SZ,农产品,2023-07-11,0.307579,box,12.552001,13.342678,11.543888,13.105475,True,4.245283,2.531147,0.670938,0.209734,11.747394,0.307579,0.126455,,
both_highwin_highwin_exec,双入口高胜率执行,688466.SH,金科环境,2023-07-11,0.290962,box,20.768365,21.444169,18.56948,21.333216,True,1.196172,1.220971,0.589766,0.139805,10.984011,0.290962,0.126718,,
both_highwin_highwin_exec,双入口高胜率执行,000951.SZ,中国重汽,2023-07-11,0.290876,box,50.346074,52.210744,43.937121,51.83781,True,3.316181,1.126191,0.392286,0.092035,11.665176,0.290876,0.125532,,
both_highwin_highwin_exec,双入口高胜率执行,000811.SZ,冰轮环境,2023-07-12,0.285445,box,60.242578,61.35463,52.993926,60.894471,True,0.697527,1.1236,0.572221,0.497897,3.79004,0.285445,0.125467,,
both_highwin_highwin_exec,双入口高胜率执行,301035.SZ,润丰股份,2023-07-12,0.268468,box,83.95406,86.028811,75.026344,84.488466,True,0.548697,1.234783,0.52283,0.50802,3.329616,0.268468,0.120373,,
both_highwin_highwin_exec,双入口高胜率执行,603689.SH,皖天然气,2023-07-12,0.265065,box,13.889554,14.108041,12.719086,13.873947,True,0.112613,1.082762,0.626562,0.508019,0.383286,0.265065,0.116543,,
both_highwin_highwin_exec,双入口高胜率执行,002470.SZ,金正大,2023-07-13,0.292845,box,9.136133,9.520363,7.812674,9.434978,True,3.755869,1.242619,0.323193,0.216353,13.100437,0.292845,0.128997,,
both_highwin_highwin_exec,双入口高胜率执行,002319.SZ,乐通股份,2023-07-13,0.28529,box,34.890797,36.101001,29.844862,35.424107,True,2.736466,1.895188,0.544279,0.257259,5.530517,0.28529,0.126149,,
both_highwin_highwin_exec,双入口高胜率执行,601886.SH,江河集团,2023-07-13,0.282009,box,23.939304,25.273542,21.912289,25.196566,True,5.251876,1.407704,0.276727,0.105,11.39119,0.282009,0.123239,,
both_highwin_highwin_exec,双入口高胜率执行,688219.SH,会通股份,2023-07-14,0.279774,box,10.470292,10.872996,9.272249,10.671644,True,4.846686,3.298432,0.587358,0.109583,9.520417,0.279774,0.12888,,
both_highwin_highwin_exec,双入口高胜率执行,605599.SH,菜百股份,2023-07-14,0.278711,box,14.799781,15.143463,12.522892,14.864222,True,2.97619,1.732227,0.371535,0.300526,3.294767,0.278711,0.126372,,
both_highwin_highwin_exec,双入口高胜率执行,002394.SZ,联发股份,2023-07-14,0.274648,box,40.439069,40.67418,35.783874,40.25098,True,0.705882,1.202039,0.646349,0.506881,-0.886804,0.274648,0.120407,,
both_highwin_highwin_exec,双入口高胜率执行,603408.SH,建霖家居,2023-07-17,0.278927,box,12.513096,12.705258,11.190574,12.68265,True,1.722575,1.362003,0.667039,0.200165,6.709514,0.278927,0.124117,,
both_highwin_highwin_exec,双入口高胜率执行,603709.SH,中源家居,2023-07-17,0.278605,box,19.457756,19.60563,16.029954,19.507047,True,1.474359,1.403579,0.510961,0.373886,6.487662,0.278605,0.12511,,
both_highwin_highwin_exec,双入口高胜率执行,300492.SZ,华图山鼎,2023-07-17,0.277953,box,105.261212,108.052029,98.310496,106.823367,True,2.216997,1.156783,0.528421,0.458647,4.463878,0.277953,0.127972,,
both_highwin_highwin_exec,双入口高胜率执行,000975.SZ,山金国际,2023-07-18,0.304293,box,31.074018,31.617105,26.70571,31.215693,True,2.163833,1.554707,0.635394,0.163731,8.785112,0.304293,0.12177,,
both_highwin_highwin_exec,双入口高胜率执行,688718.SH,唯赛勃,2023-07-18,0.289599,box,18.15,18.79,15.64,18.72,True,2.071974,1.053481,0.560606,0.334438,4.670212,0.289599,0.116743,,
both_highwin_highwin_exec,双入口高胜率执行,603313.SH,梦百合,2023-07-18,0.287446,box,19.352121,20.273651,16.298425,20.038751,True,3.548086,1.315506,0.481987,0.18517,10.176603,0.287446,0.123967,,
both_highwin_highwin_exec,双入口高胜率执行,688188.SH,柏楚电子,2023-07-19,0.308364,box,298.964053,303.21066,260.387123,301.852318,True,1.004737,1.131801,0.626037,0.167312,13.061691,0.308364,0.127105,,
both_highwin_highwin_exec,双入口高胜率执行,000060.SZ,中金岭南,2023-07-19,0.303111,box,18.491819,19.546485,15.834645,19.265241,True,3.787879,1.563898,0.52886,0.090324,4.448506,0.303111,0.128455,,
both_highwin_highwin_exec,双入口高胜率执行,601010.SH,文峰股份,2023-07-19,0.290303,box,13.074869,13.671441,11.633154,13.522298,True,2.641509,2.680222,0.654467,0.381159,6.713686,0.290303,0.129546,,
both_highwin_highwin_exec,双入口高胜率执行,603300.SH,海南华铁,2023-07-20,0.279347,box,32.93087,34.435326,28.696105,34.045282,True,3.559322,2.119273,0.59527,0.384462,5.659512,0.279347,0.128395,,
both_highwin_highwin_exec,双入口高胜率执行,603615.SH,茶花股份,2023-07-20,0.266726,box,10.732691,10.85802,10.037687,10.778265,True,1.068376,1.143317,0.50941,0.523228,1.998147,0.266726,0.117224,,
both_highwin_highwin_exec,双入口高胜率执行,600486.SH,扬农化工,2023-07-20,0.266211,box,243.989111,250.368595,217.880583,245.871582,True,1.26346,2.019891,0.65148,0.309939,6.915936,0.266211,0.12302,,
both_highwin_highwin_exec,双入口高胜率执行,600533.SH,栖霞建设,2023-07-21,0.28415,box,4.47465,4.741165,4.016781,4.685057,True,4.049844,2.955291,0.619382,0.345522,4.80123,0.28415,0.122174,,
both_highwin_highwin_exec,双入口高胜率执行,600865.SH,百大集团,2023-07-21,0.2727,box,10.675528,10.848457,9.476548,10.790814,True,1.079914,1.677464,0.665473,0.449791,6.221484,0.2727,0.122744,,
both_highwin_highwin_exec,双入口高胜率执行,300285.SZ,国瓷材料,2023-07-21,0.272021,box,361.724656,375.195781,318.317698,372.202198,True,2.29688,1.118879,0.631037,0.147946,13.559112,0.272021,0.124933,,
both_highwin_highwin_exec,双入口高胜率执行,000659.SZ,珠海中富,2023-07-24,0.313403,box,5.118669,5.327594,4.474483,5.275363,True,2.711864,1.211732,0.585793,0.13677,14.927011,0.313403,0.125991,,
both_highwin_highwin_exec,双入口高胜率执行,601512.SH,中新集团,2023-07-24,0.277235,box,11.014968,11.19371,9.53482,11.048482,True,1.02145,1.369709,0.609246,0.339726,6.566863,0.277235,0.127951,,
both_highwin_highwin_exec,双入口高胜率执行,600851.SH,海欣股份,2023-07-24,0.273221,box,6.553035,6.625502,5.818019,6.615149,True,1.428571,1.624361,0.665636,0.394539,7.163416,0.273221,0.124895,,
both_highwin_highwin_exec,双入口高胜率执行,603093.SH,南华期货,2023-07-25,0.308146,box,13.004926,13.308543,10.626593,13.136494,True,4.00641,1.449749,0.440548,0.107281,6.271125,0.308146,0.129783,,
both_highwin_highwin_exec,双入口高胜率执行,601899.SH,紫金矿业,2023-07-25,0.302028,box,25.762957,26.700533,22.929847,26.37442,True,4.102977,1.557785,0.506002,0.293685,8.111335,0.302028,0.12669,,
both_highwin_highwin_exec,双入口高胜率执行,000425.SZ,徐工机械,2023-07-25,0.289222,box,51.051808,52.563921,46.443464,51.771862,True,2.421652,1.467319,0.445189,0.24881,8.424453,0.289222,0.120981,,
both_highwin_highwin_exec,双入口高胜率执行,000061.SZ,农产品,2023-07-26,0.281968,box,13.283378,13.658949,11.662489,13.599649,True,2.228826,1.277253,0.618309,0.393275,3.064275,0.281968,0.128239,,
both_highwin_highwin_exec,双入口高胜率执行,601155.SH,新城控股,2023-07-26,0.275392,box,25.195781,26.033007,21.467753,25.606496,True,3.314213,3.439065,0.592523,0.198547,16.84001,0.275392,0.116975,,
both_highwin_highwin_exec,双入口高胜率执行,600033.SH,福建高速,2023-07-26,0.273204,box,7.922182,8.040777,7.305485,8.040777,True,1.497006,1.301277,0.67645,0.337353,6.307642,0.273204,0.123,,
both_highwin_highwin_exec,双入口高胜率执行,603369.SH,今世缘,2023-07-27,0.273998,box,163.730584,169.040014,143.85497,167.09415,True,1.967769,1.255309,0.61564,0.336193,5.337015,0.273998,0.123781,,
both_highwin_highwin_exec,双入口高胜率执行,300601.SZ,康泰生物,2023-07-27,0.26745,box,73.606692,75.131455,60.867545,74.000179,True,0.534581,1.322994,0.513979,0.105,12.596001,0.26745,0.114446,,
both_highwin_highwin_exec,双入口高胜率执行,600036.SH,招商银行,2023-07-27,0.256967,box,59.818599,60.39,54.636152,60.104299,True,0.929535,1.311002,0.736757,0.312259,5.582261,0.256967,0.118759,,
both_highwin_highwin_exec,双入口高胜率执行,688089.SH,嘉必优,2023-07-28,0.283704,box,31.563482,33.42272,28.876301,33.045063,True,3.976234,1.888249,0.589382,0.136434,7.460054,0.283704,0.120975,,
both_highwin_highwin_exec,双入口高胜率执行,301080.SZ,百普赛斯,2023-07-28,0.282999,box,100.984221,102.280077,87.408585,101.539588,True,0.565317,1.331778,0.596169,0.089545,11.473985,0.282999,0.119878,,
both_highwin_highwin_exec,双入口高胜率执行,603008.SH,喜临门,2023-07-28,0.279082,box,40.409522,43.000494,37.029992,42.775192,True,5.854241,1.726649,0.681419,0.216293,9.23232,0.279082,0.119349,,
both_highwin_highwin_exec,双入口高胜率执行,600729.SH,重庆百货,2023-07-31,0.303477,box,53.901171,57.239342,47.572886,56.321741,True,5.325444,1.759843,0.405432,0.402104,0.831331,0.303477,0.126251,,
both_highwin_highwin_exec,双入口高胜率执行,600293.SH,三峡新材,2023-07-31,0.298687,box,4.427937,4.504811,3.874445,4.504811,True,2.807018,1.175294,0.431393,0.469598,1.204926,0.298687,0.130424,,
both_highwin_highwin_exec,双入口高胜率执行,603993.SH,洛阳钼业,2023-07-31,0.29327,box,21.493392,22.055311,18.718918,21.668992,True,2.321725,1.49664,0.542387,0.308623,3.30506,0.29327,0.127018,,
both_highwin_highwin_exec,双入口高胜率执行,688309.SH,恒誉环保,2023-08-01,0.284948,box,22.979914,23.462643,20.214279,23.412359,True,1.748252,1.222288,0.528642,0.197623,5.023109,0.284948,0.128518,,
both_highwin_highwin_exec,双入口高胜率执行,600548.SH,深高速,2023-08-01,0.282005,box,17.712164,17.859001,16.188734,17.767228,True,0.207039,1.356195,0.66695,0.422266,1.965729,0.282005,0.123917,,
both_highwin_highwin_exec,双入口高胜率执行,000761.SZ,本钢板材,2023-08-01,0.278065,box,5.82197,5.972657,5.315116,5.917862,True,1.647059,1.491851,0.701622,0.274357,6.492954,0.278065,0.122406,,
both_highwin_highwin_exec,双入口高胜率执行,000586.SZ,汇源通信,2023-08-02,0.271749,box,15.12,15.46,13.21,15.38,True,2.124834,1.066284,0.409698,0.205354,10.666437,0.271749,0.115048,,
both_highwin_highwin_exec,双入口高胜率执行,000828.SZ,东莞控股,2023-08-02,0.268921,box,14.769788,15.056141,13.624376,14.935572,True,0.916497,2.079414,0.66721,0.347343,3.239513,0.268921,0.123992,,
both_highwin_highwin_exec,双入口高胜率执行,002520.SZ,日发精机,2023-08-02,0.264161,box,51.047927,54.599088,48.473336,53.888855,True,5.199307,3.246529,0.563623,0.373219,3.587424,0.264161,0.120625,,
both_highwin_highwin_exec,双入口高胜率执行,601390.SH,中国中铁,2023-08-03,0.281616,box,10.657517,10.736559,9.583473,10.710211,True,0.246609,1.247453,0.608588,0.19844,5.248977,0.281616,0.119037,,
both_highwin_highwin_exec,双入口高胜率执行,600827.SH,百联股份,2023-08-03,0.281221,box,17.088888,17.394046,14.994311,17.357427,True,2.228613,2.346123,0.587107,0.231005,6.184348,0.281221,0.126485,,
both_highwin_highwin_exec,双入口高胜率执行,601512.SH,中新集团,2023-08-03,0.277665,box,11.316595,11.43948,10.311172,11.394795,True,0.890208,1.255356,0.547591,0.378557,0.630693,0.277665,0.124911,,
both_highwin_highwin_exec,双入口高胜率执行,601577.SH,长沙银行,2023-08-04,0.287186,box,10.06305,10.269658,8.865852,10.123817,True,1.461632,2.01251,0.609938,0.134915,4.26307,0.287186,0.127414,,
both_highwin_highwin_exec,双入口高胜率执行,600671.SH,天目药业,2023-08-04,0.276889,box,9.29,9.7,7.93,9.53,True,2.583423,2.237397,0.352888,0.217001,4.848024,0.276889,0.125737,,
both_highwin_highwin_exec,双入口高胜率执行,600830.SH,香溢融通,2023-08-04,0.275738,box,7.484399,7.719287,6.651613,7.61252,True,2.148997,2.137942,0.525514,0.163286,4.157663,0.275738,0.129948,,
both_highwin_highwin_exec,双入口高胜率执行,000068.SZ,华控赛格,2023-08-07,0.275699,box,3.63,3.7,3.08,3.67,True,1.66205,1.228004,0.376991,0.378288,-1.187641,0.275699,0.118302,,
both_highwin_highwin_exec,双入口高胜率执行,603279.SH,景津装备,2023-08-07,0.268576,box,50.30929,51.421543,48.052546,51.340945,True,2.017937,1.093445,0.579657,0.474991,-1.21531,0.268576,0.120646,,
both_highwin_highwin_exec,双入口高胜率执行,601985.SH,中国核电,2023-08-07,0.268018,box,8.651254,8.88795,8.319879,8.828776,True,2.051984,1.532276,0.680993,0.342975,-0.378164,0.268018,0.118656,,
both_highwin_highwin_exec,双入口高胜率执行,603979.SH,金诚信,2023-08-08,0.273835,box,53.95464,56.073065,48.234894,55.535311,True,2.743443,1.121226,0.611699,0.339633,-0.221875,0.273835,0.116845,,
both_highwin_highwin_exec,双入口高胜率执行,600901.SH,江苏金租,2023-08-08,0.267769,box,8.333272,8.443403,7.3788,8.406693,True,0.659341,1.106711,0.654714,0.191783,6.114259,0.267769,0.124003,,
both_highwin_highwin_exec,双入口高胜率执行,000791.SZ,甘肃能源,2023-08-08,0.264355,box,9.294702,9.474074,8.88704,9.376235,True,0.877193,1.349635,0.622985,0.521573,2.327853,0.264355,0.122813,,
both_highwin_highwin_exec,双入口高胜率执行,000796.SZ,凯撒旅业,2023-08-09,0.272353,box,4.459219,4.69126,4.075847,4.69126,True,4.96614,1.4271,0.279724,0.276074,9.960953,0.272353,0.121155,,
both_highwin_highwin_exec,双入口高胜率执行,603168.SH,莎普爱思,2023-08-09,0.25589,box,41.430627,44.002183,39.335285,43.287862,True,4.723502,1.845359,0.60277,0.276892,0.470363,0.25589,0.116658,,
both_highwin_highwin_exec,双入口高胜率执行,000620.SZ,盈新发展,2023-08-09,0.253781,box,2.187497,2.187497,1.932867,2.187497,True,5.0,1.1484,0.383263,0.340242,4.036753,0.253781,0.11933,,
both_highwin_highwin_exec,双入口高胜率执行,603706.SH,东方环宇,2023-08-10,0.269803,box,18.141373,18.962734,17.986624,18.891312,True,4.407895,2.709043,0.69668,0.463631,0.506925,0.269803,0.121134,,
both_highwin_highwin_exec,双入口高胜率执行,600635.SH,大众公用,2023-08-10,0.269275,box,6.549285,6.721132,6.320156,6.721132,True,2.623907,1.295328,0.686131,0.420486,-0.439249,0.269275,0.118466,,
both_highwin_highwin_exec,双入口高胜率执行,002453.SZ,华软科技,2023-08-10,0.268238,trend,48.468515,50.906403,48.468515,50.451881,True,3.562341,2.057043,0.470262,0.459917,3.378449,0.268238,0.117764,,
both_highwin_highwin_exec,双入口高胜率执行,301212.SZ,联盛化学,2023-08-11,0.236154,box,34.905663,35.769413,32.842825,35.088575,True,0.377907,2.691656,0.715833,0.244802,4.575435,0.236154,0.114072,,
both_highwin_highwin_exec,双入口高胜率执行,000411.SZ,英特集团,2023-08-11,0.23599,box,16.050387,16.602982,15.095904,16.439716,True,2.425665,3.201912,0.62838,0.360279,5.383695,0.23599,0.115546,,
both_highwin_highwin_exec,双入口高胜率执行,000029.SZ,深深房Ａ,2023-08-11,0.231548,box,13.347927,13.914786,11.422745,13.754354,True,8.614865,4.706218,0.520127,0.086875,10.693518,0.231548,0.113904,,
both_highwin_highwin_exec,双入口高胜率执行,002544.SZ,普天科技,2023-08-14,0.27249,box,147.882478,150.575914,134.287038,150.127008,True,1.561822,1.124501,0.629115,0.511579,6.002462,0.27249,0.11629,,
both_highwin_highwin_exec,双入口高胜率执行,002515.SZ,金字火腿,2023-08-14,0.270009,box,56.3842,57.944237,49.364033,57.832806,True,1.764706,1.065386,0.603469,0.14858,12.531045,0.270009,0.128679,,
both_highwin_highwin_exec,双入口高胜率执行,002327.SZ,富安娜,2023-08-14,0.266701,box,105.095001,108.556954,100.767559,108.18603,True,1.744186,1.404999,0.673778,0.39743,3.725589,0.266701,0.118639,,
both_highwin_highwin_exec,双入口高胜率执行,600012.SH,皖通高速,2023-08-15,0.282868,box,18.494676,19.304919,16.081561,19.164007,True,4.015296,1.117979,0.608501,0.188841,9.214882,0.282868,0.125492,,
both_highwin_highwin_exec,双入口高胜率执行,300345.SZ,华民股份,2023-08-15,0.271894,box,46.701341,48.812379,42.910088,48.209225,True,3.228782,2.588174,0.633588,0.295934,12.218758,0.271894,0.117869,,
both_highwin_highwin_exec,双入口高胜率执行,600016.SH,民生银行,2023-08-15,0.265618,box,11.333568,11.68319,11.275298,11.624919,True,2.835052,1.654842,0.715315,0.307594,3.289773,0.265618,0.119348,,
both_highwin_highwin_exec,双入口高胜率执行,300220.SZ,金运激光,2023-08-16,0.291588,box,32.494606,33.88475,28.497943,33.624098,True,1.976285,2.063046,0.521231,0.075,16.481519,0.291588,0.11641,,
both_highwin_highwin_exec,双入口高胜率执行,601997.SH,贵阳银行,2023-08-16,0.26574,box,10.227031,10.60918,9.571919,10.53639,True,2.659574,1.692691,0.646108,0.338465,6.114583,0.26574,0.119009,,
both_highwin_highwin_exec,双入口高胜率执行,002300.SZ,太阳电缆,2023-08-16,0.264723,box,62.201001,63.95207,59.003398,63.95207,True,2.314251,3.658384,0.646243,0.465598,7.266039,0.264723,0.119292,,
both_highwin_highwin_exec,双入口高胜率执行,603198.SH,迎驾贡酒,2023-08-17,0.269616,box,85.132929,89.871519,78.516316,89.784458,True,4.927326,1.86759,0.436032,0.401224,7.044755,0.269616,0.122216,,
both_highwin_highwin_exec,双入口高胜率执行,605177.SH,东亚药业,2023-08-17,0.265248,box,28.959986,30.064699,26.058825,30.054374,True,3.631185,1.120629,0.448292,0.412935,6.482019,0.265248,0.122169,,
both_highwin_highwin_exec,双入口高胜率执行,600983.SH,惠而浦,2023-08-17,0.261836,box,13.82793,14.468272,13.551026,14.295207,True,2.992519,1.927526,0.632278,0.410076,7.720892,0.261836,0.11906,,
both_highwin_highwin_exec,双入口高胜率执行,688009.SH,中国通号,2023-08-18,0.258305,box,6.921975,6.979181,6.647384,6.87621,True,0.670017,1.418181,0.701143,0.493302,5.387424,0.258305,0.117485,,
both_highwin_highwin_exec,双入口高胜率执行,300427.SZ,红相股份,2023-08-18,0.257898,box,26.877564,27.776813,25.178982,27.343842,True,0.98401,1.602841,0.639265,0.293551,10.871325,0.257898,0.118464,,
both_highwin_highwin_exec,双入口高胜率执行,603030.SH,全筑股份,2023-08-18,0.255429,box,9.090148,9.366537,8.353109,9.243698,True,2.033898,1.185475,0.315228,0.409244,11.498148,0.255429,0.117808,,
both_highwin_highwin_exec,双入口高胜率执行,002634.SZ,棒杰股份,2023-08-21,0.292041,box,59.160617,60.552631,52.75735,59.995826,True,1.411765,1.225732,0.534832,0.152939,14.686614,0.292041,0.122256,,
both_highwin_highwin_exec,双入口高胜率执行,600548.SH,深高速,2023-08-21,0.271218,box,17.730519,18.005837,16.977981,17.840646,True,0.934579,2.02801,0.667208,0.315046,9.388173,0.271218,0.119959,,
both_highwin_highwin_exec,双入口高胜率执行,603717.SH,天域生物,2023-08-21,0.262863,box,9.775993,10.299454,9.365712,10.200421,True,4.190751,3.145711,0.751737,0.225646,11.480084,0.262863,0.118464,,
both_highwin_highwin_exec,双入口高胜率执行,601158.SH,重庆水务,2023-08-22,0.255996,box,9.53435,9.828514,9.188276,9.741995,True,1.992754,2.951284,0.819023,0.275153,8.11592,0.255996,0.119903,,
both_highwin_highwin_exec,双入口高胜率执行,603979.SH,金诚信,2023-08-22,0.251512,box,54.671646,56.985617,52.308788,56.301203,True,1.857311,1.228543,0.583208,0.354092,6.944937,0.251512,0.113137,,
both_highwin_highwin_exec,双入口高胜率执行,000598.SZ,兴蓉环境,2023-08-22,0.25113,box,28.659009,29.019176,27.732865,28.916271,True,0.897666,1.671581,0.794839,0.381649,7.747647,0.25113,0.118949,,
both_highwin_highwin_exec,双入口高胜率执行,300070.SZ,碧水源,2023-08-23,0.252272,box,100.937755,107.117617,99.626875,105.994006,True,5.009276,3.601808,0.758593,0.247762,8.994719,0.252272,0.11629,,
both_highwin_highwin_exec,双入口高胜率执行,300201.SZ,海伦哲,2023-08-23,0.249903,box,41.720094,42.680403,39.15927,42.573702,True,2.046036,2.154676,0.617403,0.248296,12.38421,0.249903,0.113706,,
both_highwin_highwin_exec,双入口高胜率执行,688466.SH,金科环境,2023-08-23,0.246487,box,21.598324,22.819046,19.350261,22.565233,True,2.638813,2.218691,0.598773,0.171953,21.509244,0.246487,0.121685,,
both_highwin_highwin_exec,双入口高胜率执行,600547.SH,山东黄金,2023-08-24,0.267293,box,102.048498,106.970452,96.347236,106.519273,True,6.260229,2.601203,0.657385,0.254228,9.85308,0.267293,0.11975,,
both_highwin_highwin_exec,双入口高胜率执行,605599.SH,菜百股份,2023-08-24,0.261778,box,14.746081,15.841566,14.230559,15.680465,True,6.413994,1.691326,0.487905,0.384872,13.777642,0.261778,0.115616,,
both_highwin_highwin_exec,双入口高胜率执行,000589.SZ,贵州轮胎,2023-08-24,0.258394,box,15.670705,16.640027,15.278361,16.501553,True,6.083086,1.607199,0.335898,0.42406,7.049932,0.258394,0.110087,,
both_highwin_highwin_exec,双入口高胜率执行,601577.SH,长沙银行,2023-08-25,0.257379,box,9.953669,10.221045,9.722754,10.148124,True,2.07824,1.270632,0.617862,0.369453,7.214025,0.257379,0.116732,,
both_highwin_highwin_exec,双入口高胜率执行,601825.SH,沪农商行,2023-08-25,0.252259,box,6.74191,6.811176,6.614922,6.776543,True,0.34188,1.08306,0.72511,0.419246,5.021697,0.252259,0.116105,,
both_highwin_highwin_exec,双入口高胜率执行,601128.SH,常熟银行,2023-08-25,0.24855,box,8.605834,8.870259,8.437563,8.834201,True,2.797203,1.823278,0.736236,0.402632,8.029125,0.24855,0.116443,,
both_highwin_highwin_exec,双入口高胜率执行,600015.SH,华夏银行,2023-08-28,0.262167,box,18.108178,18.201041,17.024783,17.953408,True,3.942652,3.826794,0.741383,0.347412,6.621315,0.262167,0.116835,,
both_highwin_highwin_exec,双入口高胜率执行,601225.SH,陕西煤业,2023-08-28,0.257392,box,26.399477,26.677692,24.467431,26.244913,True,3.536585,2.48726,0.719892,0.336702,7.75292,0.257392,0.117224,,
both_highwin_highwin_exec,双入口高胜率执行,600546.SH,山煤国际,2023-08-28,0.256232,box,44.614504,46.273946,39.336935,45.757071,True,6.658212,2.534259,0.589825,0.157257,13.848523,0.256232,0.122564,,
both_highwin_highwin_exec,双入口高胜率执行,600604.SH,市北高新,2023-08-29,0.273418,box,10.673592,11.039544,10.063672,10.998882,True,2.462121,1.665098,0.563886,0.298508,5.705929,0.273418,0.119556,,
both_highwin_highwin_exec,双入口高胜率执行,300119.SZ,瑞普生物,2023-08-29,0.268011,box,112.700655,115.94516,105.170953,115.577858,True,2.608696,2.358966,0.741794,0.236531,5.776401,0.268011,0.116467,,
both_highwin_highwin_exec,双入口高胜率执行,600809.SH,山西汾酒,2023-08-29,0.260339,box,774.468265,806.402722,722.496501,800.141064,True,3.314894,1.695277,0.430754,0.306923,9.855401,0.260339,0.122004,,
both_highwin_highwin_exec,双入口高胜率执行,605068.SH,明新旭腾,2023-08-30,0.295472,box,25.584446,26.384284,22.333154,25.968784,True,1.502233,2.119421,0.53829,0.211774,15.459975,0.295472,0.122963,,
both_highwin_highwin_exec,双入口高胜率执行,688187.SH,时代电气,2023-08-30,0.288235,box,44.972085,45.741277,39.115971,45.279762,True,1.540938,1.290844,0.60808,0.105,12.242828,0.288235,0.120881,,
both_highwin_highwin_exec,双入口高胜率执行,601038.SH,一拖股份,2023-08-30,0.270471,box,12.777747,13.164626,11.606364,13.035666,True,2.362869,3.754394,0.658132,0.156122,10.158894,0.270471,0.123594,,
both_highwin_highwin_exec,双入口高胜率执行,603307.SH,扬州金泉,2023-08-31,0.280754,box,50.838077,51.694615,43.542385,51.301615,True,1.212724,1.203211,0.643157,0.12,5.005054,0.280754,0.120105,,
both_highwin_highwin_exec,双入口高胜率执行,600210.SH,紫江企业,2023-08-31,0.279906,box,8.402034,8.720897,7.796195,8.68901,True,3.219697,3.576844,0.736501,0.172377,7.749512,0.279906,0.123621,,
both_highwin_highwin_exec,双入口高胜率执行,601717.SH,中创智领,2023-08-31,0.275715,box,32.09759,33.245797,28.679066,32.984841,True,2.597403,1.920019,0.64219,0.015,12.595576,0.275715,0.119596,,
both_highwin_highwin_exec,双入口高胜率执行,300076.SZ,GQY视讯,2023-09-01,0.307671,box,43.221946,44.053137,38.06856,44.053137,True,1.532567,1.390562,0.651763,0.075,9.760636,0.307671,0.119397,,
both_highwin_highwin_exec,双入口高胜率执行,688312.SH,燕麦科技,2023-09-01,0.300497,box,20.096525,20.299521,16.677659,20.149945,True,0.694074,2.179751,0.508057,0.18,13.075403,0.300497,0.125309,,
both_highwin_highwin_exec,双入口高胜率执行,688633.SH,星球石墨,2023-09-01,0.277986,box,45.677164,47.958856,39.077586,47.583388,True,2.96875,4.356237,0.494052,0.18,8.440442,0.277986,0.120528,,
both_highwin_highwin_exec,双入口高胜率执行,002631.SZ,德尔未来,2023-09-04,0.301734,box,25.468351,26.242727,22.155745,26.027623,True,2.368866,1.681941,0.608421,0.165,6.00441,0.301734,0.124013,,
both_highwin_highwin_exec,双入口高胜率执行,001323.SZ,慕思股份,2023-09-04,0.300304,box,40.27984,42.152091,35.065039,41.464541,True,3.076519,1.857925,0.599542,0.220371,8.958863,0.300304,0.121527,,
both_highwin_highwin_exec,双入口高胜率执行,603926.SH,铁流股份,2023-09-04,0.2991,box,21.048411,21.342658,18.223648,21.224959,True,1.405811,1.213894,0.619007,0.12,5.215468,0.2991,0.123486,,
both_highwin_highwin_exec,双入口高胜率执行,300207.SZ,欣旺达,2023-09-05,0.304839,box,112.027192,114.248301,93.494813,113.554205,True,1.363073,1.427109,0.478834,0.075,12.27546,0.304839,0.118334,,
both_highwin_highwin_exec,双入口高胜率执行,603300.SH,海南华铁,2023-09-05,0.269741,box,34.435326,35.77262,31.537855,35.103973,True,2.272727,2.009578,0.575619,0.216075,6.781618,0.269741,0.12216,,
both_highwin_highwin_exec,双入口高胜率执行,002767.SZ,先锋电子,2023-09-05,0.268452,box,21.905426,22.668682,19.325624,22.332849,True,1.738526,1.315739,0.653652,0.12,7.364277,0.268452,0.120762,,
both_highwin_highwin_exec,双入口高胜率执行,002456.SZ,欧菲光,2023-09-06,0.310174,box,122.457776,124.093272,104.876192,123.684398,True,1.001669,1.755898,0.517567,0.137539,11.897404,0.310174,0.12674,,
both_highwin_highwin_exec,双入口高胜率执行,688181.SH,八亿时空,2023-09-06,0.295929,box,39.551793,41.609401,34.722131,41.337911,True,4.780876,2.477927,0.61911,0.06,11.00068,0.295929,0.127363,,
both_highwin_highwin_exec,双入口高胜率执行,300005.SZ,探路者,2023-09-06,0.279105,box,100.226751,101.075103,84.108059,100.95391,True,1.709402,1.495494,0.526113,0.056439,16.219367,0.279105,0.116216,,
both_highwin_highwin_exec,双入口高胜率执行,601126.SH,四方股份,2023-09-07,0.30018,box,45.925261,46.013072,38.812553,45.661828,True,0.257069,1.418074,0.523374,0.075,13.344499,0.30018,0.123748,,
both_highwin_highwin_exec,双入口高胜率执行,601857.SH,中国石油,2023-09-07,0.26426,box,12.193608,12.571822,11.346409,12.465922,True,1.980198,1.613199,0.697246,0.320925,6.630586,0.26426,0.12157,,
both_highwin_highwin_exec,双入口高胜率执行,601225.SH,陕西煤业,2023-09-07,0.264097,box,28.115134,28.887952,24.467431,28.34698,True,0.769231,1.282576,0.585665,0.06,10.819906,0.264097,0.124033,,
both_highwin_highwin_exec,双入口高胜率执行,603160.SH,汇顶科技,2023-09-08,0.289783,box,61.443042,64.299424,51.887519,63.076728,True,2.163422,1.367145,0.457163,0.135,19.824963,0.289783,0.124872,,
both_highwin_highwin_exec,双入口高胜率执行,603678.SH,火炬电子,2023-09-08,0.263586,box,89.990982,93.580065,82.33779,92.31333,True,1.923077,1.681573,0.638748,0.226938,8.481016,0.263586,0.118595,,
both_highwin_highwin_exec,双入口高胜率执行,600810.SH,神马股份,2023-09-08,0.260377,box,11.648725,12.033806,10.637885,11.969626,True,3.3241,3.376232,0.717745,0.201684,11.348967,0.260377,0.123357,,
both_highwin_highwin_exec,双入口高胜率执行,688468.SH,科美诊断,2023-09-11,0.295008,box,10.221978,10.535535,8.957295,10.441468,True,1.938776,1.183297,0.652142,0.106601,13.125202,0.295008,0.124257,,
both_highwin_highwin_exec,双入口高胜率执行,300822.SZ,贝仕达克,2023-09-11,0.292799,box,32.062519,32.436154,26.831635,32.412802,True,1.166181,1.472658,0.510595,0.129403,17.329362,0.292799,0.130024,,
both_highwin_highwin_exec,双入口高胜率执行,688127.SH,蓝特光学,2023-09-11,0.28875,box,17.474135,18.395425,13.718107,18.122075,True,3.828306,2.162016,0.351548,0.045,29.406681,0.28875,0.123312,,
both_highwin_highwin_exec,双入口高胜率执行,002520.SZ,日发精机,2023-09-12,0.312096,box,52.55717,56.019552,44.744618,55.220541,True,4.713805,3.426413,0.554646,0.123097,17.476329,0.312096,0.12204,,
both_highwin_highwin_exec,双入口高胜率执行,603590.SH,康辰药业,2023-09-12,0.28492,box,37.571658,38.27817,34.302724,37.961821,True,1.322826,1.050973,0.624003,0.556698,6.319289,0.28492,0.118907,,
both_highwin_highwin_exec,双入口高胜率执行,002867.SZ,周大生,2023-09-12,0.284368,box,47.186854,48.382834,41.315678,48.138201,True,1.957398,1.207627,0.614323,0.398305,7.916928,0.284368,0.120316,,
both_highwin_highwin_exec,双入口高胜率执行,601728.SH,中国电信,2023-09-13,0.262011,box,6.708688,6.787087,6.123824,6.742288,True,0.333333,1.135675,0.740346,0.439258,5.3412,0.262011,0.116906,,
both_highwin_highwin_exec,双入口高胜率执行,601699.SH,潞安环能,2023-09-13,0.258208,box,72.674335,75.401628,60.682268,74.358839,True,2.487562,1.062482,0.528827,0.101427,15.250898,0.258208,0.12829,,
both_highwin_highwin_exec,双入口高胜率执行,600674.SH,川投能源,2023-09-13,0.234811,box,71.455518,72.216695,69.695296,71.978827,True,0.866667,1.174405,0.806517,0.491836,3.598563,0.234811,0.11722,,
both_highwin_highwin_exec,双入口高胜率执行,002597.SZ,金禾实业,2023-09-14,0.29657,box,124.063936,126.681319,106.527472,126.471928,True,1.214914,1.27076,0.552693,0.128886,11.213534,0.29657,0.118717,,
both_highwin_highwin_exec,双入口高胜率执行,603393.SH,新天然气,2023-09-14,0.278823,box,81.103095,81.850206,67.821114,81.103095,True,0.03413,1.171298,0.56809,0.165149,13.056365,0.278823,0.128435,,
both_highwin_highwin_exec,双入口高胜率执行,601168.SH,西部矿业,2023-09-14,0.274838,box,16.892236,17.200301,15.120862,17.148957,True,1.906941,1.121294,0.529411,0.458404,5.381843,0.274838,0.120395,,
both_highwin_highwin_exec,双入口高胜率执行,600117.SH,西宁特钢,2023-09-15,0.291676,box,3.382297,3.51355,2.917862,3.493357,True,3.283582,1.433166,0.494868,0.101941,11.675256,0.291676,0.13152,,
both_highwin_highwin_exec,双入口高胜率执行,002769.SZ,普路通,2023-09-15,0.270457,box,46.642272,48.286053,38.885683,48.029212,True,2.973568,3.595023,0.546701,0.09,20.088268,0.270457,0.119412,,
both_highwin_highwin_exec,双入口高胜率执行,603168.SH,莎普爱思,2023-09-15,0.26982,box,43.383105,44.526018,39.478149,44.287911,True,2.422907,1.890424,0.667164,0.393711,3.709969,0.26982,0.116251,,
both_highwin_highwin_exec,双入口高胜率执行,603926.SH,铁流股份,2023-09-18,0.28906,box,20.577617,21.676137,18.223648,21.401507,True,4.003813,1.24803,0.615017,0.386932,3.98176,0.28906,0.122971,,
both_highwin_highwin_exec,双入口高胜率执行,002215.SZ,诺普信,2023-09-18,0.28498,box,35.209914,36.197569,29.777809,36.049421,True,2.384292,1.360047,0.54419,0.307228,10.031372,0.28498,0.116619,,
both_highwin_highwin_exec,双入口高胜率执行,301009.SZ,可靠股份,2023-09-18,0.281525,box,12.853148,13.06435,11.585936,13.044235,True,1.249024,1.077401,0.603985,0.444165,3.072925,0.281525,0.119899,,
both_highwin_highwin_exec,双入口高胜率执行,300677.SZ,英科医疗,2023-09-19,0.277702,box,127.307488,130.019841,108.667271,127.942294,True,0.316742,1.099076,0.599125,0.407871,4.356668,0.277702,0.117022,,
both_highwin_highwin_exec,双入口高胜率执行,601799.SH,星宇股份,2023-09-19,0.276127,box,195.579244,203.131917,171.172323,200.502084,True,2.7894,1.357452,0.50316,0.379595,6.478261,0.276127,0.119781,,
both_highwin_highwin_exec,双入口高胜率执行,000932.SZ,华菱钢铁,2023-09-19,0.273752,box,10.684387,10.854521,9.83372,10.820494,True,1.435407,1.066114,0.513636,0.435416,3.56513,0.273752,0.121784,,
both_highwin_highwin_exec,双入口高胜率执行,300652.SZ,雷迪克,2023-09-20,0.287381,box,25.183421,25.815458,21.587346,25.586617,True,1.998262,2.572897,0.618287,0.297009,7.191508,0.287381,0.120485,,
both_highwin_highwin_exec,双入口高胜率执行,002021.SZ,中捷资源,2023-09-20,0.273654,box,3.139869,3.139869,2.627505,3.139869,True,4.824561,4.137607,0.672551,0.309585,16.059694,0.273654,0.124938,,
both_highwin_highwin_exec,双入口高胜率执行,600759.SH,洲际油气,2023-09-20,0.254353,box,4.722677,4.967557,4.600237,4.967557,True,5.185185,3.477062,0.716798,0.396957,6.818856,0.254353,0.122268,,
both_highwin_highwin_exec,双入口高胜率执行,605377.SH,华旺科技,2023-09-21,0.270115,box,32.728637,33.383819,29.254647,32.957189,True,0.511152,1.085908,0.624065,0.408954,4.558464,0.270115,0.119085,,
both_highwin_highwin_exec,双入口高胜率执行,603277.SH,银都股份,2023-09-21,0.266514,box,31.565816,32.697421,28.516439,32.506835,True,1.866368,1.360072,0.561299,0.307293,5.699343,0.266514,0.119108,,
both_highwin_highwin_exec,双入口高胜率执行,601872.SH,招商轮船,2023-09-21,0.266258,box,9.669649,10.483277,8.887315,10.358103,True,7.293355,2.76938,0.643055,0.160871,16.034665,0.266258,0.125032,,
both_highwin_highwin_exec,双入口高胜率执行,603321.SH,梅轮电梯,2023-09-22,0.266987,box,8.326795,8.561954,8.102324,8.529887,True,2.570694,1.055145,0.736551,0.534523,-0.096814,0.266987,0.118907,,
both_highwin_highwin_exec,双入口高胜率执行,002884.SZ,凌霄泵业,2023-09-22,0.265445,box,89.274274,90.023129,81.678739,89.86266,True,0.41841,1.078759,0.744682,0.468264,2.969519,0.265445,0.118364,,
both_highwin_highwin_exec,双入口高胜率执行,300122.SZ,智飞生物,2023-09-22,0.261327,box,302.958497,317.657118,274.716603,314.704557,True,3.833122,1.515048,0.601357,0.259175,6.016237,0.261327,0.121058,,
both_highwin_highwin_exec,双入口高胜率执行,600377.SH,宁沪高速,2023-09-25,0.278735,box,21.35882,22.004165,19.672598,21.712719,True,2.254902,1.476773,0.649878,0.187961,9.375999,0.278735,0.120253,,
both_highwin_highwin_exec,双入口高胜率执行,603087.SH,甘李药业,2023-09-25,0.278187,box,62.206126,64.615019,55.546244,63.934861,True,3.202196,1.413852,0.597989,0.457298,6.751704,0.278187,0.116122,,
both_highwin_highwin_exec,双入口高胜率执行,002422.SZ,科伦药业,2023-09-25,0.274336,box,194.206384,200.40446,176.714036,198.338435,True,2.564103,1.15874,0.624786,0.355171,5.151382,0.274336,0.117274,,
both_highwin_highwin_exec,双入口高胜率执行,600843.SH,上工申贝,2023-09-26,0.27021,box,5.883242,5.985028,5.740741,5.934135,True,0.865052,1.229439,0.675264,0.596747,2.840423,0.27021,0.118907,,
both_highwin_highwin_exec,双入口高胜率执行,688379.SH,华光新材,2023-09-26,0.264409,box,21.95098,22.572907,21.512572,22.185477,True,0.508083,1.08536,0.517796,0.534035,0.2621,0.264409,0.116345,,
both_highwin_highwin_exec,双入口高胜率执行,002634.SZ,棒杰股份,2023-09-26,0.260931,box,60.761434,61.735844,56.724591,60.900635,True,0.229095,1.773571,0.648662,0.310229,6.091384,0.260931,0.11859,,
both_highwin_highwin_exec,双入口高胜率执行,688737.SH,中自科技,2023-09-27,0.331263,box,41.998752,43.22489,36.234494,42.844364,True,2.150538,2.253851,0.565334,0.155297,15.814609,0.331263,0.128701,,
both_highwin_highwin_exec,双入口高胜率执行,002821.SZ,凯莱英,2023-09-27,0.288741,box,428.396946,449.359327,353.233492,440.644304,True,3.067859,1.934075,0.437465,0.09,23.405263,0.288741,0.128003,,
both_highwin_highwin_exec,双入口高胜率执行,301093.SZ,华兰股份,2023-09-27,0.273949,box,35.98076,36.588161,31.790726,36.361672,True,1.319564,2.511957,0.652472,0.22548,10.554953,0.273949,0.126352,,
both_highwin_highwin_exec,双入口高胜率执行,688557.SH,兰剑智能,2023-09-28,0.269262,box,38.805516,39.816936,35.564842,39.5486,True,1.456182,1.185961,0.577164,0.313432,9.457437,0.269262,0.124113,,
both_highwin_highwin_exec,双入口高胜率执行,603926.SH,铁流股份,2023-09-28,0.266638,box,20.871864,21.872301,20.440303,21.793835,True,4.221388,1.904601,0.602416,0.421296,6.386595,0.266638,0.115903,,
both_highwin_highwin_exec,双入口高胜率执行,601126.SH,四方股份,2023-09-28,0.266604,box,45.193501,46.188695,43.115303,45.925261,True,1.030264,1.13682,0.556481,0.374474,5.154405,0.266604,0.117285,,
both_highwin_highwin_exec,双入口高胜率执行,603033.SH,三维股份,2023-10-09,0.324012,box,105.283212,110.26783,96.72853,109.324794,True,3.838772,2.891528,0.564108,0.229222,9.57462,0.324012,0.137141,,
both_highwin_highwin_exec,双入口高胜率执行,300136.SZ,信维通信,2023-10-09,0.261701,box,260.733411,268.115146,222.770205,262.842478,True,0.910931,2.683446,0.535413,0.105,13.815301,0.261701,0.090625,,
both_highwin_highwin_exec,双入口高胜率执行,002126.SZ,银轮股份,2023-10-09,0.252409,box,106.270254,109.814442,94.474754,107.931592,True,3.176284,1.493314,0.641589,0.182381,12.211125,0.252409,0.102441,,
both_highwin_highwin_exec,双入口高胜率执行,000045.SZ,深纺织Ａ,2023-10-10,0.259623,box,10.80715,11.589247,10.045368,11.396262,True,5.154639,3.413861,0.604453,0.09,10.299321,0.259623,0.132158,,
both_highwin_highwin_exec,双入口高胜率执行,688108.SH,赛诺医疗,2023-10-10,0.245892,box,11.940587,12.663042,9.131037,12.442292,True,4.818259,1.138188,0.238421,0.121709,14.009256,0.245892,0.127965,,
both_highwin_highwin_exec,双入口高胜率执行,300098.SZ,高新兴,2023-10-10,0.244067,box,57.573288,62.037526,52.185413,60.806012,True,5.053191,2.423753,0.579823,0.04918,13.791541,0.244067,0.0972,,
both_highwin_highwin_exec,双入口高胜率执行,300705.SZ,九典制药,2023-10-11,0.300737,box,69.214862,74.274427,58.719876,73.320338,True,5.931495,1.48273,0.412262,0.163336,15.86373,0.300737,0.117495,,
both_highwin_highwin_exec,双入口高胜率执行,300558.SZ,贝达药业,2023-10-11,0.293863,box,59.669254,62.414428,48.800817,61.230636,True,3.448276,1.153328,0.292186,0.174646,9.922393,0.293863,0.132731,,
both_highwin_highwin_exec,双入口高胜率执行,300492.SZ,华图山鼎,2023-10-11,0.290276,box,110.632219,113.387932,97.590852,111.281654,True,1.472471,1.439395,0.63653,0.188935,12.846847,0.290276,0.135089,,
both_highwin_highwin_exec,双入口高胜率执行,688319.SH,欧林生物,2023-10-12,0.343416,box,20.02,20.25,15.53,20.15,True,1.460222,1.588855,0.233752,0.166295,15.297943,0.343416,0.155795,,
both_highwin_highwin_exec,双入口高胜率执行,300102.SZ,乾照光电,2023-10-12,0.246787,box,37.931563,38.148625,35.218289,38.094359,True,1.152738,1.202017,0.638081,0.340568,6.452888,0.246787,0.126615,,
both_highwin_highwin_exec,双入口高胜率执行,300920.SZ,润阳科技,2023-10-12,0.241924,box,20.479521,21.119506,19.472332,20.720827,True,1.230138,1.414957,0.571752,0.43947,5.591389,0.241924,0.120709,,
both_highwin_highwin_exec,双入口高胜率执行,002429.SZ,兆驰股份,2023-10-13,0.273175,box,49.536474,51.172541,44.355595,50.536293,True,2.962963,3.274578,0.669282,0.111689,10.563465,0.273175,0.134977,,
both_highwin_highwin_exec,双入口高胜率执行,688079.SH,美迪凯,2023-10-13,0.248946,box,11.113048,11.64947,9.736568,11.528016,True,4.6875,1.378463,0.445446,0.174165,16.470495,0.248946,0.145524,,
both_highwin_highwin_exec,双入口高胜率执行,600552.SH,凯盛科技,2023-10-13,0.245124,box,53.051328,56.840709,50.398762,55.845996,True,5.080214,2.279696,0.463946,0.261138,9.818496,0.245124,0.128425,,
both_highwin_highwin_exec,双入口高胜率执行,601567.SH,三星医疗,2023-10-16,0.25754,box,99.925972,99.925972,87.469223,98.511668,True,0.947603,1.242519,0.479364,0.255336,11.317878,0.25754,0.133049,,
both_highwin_highwin_exec,双入口高胜率执行,001289.SZ,龙源电力,2023-10-16,0.219074,box,20.408565,20.661773,18.808291,20.601003,True,0.295858,1.379931,0.725972,0.363239,9.274073,0.219074,0.123356,,
both_highwin_highwin_exec,双入口高胜率执行,301090.SZ,华润材料,2023-10-16,0.21133,box,10.94608,11.279926,10.541419,11.23946,True,2.775208,3.338736,0.769839,0.422491,6.64254,0.21133,0.119554,,
both_highwin_highwin_exec,双入口高胜率执行,688120.SH,华海清科,2023-10-17,0.279844,box,310.353042,320.53002,260.199346,319.485462,True,3.655289,1.21452,0.500024,0.239547,20.103028,0.279844,0.124976,,
both_highwin_highwin_exec,双入口高胜率执行,301004.SZ,嘉益股份,2023-10-17,0.259939,box,46.489869,49.072639,45.066709,48.524459,True,4.116716,1.986527,0.384934,0.389783,5.789146,0.259939,0.103623,,
both_highwin_highwin_exec,双入口高胜率执行,002831.SZ,裕同科技,2023-10-17,0.239337,box,58.83014,61.293353,55.442628,60.934632,True,3.577236,1.741214,0.671452,0.193234,10.727565,0.239337,0.112479,,
both_highwin_highwin_exec,双入口高胜率执行,601633.SH,长城汽车,2023-10-18,0.249463,box,113.16746,120.317306,98.022087,119.087225,True,3.716103,2.443794,0.522247,0.078061,22.914666,0.249463,0.099755,,
both_highwin_highwin_exec,双入口高胜率执行,301015.SZ,百洋医药,2023-10-18,0.241263,box,28.41965,29.681567,24.283954,29.140745,True,3.075769,2.655887,0.48804,0.126296,16.064998,0.241263,0.103311,,
both_highwin_highwin_exec,双入口高胜率执行,600671.SH,天目药业,2023-10-18,0.236305,box,10.33,10.85,8.9,10.7,True,3.281853,1.954048,0.496621,0.124372,14.979305,0.236305,0.099461,,
both_highwin_highwin_exec,双入口高胜率执行,301133.SZ,金钟股份,2023-10-19,0.207201,box,29.059542,30.390975,26.8304,30.07829,True,2.93407,2.542554,0.523497,0.197927,14.996937,0.207201,0.093645,,
both_highwin_highwin_exec,双入口高胜率执行,688981.SH,中芯国际,2023-10-20,0.259194,box,55.61,58.15,48.42,57.1,True,1.909691,2.159823,0.504503,0.15,16.482094,0.259194,0.099788,,
both_highwin_highwin_exec,双入口高胜率执行,603969.SH,银龙股份,2023-10-20,0.223897,box,22.292969,23.082512,20.249447,22.943181,True,1.646091,2.029066,0.72361,0.06,10.858224,0.223897,0.120259,,
both_highwin_highwin_exec,双入口高胜率执行,688408.SH,中信博,2023-10-20,0.195378,box,70.676862,78.23395,64.315643,77.148624,True,8.050669,2.073985,0.299063,0.255974,7.951977,0.195378,0.111475,,
both_highwin_highwin_exec,双入口高胜率执行,001266.SZ,宏英智能,2023-10-23,0.132295,box,41.337213,44.025347,36.575783,43.324716,True,2.711864,2.039224,0.489555,0.03,11.287233,0.132295,0.061024,,
both_highwin_highwin_exec,双入口高胜率执行,002782.SZ,可立克,2023-10-23,0.123744,box,36.007511,39.065756,30.396296,38.533887,True,5.535324,2.200668,0.428776,0.06,25.464386,0.123744,0.068864,,
both_highwin_highwin_exec,双入口高胜率执行,300705.SZ,九典制药,2023-10-24,0.315643,box,70.776099,73.291426,61.697792,72.799925,True,3.366174,1.869449,0.334513,0.371043,9.827957,0.315643,0.113959,,
both_highwin_highwin_exec,双入口高胜率执行,603028.SH,赛福天,2023-10-24,0.252223,box,16.477013,16.995241,15.015342,16.928802,True,3.157895,1.294821,0.63495,0.177778,14.951372,0.252223,0.116365,,
both_highwin_highwin_exec,双入口高胜率执行,300883.SZ,龙利得,2023-10-24,0.227472,box,6.395403,6.827118,6.164486,6.827118,True,6.25,3.043063,0.750522,0.206029,13.448341,0.227472,0.109047,,
both_highwin_highwin_exec,双入口高胜率执行,603477.SH,巨星农牧,2023-10-25,0.295295,box,30.654201,32.816573,26.494209,32.363505,True,4.038398,1.427103,0.474237,0.18,16.178107,0.295295,0.111278,,
both_highwin_highwin_exec,双入口高胜率执行,000338.SZ,潍柴动力,2023-10-25,0.265755,box,178.45877,184.79535,155.957447,182.85558,True,8.852964,3.749304,0.575931,0.071357,15.961055,0.265755,0.107513,,
both_highwin_highwin_exec,双入口高胜率执行,601699.SH,潞安环能,2023-10-25,0.23693,box,76.203773,78.730529,73.195729,77.727848,True,3.030303,2.095868,0.459692,0.508381,8.584419,0.23693,0.11038,,
both_highwin_highwin_exec,双入口高胜率执行,688127.SH,蓝特光学,2023-10-26,0.25881,box,18.891504,19.772297,15.580935,19.711553,True,3.56383,1.05484,0.280956,0.318622,7.774102,0.25881,0.120471,,
both_highwin_highwin_exec,双入口高胜率执行,603390.SH,通达电气,2023-10-26,0.240463,box,8.65387,8.796405,8.175362,8.786224,True,1.88902,1.455536,0.706941,0.27106,5.66698,0.240463,0.10697,,
both_highwin_highwin_exec,双入口高胜率执行,002488.SZ,金固股份,2023-10-26,0.228285,box,46.954875,47.940804,42.210091,47.755942,True,1.706037,1.130636,0.508384,0.272533,8.279968,0.228285,0.098293,,
both_highwin_highwin_exec,双入口高胜率执行,003000.SZ,劲仔食品,2023-10-27,0.274327,box,12.042701,12.865232,10.197278,12.654326,True,4.347826,2.489757,0.556378,0.185844,19.37576,0.274327,0.097763,,
both_highwin_highwin_exec,双入口高胜率执行,600137.SH,浪莎股份,2023-10-27,0.27276,box,18.707347,19.292278,16.722759,19.15649,True,2.34375,1.647746,0.63602,0.09,13.640393,0.27276,0.101987,,
both_highwin_highwin_exec,双入口高胜率执行,688626.SH,翔宇医疗,2023-10-27,0.265063,box,49.625113,51.748986,41.926073,51.054643,True,4.471375,2.21188,0.370512,0.168741,11.029664,0.265063,0.122003,,
both_highwin_highwin_exec,双入口高胜率执行,688136.SH,科兴制药,2023-10-30,0.30934,box,19.596593,20.531679,17.092975,20.300421,True,5.706806,2.80208,0.55797,0.126756,6.887676,0.30934,0.131077,,
both_highwin_highwin_exec,双入口高胜率执行,300668.SZ,杰恩设计,2023-10-30,0.281893,box,58.594774,60.325197,49.78293,59.712894,True,2.7956,2.006198,0.560821,0.180876,13.218832,0.281893,0.116086,,
both_highwin_highwin_exec,双入口高胜率执行,603041.SH,美思德,2023-10-30,0.273863,box,18.473385,19.193128,16.928938,19.043181,True,4.526749,2.93274,0.746314,0.052617,8.263501,0.273863,0.130509,,
both_highwin_highwin_exec,双入口高胜率执行,600727.SH,鲁北化工,2023-10-31,0.371613,box,6.564998,6.680542,5.745686,6.628022,True,2.10356,1.831289,0.675766,0.105,10.631213,0.371613,0.152504,,
both_highwin_highwin_exec,双入口高胜率执行,603886.SH,元祖股份,2023-10-31,0.320812,box,26.152894,26.488877,22.188298,26.327605,True,1.607884,1.867528,0.557119,0.116484,14.489059,0.320812,0.174418,,
both_highwin_highwin_exec,双入口高胜率执行,002646.SZ,天佑德酒,2023-10-31,0.305971,box,16.129616,16.512612,14.203691,16.479784,True,1.756757,2.569649,0.634222,0.12,11.047682,0.305971,0.16161,,
both_highwin_highwin_exec,双入口高胜率执行,002392.SZ,北京利尔,2023-11-01,0.337623,box,31.833358,33.021804,28.013355,32.936915,True,3.743316,3.121017,0.635661,0.105,14.214924,0.337623,0.150268,,
both_highwin_highwin_exec,双入口高胜率执行,600007.SH,中国国贸,2023-11-01,0.337143,box,26.132057,27.436683,23.470092,27.239012,True,4.236006,3.054687,0.685214,0.105,12.764758,0.337143,0.162446,,
both_highwin_highwin_exec,双入口高胜率执行,300243.SZ,瑞丰高材,2023-11-01,0.26866,box,43.800816,44.387837,37.479049,44.252371,True,2.189781,2.306734,0.644963,0.06,12.080668,0.26866,0.13569,,
both_highwin_highwin_exec,双入口高胜率执行,000007.SZ,全新好,2023-11-02,0.265551,box,7.38155,7.831645,6.406345,7.726623,True,3.413655,1.059861,0.516908,0.135,2.415759,0.265551,0.122737,,
both_highwin_highwin_exec,双入口高胜率执行,600780.SH,通宝能源,2023-11-02,0.220926,box,10.730318,11.102663,9.726114,10.922132,True,0.938478,1.284913,0.58693,0.19037,5.789386,0.220926,0.129564,,
both_highwin_highwin_exec,双入口高胜率执行,300335.SZ,迪森股份,2023-11-02,0.201256,box,14.541522,14.857071,13.279329,14.778183,True,1.627486,1.501029,0.706017,0.025752,7.700923,0.201256,0.086979,,
both_highwin_highwin_exec,双入口高胜率执行,688669.SH,聚石化学,2023-11-03,0.322484,box,24.037715,24.632381,21.236178,24.539877,True,2.08906,1.801984,0.670923,0.03004,9.235916,0.322484,0.154987,,
both_highwin_highwin_exec,双入口高胜率执行,688008.SH,澜起科技,2023-11-03,0.299159,box,56.186414,58.467269,47.663756,57.734137,True,2.34657,1.254208,0.532001,0.081784,16.029981,0.299159,0.111959,,
both_highwin_highwin_exec,双入口高胜率执行,603989.SH,艾华集团,2023-11-03,0.292559,box,51.227941,53.446294,45.053145,53.263337,True,3.741648,1.448199,0.678224,0.03,9.714871,0.292559,0.133932,,
both_highwin_highwin_exec,双入口高胜率执行,688428.SH,诺诚健华,2023-11-06,0.309461,box,10.94,11.49,9.08,11.33,True,5.690299,2.536713,0.534814,0.18,18.727934,0.309461,0.15737,,
both_highwin_highwin_exec,双入口高胜率执行,002482.SZ,广田集团,2023-11-06,0.295022,box,18.734281,19.581986,15.343461,19.581986,True,5.0,2.960475,0.513315,0.06,20.306618,0.295022,0.153817,,
both_highwin_highwin_exec,双入口高胜率执行,688115.SH,思林杰,2023-11-06,0.285574,box,32.994458,35.187939,28.648497,34.952191,True,5.966439,2.278473,0.615778,0.261276,17.14054,0.285574,0.130493,,
both_highwin_highwin_exec,双入口高胜率执行,688097.SH,博众精工,2023-11-07,0.278361,box,26.1,27.88,22.18,27.64,True,5.135032,3.479766,0.551404,0.169683,17.744545,0.278361,0.138608,,
both_highwin_highwin_exec,双入口高胜率执行,002351.SZ,漫步者,2023-11-07,0.257396,box,129.258568,130.13738,109.851474,128.306522,True,1.154734,1.332708,0.576246,0.075,8.648473,0.257396,0.102201,,
both_highwin_highwin_exec,双入口高胜率执行,603530.SH,神马电力,2023-11-07,0.25556,box,15.472365,15.770504,13.405956,15.688259,True,1.530273,1.585137,0.617997,0.03,9.485402,0.25556,0.159111,,
both_highwin_highwin_exec,双入口高胜率执行,300987.SZ,川网传媒,2023-11-08,0.32078,box,23.371175,24.535104,19.813254,24.217669,True,2.692092,2.355402,0.524446,0.116331,10.472929,0.32078,0.162101,,
both_highwin_highwin_exec,双入口高胜率执行,605008.SH,长鸿高科,2023-11-08,0.317376,box,21.527568,21.852673,18.022094,21.767863,True,1.583113,1.462175,0.519206,0.09857,14.965403,0.317376,0.12851,,
both_highwin_highwin_exec,双入口高胜率执行,600302.SH,标准股份,2023-11-08,0.276936,box,5.687347,5.830554,4.971314,5.728263,True,1.265823,1.28517,0.652759,0.28629,5.065848,0.276936,0.136664,,
both_highwin_highwin_exec,双入口高胜率执行,300509.SZ,新美星,2023-11-09,0.242497,box,29.154877,29.48903,25.395652,29.238415,True,0.286533,1.104787,0.635951,0.171583,5.887529,0.242497,0.143663,,
both_highwin_highwin_exec,双入口高胜率执行,301328.SZ,维峰电子,2023-11-09,0.242058,box,75.495796,78.952121,64.160861,77.397529,True,2.029447,1.731331,0.513437,0.077333,13.394007,0.242058,0.144049,,
both_highwin_highwin_exec,双入口高胜率执行,002130.SZ,沃尔核材,2023-11-09,0.227979,box,50.035697,50.925525,43.738455,50.72018,True,1.091405,1.208448,0.685736,0.295868,5.842904,0.227979,0.121749,,
both_highwin_highwin_exec,双入口高胜率执行,600605.SH,汇通能源,2023-11-10,0.294865,box,30.681816,31.344331,26.073655,31.04988,True,0.909091,1.327042,0.598624,0.212283,8.711336,0.294865,0.142511,,
both_highwin_highwin_exec,双入口高胜率执行,002009.SZ,天奇股份,2023-11-10,0.248536,box,14.235681,14.869996,11.521647,14.797205,True,3.265602,1.779048,0.446837,0.128631,15.202848,0.248536,0.111644,,
both_highwin_highwin_exec,双入口高胜率执行,605289.SH,罗曼股份,2023-11-10,0.242541,box,47.460906,50.136022,40.395529,49.534441,True,4.0043,1.551591,0.395407,0.152915,10.786503,0.242541,0.105977,,
both_highwin_highwin_exec,双入口高胜率执行,300800.SZ,力合科技,2023-11-13,0.294131,box,42.169681,42.879712,36.335077,42.848841,True,1.684982,1.125477,0.67004,0.408641,5.432673,0.294131,0.146538,,
both_highwin_highwin_exec,双入口高胜率执行,605296.SH,神农集团,2023-11-13,0.285563,box,28.538858,30.871553,24.793216,30.671608,True,6.824513,3.404884,0.547759,0.105207,8.149764,0.285563,0.133646,,
both_highwin_highwin_exec,双入口高胜率执行,001202.SZ,炬申股份,2023-11-13,0.273913,box,18.220741,18.778304,16.10621,18.620503,True,2.017291,1.093214,0.579564,0.428783,5.353462,0.273913,0.135349,,
both_highwin_highwin_exec,双入口高胜率执行,600571.SH,信雅达,2023-11-14,0.297195,box,23.634034,24.449001,19.955042,24.192869,True,2.364532,1.675748,0.615755,0.237773,8.074625,0.297195,0.14534,,
both_highwin_highwin_exec,双入口高胜率执行,300416.SZ,苏试试验,2023-11-14,0.291541,box,116.758136,121.611665,95.224873,120.449552,True,3.161593,1.466716,0.425678,0.163372,10.064474,0.291541,0.124126,,
both_highwin_highwin_exec,双入口高胜率执行,300386.SZ,飞天诚信,2023-11-14,0.274813,box,51.438882,52.477595,42.045302,52.387272,True,2.292769,1.185731,0.534998,0.311529,7.04065,0.274813,0.152131,,
both_highwin_highwin_exec,双入口高胜率执行,600131.SH,国网信通,2023-11-15,0.286068,box,16.885421,17.273344,13.760487,17.241017,True,3.026401,1.68734,0.428655,0.09,16.201882,0.286068,0.119965,,
both_highwin_highwin_exec,双入口高胜率执行,600609.SH,金杯汽车,2023-11-15,0.285885,box,5.09,5.23,4.43,5.19,True,2.97619,2.015241,0.670854,0.300766,8.248923,0.285885,0.145109,,
both_highwin_highwin_exec,双入口高胜率执行,688600.SH,皖仪科技,2023-11-15,0.255336,box,20.649436,22.042701,17.218261,21.626801,True,5.476673,3.109753,0.517678,0.160889,14.093679,0.255336,0.114145,,
both_highwin_highwin_exec,双入口高胜率执行,688046.SH,药康生物,2023-11-16,0.305044,box,18.808982,19.420249,15.231568,19.139668,True,0.791557,1.090103,0.472678,0.110969,11.709543,0.305044,0.13221,,
both_highwin_highwin_exec,双入口高胜率执行,002916.SZ,深南电路,2023-11-16,0.245577,box,133.474426,136.768342,110.700363,135.121384,True,0.726073,1.200809,0.514598,0.223447,10.373672,0.245577,0.125488,,
both_highwin_highwin_exec,双入口高胜率执行,002429.SZ,兆驰股份,2023-11-16,0.242571,box,50.718078,52.626823,44.810058,51.80879,True,1.604278,1.924246,0.636465,0.238351,9.104011,0.242571,0.126564,,
both_highwin_highwin_exec,双入口高胜率执行,002700.SZ,万憬能源,2023-11-17,0.27692,box,30.935083,31.964234,26.6974,31.540466,True,2.761341,1.420081,0.481855,0.266419,8.764314,0.27692,0.145018,,
both_highwin_highwin_exec,双入口高胜率执行,600626.SH,申达股份,2023-11-17,0.260726,box,6.534672,6.691505,5.802789,6.674079,True,1.861702,1.235599,0.652442,0.206184,6.542489,0.260726,0.102287,,
both_highwin_highwin_exec,双入口高胜率执行,600237.SH,铜峰电子,2023-11-17,0.252396,box,7.842913,8.436159,6.736861,8.285334,True,4.568528,2.201429,0.55152,0.216154,10.756204,0.252396,0.114186,,
both_highwin_highwin_exec,双入口高胜率执行,002011.SZ,盾安环境,2023-11-20,0.280187,box,25.4441,26.469555,20.915007,26.277282,True,3.015075,1.069875,0.49513,0.394498,3.454991,0.280187,0.12161,,
both_highwin_highwin_exec,双入口高胜率执行,605008.SH,长鸿高科,2023-11-20,0.271811,box,22.969336,24.085999,18.276524,24.015324,True,4.618227,2.674386,0.378417,0.069221,17.0491,0.271811,0.136276,,
both_highwin_highwin_exec,双入口高胜率执行,688507.SH,索辰科技,2023-11-20,0.270347,box,177.731898,188.824407,149.297164,188.824407,True,6.819705,1.93672,0.386642,0.169722,12.825405,0.270347,0.134259,,
both_highwin_highwin_exec,双入口高胜率执行,688315.SH,诺禾致源,2023-11-21,0.264387,box,24.266142,26.694763,19.870538,26.423801,True,7.601144,1.931044,0.4392,0.224011,12.400832,0.264387,0.12348,,
both_highwin_highwin_exec,双入口高胜率执行,600052.SH,东望时代,2023-11-21,0.253182,box,5.484383,5.681821,4.837226,5.616008,True,2.60521,2.471228,0.601387,0.104252,9.773791,0.253182,0.121293,,
both_highwin_highwin_exec,双入口高胜率执行,600422.SH,昆药集团,2023-11-21,0.240403,box,50.53716,53.149085,42.509683,52.09473,True,2.789598,1.16215,0.281691,0.313332,5.588139,0.240403,0.076882,,
both_highwin_highwin_exec,双入口高胜率执行,600825.SH,新华传媒,2023-11-22,0.23079,box,5.930978,6.143245,5.11937,6.030868,True,1.470588,1.530648,0.578585,0.236494,4.393652,0.23079,0.11334,,
both_highwin_highwin_exec,双入口高胜率执行,688114.SH,华大智造,2023-11-22,0.228034,box,89.354896,92.2263,77.939557,91.372911,True,2.952489,1.084112,0.329462,0.175447,10.384939,0.228034,0.114556,,
both_highwin_highwin_exec,双入口高胜率执行,002156.SZ,通富微电,2023-11-22,0.212827,box,47.233052,49.335159,39.854228,48.541506,True,1.252796,1.758061,0.426001,0.273778,6.711497,0.212827,0.099827,,
both_highwin_highwin_exec,双入口高胜率执行,605499.SH,东鹏饮料,2023-11-23,0.27008,box,200.902916,204.760879,183.098519,204.616463,True,3.044156,2.004139,0.706977,0.176402,10.529015,0.27008,0.1211,,
both_highwin_highwin_exec,双入口高胜率执行,002258.SZ,利尔化学,2023-11-23,0.259973,box,45.49259,46.545659,39.770914,46.510557,True,2.237654,1.575148,0.592212,0.256444,10.204998,0.259973,0.130897,,
both_highwin_highwin_exec,双入口高胜率执行,688122.SH,西部超导,2023-11-23,0.250651,box,75.344929,77.497642,64.988638,77.090372,True,3.173058,1.16697,0.578203,0.108099,10.540961,0.250651,0.100865,,
both_highwin_highwin_exec,双入口高胜率执行,605266.SH,健之佳,2023-11-24,0.264342,box,137.008611,143.015496,116.406871,140.551735,True,1.83611,1.254188,0.351676,0.40949,4.184374,0.264342,0.123453,,
both_highwin_highwin_exec,双入口高胜率执行,002548.SZ,金新农,2023-11-24,0.244277,box,33.310162,35.117312,29.451654,34.82426,True,4.239766,2.283664,0.535973,0.148965,15.614577,0.244277,0.102578,,
both_highwin_highwin_exec,双入口高胜率执行,000839.SZ,国安股份,2023-11-24,0.237314,box,6.464184,6.76421,5.918683,6.655109,True,2.521008,2.066853,0.666126,0.237339,8.840743,0.237314,0.12554,,
both_highwin_highwin_exec,双入口高胜率执行,688626.SH,翔宇医疗,2023-11-27,0.244286,box,53.87286,56.966771,50.176503,55.955889,True,3.905954,1.850807,0.283427,0.384117,8.29276,0.244286,0.105782,,
both_highwin_highwin_exec,双入口高胜率执行,688198.SH,佰仁医疗,2023-11-27,0.23906,box,198.286726,200.125333,186.02463,199.800041,True,1.319659,1.266844,0.666293,0.467078,1.511227,0.23906,0.114927,,
both_highwin_highwin_exec,双入口高胜率执行,688177.SH,百奥泰,2023-11-27,0.237585,box,39.98,41.97,35.71,41.3,True,2.992519,1.162667,0.238958,0.240655,15.941883,0.237585,0.103448,,
both_highwin_highwin_exec,双入口高胜率执行,601567.SH,三星医疗,2023-11-28,0.252054,box,99.708386,103.8969,86.653279,101.829841,True,1.243916,1.284299,0.557319,0.237258,14.817185,0.252054,0.103461,,
both_highwin_highwin_exec,双入口高胜率执行,600780.SH,通宝能源,2023-11-28,0.250437,box,12.783859,12.975674,10.436955,12.795143,True,0.088261,1.062751,0.31935,0.099567,13.718425,0.250437,0.12313,,
both_highwin_highwin_exec,双入口高胜率执行,000338.SZ,潍柴动力,2023-11-28,0.248193,box,197.185072,200.732039,180.632561,200.60067,True,1.867912,1.095477,0.449887,0.402523,10.689541,0.248193,0.105064,,
both_highwin_highwin_exec,双入口高胜率执行,300417.SZ,南华仪器,2023-11-29,0.23391,box,46.023781,46.867244,43.3467,46.573866,True,0.953895,1.896495,0.573192,0.366641,7.395561,0.23391,0.121406,,
both_highwin_highwin_exec,双入口高胜率执行,002540.SZ,亚太科技,2023-11-29,0.23357,box,59.462695,61.184938,54.839833,60.459783,True,1.367781,1.059102,0.574123,0.215002,10.3598,0.23357,0.109598,,
both_highwin_highwin_exec,双入口高胜率执行,002290.SZ,禾盛新材,2023-11-29,0.223192,box,33.134421,34.622414,30.371005,34.170702,True,2.633679,3.498669,0.663071,0.105378,12.744009,0.223192,0.119652,,
both_highwin_highwin_exec,双入口高胜率执行,002800.SZ,天顺股份,2023-11-30,0.287266,box,26.115268,27.01777,23.149903,26.788563,True,3.030303,1.647353,0.52821,0.222556,12.196702,0.287266,0.149443,,
both_highwin_highwin_exec,双入口高胜率执行,300607.SZ,拓斯达,2023-11-30,0.239633,box,86.769181,94.554782,77.480153,93.319825,True,8.017402,2.301758,0.467354,0.092811,13.115355,0.239633,0.109087,,
both_highwin_highwin_exec,双入口高胜率执行,600976.SH,健民集团,2023-11-30,0.233349,box,81.93983,84.242052,70.850591,84.121517,True,2.13669,1.179123,0.542532,0.176023,16.46682,0.233349,0.115786,,
both_highwin_highwin_exec,双入口高胜率执行,300795.SZ,米奥会展,2023-12-01,0.249533,box,59.796786,60.689041,45.67723,59.953322,True,0.842549,2.159506,0.396791,0.159646,17.85327,0.249533,0.133137,,
both_highwin_highwin_exec,双入口高胜率执行,688016.SH,心脉医疗,2023-12-01,0.244814,box,208.746161,216.62629,191.780707,213.206417,True,2.136689,1.711481,0.578461,0.25301,10.347012,0.244814,0.103548,,
both_highwin_highwin_exec,双入口高胜率执行,600612.SH,老凤祥,2023-12-01,0.244358,box,135.25474,139.503139,120.448436,139.082506,True,2.766123,1.524324,0.587878,0.33444,11.765589,0.244358,0.147488,,
both_highwin_highwin_exec,双入口高胜率执行,300633.SZ,开立医疗,2023-12-04,0.264564,box,52.246217,52.802889,46.881921,52.519492,True,0.581508,1.109602,0.590657,0.42366,10.45948,0.264564,0.117185,,
both_highwin_highwin_exec,双入口高胜率执行,600530.SH,交大昂立,2023-12-04,0.262497,box,7.197497,7.502007,6.173238,7.446641,True,3.461538,1.436726,0.41155,0.18687,13.948324,0.262497,0.118767,,
both_highwin_highwin_exec,双入口高胜率执行,000975.SZ,山金国际,2023-12-04,0.253468,box,35.914575,36.646562,29.066958,35.938188,True,2.837838,1.649139,0.524108,0.235867,12.430945,0.253468,0.111877,,
both_highwin_highwin_exec,双入口高胜率执行,601366.SH,利群股份,2023-12-05,0.222205,box,6.517529,6.574401,6.005681,6.517529,True,0.0,1.261021,0.682514,0.332388,9.588194,0.222205,0.121872,,
both_highwin_highwin_exec,双入口高胜率执行,600023.SH,浙能电力,2023-12-05,0.195515,box,8.524655,8.688241,7.888486,8.542831,True,0.21322,1.093468,0.64647,0.455007,7.168887,0.195515,0.081415,,
both_highwin_highwin_exec,双入口高胜率执行,601921.SH,浙版传媒,2023-12-05,0.189422,box,8.927302,9.02422,8.410401,8.873458,True,0.856793,2.191617,0.68421,0.384579,6.569623,0.189422,0.094711,,
both_highwin_highwin_exec,双入口高胜率执行,600551.SH,时代出版,2023-12-06,0.238363,box,17.180648,17.624592,16.425942,17.417418,True,2.526132,1.144172,0.61373,0.35504,3.831575,0.238363,0.122799,,
both_highwin_highwin_exec,双入口高胜率执行,300673.SZ,佩蒂股份,2023-12-06,0.237818,box,36.688517,37.770856,36.549756,37.57659,True,2.111614,1.615217,0.643487,0.531015,3.717895,0.237818,0.122173,,
both_highwin_highwin_exec,双入口高胜率执行,600825.SH,新华传媒,2023-12-06,0.232003,box,5.930978,6.155731,5.568876,6.105786,True,2.301255,1.261084,0.551653,0.350138,5.328049,0.232003,0.126043,,
both_highwin_highwin_exec,双入口高胜率执行,000692.SZ,惠天热电,2023-12-07,0.319404,box,5.577582,5.862568,5.150103,5.862568,True,5.109489,1.961051,0.624594,0.072808,13.459173,0.319404,0.132024,,
both_highwin_highwin_exec,双入口高胜率执行,300761.SZ,立华股份,2023-12-07,0.249604,box,37.111917,38.331558,31.78809,37.63462,True,0.777605,1.40029,0.458741,0.064924,15.297267,0.249604,0.118868,,
both_highwin_highwin_exec,双入口高胜率执行,688507.SH,索辰科技,2023-12-07,0.234946,box,183.196699,198.302651,167.054063,194.585402,True,7.274657,3.197518,0.431387,0.191411,9.724017,0.234946,0.113201,,
both_highwin_highwin_exec,双入口高胜率执行,605016.SH,百龙创园,2023-12-08,0.242055,box,55.088985,57.756493,52.520273,57.657697,True,4.662841,2.069172,0.559858,0.50675,11.591234,0.242055,0.10367,,
both_highwin_highwin_exec,双入口高胜率执行,688596.SH,正帆科技,2023-12-08,0.234822,box,41.529953,43.140505,37.630189,43.140505,True,3.600097,1.245888,0.576382,0.326651,12.7861,0.234822,0.09454,,
both_highwin_highwin_exec,双入口高胜率执行,603977.SH,国泰集团,2023-12-08,0.234649,box,19.032046,20.070158,18.469736,19.702493,True,3.405221,2.996017,0.663622,0.368423,8.149367,0.234649,0.112368,,
both_highwin_highwin_exec,双入口高胜率执行,603379.SH,三美股份,2023-12-11,0.282641,box,44.478492,47.202854,39.335712,46.940616,True,3.868472,1.266649,0.416588,0.250889,8.411587,0.282641,0.110891,,
both_highwin_highwin_exec,双入口高胜率执行,300567.SZ,精测电子,2023-12-11,0.265742,box,273.28847,287.263449,244.096293,287.263449,True,4.590683,1.134425,0.56749,0.252473,11.610897,0.265742,0.115462,,
both_highwin_highwin_exec,双入口高胜率执行,601689.SH,拓普集团,2023-12-11,0.25062,box,109.474556,117.171252,107.941474,117.046103,True,6.278409,1.566995,0.452216,0.415165,4.735045,0.25062,0.103697,,
both_highwin_highwin_exec,双入口高胜率执行,600509.SH,天富能源,2023-12-12,0.265231,box,7.951272,8.40224,7.084939,8.307299,True,3.857567,2.085253,0.58463,0.09,19.273448,0.265231,0.101038,,
both_highwin_highwin_exec,双入口高胜率执行,600557.SH,康缘药业,2023-12-12,0.21554,box,38.347095,41.147168,34.176774,40.531549,True,5.970924,1.961026,0.387356,0.093535,11.05524,0.21554,0.099203,,
both_highwin_highwin_exec,双入口高胜率执行,601368.SH,绿城水务,2023-12-12,0.214256,box,6.058464,6.137438,5.877951,6.126156,True,1.117318,1.289672,0.723227,0.452373,2.791283,0.214256,0.125399,,
both_highwin_highwin_exec,双入口高胜率执行,600983.SH,惠而浦,2023-12-13,0.25249,box,15.655531,15.899855,14.918243,15.768296,True,0.962696,1.169573,0.580693,0.414067,6.095641,0.25249,0.117228,,
both_highwin_highwin_exec,双入口高胜率执行,300782.SZ,卓胜微,2023-12-13,0.239665,box,741.229018,769.516203,689.264411,757.206039,True,2.46686,1.356519,0.34746,0.29635,7.246253,0.239665,0.111591,,
both_highwin_highwin_exec,双入口高胜率执行,688639.SH,华恒生物,2023-12-13,0.236832,box,172.545118,176.984479,154.330466,174.742676,True,0.962931,1.095815,0.349734,0.329585,7.141589,0.236832,0.101168,,
both_highwin_highwin_exec,双入口高胜率执行,603329.SH,上海雅仕,2023-12-14,0.266482,box,15.974321,16.448592,15.122788,16.427034,True,3.532609,2.145842,0.591998,0.176396,10.923065,0.266482,0.119401,,
both_highwin_highwin_exec,双入口高胜率执行,688278.SH,特宝生物,2023-12-14,0.245175,box,53.384924,56.145167,42.313619,55.53852,True,3.837429,1.295647,0.24333,0.09,21.522467,0.245175,0.131122,,
both_highwin_highwin_exec,双入口高胜率执行,688520.SH,神州细胞,2023-12-14,0.243616,box,51.58,53.6,47.93,53.16,True,3.544994,1.573749,0.561019,0.268087,10.466856,0.243616,0.122923,,
both_highwin_highwin_exec,双入口高胜率执行,603665.SH,康隆达,2023-12-15,0.300699,box,41.840001,43.733142,37.146921,43.383149,True,3.570072,1.95145,0.590458,0.171268,17.211363,0.300699,0.138346,,
both_highwin_highwin_exec,双入口高胜率执行,603661.SH,恒林股份,2023-12-15,0.282772,box,49.423235,51.911083,46.146556,51.501498,True,4.141104,2.323471,0.652594,0.220706,13.221823,0.282772,0.128818,,
both_highwin_highwin_exec,双入口高胜率执行,002700.SZ,万憬能源,2023-12-15,0.246794,box,31.056159,32.024772,29.421625,31.540466,True,1.956947,1.809375,0.563306,0.439091,9.737349,0.246794,0.130975,,
both_highwin_highwin_exec,双入口高胜率执行,002990.SZ,盛视科技,2023-12-18,0.258993,box,71.288455,72.612384,59.841566,72.490175,True,1.918671,1.439765,0.53497,0.12,20.276941,0.258993,0.102805,,
both_highwin_highwin_exec,双入口高胜率执行,603358.SH,华达科技,2023-12-18,0.236608,box,69.954218,73.201304,59.17263,73.012154,True,4.371338,1.335655,0.238568,0.339838,1.998225,0.236608,0.094431,,
both_highwin_highwin_exec,双入口高胜率执行,000777.SZ,中核科技,2023-12-18,0.215911,box,26.212148,27.377132,24.270508,26.988804,True,2.962963,2.732157,0.709068,0.159468,8.212153,0.215911,0.117743,,
both_highwin_highwin_exec,双入口高胜率执行,000692.SZ,惠天热电,2023-12-19,0.232527,box,5.740431,6.025417,5.150103,6.025417,True,4.964539,2.115543,0.566073,0.166717,9.803249,0.232527,0.098011,,
both_highwin_highwin_exec,双入口高胜率执行,002241.SZ,歌尔股份,2023-12-19,0.224056,box,213.018797,220.543918,198.778954,218.69158,True,2.663043,1.329218,0.511838,0.345252,10.524772,0.224056,0.096037,,
both_highwin_highwin_exec,双入口高胜率执行,300492.SZ,华图山鼎,2023-12-19,0.223767,box,110.755085,111.983747,103.242696,111.457178,True,2.254428,2.430293,0.730953,0.322086,7.925841,0.223767,0.1291,,
both_highwin_highwin_exec,双入口高胜率执行,300218.SZ,安利股份,2023-12-20,0.268344,box,30.015158,31.143547,29.18015,30.782463,True,2.248876,1.201485,0.399777,0.446072,2.783714,0.268344,0.117304,,
both_highwin_highwin_exec,双入口高胜率执行,002937.SZ,兴瑞科技,2023-12-20,0.216115,box,40.85334,44.349264,37.087199,43.504838,True,7.917889,2.623242,0.369228,0.315597,7.761204,0.216115,0.092235,,
both_highwin_highwin_exec,双入口高胜率执行,688722.SH,同益中,2023-12-20,0.206267,box,14.788265,15.508139,13.924416,15.384732,True,4.03338,3.321864,0.684777,0.142717,6.31809,0.206267,0.109776,,
both_highwin_highwin_exec,双入口高胜率执行,603992.SH,松霖科技,2023-12-21,0.254683,box,18.743901,19.525337,17.995127,19.440857,True,3.543307,1.228449,0.211322,0.490618,5.092292,0.254683,0.101969,,
both_highwin_highwin_exec,双入口高胜率执行,301061.SZ,匠心家居,2023-12-21,0.228458,box,78.351561,80.773399,69.687523,80.551681,True,2.096844,1.296548,0.653339,0.13623,14.961372,0.228458,0.118307,,
both_highwin_highwin_exec,双入口高胜率执行,601996.SH,丰林集团,2023-12-21,0.218806,box,12.527896,12.900473,12.201891,12.853901,True,2.222222,1.21674,0.760617,0.339173,2.511333,0.218806,0.118422,,
both_highwin_highwin_exec,双入口高胜率执行,603979.SH,金诚信,2023-12-22,0.235531,box,60.489165,61.923175,56.464158,61.695037,True,1.774194,1.527031,0.726109,0.328783,9.78621,0.235531,0.119418,,
both_highwin_highwin_exec,双入口高胜率执行,601666.SH,平煤股份,2023-12-22,0.229991,box,28.331928,28.836141,26.41112,28.379949,True,0.767263,1.128844,0.488746,0.40186,6.247654,0.229991,0.094597,,
both_highwin_highwin_exec,双入口高胜率执行,301286.SZ,侨源股份,2023-12-22,0.205283,box,28.772834,28.772834,26.394333,28.431614,True,0.962224,1.321511,0.597177,0.340279,3.810534,0.205283,0.113559,,
both_highwin_highwin_exec,双入口高胜率执行,002884.SZ,凌霄泵业,2023-12-25,0.244433,box,90.504536,91.841778,82.427595,91.734799,True,2.083333,2.007553,0.71451,0.178301,9.696682,0.244433,0.119753,,
both_highwin_highwin_exec,双入口高胜率执行,002698.SZ,博实股份,2023-12-25,0.222567,box,43.745634,46.160166,37.979164,45.506822,True,5.325444,2.455726,0.505699,0.09,15.481512,0.222567,0.10617,,
both_highwin_highwin_exec,双入口高胜率执行,601918.SH,新集能源,2023-12-25,0.205802,box,8.318639,8.444679,8.066559,8.413169,True,1.328273,1.073157,0.653928,0.519361,2.481656,0.205802,0.102305,,
both_highwin_highwin_exec,双入口高胜率执行,600983.SH,惠而浦,2023-12-26,0.25822,box,16.294532,16.726798,14.941353,16.614033,True,1.960784,1.480085,0.577958,0.223483,9.354767,0.25822,0.125785,,
both_highwin_highwin_exec,双入口高胜率执行,600671.SH,天目药业,2023-12-26,0.256707,box,11.4,11.71,10.91,11.64,True,1.217391,1.051426,0.491433,0.544601,6.351687,0.256707,0.102181,,
both_highwin_highwin_exec,双入口高胜率执行,000975.SZ,山金国际,2023-12-26,0.254058,box,36.127088,36.81185,33.67139,36.575725,True,1.507208,1.116595,0.499073,0.328691,10.248377,0.254058,0.11367,,
both_highwin_highwin_exec,双入口高胜率执行,002749.SZ,国光股份,2023-12-27,0.247045,box,72.87734,77.453518,69.120776,76.497302,True,4.967198,1.571195,0.722269,0.076561,8.061267,0.247045,0.122715,,
both_highwin_highwin_exec,双入口高胜率执行,301101.SZ,明月镜片,2023-12-27,0.231367,box,58.348989,60.027877,56.349586,59.982089,True,3.557312,1.232441,0.557614,0.241401,2.406052,0.231367,0.117097,,
both_highwin_highwin_exec,双入口高胜率执行,600707.SH,彩虹股份,2023-12-27,0.224874,box,6.0,6.37,5.67,6.34,True,5.490849,2.560981,0.713316,0.279208,4.244026,0.224874,0.097605,,
both_highwin_highwin_exec,双入口高胜率执行,600117.SH,西宁特钢,2023-12-28,0.30171,box,3.180369,3.341911,2.796705,3.291429,True,3.492063,2.539849,0.567925,0.12,7.529115,0.30171,0.172423,,
both_highwin_highwin_exec,双入口高胜率执行,603063.SH,禾望电气,2023-12-28,0.267624,box,24.465873,26.000104,22.103157,25.867138,True,5.155925,2.796845,0.665665,0.09,8.521619,0.267624,0.134582,,
both_highwin_highwin_exec,双入口高胜率执行,603665.SH,康隆达,2023-12-28,0.250486,box,43.605872,47.821689,37.146921,47.089887,True,6.705119,2.130693,0.463084,0.058217,10.552436,0.250486,0.125726,,
both_highwin_highwin_exec,双入口高胜率执行,688283.SH,坤恒顺维,2023-12-29,0.318483,box,65.828274,69.389541,56.960216,68.847827,True,4.602957,2.121525,0.635008,0.129885,9.167971,0.318483,0.130717,,
both_highwin_highwin_exec,双入口高胜率执行,601567.SH,三星医疗,2023-12-29,0.258103,box,107.378262,112.110739,101.99303,111.51238,True,4.060914,1.221549,0.440988,0.409871,1.698681,0.258103,0.121953,,
both_highwin_highwin_exec,双入口高胜率执行,600605.SH,汇通能源,2023-12-29,0.257454,box,38.941173,40.928718,34.759965,40.884551,True,5.269143,1.101621,0.249263,0.354208,6.478667,0.257454,0.093342,,
both_highwin_highwin_exec,双入口高胜率执行,603298.SH,杭叉集团,2024-01-02,0.28323,box,40.321038,42.033011,34.467721,41.331917,True,1.889068,1.212015,0.496918,0.075,15.054835,0.28323,0.116978,,
both_highwin_highwin_exec,双入口高胜率执行,000933.SZ,神火股份,2024-01-02,0.259126,box,45.113149,46.432877,39.672638,45.78648,True,1.190476,1.279567,0.619797,0.097654,9.983506,0.259126,0.114487,,
both_highwin_highwin_exec,双入口高胜率执行,601168.SH,西部矿业,2024-01-02,0.245567,box,18.329873,19.15138,16.045057,18.894659,True,3.153469,1.650825,0.555908,0.09,14.46832,0.245567,0.103537,,
both_highwin_highwin_exec,双入口高胜率执行,603136.SH,天目湖,2024-01-03,0.271526,box,42.139185,44.633825,38.475885,44.49898,True,5.43131,2.451048,0.634927,0.045,5.931543,0.271526,0.149713,,
both_highwin_highwin_exec,双入口高胜率执行,000923.SZ,河钢资源,2024-01-03,0.265042,box,18.033534,18.424649,15.908833,18.244948,True,1.350558,1.138368,0.64827,0.079823,10.171313,0.265042,0.139846,,
both_highwin_highwin_exec,双入口高胜率执行,601333.SH,广深铁路,2024-01-03,0.244423,box,3.452445,3.580788,3.14442,3.542285,True,2.222222,1.446387,0.691735,0.135,6.065601,0.244423,0.12918,,
both_highwin_highwin_exec,双入口高胜率执行,600279.SH,重庆港,2024-01-04,0.240582,box,7.811105,7.965271,7.451383,7.948142,True,1.754386,1.051535,0.712913,0.283065,2.068785,0.240582,0.131615,,
both_highwin_highwin_exec,双入口高胜率执行,002884.SZ,凌霄泵业,2024-01-04,0.234603,box,93.981366,97.832622,82.427595,97.725643,True,3.747871,1.684098,0.671719,0.045,10.103954,0.234603,0.131989,,
both_highwin_highwin_exec,双入口高胜率执行,300677.SZ,英科医疗,2024-01-04,0.230701,box,136.425612,145.659156,113.803429,142.773674,True,4.65313,1.506307,0.461497,0.234277,3.106236,0.230701,0.101592,,
both_highwin_highwin_exec,双入口高胜率执行,600057.SH,厦门象屿,2024-01-05,0.246332,box,14.464424,14.99002,13.581421,14.758758,True,2.034884,1.947616,0.697645,0.345369,5.142611,0.246332,0.100499,,
both_highwin_highwin_exec,双入口高胜率执行,600901.SH,江苏金租,2024-01-05,0.226978,box,9.452941,9.691559,8.755442,9.526362,True,0.581395,1.612697,0.726048,0.252784,5.540596,0.226978,0.116536,,
both_highwin_highwin_exec,双入口高胜率执行,600803.SH,新奥股份,2024-01-05,0.213153,box,20.72729,21.181621,18.725781,20.960595,True,0.530035,1.121864,0.646149,0.252777,7.343803,0.213153,0.100683,,
both_highwin_highwin_exec,双入口高胜率执行,600983.SH,惠而浦,2024-01-08,0.28751,box,17.403387,17.948418,14.941353,17.6853,True,1.400862,1.511788,0.463259,0.038531,12.109153,0.28751,0.124538,,
both_highwin_highwin_exec,双入口高胜率执行,600011.SH,华能国际,2024-01-08,0.238261,box,12.636413,12.986579,11.342323,12.864782,True,1.197605,1.193324,0.611116,0.142719,11.273619,0.238261,0.116903,,
both_highwin_highwin_exec,双入口高胜率执行,601985.SH,中国核电,2024-01-08,0.230086,box,9.361343,9.456022,8.27254,9.385013,True,0.0,1.124125,0.64241,0.163431,9.131731,0.230086,0.101783,,
both_highwin_highwin_exec,双入口高胜率执行,002327.SZ,富安娜,2024-01-09,0.264604,box,113.749883,118.69553,106.08413,118.448248,True,4.471101,2.048503,0.655534,0.259531,9.890177,0.264604,0.113623,,
both_highwin_highwin_exec,双入口高胜率执行,601518.SH,吉林高速,2024-01-09,0.227462,box,4.320617,4.530199,4.094913,4.514077,True,4.477612,2.292648,0.686243,0.14968,10.168721,0.227462,0.124624,,
both_highwin_highwin_exec,双入口高胜率执行,301004.SZ,嘉益股份,2024-01-09,0.222164,box,49.262394,51.486739,44.782078,51.212649,True,4.924406,1.640174,0.629153,0.13712,12.27698,0.222164,0.09517,,
both_highwin_highwin_exec,双入口高胜率执行,600396.SH,华电辽能,2024-01-10,0.208747,box,5.440412,5.525088,5.186385,5.525088,True,1.55642,1.180919,0.784794,0.35894,6.675445,0.208747,0.113247,,
both_highwin_highwin_exec,双入口高胜率执行,600897.SH,厦门空港,2024-01-10,0.208397,box,24.080956,25.086701,22.942376,24.688198,True,1.402962,3.176299,0.736094,0.234463,8.511699,0.208397,0.102245,,
both_highwin_highwin_exec,双入口高胜率执行,002820.SZ,桂发祥,2024-01-10,0.204256,box,19.931573,21.028075,19.029612,21.028075,True,5.501331,3.348284,0.544986,0.411113,11.526103,0.204256,0.104736,,
both_highwin_highwin_exec,双入口高胜率执行,000521.SZ,长虹美菱,2024-01-11,0.251971,box,10.59409,11.133916,9.193915,10.931481,True,3.349282,2.040566,0.572411,0.045,18.186968,0.251971,0.10503,,
both_highwin_highwin_exec,双入口高胜率执行,002801.SZ,微光股份,2024-01-11,0.22965,box,94.97882,99.598244,87.250998,98.087217,True,2.11236,2.682441,0.676245,0.128059,12.592008,0.22965,0.124583,,
both_highwin_highwin_exec,双入口高胜率执行,002466.SZ,天齐锂业,2024-01-11,0.2138,box,445.097662,493.581659,412.801978,484.192437,True,7.900433,2.28827,0.574711,0.165,13.032543,0.2138,0.103992,,
both_highwin_highwin_exec,双入口高胜率执行,601500.SH,通用股份,2024-01-12,0.229418,box,5.632902,5.828943,4.940225,5.750526,True,2.088167,1.646696,0.618387,0.074596,14.370953,0.229418,0.116726,,
both_highwin_highwin_exec,双入口高胜率执行,002891.SZ,中宠股份,2024-01-12,0.221401,box,67.938734,69.670151,64.837689,69.127468,True,2.177235,1.108628,0.50303,0.422661,6.387207,0.221401,0.117977,,
both_highwin_highwin_exec,双入口高胜率执行,601975.SH,招商南油,2024-01-12,0.213693,box,2.97,3.08,2.62,3.05,True,3.389831,1.170941,0.634052,0.092903,11.212555,0.213693,0.084709,,
both_highwin_highwin_exec,双入口高胜率执行,603848.SH,好太太,2024-01-15,0.252047,box,17.540645,18.140605,16.002566,17.998796,True,2.675793,1.358569,0.709189,0.119892,10.96646,0.252047,0.117173,,
both_highwin_highwin_exec,双入口高胜率执行,301291.SZ,明阳电气,2024-01-15,0.251915,box,30.04152,32.01754,26.691314,31.676501,True,5.866577,2.82131,0.630852,0.09,15.731332,0.251915,0.127501,,
both_highwin_highwin_exec,双入口高胜率执行,603815.SH,交建股份,2024-01-15,0.236884,box,8.53693,8.765412,8.44346,8.734256,True,2.18712,1.875609,0.570711,0.573118,4.975399,0.236884,0.118126,,
both_highwin_highwin_exec,双入口高胜率执行,601966.SH,玲珑轮胎,2024-01-16,0.277091,box,22.840187,22.8728,19.02443,22.514054,True,3.086112,2.196184,0.596909,0.086452,10.670346,0.277091,0.113502,,
both_highwin_highwin_exec,双入口高胜率执行,601567.SH,三星医疗,2024-01-16,0.251668,box,116.516838,119.019067,104.984826,117.713556,True,1.027077,1.354578,0.419872,0.318803,7.674764,0.251668,0.115388,,
both_highwin_highwin_exec,双入口高胜率执行,000338.SZ,潍柴动力,2024-01-16,0.249245,box,190.485246,198.761502,174.064104,196.528226,True,2.676733,1.972898,0.612456,0.221556,10.305112,0.249245,0.114696,,
both_highwin_highwin_exec,双入口高胜率执行,603556.SH,海兴电力,2024-01-17,0.231139,box,50.116408,53.299874,42.235012,52.372651,True,4.82524,2.051917,0.238881,0.095647,18.33284,0.231139,0.107794,,
both_highwin_highwin_exec,双入口高胜率执行,603282.SH,亚光股份,2024-01-17,0.215304,box,27.916514,28.887523,25.043945,28.563853,True,2.207745,2.149273,0.649893,0.027916,12.782184,0.215304,0.115386,,
both_highwin_highwin_exec,双入口高胜率执行,603215.SH,比依股份,2024-01-17,0.206113,box,19.549378,20.550307,17.047058,20.320927,True,3.012685,1.799192,0.542039,0.105,18.326867,0.206113,0.098358,,
both_highwin_highwin_exec,双入口高胜率执行,600066.SH,宇通客车,2024-01-18,0.241605,box,84.535391,87.535034,68.82817,86.880567,True,0.759013,1.284245,0.416913,0.06,20.33588,0.241605,0.108589,,
both_highwin_highwin_exec,双入口高胜率执行,688621.SH,阳光诺和,2024-01-18,0.233934,box,98.33003,101.086947,87.712366,101.086947,True,1.70697,1.136404,0.634746,0.279192,5.529318,0.233934,0.107046,,
both_highwin_highwin_exec,双入口高胜率执行,002371.SZ,北方华创,2024-01-18,0.233415,box,1146.528284,1222.208289,1059.805661,1217.400943,True,5.559224,2.341603,0.571882,0.157173,10.42324,0.233415,0.125329,,
both_highwin_highwin_exec,双入口高胜率执行,000157.SZ,中联重科,2024-01-19,0.217327,box,36.35635,37.022968,32.869422,36.35635,True,0.0,1.786746,0.647846,0.091039,8.882008,0.217327,0.104517,,
both_highwin_highwin_exec,双入口高胜率执行,002763.SZ,汇洁股份,2024-01-19,0.165393,box,20.9041,22.339888,19.95502,21.999192,True,5.730994,4.393295,0.761062,0.133486,6.0499,0.165393,0.0809,,
both_highwin_highwin_exec,双入口高胜率执行,000812.SZ,陕西金叶,2024-01-19,0.152407,box,9.863258,10.141881,9.008814,9.974708,True,0.750469,2.001106,0.722225,0.219725,5.051541,0.152407,0.07983,,
both_highwin_highwin_exec,双入口高胜率执行,600734.SH,实达集团,2024-01-22,0.245742,box,8.673008,8.998537,7.789431,8.998537,True,4.878049,3.241656,0.672608,0.07771,14.217542,0.245742,0.136028,,
both_highwin_highwin_exec,双入口高胜率执行,300002.SZ,神州泰岳,2024-01-23,0.171924,box,143.049087,156.68757,127.550811,154.207846,True,7.567568,1.736765,0.462901,0.206687,16.735603,0.171924,0.094051,,
both_highwin_highwin_exec,双入口高胜率执行,000895.SZ,双汇发展,2024-01-23,0.16505,box,145.619908,148.622944,141.688662,148.513742,True,1.796407,1.094791,0.768334,0.302888,4.28774,0.16505,0.071957,,
both_highwin_highwin_exec,双入口高胜率执行,300502.SZ,新易盛,2024-01-23,0.164174,box,442.219796,472.091485,369.577281,464.963014,True,4.34203,1.437446,0.278696,0.210978,22.708711,0.164174,0.054728,,
both_highwin_highwin_exec,双入口高胜率执行,003816.SZ,中国广核,2024-01-24,0.191199,box,3.716337,3.850663,3.425299,3.817081,True,3.021148,1.291405,0.61049,0.193261,1.488709,0.191199,0.080927,,
both_highwin_highwin_exec,双入口高胜率执行,688036.SH,传音控股,2024-01-24,0.190219,box,143.791268,150.679472,136.558653,150.09828,True,5.260774,1.229206,0.505801,0.202533,8.159447,0.190219,0.082286,,
both_highwin_highwin_exec,双入口高胜率执行,601985.SH,中国核电,2024-01-24,0.183847,box,9.20749,9.491526,8.674923,9.444187,True,2.835052,1.175048,0.596431,0.243502,0.000613,0.183847,0.089425,,
both_highwin_highwin_exec,双入口高胜率执行,002463.SZ,沪电股份,2024-01-25,0.221613,box,70.028471,73.387076,62.620708,73.01041,True,3.148559,1.285084,0.595804,0.09,12.307218,0.221613,0.099889,,
both_highwin_highwin_exec,双入口高胜率执行,600941.SH,中国移动,2024-01-25,0.202688,box,107.763331,112.091621,103.978852,111.547811,True,3.511843,1.874313,0.704419,0.32648,3.966974,0.202688,0.101065,,
both_highwin_highwin_exec,双入口高胜率执行,600039.SH,四川路桥,2024-01-25,0.201529,box,49.375955,52.742497,45.877391,52.676487,True,7.114094,3.422468,0.728922,0.09,5.250878,0.201529,0.118027,,
both_highwin_highwin_exec,双入口高胜率执行,600033.SH,福建高速,2024-01-26,0.223546,box,7.916691,8.115229,7.271444,8.115229,True,2.507837,1.462413,0.742194,0.034486,-1.205191,0.223546,0.115363,,
both_highwin_highwin_exec,双入口高胜率执行,601918.SH,新集能源,2024-01-26,0.220946,box,9.295449,9.563284,8.066559,9.452999,True,1.522843,1.130836,0.4833,0.09,3.017678,0.220946,0.082935,,
both_highwin_highwin_exec,双入口高胜率执行,600578.SH,京能电力,2024-01-26,0.213875,box,11.151672,11.411013,9.892014,11.336915,True,1.66113,1.649531,0.664665,0.075,-0.854044,0.213875,0.118787,,
both_highwin_highwin_exec,双入口高胜率执行,600795.SH,国电电力,2024-01-29,0.228795,box,13.185021,13.518435,11.760432,13.306262,True,1.152074,1.496082,0.627177,0.045,3.080236,0.228795,0.104946,,
both_highwin_highwin_exec,双入口高胜率执行,000028.SZ,国药一致,2024-01-29,0.228246,box,44.095843,46.202611,38.126664,45.471094,True,3.427621,3.018238,0.635163,0.15,8.12126,0.228246,0.102365,,
both_highwin_highwin_exec,双入口高胜率执行,600025.SH,华能水电,2024-01-29,0.213429,box,10.347545,10.63234,9.706757,10.46621,True,1.146789,1.182122,0.692165,0.249323,1.027834,0.213429,0.110107,,
both_highwin_highwin_exec,双入口高胜率执行,601058.SH,赛轮轮胎,2024-01-31,0.164343,box,62.73931,64.917389,58.383151,64.173655,True,1.683502,1.812649,0.667986,0.087545,1.091871,0.164343,0.089529,,
both_highwin_highwin_exec,双入口高胜率执行,000338.SZ,潍柴动力,2024-02-01,0.201253,box,194.032213,200.4693,180.895299,197.44781,True,1.760325,1.058846,0.654159,0.089217,4.686348,0.201253,0.089033,,
both_highwin_highwin_exec,双入口高胜率执行,600660.SH,福耀玻璃,2024-02-01,0.16304,box,65.126005,67.37173,63.600284,66.78887,True,2.230386,1.231275,0.746593,0.209056,0.374054,0.16304,0.089494,,
both_highwin_highwin_exec,双入口高胜率执行,000429.SZ,粤高速Ａ,2024-02-05,0.238681,box,15.792194,16.690248,14.504418,16.520803,True,4.278075,1.931255,0.62164,0.121471,11.495604,0.238681,0.116951,,
both_highwin_highwin_exec,双入口高胜率执行,600938.SH,中国海油,2024-02-05,0.224776,box,26.202632,27.343923,23.390584,27.108605,True,2.995083,1.532374,0.527302,0.075,13.184073,0.224776,0.106797,,
both_highwin_highwin_exec,双入口高胜率执行,000528.SZ,柳工,2024-02-05,0.216034,box,18.395261,18.971751,16.141711,18.866935,True,1.694915,2.061676,0.691446,0.12,13.959929,0.216034,0.101633,,
both_highwin_highwin_exec,双入口高胜率执行,600566.SH,济川药业,2024-02-06,0.249921,box,52.649517,56.732057,48.448398,56.579597,True,6.948447,1.77356,0.626458,0.135,5.34364,0.249921,0.111892,,
both_highwin_highwin_exec,双入口高胜率执行,600750.SH,华润江中,2024-02-06,0.221887,box,63.212242,65.955524,55.770357,65.401031,True,2.142206,1.792427,0.617981,0.09,10.201832,0.221887,0.090023,,
both_highwin_highwin_exec,双入口高胜率执行,000933.SZ,神火股份,2024-02-06,0.212159,box,43.901154,46.944609,39.753438,46.863809,True,5.454545,1.558588,0.628118,0.135344,9.935249,0.212159,0.102868,,
both_highwin_highwin_exec,双入口高胜率执行,603233.SH,大参林,2024-02-07,0.308814,box,70.21921,75.000956,60.684699,74.942995,True,7.125104,2.01136,0.58015,0.075,6.352349,0.308814,0.142916,,
both_highwin_highwin_exec,双入口高胜率执行,603056.SH,603056.SH,2024-02-07,0.255482,box,14.157722,15.34186,12.163384,15.279537,True,8.882309,2.173444,0.544566,0.045,5.893817,0.255482,0.139697,,
both_highwin_highwin_exec,双入口高胜率执行,000878.SZ,云南铜业,2024-02-07,0.246401,box,10.991839,11.513233,9.789441,11.502593,True,4.142582,2.022841,0.600162,0.09,5.746789,0.246401,0.120653,,
both_highwin_highwin_exec,双入口高胜率执行,001323.SZ,慕思股份,2024-02-08,0.23225,box,32.896613,34.324601,28.951135,33.933227,True,0.785423,1.575446,0.637224,0.09,6.310559,0.23225,0.133853,,
both_highwin_highwin_exec,双入口高胜率执行,002233.SZ,塔牌集团,2024-02-08,0.208611,box,22.492635,22.803307,19.510186,22.55477,True,2.109705,1.590666,0.664005,0.03,1.164851,0.208611,0.110593,,
both_highwin_highwin_exec,双入口高胜率执行,002884.SZ,凌霄泵业,2024-02-08,0.207885,box,90.023129,97.725643,85.850934,97.351215,True,5.691057,1.794374,0.575721,0.18,2.282746,0.207885,0.113716,,
both_highwin_highwin_exec,双入口高胜率执行,600997.SH,开滦股份,2024-02-19,0.243923,box,11.057463,11.512268,9.465643,11.355929,True,2.567394,1.295265,0.592364,0.075,-0.445344,0.243923,0.100866,,
both_highwin_highwin_exec,双入口高胜率执行,000878.SZ,云南铜业,2024-02-19,0.241759,box,11.545156,11.683485,9.789441,11.566437,True,1.493931,1.326871,0.606107,0.075,0.158473,0.241759,0.123178,,
both_highwin_highwin_exec,双入口高胜率执行,601163.SH,三角轮胎,2024-02-19,0.22909,box,17.490605,17.742928,14.038361,17.547951,True,0.990099,1.220104,0.556038,0.015,-0.099288,0.22909,0.107575,,
both_highwin_highwin_exec,双入口高胜率执行,300832.SZ,新产业,2024-02-20,0.239346,box,149.66987,155.802742,132.978136,154.135553,True,2.386289,1.08198,0.627349,0.06,5.273829,0.239346,0.09911,,
both_highwin_highwin_exec,双入口高胜率执行,601717.SH,中创智领,2024-02-20,0.238026,box,35.750975,37.368902,30.897193,37.107946,True,3.418182,1.183512,0.527891,0.06,2.88408,0.238026,0.105475,,
both_highwin_highwin_exec,双入口高胜率执行,600282.SH,南钢股份,2024-02-20,0.236181,box,6.660114,7.002075,5.422537,6.871804,True,3.431373,1.157288,0.534751,0.165,9.29801,0.236181,0.109445,,
both_highwin_highwin_exec,双入口高胜率执行,600299.SH,安迪苏,2024-02-21,0.232447,box,9.358818,9.89655,7.379508,9.782139,True,5.686032,2.05734,0.485946,0.03,5.676833,0.232447,0.144816,,
both_highwin_highwin_exec,双入口高胜率执行,601958.SH,金钼股份,2024-02-21,0.214147,box,12.049621,12.372933,10.072438,12.211277,True,0.821355,1.134182,0.604081,0.0,0.794513,0.214147,0.117085,,
both_highwin_highwin_exec,双入口高胜率执行,001323.SZ,慕思股份,2024-02-21,0.201945,box,33.55243,34.779442,28.951135,34.366912,True,1.341235,1.551945,0.640346,0.06,3.533084,0.201945,0.128048,,
both_highwin_highwin_exec,双入口高胜率执行,600256.SH,广汇能源,2024-02-22,0.266444,box,52.179619,56.193436,44.438686,55.835059,True,7.448276,2.540325,0.504,0.09,2.058096,0.266444,0.130565,,
both_highwin_highwin_exec,双入口高胜率执行,603979.SH,金诚信,2024-02-22,0.202938,box,68.017719,71.700519,56.855252,71.700519,True,5.212817,1.053532,0.53431,0.045,6.835417,0.202938,0.092604,,
both_highwin_highwin_exec,双入口高胜率执行,002128.SZ,电投能源,2024-02-22,0.200365,box,28.674583,29.552742,24.301709,29.481056,True,3.134796,1.078963,0.612327,0.06,2.936049,0.200365,0.091415,,
both_highwin_highwin_exec,双入口高胜率执行,600968.SH,海油发展,2024-02-23,0.249399,box,3.43147,3.528587,2.827186,3.517796,True,2.194357,1.162704,0.565936,0.045,3.959625,0.249399,0.123765,,
both_highwin_highwin_exec,双入口高胜率执行,600269.SH,赣粤高速,2024-02-23,0.246347,box,6.72493,7.17533,5.870724,7.097675,True,6.032483,1.847868,0.62986,0.03,3.555635,0.246347,0.115247,,
both_highwin_highwin_exec,双入口高胜率执行,301259.SZ,艾布鲁,2024-02-23,0.215559,box,22.761478,23.104549,18.314743,22.787868,True,0.935126,1.240431,0.545744,0.045,-1.452929,0.215559,0.120632,,
both_highwin_highwin_exec,双入口高胜率执行,002126.SZ,银轮股份,2024-02-26,0.234406,box,95.526935,100.898595,76.310792,100.289437,True,6.217009,1.882014,0.360249,0.06,14.25406,0.234406,0.107856,,
both_highwin_highwin_exec,双入口高胜率执行,603337.SH,杰克科技,2024-02-26,0.218999,box,47.954545,49.682217,40.693658,49.402054,True,2.868255,1.213185,0.493466,0.09,5.645962,0.218999,0.1211,,
both_highwin_highwin_exec,双入口高胜率执行,000550.SZ,江铃汽车,2024-02-26,0.213594,box,43.269468,44.94966,35.157572,44.100531,True,4.049446,1.389295,0.342111,0.12,10.116783,0.213594,0.099495,,
both_highwin_highwin_exec,双入口高胜率执行,603690.SH,至纯科技,2024-02-27,0.243857,box,30.952522,32.661258,25.216053,32.649052,True,3.964244,1.309341,0.460084,0.102298,15.802287,0.243857,0.130485,,
both_highwin_highwin_exec,双入口高胜率执行,600989.SH,宝丰能源,2024-02-27,0.238266,box,16.723901,17.242297,14.470006,17.197219,True,2.830189,1.244575,0.654784,0.040224,6.759734,0.238266,0.1026,,
both_highwin_highwin_exec,双入口高胜率执行,600118.SH,中国卫星,2024-02-27,0.235925,box,81.373117,86.188094,65.387392,84.647302,True,4.976115,2.005212,0.482669,0.082324,13.911531,0.235925,0.114213,,
both_highwin_highwin_exec,双入口高胜率执行,601567.SH,三星医疗,2024-02-28,0.227725,box,141.430335,143.062224,107.813433,141.049561,True,0.620877,1.108344,0.320331,0.058887,14.97941,0.227725,0.10686,,
both_highwin_highwin_exec,双入口高胜率执行,603298.SH,杭叉集团,2024-02-28,0.21788,box,44.804776,48.391767,36.456871,47.658065,True,6.368268,2.072647,0.396046,0.09,12.316405,0.21788,0.085005,,
both_highwin_highwin_exec,双入口高胜率执行,603658.SH,安图生物,2024-02-28,0.201674,box,84.652193,90.046765,64.734865,88.726515,True,4.62002,1.300181,0.325549,0.075,10.431615,0.201674,0.085891,,
both_highwin_highwin_exec,双入口高胜率执行,600995.SH,南网储能,2024-02-29,0.26519,box,11.632933,11.888857,9.027156,11.865591,True,2.0,2.004235,0.439845,0.073709,1.872794,0.26519,0.12451,,
both_highwin_highwin_exec,双入口高胜率执行,600654.SH,中安科,2024-02-29,0.257197,box,2.384358,2.507687,1.983539,2.497409,True,4.741379,1.213807,0.428108,0.06,18.192617,0.257197,0.129425,,
both_highwin_highwin_exec,双入口高胜率执行,603260.SH,合盛硅业,2024-02-29,0.252656,box,72.080044,80.059054,62.158579,79.19242,True,8.628817,2.182414,0.525696,0.23371,7.560356,0.252656,0.127918,,
both_highwin_highwin_exec,双入口高胜率执行,600062.SH,华润双鹤,2024-03-01,0.269315,box,35.185699,36.708501,28.557028,36.547264,True,3.711235,1.274526,0.519649,0.178146,2.287436,0.269315,0.109845,,
both_highwin_highwin_exec,双入口高胜率执行,603368.SH,柳药集团,2024-03-01,0.266097,box,59.809829,61.83224,44.968902,60.761552,True,3.129732,1.402694,0.350121,0.088324,8.678631,0.266097,0.133806,,
both_highwin_highwin_exec,双入口高胜率执行,603355.SH,莱克电气,2024-03-01,0.244709,box,38.5838,39.373732,28.455114,38.882219,True,1.792279,1.13055,0.318754,0.10216,-0.011754,0.244709,0.133835,,
both_highwin_highwin_exec,双入口高胜率执行,002416.SZ,爱施德,2024-03-04,0.286977,box,30.427909,31.478279,24.027216,31.018742,True,2.717391,1.386496,0.410528,0.369623,-0.066294,0.286977,0.117974,,
both_highwin_highwin_exec,双入口高胜率执行,002737.SZ,葵花药业,2024-03-04,0.281132,box,141.053429,144.740412,113.559071,144.424385,True,2.389843,1.093488,0.480843,0.438607,1.760347,0.281132,0.114742,,
both_highwin_highwin_exec,双入口高胜率执行,301301.SZ,川宁生物,2024-03-04,0.276587,box,9.397555,9.639812,7.005266,9.619624,True,2.36305,1.134445,0.417381,0.08263,5.892571,0.276587,0.119385,,
both_highwin_highwin_exec,双入口高胜率执行,605589.SH,圣泉集团,2024-03-05,0.259725,box,22.450916,23.159568,15.898453,23.005514,True,2.096627,1.202338,0.210281,0.204685,1.576497,0.259725,0.130586,,
both_highwin_highwin_exec,双入口高胜率执行,600547.SH,山东黄金,2024-03-05,0.234974,box,97.413659,101.14614,83.057962,99.341424,True,4.62203,1.88371,0.548958,0.097551,8.749092,0.234974,0.119993,,
both_highwin_highwin_exec,双入口高胜率执行,002564.SZ,天沃科技,2024-03-05,0.221376,box,13.629963,14.051843,10.092663,13.792225,True,0.235849,1.179655,0.286497,0.06,12.868964,0.221376,0.1219,,
both_highwin_highwin_exec,双入口高胜率执行,002721.SZ,金一文化,2024-03-06,0.320463,box,8.862907,9.01519,6.609109,9.01519,True,4.964539,1.511044,0.375636,0.052958,8.553859,0.320463,0.173961,,
both_highwin_highwin_exec,双入口高胜率执行,603922.SH,金鸿顺,2024-03-06,0.264387,box,24.959755,26.167816,21.192245,26.075676,True,3.536585,1.575996,0.520012,0.328332,4.068117,0.264387,0.115731,,
both_highwin_highwin_exec,双入口高胜率执行,603050.SH,科林电气,2024-03-06,0.246954,box,32.832956,33.83238,23.134833,33.554762,True,2.545249,1.125945,0.209784,0.216087,10.588164,0.246954,0.124009,,
both_highwin_highwin_exec,双入口高胜率执行,600282.SH,南钢股份,2024-03-07,0.262559,box,7.018359,7.392889,5.797067,7.278902,True,3.953488,1.228563,0.364815,0.288896,4.689619,0.262559,0.123268,,
both_highwin_highwin_exec,双入口高胜率执行,600348.SH,华阳股份,2024-03-07,0.239064,box,57.598979,59.273996,48.899696,58.355438,True,1.503759,1.054073,0.534615,0.227426,-0.956,0.239064,0.098925,,
both_highwin_highwin_exec,双入口高胜率执行,600740.SH,山西焦化,2024-03-07,0.222046,box,9.681831,9.893561,8.064984,9.778072,True,0.793651,1.095957,0.529488,0.432731,-0.640492,0.222046,0.129949,,
both_highwin_highwin_exec,双入口高胜率执行,600183.SH,生益科技,2024-03-08,0.253257,box,49.069004,51.518183,37.307252,50.977085,True,4.617183,1.314392,0.31217,0.228154,8.302493,0.253257,0.125107,,
both_highwin_highwin_exec,双入口高胜率执行,601339.SH,百隆东方,2024-03-08,0.251336,box,15.369878,16.471869,11.860906,16.326871,True,5.430712,1.463748,0.402447,0.247766,11.471338,0.251336,0.150099,,
both_highwin_highwin_exec,双入口高胜率执行,688596.SH,正帆科技,2024-03-08,0.22966,box,37.285794,39.990306,25.849863,39.686428,True,6.815703,1.106502,0.214756,0.198969,9.222297,0.22966,0.136001,,
both_highwin_highwin_exec,双入口高胜率执行,601869.SH,长飞光纤,2024-03-11,0.283808,box,30.515565,30.834099,21.883291,30.642978,True,1.369863,1.471094,0.332563,0.208189,3.630713,0.283808,0.125521,,
both_highwin_highwin_exec,双入口高胜率执行,000683.SZ,博源化工,2024-03-11,0.268971,box,17.397873,18.230444,13.263725,18.173026,True,3.940887,1.245114,0.314778,0.280885,5.580127,0.268971,0.126171,,
both_highwin_highwin_exec,双入口高胜率执行,002738.SZ,中矿资源,2024-03-11,0.238304,box,111.073104,119.298484,80.943839,116.952728,True,6.846646,1.443994,0.20212,0.211762,11.453795,0.238304,0.130588,,
both_highwin_highwin_exec,双入口高胜率执行,300048.SZ,合康新能,2024-03-12,0.290044,box,41.095373,41.594507,30.36399,41.178562,True,1.64271,1.266619,0.326593,0.394356,2.830382,0.290044,0.14715,,
both_highwin_highwin_exec,双入口高胜率执行,688510.SH,航亚科技,2024-03-12,0.269967,box,15.723036,17.151488,10.270774,16.88994,True,6.670902,1.715571,0.205882,0.176209,10.430497,0.269967,0.111485,,
both_highwin_highwin_exec,双入口高胜率执行,000650.SZ,仁和药业,2024-03-12,0.246238,box,32.81834,33.823496,25.98328,33.27066,True,1.846154,1.10121,0.420663,0.403286,-0.143817,0.246238,0.112333,,
both_highwin_highwin_exec,双入口高胜率执行,300233.SZ,金城医药,2024-03-13,0.329012,box,35.14855,37.871168,28.074207,37.268621,True,5.031447,1.307826,0.210244,0.218261,13.571901,0.329012,0.170053,,
both_highwin_highwin_exec,双入口高胜率执行,600654.SH,中安科,2024-03-13,0.278926,box,2.569351,2.661848,1.983539,2.641293,True,2.8,1.173125,0.442382,0.17561,7.236963,0.278926,0.128255,,
both_highwin_highwin_exec,双入口高胜率执行,002465.SZ,海格通信,2024-03-13,0.265067,box,84.41844,87.030047,68.325292,85.477199,True,2.021904,1.147669,0.237535,0.207431,6.452019,0.265067,0.122668,,
both_highwin_highwin_exec,双入口高胜率执行,605166.SH,聚合顺,2024-03-14,0.301305,box,9.529365,10.075701,7.543643,9.939117,True,4.29989,1.496471,0.203209,0.326676,13.354402,0.301305,0.134036,,
both_highwin_highwin_exec,双入口高胜率执行,002700.SZ,万憬能源,2024-03-14,0.273839,box,31.540466,32.206387,26.879015,31.964234,True,1.930502,2.034277,0.575223,0.160145,8.459045,0.273839,0.143881,,
both_highwin_highwin_exec,双入口高胜率执行,002416.SZ,爱施德,2024-03-14,0.263009,box,33.053834,33.808788,27.998928,33.250779,True,1.401401,1.462307,0.39491,0.303125,8.796431,0.263009,0.132808,,
both_highwin_highwin_exec,双入口高胜率执行,000688.SZ,国城矿业,2024-03-15,0.324665,box,10.188161,10.825553,9.095488,10.825553,True,5.731225,1.835569,0.250132,0.42305,7.061882,0.324665,0.149336,,
both_highwin_highwin_exec,双入口高胜率执行,301015.SZ,百洋医药,2024-03-15,0.260848,box,38.090814,39.236083,32.184193,39.225479,True,2.408638,1.059747,0.236017,0.261456,8.269593,0.260848,0.136344,,
both_highwin_highwin_exec,双入口高胜率执行,600126.SH,杭钢股份,2024-03-15,0.259399,box,8.018527,8.548936,6.630105,8.424134,True,5.46875,1.378064,0.229369,0.420122,0.024716,0.259399,0.128431,,
both_highwin_highwin_exec,双入口高胜率执行,002283.SZ,天润工业,2024-03-18,0.304613,box,24.588062,25.019432,20.921421,24.933158,True,1.760563,1.089485,0.276672,0.468199,5.865404,0.304613,0.140819,,
both_highwin_highwin_exec,双入口高胜率执行,000818.SZ,航锦科技,2024-03-18,0.304548,box,43.602312,45.892564,37.942326,45.688337,True,4.924623,1.210078,0.231538,0.390345,1.939004,0.304548,0.147715,,
both_highwin_highwin_exec,双入口高胜率执行,603319.SH,美湖股份,2024-03-18,0.27874,box,43.698377,44.424092,34.264089,43.957561,True,0.59312,1.482013,0.210383,0.158083,10.771868,0.27874,0.147855,,
both_highwin_highwin_exec,双入口高胜率执行,002516.SZ,旷达科技,2024-03-19,0.310833,box,42.360902,43.356564,35.391267,42.541932,True,0.0,1.076674,0.217512,0.286195,9.730447,0.310833,0.140886,,
both_highwin_highwin_exec,双入口高胜率执行,002491.SZ,通鼎互联,2024-03-19,0.306404,box,21.184421,21.856943,17.527587,21.604747,True,1.984127,1.391292,0.217391,0.404325,6.299193,0.306404,0.140057,,
both_highwin_highwin_exec,双入口高胜率执行,600538.SH,国发股份,2024-03-19,0.293245,box,4.72,4.84,3.77,4.8,True,1.694915,1.392489,0.210526,0.319615,15.32284,0.293245,0.165953,,
both_highwin_highwin_exec,双入口高胜率执行,603711.SH,香飘飘,2024-03-20,0.271611,box,17.296592,18.00843,14.173006,17.891561,True,2.933985,1.781623,0.213147,0.231286,22.403046,0.271611,0.146466,,
both_highwin_highwin_exec,双入口高胜率执行,603303.SH,得邦照明,2024-03-20,0.264527,box,27.400613,29.133367,24.697517,28.555782,True,2.233251,2.2971,0.243415,0.294452,7.454135,0.264527,0.133244,,
both_highwin_highwin_exec,双入口高胜率执行,300676.SZ,华大基因,2024-03-20,0.264455,box,46.077374,48.319758,43.256311,47.51374,True,2.748603,1.76291,0.342047,0.269568,3.296121,0.264455,0.1148,,
both_highwin_highwin_exec,双入口高胜率执行,000525.SZ,红太阳,2024-03-21,0.336056,box,9.233447,9.559201,7.301387,9.559201,True,5.061728,1.084921,0.292927,0.249903,13.856277,0.336056,0.147201,,
both_highwin_highwin_exec,双入口高胜率执行,001313.SZ,粤海饲料,2024-03-21,0.287152,box,8.484794,8.616107,6.888845,8.555501,True,0.833333,1.092696,0.219178,0.314588,16.511198,0.287152,0.144982,,
both_highwin_highwin_exec,双入口高胜率执行,688501.SH,青达环保,2024-03-21,0.270257,box,20.801148,22.134216,17.448679,21.923037,True,5.393401,1.223538,0.226689,0.274392,8.763602,0.270257,0.147989,,
both_highwin_highwin_exec,双入口高胜率执行,601811.SH,新华文轩,2024-03-22,0.288056,box,18.695274,19.241847,16.359918,18.980983,True,1.528239,1.262983,0.313034,0.366907,5.595182,0.288056,0.131693,,
both_highwin_highwin_exec,双入口高胜率执行,300079.SZ,数码视讯,2024-03-22,0.277537,box,66.964198,68.852287,60.418826,68.097051,True,0.371058,1.524893,0.210204,0.389754,8.631932,0.277537,0.127923,,
both_highwin_highwin_exec,双入口高胜率执行,300711.SZ,广哈通信,2024-03-22,0.265185,box,23.372218,24.045055,19.406023,23.655518,True,1.135503,1.081851,0.215926,0.403794,4.290914,0.265185,0.154091,,
both_highwin_highwin_exec,双入口高胜率执行,300577.SZ,开润股份,2024-03-25,0.28435,box,44.880758,49.247898,40.076905,48.710404,True,7.967238,2.596737,0.218033,0.386372,15.494658,0.28435,0.139686,,
both_highwin_highwin_exec,双入口高胜率执行,600654.SH,中安科,2024-03-25,0.244942,box,2.959893,3.031834,2.353526,3.021557,True,2.439024,1.465444,0.252997,0.115676,19.369168,0.244942,0.122231,,
both_highwin_highwin_exec,双入口高胜率执行,301345.SZ,涛涛车业,2024-03-25,0.215537,box,60.079876,64.28588,50.286485,63.389012,True,4.326434,1.41546,0.336786,0.227848,15.78734,0.215537,0.108253,,
both_highwin_highwin_exec,双入口高胜率执行,605319.SH,无锡振华,2024-03-26,0.289571,box,22.498794,24.049387,19.174648,23.633868,True,5.092384,2.417106,0.216944,0.246062,14.151023,0.289571,0.151568,,
both_highwin_highwin_exec,双入口高胜率执行,000030.SZ,富奥股份,2024-03-26,0.284856,box,9.867118,10.073464,8.91042,9.998429,True,1.330798,1.59078,0.313232,0.484676,7.038572,0.284856,0.145422,,
both_highwin_highwin_exec,双入口高胜率执行,002322.SZ,理工能科,2024-03-26,0.275718,box,67.703233,68.985491,53.444522,68.472588,True,1.059803,1.061884,0.236969,0.459855,5.46598,0.275718,0.127566,,
both_highwin_highwin_exec,双入口高胜率执行,600612.SH,老凤祥,2024-03-27,0.256089,box,160.639979,165.729645,142.531701,163.226875,True,2.051282,1.218387,0.447914,0.36461,5.884899,0.256089,0.103996,,
both_highwin_highwin_exec,双入口高胜率执行,600750.SH,华润江中,2024-03-27,0.248506,box,68.377785,71.500458,64.758986,70.479023,True,3.161042,1.881955,0.556207,0.391327,9.3764,0.248506,0.106732,,
both_highwin_highwin_exec,双入口高胜率执行,603565.SH,中谷物流,2024-03-27,0.243741,box,30.023681,30.927404,25.438124,30.324922,True,6.462985,3.540318,0.381994,0.273186,14.494159,0.243741,0.121247,,
both_highwin_highwin_exec,双入口高胜率执行,300908.SZ,仲景食品,2024-03-28,0.271923,box,41.25055,43.142202,37.885291,42.797315,True,3.148615,1.381318,0.272641,0.523483,5.06585,0.271923,0.129446,,
both_highwin_highwin_exec,双入口高胜率执行,603090.SH,宏盛股份,2024-03-28,0.255209,box,21.15789,22.998164,20.611066,22.871974,True,6.879607,1.618839,0.206325,0.511375,3.175098,0.255209,0.149374,,
both_highwin_highwin_exec,双入口高胜率执行,001288.SZ,运机集团,2024-03-28,0.248709,box,19.252004,20.467921,16.718846,20.245003,True,3.042806,1.24148,0.244022,0.370224,8.003132,0.248709,0.121718,,
both_highwin_highwin_exec,双入口高胜率执行,001205.SZ,盛航股份,2024-03-29,0.294521,box,22.822044,23.740578,20.009916,23.740578,True,4.542626,1.314609,0.235746,0.322385,15.118631,0.294521,0.15009,,
both_highwin_highwin_exec,双入口高胜率执行,300201.SZ,海伦哲,2024-03-29,0.278953,box,48.65566,51.643288,45.347928,51.216484,True,5.960265,2.08334,0.201613,0.313652,1.53954,0.278953,0.127185,,
both_highwin_highwin_exec,双入口高胜率执行,000620.SZ,盈新发展,2024-03-29,0.277971,box,2.094904,2.152774,1.747682,2.118052,True,0.0,1.120514,0.2823,0.429098,3.719598,0.277971,0.123673,,
both_highwin_highwin_exec,双入口高胜率执行,600609.SH,金杯汽车,2024-04-01,0.305447,box,4.5,4.78,3.9,4.76,True,5.543237,1.289852,0.204348,0.277241,6.945171,0.305447,0.161034,,
both_highwin_highwin_exec,双入口高胜率执行,300761.SZ,立华股份,2024-04-01,0.286435,box,40.73212,42.397026,36.627933,41.893682,True,2.851711,1.323934,0.385321,0.324355,8.635547,0.286435,0.12337,,
both_highwin_highwin_exec,双入口高胜率执行,688101.SH,三达膜,2024-04-01,0.285971,box,13.018797,13.70564,11.520231,13.487099,True,4.854369,2.517564,0.234729,0.236372,8.128788,0.285971,0.143795,,
both_highwin_highwin_exec,双入口高胜率执行,000833.SZ,粤桂股份,2024-04-02,0.334085,box,6.220236,6.577224,5.192545,6.501499,True,3.979239,2.338865,0.204545,0.142522,3.00235,0.334085,0.157159,,
both_highwin_highwin_exec,双入口高胜率执行,002090.SZ,金智科技,2024-04-02,0.327505,box,35.878953,36.692703,31.44032,36.063896,True,1.036269,1.113118,0.202151,0.337091,2.98041,0.327505,0.146993,,
both_highwin_highwin_exec,双入口高胜率执行,300952.SZ,恒辉安防,2024-04-02,0.287505,box,20.050192,21.175458,16.633476,20.817419,True,3.299492,1.488225,0.205206,0.191899,14.433723,0.287505,0.184195,,
both_highwin_highwin_exec,双入口高胜率执行,000159.SZ,国际实业,2024-04-03,0.353718,box,12.827954,13.37429,11.145241,13.308729,True,3.220339,1.948616,0.205236,0.398635,6.403387,0.353718,0.158352,,
both_highwin_highwin_exec,双入口高胜率执行,002198.SZ,嘉应制药,2024-04-03,0.278765,box,34.099109,35.369568,30.033641,35.217112,True,3.278689,1.069349,0.208762,0.35912,5.01523,0.278765,0.135386,,
both_highwin_highwin_exec,双入口高胜率执行,301003.SZ,江苏博云,2024-04-03,0.275526,box,41.382876,42.947548,36.760799,42.659792,True,3.175294,1.59391,0.206377,0.344143,7.289083,0.275526,0.129281,,
both_highwin_highwin_exec,双入口高胜率执行,301187.SZ,欧圣电气,2024-04-08,0.370413,trend,20.788209,22.261723,20.660999,22.261723,True,5.421687,1.943811,0.191524,0.187428,14.945623,0.370413,0.163245,,
both_highwin_highwin_exec,双入口高胜率执行,600150.SH,中国船舶,2024-04-08,0.291589,box,81.896053,84.890662,73.107525,83.762258,True,2.116402,1.067147,0.368089,0.262422,11.501948,0.291589,0.125945,,
both_highwin_highwin_exec,双入口高胜率执行,601567.SH,三星医疗,2024-04-08,0.249219,box,159.21792,168.628477,146.869964,166.017455,True,4.057279,1.356371,0.239305,0.261051,12.634596,0.249219,0.119463,,
both_highwin_highwin_exec,双入口高胜率执行,688121.SH,卓然股份,2024-04-09,0.296771,box,19.220216,20.330045,15.234922,20.047543,True,2.687339,1.265995,0.21,0.170843,17.207182,0.296771,0.14475,,
both_highwin_highwin_exec,双入口高胜率执行,002160.SZ,常铝股份,2024-04-09,0.249119,box,8.073525,8.553347,6.926125,8.449038,True,4.113111,1.839429,0.226852,0.162032,13.1382,0.249119,0.136913,,
both_highwin_highwin_exec,双入口高胜率执行,601515.SH,衢州东峰,2024-04-09,0.247332,box,16.72717,18.185436,14.625551,17.885205,True,6.377551,1.830471,0.360439,0.135,12.121076,0.247332,0.094067,,
both_highwin_highwin_exec,双入口高胜率执行,600509.SH,天富能源,2024-04-10,0.24387,box,7.037469,7.239218,6.562766,7.168012,True,1.172529,1.88005,0.291838,0.375691,4.555862,0.24387,0.108786,,
both_highwin_highwin_exec,双入口高胜率执行,000785.SZ,居然智家,2024-04-10,0.243679,box,3.608237,3.700756,3.249727,3.666062,True,2.258065,1.727526,0.485586,0.254795,10.666614,0.243679,0.127078,,
both_highwin_highwin_exec,双入口高胜率执行,600900.SH,长江电力,2024-04-10,0.241559,box,63.362734,64.823982,61.120475,64.572043,True,1.908549,1.170488,0.72154,0.337773,3.199252,0.241559,0.124705,,
both_highwin_highwin_exec,双入口高胜率执行,600395.SH,盘江股份,2024-04-11,0.319126,box,16.961942,17.673079,15.566005,17.357018,True,2.012384,1.39293,0.555377,0.284765,11.685166,0.319126,0.129656,,
both_highwin_highwin_exec,双入口高胜率执行,600406.SH,国电南瑞,2024-04-11,0.30534,box,401.840234,421.889405,400.812071,420.00444,True,4.386712,1.538072,0.55408,0.420669,1.730459,0.30534,0.125657,,
both_highwin_highwin_exec,双入口高胜率执行,301062.SZ,上海艾录,2024-04-11,0.290639,box,9.965078,10.59105,8.622266,10.510279,True,5.471125,1.386306,0.24005,0.350695,5.527936,0.290639,0.137264,,
both_highwin_highwin_exec,双入口高胜率执行,300636.SZ,同和药业,2024-04-12,0.261234,box,34.362181,37.137738,28.146496,36.434076,True,4.367301,2.530336,0.279183,0.182245,28.265902,0.261234,0.13198,,
both_highwin_highwin_exec,双入口高胜率执行,600060.SH,海信视像,2024-04-12,0.252021,box,71.124601,74.944519,64.796079,73.57619,True,3.11626,1.746625,0.497338,0.26612,11.446852,0.252021,0.1119,,
both_highwin_highwin_exec,双入口高胜率执行,601020.SH,华钰矿业,2024-04-12,0.240155,box,13.631052,13.947718,11.558326,13.947718,True,4.983749,1.972785,0.227427,0.0724,20.992647,0.240155,0.098795,,
both_highwin_highwin_exec,双入口高胜率执行,600329.SH,达仁堂,2024-04-15,0.257665,box,75.50565,79.816855,65.573203,78.816465,True,4.814697,1.875027,0.46603,0.075,16.875861,0.257665,0.110059,,
both_highwin_highwin_exec,双入口高胜率执行,000683.SZ,博源化工,2024-04-15,0.251915,box,17.713676,18.058188,15.962405,17.97206,True,1.458671,1.194199,0.50596,0.180329,10.987322,0.251915,0.110128,,
both_highwin_highwin_exec,双入口高胜率执行,688617.SH,惠泰医疗,2024-04-15,0.249611,box,455.239716,482.081585,419.791053,481.950106,True,5.191938,1.259967,0.429783,0.04938,12.268091,0.249611,0.1203,,
both_highwin_highwin_exec,双入口高胜率执行,688036.SH,传音控股,2024-04-16,0.252947,box,184.03345,185.432616,164.6819,184.410148,True,0.788235,1.219579,0.53172,0.178676,2.569885,0.252947,0.113868,,
both_highwin_highwin_exec,双入口高胜率执行,000937.SZ,冀中能源,2024-04-16,0.190764,box,37.153707,38.14688,33.361591,37.514861,True,0.972053,2.122284,0.563328,0.201516,9.657625,0.190764,0.104248,,
both_highwin_highwin_exec,双入口高胜率执行,300401.SZ,花园生物,2024-04-16,0.169926,box,53.639051,58.782522,49.072909,57.680349,True,8.275862,3.627497,0.336501,0.09,13.81128,0.169926,0.09651,,
both_highwin_highwin_exec,双入口高胜率执行,600486.SH,扬农化工,2024-04-17,0.227959,box,195.219177,201.424358,176.917379,201.145474,True,3.945235,1.400999,0.507926,0.238069,7.083062,0.227959,0.102148,,
both_highwin_highwin_exec,双入口高胜率执行,002096.SZ,易普力,2024-04-17,0.223172,box,24.415693,25.331016,22.797914,25.309729,True,5.035336,1.150152,0.463338,0.402624,2.1188,0.223172,0.081472,,
both_highwin_highwin_exec,双入口高胜率执行,603279.SH,景津装备,2024-04-17,0.220281,box,34.981415,36.25501,33.300269,36.102178,True,4.215686,1.323335,0.541888,0.430742,2.175722,0.220281,0.106603,,
both_highwin_highwin_exec,双入口高胜率执行,300476.SZ,胜宏科技,2024-04-18,0.318609,box,127.072786,134.449946,112.220758,131.811756,True,1.811321,1.0954,0.22574,0.206629,11.883507,0.318609,0.165361,,
both_highwin_highwin_exec,双入口高胜率执行,688128.SH,中国电研,2024-04-18,0.265739,box,19.829432,20.554379,18.773995,20.287855,True,2.311828,2.186131,0.480278,0.272766,1.959671,0.265739,0.111902,,
both_highwin_highwin_exec,双入口高胜率执行,002986.SZ,宇新股份,2024-04-18,0.248636,box,42.420101,45.57935,37.796109,45.292145,True,5.203469,2.43507,0.423268,0.105,10.970355,0.248636,0.106958,,
both_highwin_highwin_exec,双入口高胜率执行,603599.SH,广信股份,2024-04-19,0.257441,box,64.561381,67.910641,61.961299,67.337741,True,3.945578,2.403102,0.576206,0.21148,5.461964,0.257441,0.101162,,
both_highwin_highwin_exec,双入口高胜率执行,002259.SZ,升达林业,2024-04-19,0.241945,box,8.832316,9.267531,8.243495,9.241931,True,4.33526,2.183315,0.735158,0.14347,8.81653,0.241945,0.129857,,
both_highwin_highwin_exec,双入口高胜率执行,600062.SH,华润双鹤,2024-04-19,0.236196,box,36.386026,38.28505,33.913711,37.729675,True,2.431907,1.356499,0.534942,0.20376,2.471828,0.236196,0.11322,,
both_highwin_highwin_exec,双入口高胜率执行,002714.SZ,牧原股份,2024-04-22,0.280657,box,821.93611,864.352538,785.175206,851.344833,True,3.863845,1.401977,0.440714,0.239448,0.757086,0.280657,0.119969,,
both_highwin_highwin_exec,双入口高胜率执行,688267.SH,中触媒,2024-04-22,0.280044,box,20.982637,21.481254,19.435905,21.471078,True,3.685504,1.713471,0.272621,0.256166,-0.363008,0.280044,0.103713,,
both_highwin_highwin_exec,双入口高胜率执行,300855.SZ,图南股份,2024-04-22,0.258177,box,45.37401,48.64883,42.040007,47.859717,True,4.299226,2.222815,0.402285,0.09739,6.326294,0.258177,0.113577,,
both_highwin_highwin_exec,双入口高胜率执行,301110.SZ,青木科技,2024-04-23,0.334266,box,37.460208,38.24852,29.484941,38.115428,True,1.554828,1.465525,0.307364,0.135,1.121942,0.334266,0.156737,,
both_highwin_highwin_exec,双入口高胜率执行,688520.SH,神州细胞,2024-04-23,0.249747,box,44.72,47.44,36.8,46.8,True,4.231626,2.160758,0.38113,0.186423,17.131558,0.249747,0.122837,,
both_highwin_highwin_exec,双入口高胜率执行,603698.SH,航天工程,2024-04-23,0.241567,box,18.242365,18.597647,16.24732,18.529323,True,2.339623,1.634131,0.420001,0.19964,5.07923,0.241567,0.124111,,
both_highwin_highwin_exec,双入口高胜率执行,603309.SH,维力医疗,2024-04-24,0.30252,box,33.524862,34.598109,27.000647,34.541623,True,2.773109,1.736625,0.340234,0.12,12.132513,0.30252,0.161973,,
both_highwin_highwin_exec,双入口高胜率执行,688139.SH,海尔生物,2024-04-24,0.286293,box,33.879841,35.589186,27.564475,35.517537,True,3.767943,1.156493,0.388581,0.075,25.24205,0.286293,0.12671,,
both_highwin_highwin_exec,双入口高胜率执行,300048.SZ,合康新能,2024-04-24,0.241503,box,41.012184,43.175098,38.932458,42.759153,True,3.838384,1.264528,0.41616,0.139237,0.49973,0.241503,0.116138,,
both_highwin_highwin_exec,双入口高胜率执行,002938.SZ,鹏鼎控股,2024-04-25,0.23031,box,25.090031,26.119927,22.909718,25.856975,True,3.827541,1.658249,0.343419,0.267267,10.315822,0.23031,0.09965,,
both_highwin_highwin_exec,双入口高胜率执行,000513.SZ,丽珠集团,2024-04-25,0.226295,box,143.212597,148.693341,132.551423,148.280409,True,3.538663,2.076492,0.665863,0.193689,5.754707,0.226295,0.115334,,
both_highwin_highwin_exec,双入口高胜率执行,688566.SH,吉贝尔,2024-04-25,0.22581,box,26.346943,28.343406,22.938088,28.035441,True,5.053721,2.180205,0.304545,0.165,9.440638,0.22581,0.13704,,
both_highwin_highwin_exec,双入口高胜率执行,001313.SZ,粤海饲料,2024-04-26,0.279849,box,8.171665,8.484794,6.707028,8.403987,True,2.843016,1.839719,0.331116,0.12,3.821348,0.279849,0.135288,,
both_highwin_highwin_exec,双入口高胜率执行,300566.SZ,激智科技,2024-04-26,0.267039,box,41.970442,43.110454,34.17036,42.540448,True,0.853485,1.310625,0.311855,0.105,4.713174,0.267039,0.115707,,
both_highwin_highwin_exec,双入口高胜率执行,600812.SH,华北制药,2024-04-26,0.259668,box,4.901218,5.098513,4.527396,5.098513,True,3.805497,1.871105,0.505662,0.104939,2.471872,0.259668,0.114607,,
both_highwin_highwin_exec,双入口高胜率执行,688767.SH,博拓生物,2024-04-29,0.323155,box,30.028504,30.801626,25.602661,30.655966,True,7.674144,3.292955,0.57844,0.212547,10.995969,0.323155,0.146156,,
both_highwin_highwin_exec,双入口高胜率执行,601700.SH,风范股份,2024-04-29,0.311702,box,29.26901,30.517156,25.39976,30.454749,True,3.829787,1.382202,0.459422,0.09,8.049394,0.311702,0.138587,,
both_highwin_highwin_exec,双入口高胜率执行,688235.SH,百济神州-U,2024-04-29,0.307446,box,131.9,135.57,115.42,134.5,True,2.852336,1.324638,0.374937,0.105,6.271719,0.307446,0.123336,,
both_highwin_highwin_exec,双入口高胜率执行,002550.SZ,千红制药,2024-04-30,0.371647,box,53.254352,55.203933,46.379513,54.793495,True,3.088803,2.022555,0.540105,0.075,15.224097,0.371647,0.166842,,
both_highwin_highwin_exec,双入口高胜率执行,603669.SH,灵康药业,2024-04-30,0.327932,box,15.008279,15.426965,10.853627,15.233725,True,2.159827,1.175247,0.281662,0.253485,31.718302,0.327932,0.146841,,
both_highwin_highwin_exec,双入口高胜率执行,000567.SZ,海德股份,2024-04-30,0.322021,box,31.211763,32.280215,26.840821,31.891687,True,1.129363,1.447474,0.402414,0.075,15.732725,0.322021,0.138186,,
both_highwin_highwin_exec,双入口高胜率执行,688360.SH,德马科技,2024-05-06,0.419777,box,24.314416,24.850551,20.445555,24.79259,True,2.393776,1.27345,0.305392,0.188672,9.529558,0.419777,0.141122,,
both_highwin_highwin_exec,双入口高胜率执行,002666.SZ,德联集团,2024-05-06,0.412563,box,21.491936,22.200462,17.807604,22.200462,True,3.752759,1.300253,0.38967,0.226047,12.040507,0.412563,0.160503,,
both_highwin_highwin_exec,双入口高胜率执行,001218.SZ,丽臣实业,2024-05-06,0.412291,box,27.444713,28.625131,23.416538,28.5366,True,5.051602,1.696112,0.355955,0.100728,13.423157,0.412291,0.153062,,
both_highwin_highwin_exec,双入口高胜率执行,688350.SH,富淼科技,2024-05-07,0.424557,box,14.679489,14.912329,11.620821,14.764158,True,1.086957,1.62733,0.32684,0.135103,13.848055,0.424557,0.148571,,
both_highwin_highwin_exec,双入口高胜率执行,300519.SZ,新光药业,2024-05-07,0.406731,box,30.88448,31.26285,26.03661,31.073665,True,0.921659,1.160752,0.322332,0.293562,10.194067,0.406731,0.134515,,
both_highwin_highwin_exec,双入口高胜率执行,603976.SH,正川股份,2024-05-07,0.405767,box,23.414793,24.146505,18.731834,24.000163,True,1.99005,1.890027,0.290776,0.277098,15.998209,0.405767,0.1586,,
both_highwin_highwin_exec,双入口高胜率执行,000637.SZ,茂化实华,2024-05-08,0.484189,box,4.672483,4.83643,3.989372,4.768119,True,2.647059,1.434256,0.524315,0.075,12.680958,0.484189,0.155154,,
both_highwin_highwin_exec,双入口高胜率执行,000566.SZ,海南海药,2024-05-08,0.442134,box,15.82523,16.075102,13.159928,15.908521,True,2.688172,2.470634,0.423358,0.186804,12.907294,0.442134,0.155981,,
both_highwin_highwin_exec,双入口高胜率执行,002082.SZ,万邦德,2024-05-08,0.41157,box,5.848623,5.973303,4.613158,5.950634,True,2.140078,1.571427,0.30658,0.106569,21.028851,0.41157,0.143636,,
both_highwin_highwin_exec,双入口高胜率执行,688098.SH,申联生物,2024-05-09,0.363518,box,5.716019,5.943419,4.537672,5.891738,True,3.26087,1.756927,0.324655,0.239087,15.962566,0.363518,0.154565,,
both_highwin_highwin_exec,双入口高胜率执行,300932.SZ,三友联众,2024-05-09,0.338251,box,17.265424,18.233444,13.595618,18.045619,True,4.518828,1.341879,0.302745,0.159042,20.741088,0.338251,0.126477,,
both_highwin_highwin_exec,双入口高胜率执行,002398.SZ,垒知集团,2024-05-09,0.32116,box,27.086523,27.726866,23.05236,27.598797,True,2.619048,1.080253,0.387064,0.302716,10.235831,0.32116,0.133541,,
both_highwin_highwin_exec,双入口高胜率执行,002090.SZ,金智科技,2024-05-10,0.363921,box,34.547363,35.324124,29.516912,34.769295,True,1.402373,1.346295,0.366623,0.295922,3.980233,0.363921,0.124677,,
both_highwin_highwin_exec,双入口高胜率执行,002887.SZ,绿茵生态,2024-05-10,0.320507,box,31.600376,32.165445,24.602218,31.948111,True,1.659751,1.168139,0.385664,0.174809,13.412727,0.320507,0.142696,,
both_highwin_highwin_exec,双入口高胜率执行,300514.SZ,友讯达,2024-05-10,0.316548,box,30.033315,30.862392,26.530465,30.4064,True,1.172414,1.489569,0.334887,0.260399,4.263092,0.316548,0.104484,,
both_highwin_highwin_exec,双入口高胜率执行,002066.SZ,瑞泰科技,2024-05-13,0.364122,box,18.993731,19.517263,16.041012,19.30785,True,1.766004,1.244181,0.356081,0.380368,3.396625,0.364122,0.119841,,
both_highwin_highwin_exec,双入口高胜率执行,600969.SH,郴电国际,2024-05-13,0.315042,box,8.962781,9.190649,7.170225,9.053928,True,2.758621,2.866686,0.406517,0.239438,14.426483,0.315042,0.144934,,
both_highwin_highwin_exec,双入口高胜率执行,002567.SZ,唐人神,2024-05-13,0.280349,box,32.684419,33.85172,28.174394,33.427247,True,2.272727,1.441496,0.473287,0.212142,9.24677,0.280349,0.116925,,
both_highwin_highwin_exec,双入口高胜率执行,000889.SZ,中嘉博创,2024-05-14,0.315648,box,2.373301,2.517138,1.726037,2.488371,True,3.592814,1.496925,0.203846,0.151139,27.469841,0.315648,0.149376,,
both_highwin_highwin_exec,双入口高胜率执行,603909.SH,建发合诚,2024-05-14,0.276342,box,27.035541,28.059217,22.057083,28.059217,True,6.580259,1.058957,0.476632,0.217558,5.687544,0.276342,0.141542,,
both_highwin_highwin_exec,双入口高胜率执行,600963.SH,岳阳林纸,2024-05-14,0.271326,box,7.5293,7.896583,6.702914,7.743549,True,3.265306,1.786601,0.537595,0.208792,6.170623,0.271326,0.129066,,
both_highwin_highwin_exec,双入口高胜率执行,603682.SH,锦和商管,2024-05-15,0.292233,box,5.370356,5.566691,4.469522,5.508945,True,2.360515,1.109135,0.413103,0.305905,6.025158,0.292233,0.119246,,
both_highwin_highwin_exec,双入口高胜率执行,603001.SH,奥康国际,2024-05-15,0.288622,box,6.971996,7.31843,5.499649,7.275126,True,4.347826,1.475541,0.391361,0.136696,23.586622,0.288622,0.133089,,
both_highwin_highwin_exec,双入口高胜率执行,600153.SH,建发股份,2024-05-15,0.226075,box,32.222731,33.49183,29.282136,32.965618,True,2.1093,1.135604,0.730297,0.253291,5.334147,0.226075,0.121982,,
both_highwin_highwin_exec,双入口高胜率执行,000753.SZ,漳州发展,2024-05-16,0.333247,box,7.988906,8.153384,7.002041,8.059397,True,1.780415,1.0651,0.462272,0.456716,0.132669,0.333247,0.130197,,
both_highwin_highwin_exec,双入口高胜率执行,600067.SH,冠城新材,2024-05-16,0.322097,box,4.784254,5.008867,3.773496,4.941483,True,3.286385,1.391341,0.344493,0.32167,8.45705,0.322097,0.137747,,
both_highwin_highwin_exec,双入口高胜率执行,301098.SZ,金埔园林,2024-05-16,0.288939,box,12.787311,13.48425,9.8935,13.317591,True,4.146919,1.432033,0.239985,0.289984,7.531417,0.288939,0.121976,,
both_highwin_highwin_exec,双入口高胜率执行,601515.SH,衢州东峰,2024-05-17,0.273812,box,16.512719,17.670754,14.196649,17.499193,True,5.699482,2.138703,0.461994,0.246725,11.292067,0.273812,0.122673,,
both_highwin_highwin_exec,双入口高胜率执行,600082.SH,海泰发展,2024-05-17,0.264139,box,2.706384,2.818302,2.207839,2.797953,True,4.562738,2.043542,0.35098,0.213969,9.294766,0.264139,0.131772,,
both_highwin_highwin_exec,双入口高胜率执行,600604.SH,市北高新,2024-05-17,0.25635,box,8.538873,8.986148,7.359696,8.945486,True,5.011933,3.471274,0.554615,0.168618,6.066841,0.25635,0.125589,,
both_highwin_highwin_exec,双入口高胜率执行,000007.SZ,全新好,2024-05-20,0.305304,box,6.496364,6.796427,5.146081,6.676402,True,2.06422,1.220622,0.338893,0.176615,7.897453,0.305304,0.136568,,
both_highwin_highwin_exec,双入口高胜率执行,000933.SZ,神火股份,2024-05-20,0.30384,box,64.263064,68.925068,56.31737,68.227163,True,8.525755,1.370196,0.30173,0.186039,13.409445,0.30384,0.155107,,
both_highwin_highwin_exec,双入口高胜率执行,600395.SH,盘江股份,2024-05-20,0.282776,box,17.146311,17.857448,14.854868,17.778433,True,3.686636,1.148477,0.595765,0.224196,9.20969,0.282776,0.138707,,
both_highwin_highwin_exec,双入口高胜率执行,688178.SH,万德斯,2024-05-21,0.278284,box,12.801992,13.006988,9.542558,12.90449,True,0.72,1.147823,0.229841,0.40307,4.447865,0.278284,0.12188,,
both_highwin_highwin_exec,双入口高胜率执行,600530.SH,交大昂立,2024-05-21,0.27626,box,6.533113,6.782257,5.093613,6.782257,True,5.150215,1.417061,0.371926,0.063047,20.818327,0.27626,0.152773,,
both_highwin_highwin_exec,双入口高胜率执行,601825.SH,沪农商行,2024-05-21,0.259341,box,8.715997,9.096961,7.446116,9.062328,True,3.97351,1.156903,0.535907,0.185527,11.195494,0.259341,0.116017,,
both_highwin_highwin_exec,双入口高胜率执行,301082.SZ,久盛电气,2024-05-22,0.245741,box,13.319428,13.617471,10.493161,13.607194,True,3.680501,1.151976,0.313796,0.477491,2.92262,0.245741,0.111719,,
both_highwin_highwin_exec,双入口高胜率执行,300724.SZ,捷佳伟创,2024-05-22,0.238388,box,69.193279,73.127415,57.295938,72.683405,True,6.975684,1.815976,0.393209,0.225479,3.384337,0.238388,0.112559,,
both_highwin_highwin_exec,双入口高胜率执行,300787.SZ,海能实业,2024-05-22,0.226072,box,38.241381,39.542108,31.217454,39.484298,True,2.398801,1.317419,0.388403,0.494571,2.542773,0.226072,0.108885,,
both_highwin_highwin_exec,双入口高胜率执行,002916.SZ,深南电路,2024-05-23,0.256631,box,163.810328,170.362741,146.295905,167.033407,True,3.048181,1.765465,0.379904,0.353373,4.727298,0.256631,0.097154,,
both_highwin_highwin_exec,双入口高胜率执行,688093.SH,世华科技,2024-05-23,0.230155,box,23.352787,24.783434,20.245826,24.364356,True,4.074074,1.566763,0.294051,0.32308,4.695412,0.230155,0.106617,,
both_highwin_highwin_exec,双入口高胜率执行,601233.SH,桐昆股份,2024-05-23,0.195632,box,47.493566,50.765698,40.98107,50.193869,True,5.756359,2.573551,0.541374,0.105,7.958294,0.195632,0.084613,,
both_highwin_highwin_exec,双入口高胜率执行,601877.SH,正泰电器,2024-05-24,0.240211,box,40.967866,42.313872,35.204686,41.593475,True,1.339492,1.394577,0.612387,0.241161,5.650083,0.240211,0.106845,,
both_highwin_highwin_exec,双入口高胜率执行,600674.SH,川投能源,2024-05-24,0.224109,box,81.112955,83.919796,77.544936,83.539207,True,2.690058,1.687108,0.772184,0.329845,7.486953,0.224109,0.123703,,
both_highwin_highwin_exec,双入口高胜率执行,000889.SZ,中嘉博创,2024-05-24,0.177635,box,2.862345,2.977415,1.783572,2.977415,True,5.076142,1.329498,0.239011,0.045,23.532213,0.177635,0.102408,,
both_highwin_highwin_exec,双入口高胜率执行,300151.SZ,昌红科技,2024-05-27,0.279171,box,133.748011,138.09754,119.779332,137.846606,True,0.733496,2.239426,0.49822,0.15385,11.24663,0.279171,0.126625,,
both_highwin_highwin_exec,双入口高胜率执行,600795.SH,国电电力,2024-05-27,0.250969,box,16.337301,16.610095,14.761161,16.488853,True,1.492537,1.406187,0.67954,0.406636,1.906108,0.250969,0.107689,,
both_highwin_highwin_exec,双入口高胜率执行,000692.SZ,惠天热电,2024-05-27,0.229381,box,6.656457,6.921087,4.865117,6.880374,True,4.320988,1.144685,0.246711,0.17689,21.505152,0.229381,0.143109,,
both_highwin_highwin_exec,双入口高胜率执行,002039.SZ,黔源电力,2024-05-28,0.251016,box,45.666766,46.805201,42.846552,46.494719,True,1.870748,1.143244,0.617862,0.429802,5.121887,0.251016,0.115558,,
both_highwin_highwin_exec,双入口高胜率执行,688399.SH,硕世生物,2024-05-28,0.226084,box,81.908407,85.339066,75.373281,84.922888,True,2.442334,2.048122,0.461371,0.462708,3.239668,0.226084,0.098974,,
both_highwin_highwin_exec,双入口高胜率执行,003816.SZ,中国广核,2024-05-28,0.225081,box,4.656615,4.768553,4.399158,4.734972,True,1.438849,1.094937,0.695936,0.370354,4.732045,0.225081,0.127514,,
both_highwin_highwin_exec,双入口高胜率执行,600938.SH,中国海油,2024-05-29,0.277274,box,34.897622,35.921255,32.532679,35.815362,True,3.36163,1.851163,0.644161,0.355491,7.869497,0.277274,0.131417,,
both_highwin_highwin_exec,双入口高胜率执行,600461.SH,洪城环境,2024-05-29,0.21145,box,43.807578,44.882611,38.432415,44.844217,True,2.726473,1.152265,0.492206,0.396576,3.072127,0.21145,0.099042,,
both_highwin_highwin_exec,双入口高胜率执行,603296.SH,华勤技术,2024-05-29,0.207192,box,76.06,81.1,69.7,80.0,True,5.08341,1.924426,0.512245,0.237725,13.19655,0.207192,0.106691,,
both_highwin_highwin_exec,双入口高胜率执行,301081.SZ,严牌股份,2024-05-30,0.308636,box,10.838341,11.259248,10.532377,11.193481,True,3.276699,1.520033,0.361582,0.551649,-0.185285,0.308636,0.110898,,
both_highwin_highwin_exec,双入口高胜率执行,603324.SH,盛剑科技,2024-05-30,0.294898,box,26.3181,27.423215,25.223218,27.044611,True,2.561118,1.434961,0.432037,0.358609,6.689716,0.294898,0.104117,,
both_highwin_highwin_exec,双入口高胜率执行,002594.SZ,比亚迪,2024-05-30,0.260652,box,230.072235,235.157158,211.782918,233.598875,True,1.40632,2.055219,0.592577,0.327378,5.639419,0.260652,0.11956,,
both_highwin_highwin_exec,双入口高胜率执行,300493.SZ,润欣科技,2024-05-31,0.275573,box,30.963954,32.286535,27.851999,31.664144,True,2.261307,1.453034,0.261152,0.302578,5.965227,0.275573,0.110583,,
both_highwin_highwin_exec,双入口高胜率执行,300736.SZ,百邦科技,2024-05-31,0.248453,box,38.412542,40.089084,30.596896,39.867189,True,3.853565,1.229194,0.481689,0.135,9.468905,0.248453,0.105914,,
both_highwin_highwin_exec,双入口高胜率执行,603755.SH,日辰股份,2024-05-31,0.237637,box,23.990201,24.529074,22.912456,24.394356,True,1.993068,1.701746,0.503569,0.47599,3.565863,0.237637,0.099865,,
both_highwin_highwin_exec,双入口高胜率执行,605589.SH,圣泉集团,2024-06-03,0.292328,box,22.358483,23.056865,18.876845,22.615241,True,3.041647,3.756209,0.5479,0.165,15.001721,0.292328,0.121613,,
both_highwin_highwin_exec,双入口高胜率执行,688352.SH,颀中科技,2024-06-03,0.278098,box,11.4,11.5,10.41,11.46,True,1.236749,2.161213,0.385644,0.260621,6.667764,0.278098,0.112178,,
both_highwin_highwin_exec,双入口高胜率执行,603986.SH,兆易创新,2024-06-03,0.246949,box,473.15811,490.110924,433.732961,485.323585,True,3.681867,1.405131,0.41585,0.249765,6.990398,0.246949,0.11096,,
both_highwin_highwin_exec,双入口高胜率执行,600161.SH,天坛生物,2024-06-04,0.252926,box,90.975852,92.310164,84.516566,91.733984,True,0.598603,1.883127,0.587625,0.339646,7.303859,0.252926,0.112597,,
both_highwin_highwin_exec,双入口高胜率执行,000830.SZ,鲁西化工,2024-06-04,0.224229,box,17.99064,18.631036,17.588532,18.571464,True,3.057851,1.121271,0.334434,0.527017,1.246097,0.224229,0.109898,,
both_highwin_highwin_exec,双入口高胜率执行,600737.SH,中粮糖业,2024-06-04,0.221277,box,11.813454,12.990139,11.650349,12.850335,True,8.77712,3.097689,0.656585,0.277769,7.703151,0.221277,0.111215,,
both_highwin_highwin_exec,双入口高胜率执行,000636.SZ,风华高科,2024-06-05,0.244281,box,13.967813,14.3555,12.926596,14.100735,True,0.47356,2.080039,0.610204,0.224172,3.786902,0.244281,0.105521,,
both_highwin_highwin_exec,双入口高胜率执行,688575.SH,亚辉龙,2024-06-05,0.240581,box,36.716877,37.443081,32.838947,37.254268,True,1.826121,1.417409,0.558307,0.27901,13.04142,0.240581,0.113017,,
both_highwin_highwin_exec,双入口高胜率执行,600893.SH,航发动力,2024-06-05,0.23101,box,79.012213,81.660075,73.441111,80.071358,True,0.719424,1.999898,0.547013,0.309169,7.462574,0.23101,0.112891,,
both_highwin_highwin_exec,双入口高胜率执行,002371.SZ,北方华创,2024-06-06,0.30861,box,1508.983153,1551.678099,1350.959494,1523.309997,True,1.606451,1.444182,0.661747,0.186871,10.529547,0.30861,0.130072,,
both_highwin_highwin_exec,双入口高胜率执行,600803.SH,新奥股份,2024-06-06,0.277979,box,23.477831,24.546122,22.188515,24.386492,True,4.142632,2.09692,0.726132,0.339307,10.003818,0.277979,0.132497,,
both_highwin_highwin_exec,双入口高胜率执行,600060.SH,海信视像,2024-06-06,0.251015,box,80.389328,83.354041,76.426876,82.18526,True,2.488446,1.356049,0.532168,0.407236,7.353139,0.251015,0.110261,,
both_highwin_highwin_exec,双入口高胜率执行,002039.SZ,黔源电力,2024-06-07,0.238236,box,47.400292,48.797463,43.208782,48.435233,True,2.016349,1.196688,0.658073,0.377871,8.160752,0.238236,0.112862,,
both_highwin_highwin_exec,双入口高胜率执行,600026.SH,中远海能,2024-06-07,0.229403,box,20.918941,21.869801,19.72156,21.599804,True,2.735902,1.153166,0.483764,0.382089,7.612216,0.229403,0.091675,,
both_highwin_highwin_exec,双入口高胜率执行,688981.SH,中芯国际,2024-06-07,0.214223,box,46.79,47.74,41.0,47.21,True,0.876068,1.376404,0.570691,0.105,15.821869,0.214223,0.100029,,
both_highwin_highwin_exec,双入口高胜率执行,000999.SZ,华润三九,2024-06-11,0.273745,box,78.022457,79.581698,71.80967,78.68725,True,0.696056,1.0756,0.52902,0.357896,6.34795,0.273745,0.125307,,
both_highwin_highwin_exec,双入口高胜率执行,688268.SH,华特气体,2024-06-11,0.266069,box,51.878685,55.900684,45.901691,55.106466,True,5.209953,2.202091,0.432873,0.20179,12.463949,0.266069,0.119599,,
both_highwin_highwin_exec,双入口高胜率执行,300054.SZ,鼎龙股份,2024-06-11,0.255395,box,298.250925,307.155864,279.537648,306.252464,True,2.638408,1.675381,0.556034,0.242876,6.223032,0.255395,0.109517,,
both_highwin_highwin_exec,双入口高胜率执行,688120.SH,华海清科,2024-06-12,0.287595,box,300.892333,308.383305,253.529099,303.220205,True,1.610161,1.678333,0.387734,0.187334,15.703695,0.287595,0.109856,,
both_highwin_highwin_exec,双入口高胜率执行,002653.SZ,海思科,2024-06-12,0.257264,box,101.824866,105.897861,96.86501,104.978152,True,2.930757,1.094729,0.457056,0.303042,7.946488,0.257264,0.108032,,
both_highwin_highwin_exec,双入口高胜率执行,688099.SH,晶晨股份,2024-06-12,0.248467,box,59.597509,60.920776,54.809506,60.163181,True,1.344223,1.548807,0.437515,0.271328,8.102546,0.248467,0.10262,,
both_highwin_highwin_exec,双入口高胜率执行,688625.SH,呈和科技,2024-06-13,0.294153,box,40.513083,41.429389,36.580173,40.976383,True,1.401274,1.323804,0.379324,0.18689,7.459371,0.294153,0.125373,,
both_highwin_highwin_exec,双入口高胜率执行,688630.SH,芯碁微装,2024-06-13,0.289962,box,70.504838,73.643578,59.98074,72.292599,True,2.72806,1.120286,0.255968,0.127462,19.078915,0.289962,0.103956,,
both_highwin_highwin_exec,双入口高胜率执行,300049.SZ,福瑞医科,2024-06-13,0.271483,box,189.10414,200.559487,177.612427,200.159459,True,4.519559,1.765949,0.438867,0.240319,12.366525,0.271483,0.095641,,
both_highwin_highwin_exec,双入口高胜率执行,603195.SH,公牛集团,2024-06-14,0.241222,box,195.30308,202.670334,190.273512,201.182716,True,2.551757,2.107338,0.448714,0.391071,4.823479,0.241222,0.114857,,
both_highwin_highwin_exec,双入口高胜率执行,002025.SZ,航天电器,2024-06-14,0.210261,box,70.695237,72.911298,62.394056,72.284386,True,1.765189,1.096306,0.308227,0.136284,14.387517,0.210261,0.084739,,
both_highwin_highwin_exec,双入口高胜率执行,688349.SH,三一重能,2024-06-14,0.206106,box,28.785602,29.778907,27.569308,29.495106,True,2.464789,1.823579,0.758471,0.412358,6.107023,0.206106,0.118517,,
both_highwin_highwin_exec,双入口高胜率执行,002138.SZ,顺络电子,2024-06-17,0.36869,box,137.882565,143.861772,120.357305,142.882419,True,3.394256,1.930916,0.58248,0.091298,12.412761,0.36869,0.127848,,
both_highwin_highwin_exec,双入口高胜率执行,688299.SH,长阳科技,2024-06-17,0.241668,box,12.770256,13.61,11.964118,13.415425,True,4.050834,1.900703,0.533372,0.207792,6.444688,0.241668,0.11215,,
both_highwin_highwin_exec,双入口高胜率执行,002008.SZ,大族激光,2024-06-17,0.221062,box,36.252167,37.053127,34.319415,36.861593,True,1.681076,1.671108,0.585933,0.39457,4.641064,0.221062,0.115784,,
both_highwin_highwin_exec,双入口高胜率执行,600522.SH,中天科技,2024-06-18,0.252231,box,76.561068,77.954897,70.438174,77.805559,True,1.625488,1.132378,0.43921,0.338929,6.882108,0.252231,0.116037,,
both_highwin_highwin_exec,双入口高胜率执行,688125.SH,安达智能,2024-06-18,0.249176,box,32.943435,33.698023,28.012774,33.625665,True,1.561037,1.635152,0.452617,0.06,12.91276,0.249176,0.106626,,
both_highwin_highwin_exec,双入口高胜率执行,300872.SZ,天阳科技,2024-06-18,0.246114,box,23.785628,24.259881,21.615007,24.2234,True,1.142422,1.288979,0.446029,0.25833,6.432389,0.246114,0.108415,,
both_highwin_highwin_exec,双入口高胜率执行,301222.SZ,浙江恒威,2024-06-19,0.266354,box,25.574974,26.059309,22.20789,25.775026,True,0.740741,1.121711,0.452197,0.143393,6.32101,0.266354,0.112638,,
both_highwin_highwin_exec,双入口高胜率执行,300979.SZ,华利集团,2024-06-19,0.248276,box,72.072885,74.573702,70.666847,74.176577,True,2.643695,1.175488,0.527429,0.499883,2.014885,0.248276,0.099971,,
both_highwin_highwin_exec,双入口高胜率执行,600487.SH,亨通光电,2024-06-19,0.245284,box,105.040033,107.567003,97.322527,106.201073,True,2.572559,1.914807,0.458062,0.375027,5.863793,0.245284,0.113965,,
both_highwin_highwin_exec,双入口高胜率执行,002310.SZ,东方新能,2024-06-20,0.394668,box,72.121675,75.378783,53.044329,73.98288,True,2.580645,1.113979,0.207071,0.105,11.449788,0.394668,0.146891,,
both_highwin_highwin_exec,双入口高胜率执行,300480.SZ,光力科技,2024-06-20,0.256809,trend,61.512993,64.293242,60.400894,64.119476,True,5.068337,2.372259,0.382442,0.192438,15.597149,0.256809,0.086825,,
both_highwin_highwin_exec,双入口高胜率执行,688658.SH,悦康药业,2024-06-20,0.250531,box,19.89138,21.205691,18.013793,20.929575,True,4.52289,1.51641,0.373351,0.195838,7.765001,0.250531,0.120076,,
both_highwin_highwin_exec,双入口高胜率执行,601777.SH,千里科技,2024-06-21,0.28332,box,3.782136,3.99356,3.206594,3.934831,True,4.037267,2.872036,0.518754,0.075,22.761523,0.28332,0.134207,,
both_highwin_highwin_exec,双入口高胜率执行,688589.SH,力合微,2024-06-21,0.264793,box,32.970678,35.141587,27.851773,34.672868,True,6.396669,3.304008,0.492108,0.0,22.715458,0.264793,0.111417,,
both_highwin_highwin_exec,双入口高胜率执行,300493.SZ,润欣科技,2024-06-21,0.256442,box,31.625245,33.181222,28.279893,33.142323,True,4.029304,1.334149,0.363487,0.112287,18.450708,0.256442,0.090185,,
both_highwin_highwin_exec,双入口高胜率执行,001336.SZ,楚环科技,2024-06-24,0.209071,box,20.192899,21.277351,18.194696,21.277351,True,4.538727,2.549794,0.649339,0.074164,13.433021,0.209071,0.106353,,
both_highwin_highwin_exec,双入口高胜率执行,603605.SH,珀莱雅,2024-06-24,0.207509,box,219.303948,232.665971,212.958512,228.496694,True,4.892167,2.013551,0.588316,0.213852,5.494147,0.207509,0.101178,,
both_highwin_highwin_exec,双入口高胜率执行,600900.SH,长江电力,2024-06-24,0.194741,box,71.550762,73.062398,66.28523,72.785264,True,1.976703,1.204244,0.618206,0.342672,4.771214,0.194741,0.110675,,
both_highwin_highwin_exec,双入口高胜率执行,603117.SH,万林物流,2024-06-25,0.264163,box,5.898149,5.898149,4.371743,5.898149,True,5.013193,1.101479,0.391726,0.190898,33.319521,0.264163,0.15442,,
both_highwin_highwin_exec,双入口高胜率执行,603225.SH,新凤鸣,2024-06-25,0.241626,box,31.911949,33.913028,28.731286,33.323237,True,4.078947,1.721536,0.605496,0.19894,17.536751,0.241626,0.099411,,
both_highwin_highwin_exec,双入口高胜率执行,601000.SH,唐山港,2024-06-25,0.233196,box,30.682456,31.439199,27.999461,31.232814,True,1.793722,1.192561,0.702185,0.151776,12.592644,0.233196,0.120298,,
both_highwin_highwin_exec,双入口高胜率执行,002045.SZ,国光电器,2024-06-26,0.280932,box,21.456039,22.853881,19.115074,22.803357,True,5.36965,2.548742,0.54876,0.165,15.870873,0.280932,0.107122,,
both_highwin_highwin_exec,双入口高胜率执行,003006.SZ,百亚股份,2024-06-26,0.240094,box,25.973888,26.811755,24.766053,26.789993,True,2.583333,1.111046,0.415597,0.394899,4.599286,0.240094,0.093993,,
both_highwin_highwin_exec,双入口高胜率执行,301363.SZ,美好医疗,2024-06-26,0.201526,box,27.992176,29.75754,24.83525,29.696665,True,6.475082,1.188351,0.503985,0.27192,10.490986,0.201526,0.097772,,
both_highwin_highwin_exec,双入口高胜率执行,688578.SH,艾力斯,2024-06-27,0.171695,box,64.788753,65.443287,56.652398,65.251962,True,0.699301,1.121969,0.33755,0.448859,4.282724,0.171695,0.080278,,
both_highwin_highwin_exec,双入口高胜率执行,300939.SZ,秋田微,2024-06-27,0.147266,box,45.995839,47.350975,39.850454,47.350975,True,1.795393,2.083397,0.478321,0.045,10.682906,0.147266,0.087455,,
both_highwin_highwin_exec,双入口高胜率执行,601288.SH,农业银行,2024-06-27,0.134845,box,9.04352,9.170298,8.620926,9.128039,True,0.934579,1.111944,0.793822,0.327781,4.411938,0.134845,0.109879,,
both_highwin_highwin_exec,双入口高胜率执行,300607.SZ,拓斯达,2024-06-28,0.259688,box,69.224057,74.718885,61.31832,73.372113,True,4.930663,2.635905,0.512312,0.135,14.631648,0.259688,0.115682,,
both_highwin_highwin_exec,双入口高胜率执行,000400.SZ,许继电气,2024-06-28,0.244418,box,66.428031,72.926197,60.711045,72.129648,True,8.037677,1.486426,0.265397,0.214989,7.388316,0.244418,0.116204,,
both_highwin_highwin_exec,双入口高胜率执行,600323.SH,瀚蓝环境,2024-06-28,0.232301,box,42.828696,44.170368,40.795224,43.813986,True,2.501226,1.060768,0.549689,0.479413,6.494812,0.232301,0.101441,,
both_highwin_highwin_exec,双入口高胜率执行,600968.SH,海油发展,2024-07-01,0.307391,box,4.570877,4.814953,4.25157,4.770576,True,4.368932,1.238392,0.5302,0.179895,12.720324,0.307391,0.132518,,
both_highwin_highwin_exec,双入口高胜率执行,601918.SH,新集能源,2024-07-01,0.272471,box,15.590394,16.533813,15.190641,16.437872,True,5.435897,1.166618,0.557884,0.321974,5.974957,0.272471,0.095908,,
both_highwin_highwin_exec,双入口高胜率执行,603299.SH,苏盐井神,2024-07-01,0.258336,box,11.068874,11.483957,10.634222,11.460897,True,4.631579,1.714746,0.673803,0.393938,4.967032,0.258336,0.120295,,
both_highwin_highwin_exec,双入口高胜率执行,601838.SH,成都银行,2024-07-02,0.242427,box,19.967842,20.286614,18.782012,20.210108,True,1.213282,1.15103,0.646305,0.367581,8.31483,0.242427,0.124582,,
both_highwin_highwin_exec,双入口高胜率执行,002966.SZ,苏州银行,2024-07-02,0.229127,box,10.085751,10.393,9.364386,10.299489,True,1.849406,1.064782,0.641352,0.289457,9.76315,0.229127,0.123389,,
both_highwin_highwin_exec,双入口高胜率执行,300857.SZ,协创数据,2024-07-02,0.215935,box,61.151834,63.746093,52.369574,63.079863,True,2.074485,1.549447,0.48344,0.121733,4.390034,0.215935,0.097643,,
both_highwin_highwin_exec,双入口高胜率执行,002233.SZ,塔牌集团,2024-07-03,0.324395,box,24.359522,24.658208,21.837282,24.558646,True,1.23119,1.196158,0.671184,0.197086,11.970551,0.324395,0.146825,,
both_highwin_highwin_exec,双入口高胜率执行,603358.SH,华达科技,2024-07-03,0.246748,box,91.422817,93.59805,87.79743,92.273995,True,0.931034,1.118855,0.499908,0.410045,2.12557,0.246748,0.091452,,
both_highwin_highwin_exec,双入口高胜率执行,300521.SZ,爱司凯,2024-07-03,0.212695,box,19.816709,21.01552,16.347422,20.63408,True,3.272727,2.122102,0.305773,0.260552,13.006102,0.212695,0.120151,,
both_highwin_highwin_exec,双入口高胜率执行,001336.SZ,楚环科技,2024-07-04,0.111324,box,22.189398,23.73257,18.194696,23.621623,True,6.502956,2.116474,0.451011,0.015,18.85342,0.111324,0.074414,,
both_highwin_highwin_exec,双入口高胜率执行,603887.SH,城地香江,2024-07-05,0.242802,box,13.388153,14.086456,10.113353,13.89382,True,4.339964,1.96784,0.249699,0.075,30.929637,0.242802,0.120459,,
both_highwin_highwin_exec,双入口高胜率执行,601928.SH,凤凰传媒,2024-07-05,0.213114,box,16.459286,17.340247,15.783882,17.222785,True,4.732143,1.408787,0.679245,0.256626,5.377313,0.213114,0.106393,,
both_highwin_highwin_exec,双入口高胜率执行,601000.SH,唐山港,2024-07-05,0.199851,box,33.77822,34.328578,27.999461,33.77822,True,0.408998,1.148965,0.514103,0.052583,12.682077,0.199851,0.100447,,
both_highwin_highwin_exec,双入口高胜率执行,688187.SH,时代电气,2024-07-08,0.27518,box,52.756307,55.894609,46.377142,54.9203,True,4.223433,1.961429,0.612999,0.148031,14.705871,0.27518,0.104963,,
both_highwin_highwin_exec,双入口高胜率执行,002075.SZ,沙钢股份,2024-07-08,0.264775,box,6.331972,6.884526,5.376203,6.750121,True,7.619048,4.130008,0.408151,0.165312,22.04833,0.264775,0.117035,,
both_highwin_highwin_exec,双入口高胜率执行,603665.SH,康隆达,2024-07-08,0.258685,box,33.137917,34.251529,31.340229,33.996989,True,2.641691,2.187605,0.520414,0.393923,6.65736,0.258685,0.112125,,
both_highwin_highwin_exec,双入口高胜率执行,603301.SH,振德医疗,2024-07-09,0.324393,box,48.662694,50.787501,43.327852,50.371778,True,2.538787,1.562877,0.577003,0.075,13.373218,0.324393,0.134748,,
both_highwin_highwin_exec,双入口高胜率执行,600578.SH,京能电力,2024-07-09,0.289989,box,12.744768,13.26345,11.48511,13.152304,True,4.719764,1.620539,0.673483,0.210528,12.510566,0.289989,0.126241,,
both_highwin_highwin_exec,双入口高胜率执行,603689.SH,皖天然气,2024-07-09,0.272945,box,14.223086,14.72699,12.841415,14.678225,True,3.318078,1.90729,0.669872,0.097119,12.836617,0.272945,0.154476,,
both_highwin_highwin_exec,双入口高胜率执行,000830.SZ,鲁西化工,2024-07-10,0.240759,box,18.228767,18.529821,17.05466,18.349189,True,0.164339,1.804035,0.612982,0.361462,4.517111,0.240759,0.104249,,
both_highwin_highwin_exec,双入口高胜率执行,000636.SZ,风华高科,2024-07-10,0.206234,box,14.21357,14.7919,13.401684,14.680683,True,2.404965,1.324689,0.650139,0.256626,3.503033,0.206234,0.104325,,
both_highwin_highwin_exec,双入口高胜率执行,603501.SH,豪威集团,2024-07-10,0.199884,box,140.212418,143.06304,129.778323,142.44927,True,0.76218,1.270366,0.635679,0.261421,5.757575,0.199884,0.100825,,
both_highwin_highwin_exec,双入口高胜率执行,002745.SZ,木林森,2024-07-11,0.306381,box,18.893403,19.300686,16.856988,19.232805,True,3.406326,1.716061,0.708588,0.155072,9.270615,0.306381,0.126645,,
both_highwin_highwin_exec,双入口高胜率执行,603360.SH,百傲化学,2024-07-11,0.292479,box,54.871147,56.464331,52.247078,56.230039,True,2.651839,1.729593,0.448171,0.436081,1.720855,0.292479,0.096194,,
both_highwin_highwin_exec,双入口高胜率执行,600482.SH,中国动力,2024-07-11,0.269088,box,22.921607,23.319152,18.84154,23.109917,True,1.797235,1.80256,0.548245,0.105,17.469396,0.269088,0.109355,,
both_highwin_highwin_exec,双入口高胜率执行,605499.SH,东鹏饮料,2024-07-12,0.281615,box,236.782084,237.773022,209.265294,236.896824,True,0.495597,1.155638,0.589895,0.165395,4.95497,0.281615,0.126651,,
both_highwin_highwin_exec,双入口高胜率执行,601601.SH,中国太保,2024-07-12,0.246058,box,41.779065,42.586611,40.02091,42.190456,True,1.689313,1.306509,0.572838,0.26501,2.802434,0.246058,0.105972,,
both_highwin_highwin_exec,双入口高胜率执行,603337.SH,杰克科技,2024-07-12,0.245824,box,67.551357,70.691068,58.600735,69.692069,True,4.792561,4.017323,0.480006,0.131441,13.104,0.245824,0.116686,,
both_highwin_highwin_exec,双入口高胜率执行,688656.SH,浩欧博,2024-07-15,0.245024,box,25.549184,26.686326,21.157103,26.237729,True,1.657235,1.534201,0.49786,0.12,11.585595,0.245024,0.120309,,
both_highwin_highwin_exec,双入口高胜率执行,002371.SZ,北方华创,2024-07-15,0.236866,box,1574.562783,1607.485459,1436.430684,1597.704084,True,1.911313,1.288687,0.627515,0.231629,3.383198,0.236866,0.108298,,
both_highwin_highwin_exec,双入口高胜率执行,600584.SH,长电科技,2024-07-15,0.184222,box,37.590381,39.240854,33.172718,39.0163,True,3.515043,1.05308,0.264065,0.157678,10.830287,0.184222,0.093701,,
both_highwin_highwin_exec,双入口高胜率执行,002461.SZ,珠江啤酒,2024-07-16,0.307804,box,18.118593,18.673697,15.520707,18.607085,True,1.575758,1.60399,0.549135,0.15,11.56923,0.307804,0.158852,,
both_highwin_highwin_exec,双入口高胜率执行,300628.SZ,亿联网络,2024-07-16,0.296272,box,722.485099,739.538249,621.492559,738.780331,True,2.255442,1.052079,0.627679,0.125868,10.192966,0.296272,0.122596,,
both_highwin_highwin_exec,双入口高胜率执行,601333.SH,广深铁路,2024-07-16,0.26004,box,4.46636,4.569035,4.004322,4.492028,True,0.864553,1.133995,0.658014,0.346249,2.481628,0.26004,0.123698,,
both_highwin_highwin_exec,双入口高胜率执行,000768.SZ,中航西飞,2024-07-17,0.248203,box,26.27698,26.798264,24.181205,26.41528,True,0.363783,1.311277,0.608188,0.336896,4.602478,0.248203,0.116684,,
both_highwin_highwin_exec,双入口高胜率执行,002661.SZ,克明食品,2024-07-17,0.246584,box,30.815968,31.680978,26.130499,31.392641,True,1.752336,1.391806,0.418063,0.09,10.85165,0.246584,0.123999,,
both_highwin_highwin_exec,双入口高胜率执行,688012.SH,中微公司,2024-07-17,0.192122,box,147.130969,153.123,135.498198,150.463221,True,1.771894,1.56071,0.565248,0.248998,3.32116,0.192122,0.100147,,
both_highwin_highwin_exec,双入口高胜率执行,301259.SZ,艾布鲁,2024-07-18,0.313249,box,30.770879,31.522997,25.783146,31.179926,True,2.605297,2.484818,0.561235,0.1585,16.444513,0.313249,0.149817,,
both_highwin_highwin_exec,双入口高胜率执行,000078.SZ,海王生物,2024-07-18,0.28467,box,6.109114,6.490934,5.269111,6.465479,True,5.394191,3.096689,0.560972,0.165,17.068841,0.28467,0.128446,,
both_highwin_highwin_exec,双入口高胜率执行,002179.SZ,中航光电,2024-07-18,0.263546,box,234.101454,249.777601,228.377384,247.891259,True,5.451024,2.421776,0.561611,0.352991,0.792185,0.263546,0.110359,,
both_highwin_highwin_exec,双入口高胜率执行,301367.SZ,瑞迈特,2024-07-19,0.268152,box,90.555932,97.181627,82.42765,96.423178,True,6.126949,1.937299,0.47794,0.21701,4.661594,0.268152,0.125489,,
both_highwin_highwin_exec,双入口高胜率执行,300705.SZ,九典制药,2024-07-19,0.262724,box,104.670173,114.185643,98.013428,112.756281,True,7.641326,2.688266,0.653557,0.151803,2.436768,0.262724,0.112717,,
both_highwin_highwin_exec,双入口高胜率执行,002180.SZ,纳思达,2024-07-19,0.23723,box,85.228947,91.440601,77.724511,90.305477,True,4.145455,1.606955,0.505237,0.176638,2.731598,0.23723,0.105565,,
both_highwin_highwin_exec,双入口高胜率执行,600320.SH,振华重工,2024-07-22,0.322843,box,4.724877,4.853972,4.156859,4.815243,True,1.634877,1.68626,0.646091,0.143486,8.350001,0.322843,0.131271,,
both_highwin_highwin_exec,双入口高胜率执行,600654.SH,中安科,2024-07-22,0.260982,box,2.41519,2.641293,2.209642,2.610461,True,8.547009,3.616868,0.600993,0.157134,12.1279,0.260982,0.127823,,
both_highwin_highwin_exec,双入口高胜率执行,600482.SH,中国动力,2024-07-22,0.245444,box,24.354861,25.26503,18.84154,24.815176,True,1.584582,1.289327,0.374996,0.07564,13.693582,0.245444,0.111051,,
both_highwin_highwin_exec,双入口高胜率执行,601328.SH,交通银行,2024-07-23,0.197192,box,17.73619,18.234798,16.436172,18.044852,True,1.876676,1.060123,0.599815,0.492118,3.118818,0.197192,0.118037,,
both_highwin_highwin_exec,双入口高胜率执行,601077.SH,渝农商行,2024-07-23,0.190223,box,6.930641,7.158976,6.394817,7.078387,True,2.131783,1.114989,0.53691,0.475526,1.344212,0.190223,0.10639,,
both_highwin_highwin_exec,双入口高胜率执行,600919.SH,江苏银行,2024-07-23,0.15125,box,11.974623,12.236954,11.1722,12.051779,True,0.514801,1.084742,0.717377,0.441579,1.558526,0.15125,0.10261,,
both_highwin_highwin_exec,双入口高胜率执行,603606.SH,东方电缆,2024-07-24,0.270299,box,197.002968,206.661992,183.768052,205.593334,True,3.991684,1.564723,0.498223,0.300215,5.642384,0.270299,0.118234,,
both_highwin_highwin_exec,双入口高胜率执行,600377.SH,宁沪高速,2024-07-24,0.249107,box,26.896292,27.8539,25.917867,27.68736,True,2.386451,1.501774,0.573258,0.457802,2.152619,0.249107,0.129672,,
both_highwin_highwin_exec,双入口高胜率执行,601668.SH,中国建筑,2024-07-24,0.211409,box,12.320321,12.796797,11.753087,12.683351,True,2.757353,2.185728,0.751806,0.241478,7.608612,0.211409,0.117229,,
both_highwin_highwin_exec,双入口高胜率执行,600461.SH,洪城环境,2024-07-25,0.226162,box,45.858776,48.37104,43.306636,47.493741,True,2.938634,1.778256,0.629462,0.214823,4.836305,0.226162,0.107037,,
both_highwin_highwin_exec,双入口高胜率执行,601827.SH,三峰环境,2024-07-25,0.193737,box,9.873339,10.172867,9.252095,10.15068,True,2.348993,1.773015,0.661666,0.359199,5.143272,0.193737,0.113753,,
both_highwin_highwin_exec,双入口高胜率执行,601326.SH,秦港股份,2024-07-25,0.176286,box,3.863968,3.95879,3.561851,3.935084,True,1.840491,1.300886,0.735747,0.459691,4.78842,0.176286,0.100033,,
both_highwin_highwin_exec,双入口高胜率执行,002202.SZ,金风科技,2024-07-26,0.205305,box,22.381854,24.237345,18.728857,23.88944,True,5.776637,4.252072,0.465508,0.21,20.549414,0.205305,0.105419,,
both_highwin_highwin_exec,双入口高胜率执行,600962.SH,国投中鲁,2024-07-26,0.198842,box,15.587459,17.021242,13.943213,16.968627,True,8.403361,2.963675,0.490599,0.243121,9.407083,0.198842,0.096999,,
both_highwin_highwin_exec,双入口高胜率执行,600372.SH,中航机载,2024-07-26,0.193148,box,26.530247,27.40728,24.46922,27.385354,True,3.052805,2.249333,0.736389,0.441089,6.952105,0.193148,0.109441,,
both_highwin_highwin_exec,双入口高胜率执行,600958.SH,东方证券,2024-07-29,0.332446,box,9.709711,10.049976,8.737525,9.940605,True,2.25,2.205556,0.675529,0.200657,10.375252,0.332446,0.121411,,
both_highwin_highwin_exec,双入口高胜率执行,600879.SH,航天电子,2024-07-29,0.323524,box,18.288687,18.754641,16.105631,18.544962,True,2.709677,2.02058,0.65946,0.130062,11.800344,0.323524,0.116245,,
both_highwin_highwin_exec,双入口高胜率执行,600765.SH,中航重机,2024-07-29,0.290956,box,43.974483,45.176824,38.408093,44.508857,True,1.061678,1.380874,0.584568,0.118503,17.147005,0.290956,0.114305,,
both_highwin_highwin_exec,双入口高胜率执行,600217.SH,中再资环,2024-07-30,0.293214,box,4.419168,4.699751,3.577422,4.619584,True,4.063205,2.127441,0.432542,0.075651,8.457409,0.293214,0.129309,,
both_highwin_highwin_exec,双入口高胜率执行,600170.SH,上海建工,2024-07-30,0.257402,box,20.323802,21.030717,18.291422,20.942353,True,2.597403,2.215559,0.690873,0.197868,13.406904,0.257402,0.130259,,
both_highwin_highwin_exec,双入口高胜率执行,002726.SZ,龙大美食,2024-07-30,0.240143,box,32.318731,33.434774,28.180074,33.434774,True,3.156385,1.263661,0.643555,0.23513,10.203201,0.240143,0.10602,,
both_highwin_highwin_exec,双入口高胜率执行,601198.SH,东兴证券,2024-07-31,0.371271,box,9.221069,9.958754,8.472206,9.82463,True,6.804374,2.762497,0.67208,0.09048,11.300206,0.371271,0.130573,,
both_highwin_highwin_exec,双入口高胜率执行,600909.SH,华安证券,2024-07-31,0.357072,box,5.580726,5.881034,4.917545,5.856008,True,5.168539,2.384968,0.633045,0.140159,10.283895,0.357072,0.131954,,
both_highwin_highwin_exec,双入口高胜率执行,000728.SZ,国元证券,2024-07-31,0.35244,box,14.382719,15.149196,12.939938,14.991392,True,4.231975,2.689691,0.656721,0.193159,8.784555,0.35244,0.127495,,
both_highwin_highwin_exec,双入口高胜率执行,002617.SZ,露笑科技,2024-08-01,0.298072,box,44.268269,45.285031,35.039195,44.737543,True,0.704225,1.303878,0.42606,0.10311,15.485855,0.298072,0.118229,,
both_highwin_highwin_exec,双入口高胜率执行,000159.SZ,国际实业,2024-08-01,0.294884,box,12.412739,13.243169,10.555199,13.243169,True,5.391304,3.076164,0.587024,0.169939,19.875846,0.294884,0.12673,,
both_highwin_highwin_exec,双入口高胜率执行,002405.SZ,四维图新,2024-08-01,0.276621,box,28.212665,28.773712,23.083089,28.533263,True,0.992908,1.359877,0.564408,0.120984,13.790856,0.276621,0.109822,,
both_highwin_highwin_exec,双入口高胜率执行,002399.SZ,海普瑞,2024-08-02,0.27484,box,38.007807,39.525085,30.724874,38.804378,True,1.287129,1.191243,0.441654,0.248278,8.121652,0.27484,0.125547,,
both_highwin_highwin_exec,双入口高胜率执行,600548.SH,深高速,2024-08-02,0.213848,box,20.894645,21.261896,19.510912,21.18458,True,0.827967,1.366285,0.736667,0.220227,9.450612,0.213848,0.117855,,
both_highwin_highwin_exec,双入口高胜率执行,600820.SH,隧道股份,2024-08-02,0.208212,box,20.52035,20.814338,18.580031,20.696743,True,0.859599,1.175607,0.720392,0.251288,11.197644,0.208212,0.109844,,
both_highwin_highwin_exec,双入口高胜率执行,600234.SH,科新发展,2024-08-05,0.158458,box,4.201705,4.31375,2.899176,4.285739,True,4.43686,3.710268,0.231203,0.234484,32.382164,0.158458,0.123624,,
both_highwin_highwin_exec,双入口高胜率执行,002141.SZ,贤丰控股,2024-08-05,0.137338,box,7.208853,7.492666,5.165398,7.435903,True,3.968254,2.224934,0.245,0.116783,29.644069,0.137338,0.059157,,
both_highwin_highwin_exec,双入口高胜率执行,300347.SZ,泰格医药,2024-08-06,0.278636,box,727.614652,738.592697,595.079691,733.997236,True,2.495544,1.239081,0.467382,0.108143,11.821671,0.278636,0.10888,,
both_highwin_highwin_exec,双入口高胜率执行,688399.SH,硕世生物,2024-08-06,0.265142,box,88.072346,89.725812,75.103328,88.859711,True,1.191239,1.223736,0.463393,0.204451,14.084537,0.265142,0.132243,,
both_highwin_highwin_exec,双入口高胜率执行,002046.SZ,国机精工,2024-08-06,0.254114,box,26.909684,29.259762,23.75903,28.898212,True,8.640777,3.803803,0.490303,0.12,22.113307,0.254114,0.108431,,
both_highwin_highwin_exec,双入口高胜率执行,603227.SH,雪峰科技,2024-08-07,0.323374,box,15.511273,16.11128,13.777922,15.911278,True,2.432046,2.632201,0.469315,0.251142,14.999135,0.323374,0.149749,,
both_highwin_highwin_exec,双入口高胜率执行,688085.SH,三友医疗,2024-08-07,0.312265,box,22.787934,23.195302,18.640184,22.911379,True,2.484815,2.075532,0.531278,0.135,17.451174,0.312265,0.137006,,
both_highwin_highwin_exec,双入口高胜率执行,603444.SH,吉比特,2024-08-07,0.298962,box,229.009312,246.298257,192.808225,241.617407,True,3.963184,2.710212,0.410482,0.12,25.943545,0.298962,0.130575,,
both_highwin_highwin_exec,双入口高胜率执行,002515.SZ,金字火腿,2024-08-08,0.280348,box,47.707645,50.619379,40.876269,49.947441,True,3.240741,2.329607,0.550911,0.135,20.908595,0.280348,0.133453,,
both_highwin_highwin_exec,双入口高胜率执行,600521.SH,华海药业,2024-08-08,0.279573,box,79.652998,82.557723,72.391186,81.695383,True,1.694915,1.239242,0.700941,0.216936,10.090993,0.279573,0.11881,,
both_highwin_highwin_exec,双入口高胜率执行,000788.SZ,北大医药,2024-08-08,0.240139,box,12.85864,13.202454,11.3917,13.019086,True,1.792115,1.175506,0.573202,0.095118,13.910222,0.240139,0.116547,,
both_highwin_highwin_exec,双入口高胜率执行,600668.SH,尖峰集团,2024-08-09,0.295362,box,11.320337,11.716868,9.580714,11.563372,True,2.262443,2.523983,0.539207,0.135,18.92322,0.295362,0.128662,,
both_highwin_highwin_exec,双入口高胜率执行,600666.SH,奥瑞德,2024-08-09,0.235622,box,5.039867,5.309173,4.847505,5.309173,True,5.343511,2.58019,0.558262,0.311372,6.823513,0.235622,0.123297,,
both_highwin_highwin_exec,双入口高胜率执行,688428.SH,诺诚健华,2024-08-09,0.228973,box,9.44,9.67,8.68,9.62,True,2.449414,1.49589,0.390747,0.410114,9.524436,0.228973,0.118721,,
both_highwin_highwin_exec,双入口高胜率执行,002755.SZ,奥赛康,2024-08-12,0.287925,box,19.157846,19.749248,16.648867,19.390823,True,2.656546,1.24381,0.540935,0.217445,17.388292,0.287925,0.119403,,
both_highwin_highwin_exec,双入口高胜率执行,600273.SH,嘉化能源,2024-08-12,0.248058,box,10.704429,10.959634,9.329158,10.860388,True,1.188904,1.35172,0.608601,0.045,15.226981,0.248058,0.122422,,
both_highwin_highwin_exec,双入口高胜率执行,300012.SZ,华测检测,2024-08-12,0.230011,box,229.959532,237.428303,207.749765,234.283557,True,2.758621,1.565694,0.439651,0.312815,11.978007,0.230011,0.102077,,
both_highwin_highwin_exec,双入口高胜率执行,688189.SH,南新制药,2024-08-13,0.252887,box,12.90091,13.11823,10.786978,13.11823,True,1.219512,1.488101,0.44159,0.171802,18.146107,0.252887,0.125388,,
both_highwin_highwin_exec,双入口高胜率执行,002461.SZ,珠江啤酒,2024-08-13,0.207817,box,19.184393,19.473047,17.474673,19.450843,True,1.271676,1.342696,0.485687,0.258731,10.538523,0.207817,0.114673,,
both_highwin_highwin_exec,双入口高胜率执行,600177.SH,雅戈尔,2024-08-13,0.194704,box,32.302385,32.780617,29.780799,32.606714,True,0.942127,1.145017,0.748348,0.320414,8.33466,0.194704,0.112593,,
both_highwin_highwin_exec,双入口高胜率执行,603130.SH,云中马,2024-08-14,0.194228,box,19.629712,19.926512,18.196886,19.824167,True,0.990615,1.321809,0.674379,0.502595,4.430581,0.194228,0.110006,,
both_highwin_highwin_exec,双入口高胜率执行,600874.SH,创业环保,2024-08-14,0.1578,box,7.10927,7.182688,6.607584,7.133743,True,0.344234,1.162093,0.744358,0.371175,4.550296,0.1578,0.102588,,
both_highwin_highwin_exec,双入口高胜率执行,600548.SH,深高速,2024-08-14,0.141463,box,20.566052,21.029948,19.618931,20.952632,True,1.784038,1.201678,0.729267,0.363171,7.097544,0.141463,0.094203,,
both_highwin_highwin_exec,双入口高胜率执行,688290.SH,景业智能,2024-08-15,0.334201,box,38.769439,39.956753,33.002485,39.714444,True,3.244094,1.227644,0.413269,0.246977,10.303305,0.334201,0.135478,,
both_highwin_highwin_exec,双入口高胜率执行,688266.SH,泽璟制药-U,2024-08-15,0.281421,box,56.0,58.35,49.0,57.7,True,3.497758,1.999977,0.634385,0.294693,9.410606,0.281421,0.12159,,
both_highwin_highwin_exec,双入口高胜率执行,601611.SH,中国核建,2024-08-15,0.253734,box,8.552469,8.94802,7.906821,8.862496,True,3.366584,1.873302,0.708713,0.387132,4.103868,0.253734,0.132628,,
both_highwin_highwin_exec,双入口高胜率执行,601898.SH,中煤能源,2024-08-16,0.276872,box,17.541902,17.857026,15.112822,17.765115,True,1.121076,1.059142,0.633481,0.190072,14.366953,0.276872,0.113532,,
both_highwin_highwin_exec,双入口高胜率执行,300566.SZ,激智科技,2024-08-16,0.242481,box,44.795396,46.916964,40.976574,46.068337,True,2.564103,2.446953,0.53753,0.287696,7.364622,0.242481,0.116713,,
both_highwin_highwin_exec,双入口高胜率执行,688338.SH,赛科希德,2024-08-16,0.231255,box,30.821805,31.974773,27.644437,31.599388,True,3.150985,1.561409,0.685948,0.300662,7.796779,0.231255,0.117341,,
both_highwin_highwin_exec,双入口高胜率执行,603508.SH,思维列控,2024-08-19,0.241604,box,47.70002,49.87236,38.644791,48.957691,True,7.967726,1.894367,0.387178,0.207421,12.87223,0.241604,0.094088,,
both_highwin_highwin_exec,双入口高胜率执行,601658.SH,邮储银行,2024-08-19,0.22086,box,6.29595,6.422884,5.96592,6.422884,True,2.016129,1.317499,0.757618,0.393638,5.22855,0.22086,0.116234,,
both_highwin_highwin_exec,双入口高胜率执行,601838.SH,成都银行,2024-08-19,0.218344,box,19.723218,20.508356,19.019301,20.508356,True,4.123711,2.291361,0.806397,0.400049,5.0932,0.218344,0.125905,,
both_highwin_highwin_exec,双入口高胜率执行,601928.SH,凤凰传媒,2024-08-20,0.283137,box,16.707817,16.923402,14.798352,16.861806,True,0.828729,1.05907,0.649513,0.154277,7.555172,0.283137,0.117764,,
both_highwin_highwin_exec,双入口高胜率执行,002309.SZ,中利集团,2024-08-20,0.198627,box,6.639112,7.091779,5.658334,7.091779,True,5.027933,1.929776,0.46849,0.146355,22.385298,0.198627,0.144612,,
both_highwin_highwin_exec,双入口高胜率执行,300113.SZ,顺网科技,2024-08-20,0.151756,box,126.458516,136.622471,111.567139,134.731503,True,7.042254,4.557962,0.626192,0.12924,11.635501,0.151756,0.095897,,
both_highwin_highwin_exec,双入口高胜率执行,603360.SH,百傲化学,2024-08-21,0.224347,box,56.651765,60.541009,50.653894,59.510125,True,5.481728,2.770554,0.637235,0.293038,15.008581,0.224347,0.111847,,
both_highwin_highwin_exec,双入口高胜率执行,689009.SH,九号公司-WD,2024-08-21,0.193627,box,45.830574,49.002762,36.273726,48.589874,True,5.395369,1.286866,0.35688,0.124107,8.826557,0.193627,0.098494,,
both_highwin_highwin_exec,双入口高胜率执行,688500.SH,慧辰股份,2024-08-21,0.189165,box,31.790031,33.023525,29.734209,32.672531,True,2.646503,2.073693,0.573155,0.252396,2.693822,0.189165,0.09985,,
both_highwin_highwin_exec,双入口高胜率执行,688187.SH,时代电气,2024-08-22,0.244403,box,57.091351,59.660878,54.095304,58.495749,True,2.050817,1.282121,0.566873,0.368452,6.368864,0.244403,0.106892,,
both_highwin_highwin_exec,双入口高胜率执行,600900.SH,长江电力,2024-08-22,0.172918,box,76.835052,78.387276,75.101736,78.232053,True,1.647059,1.206137,0.645959,0.575052,2.436128,0.172918,0.118278,,
both_highwin_highwin_exec,双入口高胜率执行,600025.SH,华能水电,2024-08-22,0.164022,box,14.367613,14.814337,13.437944,14.79019,True,2.768456,1.119188,0.627433,0.404251,8.159419,0.164022,0.112952,,
both_highwin_highwin_exec,双入口高胜率执行,000333.SZ,美的集团,2024-08-23,0.190624,box,342.224499,352.705125,316.771552,350.031496,True,2.137619,1.294014,0.726053,0.359349,8.331522,0.190624,0.119488,,
both_highwin_highwin_exec,双入口高胜率执行,601318.SH,中国平安,2024-08-23,0.169324,box,121.039104,125.127485,115.799067,124.810779,True,3.931911,2.781533,0.789282,0.448817,6.880282,0.169324,0.108412,,
both_highwin_highwin_exec,双入口高胜率执行,601199.SH,江南水务,2024-08-23,0.154688,box,25.515661,25.902262,24.404183,25.902262,True,1.515152,1.080216,0.716453,0.378689,6.271789,0.154688,0.1011,,
both_highwin_highwin_exec,双入口高胜率执行,600375.SH,汉马科技,2024-08-26,0.241888,box,4.870133,4.979574,4.290095,4.979574,True,2.477477,1.141071,0.515675,0.23407,4.647054,0.241888,0.1139,,
both_highwin_highwin_exec,双入口高胜率执行,601628.SH,中国人寿,2024-08-26,0.230639,box,41.1811,41.616607,37.095012,41.565371,True,1.216469,1.068283,0.721244,0.304441,10.086653,0.230639,0.123225,,
both_highwin_highwin_exec,双入口高胜率执行,000902.SZ,新洋丰,2024-08-26,0.228245,box,27.884808,28.470131,24.630409,28.423305,True,2.102607,1.450131,0.61448,0.500515,3.456508,0.228245,0.115648,,
both_highwin_highwin_exec,双入口高胜率执行,002202.SZ,金风科技,2024-08-27,0.23638,box,23.469437,24.526884,21.325171,24.233148,True,3.643216,3.531509,0.427031,0.256089,7.89514,0.23638,0.12832,,
both_highwin_highwin_exec,双入口高胜率执行,002294.SZ,信立泰,2024-08-27,0.218583,box,332.364153,347.685905,324.231839,345.800151,True,5.463695,2.634771,0.669607,0.413978,2.39391,0.218583,0.122612,,
both_highwin_highwin_exec,双入口高胜率执行,601728.SH,中国电信,2024-08-27,0.209477,box,7.064326,7.212211,6.461413,7.189459,True,1.282051,1.102378,0.691244,0.278381,11.168103,0.209477,0.110025,,
both_highwin_highwin_exec,双入口高胜率执行,688273.SH,麦澜德,2024-08-28,0.242536,box,21.523076,22.195339,19.602326,22.056618,True,2.733598,1.527914,0.69496,0.130475,6.416167,0.242536,0.117662,,
both_highwin_highwin_exec,双入口高胜率执行,002597.SZ,金禾实业,2024-08-28,0.23924,box,115.601335,119.401927,99.026531,117.184915,True,6.321839,2.834209,0.589696,0.152719,10.100771,0.23924,0.098146,,
both_highwin_highwin_exec,双入口高胜率执行,600415.SH,小商品城,2024-08-28,0.221124,box,78.020056,78.398794,68.835656,77.736002,True,1.108374,1.594777,0.639052,0.107669,11.036729,0.221124,0.109937,,
both_highwin_highwin_exec,双入口高胜率执行,603117.SH,万林物流,2024-08-29,0.272056,box,6.505747,6.891053,6.357552,6.787317,True,4.328018,2.516653,0.382463,0.477375,2.361777,0.272056,0.096035,,
both_highwin_highwin_exec,双入口高胜率执行,603115.SH,海星股份,2024-08-29,0.254575,box,12.745371,13.253204,11.605843,13.216046,True,3.491756,2.341547,0.685723,0.185211,10.248054,0.254575,0.137564,,
both_highwin_highwin_exec,双入口高胜率执行,600968.SH,海油发展,2024-08-29,0.246355,box,4.648538,4.726199,4.060537,4.70401,True,1.678657,1.688181,0.579063,0.201402,10.92061,0.246355,0.121055,,
both_highwin_highwin_exec,双入口高胜率执行,301363.SZ,美好医疗,2024-08-30,0.266391,box,29.280689,29.879289,26.034043,29.42273,True,0.450294,1.521556,0.62014,0.259612,5.567922,0.266391,0.112457,,
both_highwin_highwin_exec,双入口高胜率执行,605507.SH,国邦医药,2024-08-30,0.25715,box,18.861717,19.848792,17.542041,19.569836,True,6.417736,3.336306,0.675447,0.214041,4.5367,0.25715,0.138659,,
both_highwin_highwin_exec,双入口高胜率执行,002160.SZ,常铝股份,2024-08-30,0.256185,box,6.362855,6.52975,6.008204,6.488026,True,1.302932,1.913253,0.57544,0.361873,3.363646,0.256185,0.127337,,
both_highwin_highwin_exec,双入口高胜率执行,600488.SH,津药药业,2024-09-02,0.238838,box,6.210631,6.374934,5.734154,6.292782,True,1.591512,1.861303,0.648869,0.214817,4.06203,0.238838,0.12672,,
both_highwin_highwin_exec,双入口高胜率执行,605499.SH,东鹏饮料,2024-09-02,0.2371,box,248.256105,253.596741,235.040119,248.808945,True,4.645959,2.495894,0.644137,0.386219,2.928291,0.2371,0.114929,,
both_highwin_highwin_exec,双入口高胜率执行,301033.SZ,迈普医学,2024-09-02,0.235806,box,42.060029,43.657761,37.531427,42.945397,True,1.077844,1.469458,0.649408,0.22348,9.8187,0.235806,0.110718,,
both_highwin_highwin_exec,双入口高胜率执行,002734.SZ,利民股份,2024-09-03,0.339736,box,24.522147,25.365315,22.343962,25.259919,True,3.008596,2.266307,0.708547,0.242971,12.393977,0.339736,0.155456,,
both_highwin_highwin_exec,双入口高胜率执行,600718.SH,东软集团,2024-09-03,0.299497,box,11.597797,11.964191,10.484521,11.950099,True,3.163017,1.960906,0.674013,0.258483,11.623152,0.299497,0.142598,,
both_highwin_highwin_exec,双入口高胜率执行,688606.SH,奥泰生物,2024-09-03,0.282062,box,97.724693,100.802085,83.281931,99.578122,True,2.909288,2.273151,0.563015,0.189888,15.47394,0.282062,0.151209,,
both_highwin_highwin_exec,双入口高胜率执行,002580.SZ,圣阳股份,2024-09-04,0.264272,box,26.786855,28.176739,23.543792,27.755562,True,2.808112,2.198665,0.653917,0.045,15.516572,0.264272,0.128162,,
both_highwin_highwin_exec,双入口高胜率执行,002259.SZ,升达林业,2024-09-04,0.215586,box,6.400229,6.656238,5.657802,6.656238,True,4.83871,1.215834,0.62405,0.12,16.126531,0.215586,0.128324,,
both_highwin_highwin_exec,双入口高胜率执行,002193.SZ,如意集团,2024-09-04,0.200457,box,3.844584,4.009058,3.443678,3.937101,True,2.956989,1.704887,0.230863,0.241255,14.079747,0.200457,0.10787,,
both_highwin_highwin_exec,双入口高胜率执行,603707.SH,健友股份,2024-09-05,0.383404,box,47.417039,49.038795,40.350819,48.768502,True,3.609516,2.216529,0.548499,0.184165,16.908691,0.383404,0.164582,,
both_highwin_highwin_exec,双入口高胜率执行,300206.SZ,理邦仪器,2024-09-05,0.281185,box,61.674806,63.484676,53.878442,63.275845,True,2.944507,1.299392,0.627591,0.135,16.155092,0.281185,0.142217,,
both_highwin_highwin_exec,双入口高胜率执行,002721.SZ,金一文化,2024-09-05,0.268495,box,7.035503,7.492354,6.213172,7.461897,True,4.700855,2.961696,0.592859,0.12,18.896345,0.268495,0.134479,,
both_highwin_highwin_exec,双入口高胜率执行,601799.SH,星宇股份,2024-09-06,0.340641,box,162.685006,168.046811,144.651033,165.169745,True,1.584493,1.521109,0.624908,0.077025,12.869332,0.340641,0.1216,,
both_highwin_highwin_exec,双入口高胜率执行,600999.SH,招商证券,2024-09-06,0.184273,box,32.417083,32.565785,30.356495,32.034706,True,0.466356,2.178457,0.732138,0.378278,3.481053,0.184273,0.107812,,
both_highwin_highwin_exec,双入口高胜率执行,002456.SZ,欧菲光,2024-09-06,0.173379,box,166.411735,183.584445,152.918892,180.926764,True,8.455882,2.893822,0.593623,0.084643,11.8708,0.173379,0.081176,,
both_highwin_highwin_exec,双入口高胜率执行,002946.SZ,新乳业,2024-09-09,0.35037,box,9.590218,9.996318,8.205311,9.840125,True,1.503759,1.438522,0.523283,0.06,22.073938,0.35037,0.129754,,
both_highwin_highwin_exec,双入口高胜率执行,000029.SZ,深深房Ａ,2024-09-09,0.26038,box,11.968214,12.246295,11.123273,12.11795,True,1.341682,1.36808,0.714193,0.341494,10.234116,0.26038,0.113737,,
both_highwin_highwin_exec,双入口高胜率执行,603897.SH,长城科技,2024-09-09,0.256573,box,22.300849,22.657761,20.036304,22.485459,True,0.605727,1.177686,0.643172,0.216886,13.481312,0.256573,0.13624,,
both_highwin_highwin_exec,双入口高胜率执行,002625.SZ,光启技术,2024-09-10,0.271552,box,118.552766,128.788981,104.569962,127.384011,True,7.63143,2.883355,0.586808,0.18205,24.821268,0.271552,0.108873,,
both_highwin_highwin_exec,双入口高胜率执行,601900.SH,南方传媒,2024-09-10,0.257794,box,16.15724,16.449851,13.892682,16.424407,True,1.653543,1.099976,0.590651,0.178372,18.377594,0.257794,0.110017,,
both_highwin_highwin_exec,双入口高胜率执行,600007.SH,中国国贸,2024-09-10,0.247757,box,31.549559,31.786564,28.705498,31.716857,True,0.441501,1.477292,0.737517,0.241672,10.778597,0.247757,0.128712,,
both_highwin_highwin_exec,双入口高胜率执行,688278.SH,特宝生物,2024-09-11,0.273261,box,55.991467,58.659667,47.813739,58.639299,True,3.953782,1.205627,0.493567,0.40998,6.503397,0.273261,0.105915,,
both_highwin_highwin_exec,双入口高胜率执行,605369.SH,拱东医疗,2024-09-11,0.236589,box,62.446132,63.919604,54.995763,62.944207,True,0.397219,1.05762,0.647255,0.175497,10.951427,0.236589,0.118606,,
both_highwin_highwin_exec,双入口高胜率执行,688046.SH,药康生物,2024-09-11,0.21572,box,11.073816,11.815457,9.631172,11.744341,True,4.900181,1.435312,0.475296,0.161044,20.533557,0.21572,0.117493,,
both_highwin_highwin_exec,双入口高胜率执行,301356.SZ,天振股份,2024-09-12,0.314582,box,24.462799,25.667406,20.756314,25.278225,True,3.411676,3.083968,0.594604,0.095297,21.612562,0.314582,0.124781,,
both_highwin_highwin_exec,双入口高胜率执行,002132.SZ,恒星科技,2024-09-12,0.284698,box,8.658972,8.934485,8.029228,8.816408,True,2.283105,1.789249,0.743297,0.34456,10.902092,0.284698,0.125995,,
both_highwin_highwin_exec,双入口高胜率执行,688588.SH,凌志软件,2024-09-12,0.281941,box,7.785875,7.818182,6.332081,7.753569,True,0.139082,1.161646,0.536576,0.141864,19.714639,0.281941,0.12776,,
both_highwin_highwin_exec,双入口高胜率执行,688611.SH,杭州柯林,2024-09-13,0.321978,box,54.688499,55.993033,47.24858,55.055399,True,0.670891,1.322447,0.615885,0.203867,12.621325,0.321978,0.133921,,
both_highwin_highwin_exec,双入口高胜率执行,688265.SH,南模生物,2024-09-13,0.259935,box,21.552009,22.91606,19.804003,22.734187,True,5.485232,4.960105,0.596643,0.135,14.907443,0.259935,0.12215,,
both_highwin_highwin_exec,双入口高胜率执行,000571.SZ,新大洲A,2024-09-13,0.251821,box,3.201341,3.347807,2.939793,3.316421,True,3.257329,3.584257,0.713719,0.257599,14.571574,0.251821,0.142043,,
both_highwin_highwin_exec,双入口高胜率执行,603129.SH,春风动力,2024-09-18,0.314025,box,154.436652,160.880462,132.978764,160.128685,True,3.620821,1.11613,0.537252,0.213649,13.734053,0.314025,0.12275,,
both_highwin_highwin_exec,双入口高胜率执行,301004.SZ,嘉益股份,2024-09-18,0.268193,box,96.901122,100.472416,83.330203,99.563359,True,2.770331,1.132193,0.489663,0.333262,4.671467,0.268193,0.117765,,
both_highwin_highwin_exec,双入口高胜率执行,001296.SZ,长江材料,2024-09-18,0.252453,box,27.227122,28.396963,25.679912,28.208279,True,3.603604,3.02929,0.677096,0.255778,6.98767,0.252453,0.127445,,
both_highwin_highwin_exec,双入口高胜率执行,603871.SH,嘉友国际,2024-09-19,0.292282,box,211.687811,216.364104,178.839702,214.995433,True,2.002165,1.241982,0.546198,0.223837,10.57322,0.292282,0.125786,,
both_highwin_highwin_exec,双入口高胜率执行,002847.SZ,盐津铺子,2024-09-19,0.291468,box,95.111908,100.245592,83.464503,98.488114,True,3.499392,1.534166,0.528917,0.248827,10.908853,0.291468,0.126405,,
both_highwin_highwin_exec,双入口高胜率执行,688429.SH,时创能源,2024-09-19,0.288092,box,17.030646,18.464067,13.833014,18.243541,True,8.204518,2.261289,0.463534,0.179927,20.163617,0.288092,0.123973,,
both_highwin_highwin_exec,双入口高胜率执行,002901.SZ,大博医疗,2024-09-20,0.28618,box,27.900136,28.263865,23.546089,28.156886,True,1.897019,1.217675,0.542371,0.313892,10.783347,0.28618,0.119705,,
both_highwin_highwin_exec,双入口高胜率执行,301236.SZ,软通动力,2024-09-20,0.273688,box,78.305369,84.258409,66.857216,83.113594,True,6.984969,2.007989,0.561292,0.086233,9.414866,0.273688,0.111304,,
both_highwin_highwin_exec,双入口高胜率执行,001979.SZ,招商蛇口,2024-09-20,0.261034,box,12.426594,13.033757,11.333702,12.925817,True,0.842105,1.417221,0.638219,0.200402,10.435365,0.261034,0.109718,,
both_highwin_highwin_exec,双入口高胜率执行,688611.SH,杭州柯林,2024-09-23,0.232221,box,56.054183,57.19565,47.24858,56.808366,True,1.345455,2.304174,0.618243,0.124475,8.779975,0.232221,0.103619,,
both_highwin_highwin_exec,双入口高胜率执行,600239.SH,云南城投,2024-09-23,0.231247,box,5.641,5.782734,5.130759,5.754387,True,1.5,1.6194,0.725936,0.188898,9.359854,0.231247,0.118005,,
both_highwin_highwin_exec,双入口高胜率执行,002949.SZ,华阳国际,2024-09-23,0.22027,box,10.702409,11.366938,9.769737,11.285329,True,4.422869,1.888603,0.709164,0.134154,7.754757,0.22027,0.121301,,
both_highwin_highwin_exec,双入口高胜率执行,603056.SH,603056.SH,2024-09-24,0.290481,box,13.084898,14.32859,12.489179,14.130017,True,8.507223,2.196424,0.691482,0.186189,1.401137,0.290481,0.128925,,
both_highwin_highwin_exec,双入口高胜率执行,000959.SZ,首钢股份,2024-09-24,0.283583,box,2.942267,3.118583,2.743912,3.118583,True,5.992509,2.472953,0.735808,0.03,2.261454,0.283583,0.124945,,
both_highwin_highwin_exec,双入口高胜率执行,600998.SH,九州通,2024-09-24,0.273928,box,14.628276,15.831468,13.773377,15.704816,True,8.061002,2.946057,0.667054,0.13696,-2.506566,0.273928,0.108982,,
both_highwin_highwin_exec,双入口高胜率执行,600928.SH,西安银行,2024-09-25,0.306937,box,3.899901,4.034803,3.54425,3.973484,True,2.857143,2.29705,0.657938,0.075,1.108638,0.306937,0.125629,,
both_highwin_highwin_exec,双入口高胜率执行,000963.SZ,华东医药,2024-09-25,0.301353,box,124.170449,128.603586,114.34595,126.429644,True,2.986111,2.094446,0.649279,0.232349,-0.753565,0.301353,0.116157,,
both_highwin_highwin_exec,双入口高胜率执行,600113.SH,浙江东日,2024-09-25,0.299258,box,21.890418,22.291341,19.271051,21.890418,True,0.986436,2.58829,0.659658,0.456426,-3.123467,0.299258,0.126421,,
both_highwin_highwin_exec,双入口高胜率执行,601528.SH,瑞丰银行,2024-09-26,0.378279,box,6.689461,6.997989,6.072403,6.983965,True,4.402516,1.973572,0.693459,0.15,-0.271756,0.378279,0.147586,,
both_highwin_highwin_exec,双入口高胜率执行,600926.SH,杭州银行,2024-09-26,0.369816,box,31.843734,33.07038,28.752586,33.045847,True,3.69515,1.46058,0.629505,0.153873,0.75312,0.369816,0.140218,,
both_highwin_highwin_exec,双入口高胜率执行,000900.SZ,现代投资,2024-09-26,0.36849,box,20.286502,21.102313,18.111006,21.102313,True,4.021448,3.116807,0.614865,0.18,1.200306,0.36849,0.155624,,
both_highwin_highwin_exec,双入口高胜率执行,688981.SH,中芯国际,2024-09-27,0.396702,box,47.0,50.0,42.4,49.99,True,7.830026,1.875071,0.563044,0.112918,-0.873589,0.396702,0.135675,,
both_highwin_highwin_exec,双入口高胜率执行,600697.SH,欧亚集团,2024-09-27,0.383011,box,13.909851,14.054199,11.954598,13.949219,True,2.309913,1.302182,0.654129,0.204977,-4.466925,0.383011,0.139628,,
both_highwin_highwin_exec,双入口高胜率执行,002481.SZ,双塔食品,2024-09-27,0.372176,box,81.451796,85.188117,71.737361,83.880404,True,3.935185,3.680324,0.532403,0.199447,-2.860163,0.372176,0.145804,,
both_highwin_highwin_exec,双入口高胜率执行,603067.SH,振华股份,2024-09-30,0.437222,box,26.065946,27.476676,21.660128,27.129419,True,8.131488,2.512905,0.354173,0.192702,-3.615834,0.437222,0.137477,,
both_highwin_highwin_exec,双入口高胜率执行,603639.SH,海利尔,2024-09-30,0.371139,box,40.322802,42.505989,33.905556,42.406753,True,8.368555,2.595541,0.53743,0.269979,-7.943626,0.371139,0.146729,,
both_highwin_highwin_exec,双入口高胜率执行,002774.SZ,快意电梯,2024-09-30,0.347157,box,7.572504,8.010784,6.391583,7.962086,True,8.278146,2.978868,0.540968,0.15,-7.086087,0.347157,0.154329,,
both_highwin_highwin_exec,双入口高胜率执行,603619.SH,中曼石油,2024-10-08,0.226621,box,25.751994,25.751994,18.182888,25.379394,True,8.412915,2.879142,0.278279,0.045,2.529438,0.226621,0.097297,,
both_highwin_highwin_exec,双入口高胜率执行,000688.SZ,国城矿业,2024-10-08,0.214515,box,13.596127,13.596127,8.841031,13.362934,True,8.121411,3.073406,0.238075,0.09,13.537777,0.214515,0.118374,,
both_highwin_highwin_exec,双入口高胜率执行,603058.SH,永吉股份,2024-10-08,0.209703,box,10.559688,10.559688,7.511172,10.432184,True,8.695652,3.722339,0.37561,0.135,1.232971,0.209703,0.10252,,
both_highwin_highwin_exec,双入口高胜率执行,002721.SZ,金一文化,2024-10-10,0.199813,box,8.101488,8.497426,6.700479,8.497426,True,4.887218,2.088789,0.334762,0.105,-9.796577,0.199813,0.089406,,
both_highwin_highwin_exec,双入口高胜率执行,000796.SZ,凯撒旅业,2024-10-10,0.195554,box,3.822936,3.885779,3.142139,3.885779,True,5.09915,3.007199,0.51604,0.186648,-5.793229,0.195554,0.127524,,
both_highwin_highwin_exec,双入口高胜率执行,000889.SZ,中嘉博创,2024-10-10,0.19437,box,2.732893,2.91988,2.243849,2.891113,True,4.145078,2.305757,0.440877,0.156996,-6.150922,0.19437,0.100992,,
both_highwin_highwin_exec,双入口高胜率执行,601825.SH,沪农商行,2024-10-14,0.20471,box,9.90862,10.427462,7.921476,10.262951,True,5.598958,2.365321,0.375551,0.12,-2.503077,0.20471,0.113058,,
both_highwin_highwin_exec,双入口高胜率执行,600603.SH,广汇物流,2024-10-14,0.204222,box,13.769622,14.154787,11.3142,14.154787,True,4.626335,1.142327,0.431341,0.16072,-10.005343,0.204222,0.110556,,
both_highwin_highwin_exec,双入口高胜率执行,601939.SH,建设银行,2024-10-14,0.195851,box,18.3446,19.189564,15.498408,19.011677,True,4.779412,1.425348,0.528409,0.105,-6.815127,0.195851,0.089199,,
both_highwin_highwin_exec,双入口高胜率执行,002124.SZ,天邦食品,2024-10-15,0.219623,box,19.884911,20.854907,16.732425,20.612408,True,3.658537,2.047625,0.486985,0.163188,1.399586,0.219623,0.109799,,
both_highwin_highwin_exec,双入口高胜率执行,603992.SH,松霖科技,2024-10-15,0.191624,box,21.156366,22.741194,16.553852,22.393834,True,4.561581,1.716313,0.367896,0.0,13.818194,0.191624,0.110011,,
both_highwin_highwin_exec,双入口高胜率执行,605122.SH,四方新材,2024-10-15,0.1884,box,15.39174,16.577919,12.104739,16.334967,True,4.862385,3.651956,0.354464,0.135,12.102498,0.1884,0.093336,,
both_highwin_highwin_exec,双入口高胜率执行,002307.SZ,北新路桥,2024-10-16,0.182501,box,14.433163,15.863856,11.613857,15.779697,True,7.758621,2.891101,0.275298,0.135,13.195921,0.182501,0.068999,,
both_highwin_highwin_exec,双入口高胜率执行,002052.SZ,同洲电子,2024-10-16,0.18032,box,5.349195,5.469854,3.438768,5.469854,True,5.019305,3.057234,0.25,0.262296,29.765372,0.18032,0.082494,,
both_highwin_highwin_exec,双入口高胜率执行,603519.SH,立霸股份,2024-10-16,0.159613,box,56.908513,59.32511,41.413855,59.32511,True,5.47599,2.298624,0.275835,0.06,11.810275,0.159613,0.055925,,
both_highwin_highwin_exec,双入口高胜率执行,000809.SZ,和展能源,2024-10-17,0.196746,box,5.250159,5.364293,4.382742,5.341466,True,2.183406,1.211094,0.61015,0.09,8.419614,0.196746,0.125829,,
both_highwin_highwin_exec,双入口高胜率执行,300137.SZ,先河环保,2024-10-17,0.194789,box,24.806297,26.233004,16.614236,26.094936,True,5.194805,2.206968,0.241784,0.06,35.969837,0.194789,0.107867,,
both_highwin_highwin_exec,双入口高胜率执行,002779.SZ,中坚科技,2024-10-17,0.185831,box,58.807499,61.655726,42.647241,60.467696,True,2.849741,1.475277,0.237338,0.105,13.744061,0.185831,0.080842,,
both_highwin_highwin_exec,双入口高胜率执行,600725.SH,云维股份,2024-10-18,0.201159,box,11.318893,11.759889,8.195173,11.576141,True,2.941176,1.870322,0.297381,0.06,16.111167,0.201159,0.110701,,
both_highwin_highwin_exec,双入口高胜率执行,001238.SZ,浙江正特,2024-10-18,0.193366,box,26.581973,27.217037,20.765591,27.03559,True,1.706485,1.284656,0.312573,0.09,11.701338,0.193366,0.111283,,
both_highwin_highwin_exec,双入口高胜率执行,600469.SH,风神股份,2024-10-18,0.192939,box,12.647732,13.049828,9.814786,12.940165,True,2.460203,1.301473,0.284327,0.075,11.236687,0.192939,0.106248,,
both_highwin_highwin_exec,双入口高胜率执行,600671.SH,天目药业,2024-10-21,0.201174,box,7.62,8.1,6.09,8.1,True,5.058366,1.398302,0.342857,0.224164,14.24561,0.201174,0.112953,,
both_highwin_highwin_exec,双入口高胜率执行,600256.SH,广汇能源,2024-10-21,0.200453,box,61.463641,65.17674,45.031202,64.149713,True,4.774194,1.737307,0.283815,0.06,14.991876,0.200453,0.097238,,
both_highwin_highwin_exec,双入口高胜率执行,001207.SZ,联科科技,2024-10-21,0.199807,box,17.745298,18.692288,13.333186,18.337167,True,4.347826,1.813234,0.314818,0.10424,11.218039,0.199807,0.124388,,
both_highwin_highwin_exec,双入口高胜率执行,603023.SH,威帝股份,2024-10-22,0.201291,box,15.203479,15.894546,12.992064,15.894546,True,5.022831,1.703226,0.499572,0.102924,13.986001,0.201291,0.105722,,
both_highwin_highwin_exec,双入口高胜率执行,600287.SH,苏豪时尚,2024-10-22,0.19941,box,3.992066,4.220184,3.262089,4.208779,True,4.829545,1.166718,0.325849,0.287627,9.225323,0.19941,0.116764,,
both_highwin_highwin_exec,双入口高胜率执行,600711.SH,盛屯矿业,2024-10-22,0.198949,box,21.915352,22.900839,15.814719,22.900839,True,4.946237,1.183805,0.212085,0.104159,17.16727,0.198949,0.101507,,
both_highwin_highwin_exec,双入口高胜率执行,002490.SZ,山东墨龙,2024-10-23,0.202773,box,4.394951,4.640251,3.761261,4.599368,True,3.686636,1.304159,0.403421,0.296781,3.73125,0.202773,0.105161,,
both_highwin_highwin_exec,双入口高胜率执行,002951.SZ,金时科技,2024-10-23,0.194664,box,7.278587,7.278587,5.435102,7.257397,True,4.740061,3.920351,0.248322,0.308019,14.304952,0.194664,0.095586,,
both_highwin_highwin_exec,双入口高胜率执行,002479.SZ,富春环保,2024-10-23,0.192213,box,21.338852,22.280272,16.721412,22.100954,True,3.571429,1.115129,0.282386,0.058749,14.215746,0.192213,0.098975,,
both_highwin_highwin_exec,双入口高胜率执行,603608.SH,天创时尚,2024-10-24,0.197472,box,4.942788,5.229788,4.368787,5.229788,True,5.128205,1.672079,0.410897,0.181472,17.625876,0.197472,0.087391,,
both_highwin_highwin_exec,双入口高胜率执行,603115.SH,海星股份,2024-10-24,0.194312,box,16.981442,17.080531,13.092184,16.845194,True,0.666173,1.109793,0.270165,0.136327,6.744121,0.194312,0.126653,,
both_highwin_highwin_exec,双入口高胜率执行,000889.SZ,中嘉博创,2024-10-24,0.193913,box,2.905496,3.034949,2.373301,2.991798,True,2.970297,1.09343,0.321894,0.134947,5.207403,0.193913,0.100388,,
both_highwin_highwin_exec,双入口高胜率执行,002310.SZ,东方新能,2024-10-25,0.213972,box,65.142158,67.468664,57.232039,67.468664,True,4.316547,1.166095,0.554807,0.258283,5.625801,0.213972,0.106143,,
both_highwin_highwin_exec,双入口高胜率执行,600375.SH,汉马科技,2024-10-25,0.207202,box,5.778495,6.073986,5.242233,6.063042,True,4.725898,1.546063,0.387051,0.280198,7.059258,0.207202,0.110211,,
both_highwin_highwin_exec,双入口高胜率执行,001359.SZ,平安电工,2024-10-25,0.196567,box,24.853787,25.318911,18.918403,25.298688,True,1.748678,1.193827,0.335313,0.118377,12.883839,0.196567,0.097485,,
both_highwin_highwin_exec,双入口高胜率执行,000738.SZ,航发控制,2024-10-28,0.205268,box,24.322102,25.395744,18.520311,24.962158,True,2.588036,1.15584,0.321652,0.050404,10.390349,0.205268,0.09979,,
both_highwin_highwin_exec,双入口高胜率执行,002748.SZ,世龙实业,2024-10-28,0.200964,box,13.159373,13.696929,11.798281,13.589418,True,3.436989,1.094394,0.621165,0.174264,12.291165,0.200964,0.114795,,
both_highwin_highwin_exec,双入口高胜率执行,603699.SH,纽威股份,2024-10-28,0.199836,box,31.169887,33.830402,23.477401,33.425247,True,6.543263,1.318493,0.24344,0.076131,15.979532,0.199836,0.094137,,
both_highwin_highwin_exec,双入口高胜率执行,603181.SH,皇马科技,2024-10-29,0.204642,box,34.723562,36.57256,27.985686,36.102476,True,3.877367,1.836676,0.287596,0.13783,10.390922,0.204642,0.11775,,
both_highwin_highwin_exec,双入口高胜率执行,002721.SZ,金一文化,2024-10-29,0.202768,box,9.563411,9.989805,7.431441,9.807065,True,2.875399,1.33757,0.237903,0.133969,7.743359,0.202768,0.108086,,
both_highwin_highwin_exec,双入口高胜率执行,002124.SZ,天邦食品,2024-10-29,0.201784,box,21.582404,22.633232,17.540755,22.3099,True,3.370787,1.068171,0.379399,0.094799,6.454843,0.201784,0.108294,,
both_highwin_highwin_exec,双入口高胜率执行,600331.SH,宏达股份,2024-10-30,0.196543,box,7.45,7.93,5.96,7.89,True,4.503311,1.17401,0.258537,0.116021,9.460394,0.196543,0.079912,,
both_highwin_highwin_exec,双入口高胜率执行,603803.SH,瑞斯康达,2024-10-30,0.194822,box,7.583766,8.08579,6.013606,8.011021,True,3.878116,1.916315,0.262027,0.114766,16.786459,0.194822,0.097518,,
both_highwin_highwin_exec,双入口高胜率执行,002982.SZ,湘佳股份,2024-10-30,0.190286,box,26.088564,27.448967,21.256299,27.151379,True,3.455724,1.270318,0.327585,0.121803,7.663719,0.190286,0.095104,,
both_highwin_highwin_exec,双入口高胜率执行,600879.SH,航天电子,2024-10-31,0.205747,box,21.480471,21.760043,17.729543,21.573662,True,0.542888,1.117548,0.338876,0.03,9.528277,0.205747,0.096932,,
both_highwin_highwin_exec,双入口高胜率执行,002438.SZ,江苏神通,2024-10-31,0.204188,box,55.066428,58.250685,43.688014,57.571377,True,5.116279,1.30741,0.273997,0.065877,15.713801,0.204188,0.088801,,
both_highwin_highwin_exec,双入口高胜率执行,601177.SH,杭齿前进,2024-10-31,0.204169,box,9.054142,9.367074,7.760693,9.283625,True,3.488372,1.374942,0.3543,0.08211,11.096595,0.204169,0.122698,,
both_highwin_highwin_exec,双入口高胜率执行,600715.SH,文投控股,2024-11-01,0.191782,box,4.170289,4.37273,3.542721,4.37273,True,4.854369,1.122988,0.43645,0.140856,11.666342,0.191782,0.086546,,
both_highwin_highwin_exec,双入口高胜率执行,000680.SZ,山推股份,2024-11-01,0.189774,box,14.649014,15.902318,12.093575,15.723275,True,8.174692,2.076427,0.242052,0.166016,26.514796,0.189774,0.081105,,
both_highwin_highwin_exec,双入口高胜率执行,002041.SZ,登海种业,2024-11-01,0.178947,box,53.248236,55.766379,45.536423,54.822076,True,3.057199,1.62844,0.309625,0.051699,16.879353,0.178947,0.083129,,
both_highwin_highwin_exec,双入口高胜率执行,600375.SH,汉马科技,2024-11-04,0.225198,box,6.993292,7.33256,5.242233,7.33256,True,5.015674,1.076772,0.2842,0.163582,33.75695,0.225198,0.118468,,
both_highwin_highwin_exec,双入口高胜率执行,603855.SH,华荣股份,2024-11-04,0.205053,box,26.958968,29.794691,23.404514,29.271977,True,8.055958,1.759032,0.237531,0.259398,17.095871,0.205053,0.101703,,
both_highwin_highwin_exec,双入口高胜率执行,600827.SH,百联股份,2024-11-04,0.202683,box,12.485364,12.95651,10.328012,12.857321,True,3.286853,1.410892,0.270387,0.127314,21.75695,0.202683,0.1066,,
both_highwin_highwin_exec,双入口高胜率执行,002545.SZ,东方铁塔,2024-11-05,0.215767,box,40.679571,42.975523,36.735242,42.386817,True,4.046243,1.717994,0.38853,0.167149,9.089769,0.215767,0.112458,,
both_highwin_highwin_exec,双入口高胜率执行,600143.SH,金发科技,2024-11-05,0.215279,box,18.813396,19.155457,16.504479,19.091321,True,1.592719,1.114899,0.324429,0.225918,7.647023,0.215279,0.111886,,
both_highwin_highwin_exec,双入口高胜率执行,600378.SH,昊华科技,2024-11-05,0.214494,box,45.453679,46.799172,37.114288,46.039835,True,1.289566,1.3849,0.281979,0.167563,8.682767,0.214494,0.11065,,
both_highwin_highwin_exec,双入口高胜率执行,002484.SZ,江海股份,2024-11-06,0.209391,box,75.373236,77.823601,67.532067,76.696433,True,1.755527,1.196033,0.217199,0.304095,1.675062,0.209391,0.087322,,
both_highwin_highwin_exec,双入口高胜率执行,000523.SZ,红棉股份,2024-11-06,0.20821,box,8.048631,8.2204,6.797167,8.122246,True,1.846154,1.675462,0.227774,0.191705,11.683819,0.20821,0.099924,,
both_highwin_highwin_exec,双入口高胜率执行,301309.SZ,万得凯,2024-11-06,0.208196,box,28.379756,29.175836,24.544095,29.175836,True,2.955126,1.580124,0.223749,0.312945,8.64831,0.208196,0.111148,,
both_highwin_highwin_exec,双入口高胜率执行,301220.SZ,亚香股份,2024-11-07,0.231537,box,30.984887,32.203965,25.417767,31.746811,True,2.694709,1.812556,0.25379,0.186933,13.1211,0.231537,0.116653,,
both_highwin_highwin_exec,双入口高胜率执行,600566.SH,济川药业,2024-11-07,0.224506,box,53.680547,57.053147,49.991766,56.947753,True,5.055087,1.294565,0.256069,0.34823,-0.191615,0.224506,0.095871,,
both_highwin_highwin_exec,双入口高胜率执行,002683.SZ,广东宏大,2024-11-07,0.215076,box,80.522708,83.742467,66.781239,82.592553,True,2.607143,1.940947,0.241409,0.093692,7.768893,0.215076,0.109916,,
both_highwin_highwin_exec,双入口高胜率执行,600085.SH,同仁堂,2024-11-08,0.20985,box,123.957021,126.366807,104.179146,125.45579,True,1.209104,1.254296,0.222194,0.273349,5.590081,0.20985,0.108863,,
both_highwin_highwin_exec,双入口高胜率执行,002141.SZ,贤丰控股,2024-11-08,0.206654,box,8.344105,8.627918,6.357413,8.627918,True,4.827586,1.364725,0.32782,0.123502,20.858862,0.206654,0.083548,,
both_highwin_highwin_exec,双入口高胜率执行,300600.SZ,国瑞科技,2024-11-08,0.206492,box,22.055883,23.128872,19.850295,22.741404,True,3.668478,1.447637,0.213028,0.185034,3.582341,0.206492,0.095049,,
both_highwin_highwin_exec,双入口高胜率执行,688479.SH,友车科技,2024-11-11,0.214633,box,20.14262,21.009857,17.757717,20.96856,True,4.153846,1.644089,0.208659,0.251736,1.021059,0.214633,0.123016,,
both_highwin_highwin_exec,双入口高胜率执行,603786.SH,科博达,2024-11-11,0.211038,box,63.191527,67.02604,55.95895,66.402542,True,5.150568,1.230273,0.214416,0.227819,3.836597,0.211038,0.096764,,
both_highwin_highwin_exec,双入口高胜率执行,300422.SZ,博世科,2024-11-11,0.210328,box,26.234362,27.26316,23.353726,27.160281,True,3.125,1.219662,0.207711,0.189274,-4.212101,0.210328,0.110287,,
both_highwin_highwin_exec,双入口高胜率执行,000809.SZ,和展能源,2024-11-12,0.218285,box,6.16323,6.16323,5.021891,6.117577,True,4.280156,2.761328,0.326242,0.139676,6.183393,0.218285,0.114248,,
both_highwin_highwin_exec,双入口高胜率执行,603608.SH,天创时尚,2024-11-12,0.213783,box,5.755956,6.027012,4.703621,5.931345,True,3.333333,1.727251,0.276381,0.130525,0.389709,0.213783,0.112464,,
both_highwin_highwin_exec,双入口高胜率执行,000952.SZ,广济药业,2024-11-12,0.204317,box,7.452499,7.736286,6.57646,7.600561,True,1.986755,1.26089,0.337061,0.229131,3.587635,0.204317,0.101639,,
both_highwin_highwin_exec,双入口高胜率执行,603282.SH,亚光股份,2024-11-13,0.224506,box,16.722038,17.031706,14.812423,17.021383,True,1.790123,1.134597,0.297649,0.317167,3.151497,0.224506,0.107802,,
both_highwin_highwin_exec,双入口高胜率执行,301110.SZ,青木科技,2024-11-13,0.20666,box,61.997311,68.623091,55.68005,67.403712,True,8.591716,1.48147,0.208892,0.230098,7.144782,0.20666,0.12954,,
both_highwin_highwin_exec,双入口高胜率执行,603565.SH,中谷物流,2024-11-13,0.203147,box,32.271668,33.935902,28.436694,33.718828,True,3.097345,1.162928,0.257167,0.159054,4.342031,0.203147,0.092397,,
both_highwin_highwin_exec,双入口高胜率执行,603351.SH,威尔药业,2024-11-14,0.19842,box,52.631401,56.852945,50.255457,56.746876,True,7.042817,1.675147,0.291836,0.248168,4.131456,0.19842,0.103953,,
both_highwin_highwin_exec,双入口高胜率执行,000906.SZ,浙商中拓,2024-11-14,0.192303,box,14.871274,15.400815,12.576597,15.202237,True,3.76506,2.708581,0.236559,0.257517,8.763195,0.192303,0.100954,,
both_highwin_highwin_exec,双入口高胜率执行,000997.SZ,新大陆,2024-11-14,0.182821,box,43.472442,44.819475,33.696245,44.125549,True,1.64551,1.104806,0.24064,0.138581,9.434508,0.182821,0.067821,,
both_highwin_highwin_exec,双入口高胜率执行,600182.SH,S佳通,2024-11-15,0.195528,box,16.975318,17.928987,15.985886,17.928987,True,5.027933,1.256755,0.546156,0.304376,5.864995,0.195528,0.098367,,
both_highwin_highwin_exec,双入口高胜率执行,002878.SZ,元隆雅图,2024-11-15,0.194944,box,39.995906,41.751513,36.069732,40.98543,True,2.392344,2.23781,0.291457,0.152588,10.408359,0.194944,0.088624,,
both_highwin_highwin_exec,双入口高胜率执行,603895.SH,天永智能,2024-11-15,0.191173,box,27.259128,28.600899,24.801569,28.403164,True,4.739583,1.977574,0.340814,0.192276,11.654079,0.191173,0.09159,,
both_highwin_highwin_exec,双入口高胜率执行,603885.SH,吉祥航空,2024-11-18,0.209172,box,41.076989,42.554796,37.005481,41.92145,True,2.130786,1.950646,0.213539,0.422498,5.001287,0.209172,0.109718,,
both_highwin_highwin_exec,双入口高胜率执行,000990.SZ,诚志股份,2024-11-18,0.207618,box,9.134583,9.581502,8.426053,9.396194,True,7.884856,2.982676,0.248227,0.277727,8.013149,0.207618,0.098158,,
both_highwin_highwin_exec,双入口高胜率执行,603130.SH,云中马,2024-11-18,0.200783,box,21.556053,21.824215,18.998206,21.648878,True,0.671463,2.053762,0.469121,0.298973,6.459902,0.200783,0.104405,,
both_highwin_highwin_exec,双入口高胜率执行,603073.SH,彩蝶实业,2024-11-19,0.207117,box,15.962194,16.729209,14.853133,16.708479,True,4.811443,2.161003,0.401285,0.279765,9.643915,0.207117,0.105996,,
both_highwin_highwin_exec,双入口高胜率执行,601187.SH,厦门银行,2024-11-19,0.205976,box,6.682485,7.015421,6.052287,6.908406,True,2.650177,2.389031,0.438111,0.241916,9.867054,0.205976,0.106102,,
both_highwin_highwin_exec,双入口高胜率执行,003006.SZ,百亚股份,2024-11-19,0.203789,box,28.922746,30.337327,27.214367,30.130581,True,3.785607,1.325795,0.377765,0.364234,9.837448,0.203789,0.095206,,
both_highwin_highwin_exec,双入口高胜率执行,002092.SZ,中泰化学,2024-11-20,0.230509,box,7.704612,8.05011,6.771766,8.01556,True,4.269663,1.279586,0.332104,0.209414,11.961735,0.230509,0.107746,,
both_highwin_highwin_exec,双入口高胜率执行,688767.SH,博拓生物,2024-11-20,0.215953,box,37.891018,38.802803,32.997387,38.387306,True,1.309778,2.594803,0.275083,0.129145,11.897578,0.215953,0.114843,,
both_highwin_highwin_exec,双入口高胜率执行,002367.SZ,康力电梯,2024-11-20,0.214396,box,61.57517,63.39962,56.101822,63.308397,True,2.511078,1.079879,0.32254,0.407648,5.949386,0.214396,0.118029,,
both_highwin_highwin_exec,双入口高胜率执行,600668.SH,尖峰集团,2024-11-21,0.217034,box,13.699526,13.993727,12.77855,13.814648,True,0.278552,1.363174,0.3406,0.449239,5.948493,0.217034,0.107481,,
both_highwin_highwin_exec,双入口高胜率执行,603681.SH,永冠新材,2024-11-21,0.207172,box,14.295441,14.772662,13.097084,14.656008,True,2.218935,1.296092,0.320783,0.241474,9.754118,0.207172,0.09155,,
both_highwin_highwin_exec,双入口高胜率执行,002458.SZ,益生股份,2024-11-21,0.20677,box,83.268059,85.804142,74.729913,84.451564,True,2.356557,1.886338,0.398668,0.234156,8.270431,0.20677,0.089293,,
both_highwin_highwin_exec,双入口高胜率执行,002469.SZ,三维化学,2024-11-22,0.165053,box,120.597419,120.597419,53.444326,118.213286,True,7.789855,3.20971,0.242063,0.06,113.849594,0.165053,0.035845,,
both_highwin_highwin_exec,双入口高胜率执行,002366.SZ,融发核电,2024-11-22,0.158497,box,14.177015,14.177015,10.166412,13.897205,True,7.775769,2.373795,0.240385,0.225937,29.459088,0.158497,0.081328,,
both_highwin_highwin_exec,双入口高胜率执行,605500.SH,森林包装,2024-11-25,0.211197,box,16.642188,17.138296,15.492118,17.138296,True,3.683492,1.261881,0.470649,0.467519,8.864822,0.211197,0.119762,,
both_highwin_highwin_exec,双入口高胜率执行,600080.SH,金花股份,2024-11-25,0.210031,box,7.046039,7.315843,6.755481,7.315843,True,5.538922,1.828943,0.474448,0.267372,9.471487,0.210031,0.114969,,
both_highwin_highwin_exec,双入口高胜率执行,000809.SZ,和展能源,2024-11-25,0.208888,box,6.049097,6.345845,5.136025,6.231711,True,3.018868,1.34725,0.287726,0.253672,13.07708,0.208888,0.112412,,
both_highwin_highwin_exec,双入口高胜率执行,300907.SZ,康平科技,2024-11-26,0.217076,box,24.796332,25.689305,22.182753,25.569516,True,3.390577,1.644215,0.28846,0.187417,11.775892,0.217076,0.104792,,
both_highwin_highwin_exec,双入口高胜率执行,600694.SH,大商股份,2024-11-26,0.214176,box,32.665388,33.49545,29.166107,33.38152,True,2.601301,1.26418,0.419872,0.248298,11.568541,0.214176,0.109953,,
both_highwin_highwin_exec,双入口高胜率执行,605166.SH,聚合顺,2024-11-26,0.202386,box,12.126599,12.439474,11.490061,12.320798,True,2.238138,1.98115,0.4457,0.409386,8.431651,0.202386,0.109355,,
both_highwin_highwin_exec,双入口高胜率执行,600885.SH,宏发股份,2024-11-27,0.200428,box,68.307021,72.130496,64.290225,72.130496,True,5.431711,1.623821,0.420959,0.245952,10.291165,0.200428,0.104056,,
both_highwin_highwin_exec,双入口高胜率执行,601229.SH,上海银行,2024-11-27,0.199365,box,28.277712,28.829472,26.277581,28.794987,True,1.829268,1.481903,0.578193,0.410397,10.788833,0.199365,0.109983,,
both_highwin_highwin_exec,双入口高胜率执行,000061.SZ,农产品,2024-11-27,0.198424,box,14.417999,14.922831,12.923697,14.882445,True,2.64624,1.164749,0.367743,0.183124,11.925286,0.198424,0.095831,,
both_highwin_highwin_exec,双入口高胜率执行,600167.SH,联美控股,2024-11-28,0.216637,box,19.883553,20.523925,18.57079,20.395851,True,2.57649,1.534231,0.551211,0.284151,11.919169,0.216637,0.120886,,
both_highwin_highwin_exec,双入口高胜率执行,000910.SZ,大亚圣象,2024-11-28,0.207474,box,8.790133,9.055452,8.155674,9.032381,True,2.755906,1.316016,0.496242,0.266526,8.396737,0.207474,0.101577,,
both_highwin_highwin_exec,双入口高胜率执行,605388.SH,均瑶健康,2024-11-28,0.200902,box,8.850824,9.128325,7.98911,9.055298,True,2.310231,1.848691,0.336189,0.231432,11.216926,0.200902,0.094306,,
both_highwin_highwin_exec,双入口高胜率执行,000501.SZ,武商集团,2024-11-29,0.205681,box,12.957349,13.432304,12.170706,13.387777,True,3.085714,1.514923,0.435177,0.260916,8.95368,0.205681,0.095498,,
both_highwin_highwin_exec,双入口高胜率执行,000726.SZ,鲁泰Ａ,2024-11-29,0.203815,box,10.404758,10.655853,9.722069,10.640159,True,1.954887,1.122903,0.462683,0.385174,8.425453,0.203815,0.087931,,
both_highwin_highwin_exec,双入口高胜率执行,603610.SH,麒盛科技,2024-11-29,0.202654,box,28.046395,28.601219,25.244529,28.407031,True,0.986193,1.222507,0.405368,0.208754,8.094342,0.202654,0.088362,,
both_highwin_highwin_exec,双入口高胜率执行,002801.SZ,微光股份,2024-12-02,0.213035,box,107.337558,111.848276,96.082661,109.877574,True,2.996716,1.76001,0.339993,0.094605,13.856426,0.213035,0.097125,,
both_highwin_highwin_exec,双入口高胜率执行,600785.SH,新华百货,2024-12-02,0.210896,box,16.432716,17.090573,14.925128,16.77535,True,2.94365,1.66753,0.358275,0.260301,9.550795,0.210896,0.102479,,
both_highwin_highwin_exec,双入口高胜率执行,300449.SZ,汉邦高科,2024-12-02,0.209834,box,28.187764,29.747704,25.10416,29.747704,True,5.128205,1.295752,0.238636,0.274041,16.052605,0.209834,0.08788,,
both_highwin_highwin_exec,双入口高胜率执行,600791.SH,京能置业,2024-12-03,0.216615,box,5.216095,5.526068,4.574772,5.451247,True,4.294479,1.501988,0.241117,0.225541,17.333437,0.216615,0.097472,,
both_highwin_highwin_exec,双入口高胜率执行,300958.SZ,建工修复,2024-12-03,0.203817,box,13.612321,14.171306,12.463296,14.067791,True,3.110774,1.562934,0.3931,0.240514,8.829269,0.203817,0.090944,,
both_highwin_highwin_exec,双入口高胜率执行,603059.SH,倍加洁,2024-12-03,0.201986,box,31.696443,32.352141,28.850713,32.352141,True,2.06868,1.173963,0.44641,0.219197,9.498888,0.201986,0.102785,,
both_highwin_highwin_exec,双入口高胜率执行,000937.SZ,冀中能源,2024-12-04,0.201756,box,32.931517,33.940139,30.409961,33.687983,True,1.984733,1.380886,0.458056,0.190314,6.914551,0.201756,0.096117,,
both_highwin_highwin_exec,双入口高胜率执行,002560.SZ,通达股份,2024-12-04,0.197486,box,28.86721,29.59857,26.285939,29.469506,True,1.934524,1.431056,0.32552,0.419589,6.446675,0.197486,0.101847,,
both_highwin_highwin_exec,双入口高胜率执行,688377.SH,迪威尔,2024-12-04,0.196962,box,16.577402,17.755596,14.500059,17.507555,True,5.875,2.705238,0.346113,0.222396,14.924199,0.196962,0.092726,,
both_highwin_highwin_exec,双入口高胜率执行,000816.SZ,智慧农业,2024-12-05,0.211561,box,3.413515,3.49591,2.966227,3.48414,True,1.718213,1.050493,0.231752,0.282265,11.734461,0.211561,0.114679,,
both_highwin_highwin_exec,双入口高胜率执行,002445.SZ,中南文化,2024-12-05,0.210122,box,17.884622,18.822123,16.009622,18.750007,True,4.0,1.131648,0.273225,0.130065,12.335584,0.210122,0.073123,,
both_highwin_highwin_exec,双入口高胜率执行,600894.SH,广日股份,2024-12-05,0.208868,box,19.32157,19.910554,17.195479,19.7669,True,1.775148,1.301649,0.361884,0.125339,4.691298,0.208868,0.087581,,
both_highwin_highwin_exec,双入口高胜率执行,002775.SZ,文科股份,2024-12-06,0.224488,box,16.236441,17.365933,14.448079,17.177684,True,6.413994,1.895655,0.351959,0.312041,7.826703,0.224488,0.115247,,
both_highwin_highwin_exec,双入口高胜率执行,601399.SH,国机重装,2024-12-06,0.219682,box,3.44,3.57,3.14,3.53,True,3.823529,1.652348,0.340223,0.333735,6.17126,0.219682,0.114264,,
both_highwin_highwin_exec,双入口高胜率执行,000809.SZ,和展能源,2024-12-06,0.218518,box,6.323018,6.619766,5.775175,6.619766,True,5.072464,1.700617,0.292541,0.317074,6.654605,0.218518,0.114195,,
both_highwin_highwin_exec,双入口高胜率执行,002748.SZ,世龙实业,2024-12-09,0.231249,box,15.847153,16.427714,13.80444,16.277198,True,3.415301,1.348205,0.319837,0.24314,3.241298,0.231249,0.113135,,
both_highwin_highwin_exec,双入口高胜率执行,300885.SZ,海昌新材,2024-12-09,0.215262,box,38.445601,39.832481,34.446226,39.477698,True,2.684564,1.365657,0.253343,0.341456,4.572788,0.215262,0.097844,,
both_highwin_highwin_exec,双入口高胜率执行,600302.SH,标准股份,2024-12-09,0.209216,box,5.922615,6.198799,4.950856,6.137425,True,2.564103,1.050219,0.256472,0.190931,1.999882,0.209216,0.109193,,
both_highwin_highwin_exec,双入口高胜率执行,300213.SZ,佳讯飞鸿,2024-12-10,0.206195,box,56.377658,58.910755,49.817584,58.13134,True,5.91716,2.206306,0.35067,0.159704,4.832739,0.206195,0.089877,,
both_highwin_highwin_exec,双入口高胜率执行,601229.SH,上海银行,2024-12-10,0.205892,box,31.042923,31.578146,26.898311,31.185649,True,1.040462,1.173076,0.4941,0.103901,6.235455,0.205892,0.104807,,
both_highwin_highwin_exec,双入口高胜率执行,601998.SH,中信银行,2024-12-10,0.205518,box,13.776969,13.964411,12.146226,13.701993,True,0.274348,1.106836,0.506978,0.138985,4.893838,0.205518,0.098134,,
both_highwin_highwin_exec,双入口高胜率执行,600984.SH,建设机械,2024-12-11,0.217669,box,6.035329,6.551169,5.519489,6.465196,True,5.915493,1.921816,0.202899,0.307014,11.159714,0.217669,0.100358,,
both_highwin_highwin_exec,双入口高胜率执行,688289.SH,圣湘生物,2024-12-11,0.212302,box,39.120612,42.532585,35.541385,42.030824,True,7.48503,2.29286,0.354272,0.29701,12.550862,0.212302,0.095097,,
both_highwin_highwin_exec,双入口高胜率执行,002960.SZ,青鸟消防,2024-12-11,0.211425,box,33.025258,33.818083,28.541697,33.243969,True,0.412882,1.859417,0.390023,0.292393,9.568777,0.211425,0.108141,,
both_highwin_highwin_exec,双入口高胜率执行,002203.SZ,海亮股份,2024-12-12,0.234541,box,41.109996,42.100598,35.433083,41.490997,True,1.775701,1.507831,0.403279,0.244658,8.240868,0.234541,0.117532,,
both_highwin_highwin_exec,双入口高胜率执行,600872.SH,中炬高新,2024-12-12,0.231554,box,29.587208,30.322369,25.332917,30.141592,True,1.873727,1.452158,0.37548,0.215782,10.278129,0.231554,0.090559,,
both_highwin_highwin_exec,双入口高胜率执行,002778.SZ,中晟高科,2024-12-12,0.228373,box,25.088373,26.570083,23.160711,26.498156,True,5.619266,1.643985,0.218549,0.285364,3.755156,0.228373,0.130332,,
both_highwin_highwin_exec,双入口高胜率执行,000632.SZ,三木集团,2024-12-13,0.205216,box,4.7,4.79,3.65,4.7,True,0.0,1.070429,0.240175,0.207011,11.215177,0.205216,0.103226,,
both_highwin_highwin_exec,双入口高胜率执行,600388.SH,龙净环保,2024-12-13,0.199471,box,83.399099,84.341107,72.911411,83.650301,True,0.301205,1.505747,0.434193,0.26154,5.711681,0.199471,0.087236,,
both_highwin_highwin_exec,双入口高胜率执行,300990.SZ,同飞股份,2024-12-13,0.198361,box,132.193116,139.007893,111.138506,136.26164,True,1.875792,1.916899,0.323631,0.317122,7.266469,0.198361,0.064004,,
both_highwin_highwin_exec,双入口高胜率执行,603229.SH,奥翔药业,2024-12-16,0.222755,box,41.656259,43.936191,37.57138,43.271211,True,4.114286,2.496416,0.485022,0.345798,7.706161,0.222755,0.098639,,
both_highwin_highwin_exec,双入口高胜率执行,002942.SZ,新农股份,2024-12-16,0.211377,box,22.107389,23.079771,19.876631,22.879575,True,3.292447,1.357032,0.34594,0.367591,8.28918,0.211377,0.097111,,
both_highwin_highwin_exec,双入口高胜率执行,688178.SH,万德斯,2024-12-16,0.206623,box,14.87245,15.538687,12.812242,15.477188,True,3.99449,1.677144,0.280332,0.405006,6.797233,0.206623,0.107549,,
both_highwin_highwin_exec,双入口高胜率执行,603939.SH,益丰药房,2024-12-17,0.211496,box,167.257877,173.484169,147.006041,170.076093,True,1.964637,1.422648,0.33494,0.288604,11.369343,0.211496,0.100923,,
both_highwin_highwin_exec,双入口高胜率执行,002141.SZ,贤丰控股,2024-12-17,0.196979,box,11.693099,11.976912,8.003529,11.92015,True,4.477612,1.606016,0.247475,0.239888,35.370917,0.196979,0.098641,,
both_highwin_highwin_exec,双入口高胜率执行,301235.SZ,华康洁净,2024-12-17,0.192377,box,22.462133,23.048981,20.620643,22.684731,True,2.608696,3.088894,0.386372,0.512675,1.519577,0.192377,0.08475,,
both_highwin_highwin_exec,双入口高胜率执行,300041.SZ,回天新材,2024-12-18,0.198183,box,75.109698,81.871985,67.703382,80.503427,True,5.263158,4.475614,0.372472,0.265397,11.318807,0.198183,0.079021,,
both_highwin_highwin_exec,双入口高胜率执行,603322.SH,超讯通信,2024-12-18,0.196057,box,69.525563,76.154561,65.83621,75.404853,True,7.905138,1.832202,0.3578,0.143751,1.252578,0.196057,0.075535,,
both_highwin_highwin_exec,双入口高胜率执行,300962.SZ,中金辐照,2024-12-18,0.195531,box,17.631238,19.130637,16.599736,18.82225,True,7.926829,3.862493,0.399019,0.341076,8.634741,0.195531,0.084913,,
both_highwin_highwin_exec,双入口高胜率执行,002668.SZ,TCL智家,2024-12-19,0.206526,box,56.418072,61.21015,51.181368,60.567913,True,6.055363,2.214965,0.455039,0.212465,9.642979,0.206526,0.099586,,
both_highwin_highwin_exec,双入口高胜率执行,603766.SH,隆鑫通用,2024-12-19,0.206246,box,26.1184,27.528473,24.22762,27.464379,True,3.878788,1.568871,0.521979,0.24259,9.829325,0.206246,0.096657,,
both_highwin_highwin_exec,双入口高胜率执行,300866.SZ,安克创新,2024-12-19,0.204386,box,128.527657,133.151653,109.392921,133.151653,True,3.063199,1.086503,0.365193,0.221032,13.845704,0.204386,0.095031,,
both_highwin_highwin_exec,双入口高胜率执行,603613.SH,国联股份,2024-12-20,0.213242,box,119.357808,130.969541,111.39162,128.674198,True,7.764795,2.109462,0.417524,0.216712,13.613078,0.213242,0.096243,,
both_highwin_highwin_exec,双入口高胜率执行,000988.SZ,华工科技,2024-12-20,0.207468,box,84.438631,87.022201,72.69704,85.635895,True,0.418719,1.729683,0.317108,0.260089,10.153277,0.207468,0.086378,,
both_highwin_highwin_exec,双入口高胜率执行,002895.SZ,川恒股份,2024-12-20,0.203072,box,26.28638,27.966422,23.566311,27.543554,True,5.102486,1.735757,0.460243,0.323612,8.492248,0.203072,0.090895,,
both_highwin_highwin_exec,双入口高胜率执行,600160.SH,巨化股份,2024-12-23,0.20209,box,94.390353,98.488989,83.311864,97.393314,True,4.757748,1.594683,0.435593,0.157331,8.455246,0.20209,0.090555,,
both_highwin_highwin_exec,双入口高胜率执行,603379.SH,三美股份,2024-12-23,0.200782,box,53.047799,55.949308,47.054277,55.319182,True,5.299861,2.352749,0.438987,0.213322,10.666085,0.200782,0.088365,,
both_highwin_highwin_exec,双入口高胜率执行,002879.SZ,长缆科技,2024-12-23,0.195344,box,22.701181,25.020449,21.011648,24.636464,True,8.305199,5.096218,0.520194,0.09,7.979556,0.195344,0.073566,,
both_highwin_highwin_exec,双入口高胜率执行,002847.SZ,盐津铺子,2024-12-24,0.200639,box,138.216356,144.598774,116.987878,143.280666,True,1.440733,1.999216,0.371842,0.128385,17.270915,0.200639,0.092218,,
both_highwin_highwin_exec,双入口高胜率执行,688041.SH,海光信息,2024-12-24,0.198347,box,138.765528,141.490939,116.53138,141.030024,True,2.962692,1.438293,0.357018,0.241188,8.318998,0.198347,0.090073,,
both_highwin_highwin_exec,双入口高胜率执行,603310.SH,巍华新材,2024-12-24,0.197722,box,18.960885,20.719932,18.112043,20.331305,True,7.926167,3.639159,0.439739,0.322328,4.601247,0.197722,0.088136,,
both_highwin_highwin_exec,双入口高胜率执行,002472.SZ,双环传动,2024-12-25,0.206778,box,160.953395,165.737793,137.083408,164.645702,True,4.28195,1.985763,0.355094,0.198368,6.572026,0.206778,0.099987,,
both_highwin_highwin_exec,双入口高胜率执行,688981.SH,中芯国际,2024-12-25,0.206327,box,96.48,99.8,81.21,97.99,True,1.166632,1.37963,0.258917,0.231014,12.945966,0.206327,0.095966,,
both_highwin_highwin_exec,双入口高胜率执行,600955.SH,维远股份,2024-12-25,0.181792,box,15.688382,16.445187,14.890667,16.363371,True,3.492885,2.174514,0.59278,0.356017,-0.23126,0.181792,0.099916,,
both_highwin_highwin_exec,双入口高胜率执行,002217.SZ,合力泰,2024-12-26,0.213545,box,8.145233,8.396824,6.824385,8.302477,True,3.937008,1.767113,0.236577,0.16537,16.807834,0.213545,0.103297,,
both_highwin_highwin_exec,双入口高胜率执行,002052.SZ,同洲电子,2024-12-26,0.195537,box,14.298037,14.298037,10.597841,14.157268,True,3.988183,1.131957,0.246704,0.127471,9.828252,0.195537,0.094832,,
both_highwin_highwin_exec,双入口高胜率执行,601137.SH,博威合金,2024-12-26,0.195431,box,45.52545,47.639635,40.404424,47.005379,True,6.041335,2.230662,0.456802,0.127686,11.877086,0.195431,0.092972,,
both_highwin_highwin_exec,双入口高胜率执行,688633.SH,星球石墨,2024-12-27,0.191979,box,57.341246,59.087576,48.650688,58.65613,True,2.07365,1.736883,0.306131,0.100653,13.811633,0.191979,0.091837,,
both_highwin_highwin_exec,双入口高胜率执行,002249.SZ,大洋电机,2024-12-27,0.1897,box,38.756853,41.162451,36.618544,40.494229,True,3.945111,2.846681,0.659321,0.197981,4.913027,0.1897,0.092337,,
both_highwin_highwin_exec,双入口高胜率执行,001226.SZ,拓山重工,2024-12-27,0.173562,box,26.875896,27.738884,24.728701,27.687515,True,2.941176,1.594543,0.640242,0.176068,1.803308,0.173562,0.086922,,
both_highwin_highwin_exec,双入口高胜率执行,002891.SZ,中宠股份,2024-12-30,0.218883,box,89.396902,95.979884,81.102344,94.347305,True,5.724402,2.032669,0.403684,0.213081,9.704302,0.218883,0.104691,,
both_highwin_highwin_exec,双入口高胜率执行,002203.SZ,海亮股份,2024-12-30,0.211679,box,41.452897,42.214898,36.080784,42.138698,True,1.74793,1.272197,0.431453,0.460086,0.84602,0.211679,0.0987,,
both_highwin_highwin_exec,双入口高胜率执行,600894.SH,广日股份,2024-12-30,0.196671,box,19.379032,20.154768,17.640809,19.7669,True,1.925926,1.140252,0.526714,0.230381,7.063621,0.196671,0.098655,,
both_highwin_highwin_exec,双入口高胜率执行,301027.SZ,华蓝集团,2024-12-31,0.214106,box,15.761074,16.528921,13.710113,16.225823,True,3.74677,1.542309,0.255774,0.162555,10.277723,0.214106,0.096068,,
both_highwin_highwin_exec,双入口高胜率执行,601298.SH,青岛港,2024-12-31,0.212656,box,11.508173,11.868608,10.408962,11.727009,True,2.015677,1.122942,0.725944,0.08465,8.867731,0.212656,0.097233,,
both_highwin_highwin_exec,双入口高胜率执行,600664.SH,哈药股份,2024-12-31,0.204506,box,9.242731,9.49439,8.647902,9.448634,True,2.48139,2.422743,0.616431,0.305932,3.180435,0.204506,0.099149,,
both_highwin_highwin_exec,双入口高胜率执行,600548.SH,深高速,2025-01-02,0.200114,box,25.939513,26.616028,22.247675,26.132803,True,0.296736,1.151066,0.318291,0.237192,11.502354,0.200114,0.091847,,
both_highwin_highwin_exec,双入口高胜率执行,600080.SH,金花股份,2025-01-02,0.193474,box,8.052616,8.509208,7.367729,8.415814,True,3.841229,1.33346,0.359399,0.177715,7.45795,0.193474,0.078241,,
both_highwin_highwin_exec,双入口高胜率执行,605598.SH,上海港湾,2025-01-02,0.182545,box,30.659653,32.973321,27.721436,32.760407,True,2.989737,2.227781,0.494216,0.12,11.540792,0.182545,0.071784,,
both_highwin_highwin_exec,双入口高胜率执行,600323.SH,瀚蓝环境,2025-01-03,0.193393,box,50.177139,51.39888,46.747689,50.691556,True,1.589347,1.118547,0.696177,0.486225,6.652968,0.193393,0.112593,,
both_highwin_highwin_exec,双入口高胜率执行,002275.SZ,桂林三金,2025-01-06,0.205414,box,33.272481,33.930528,29.817737,33.478121,True,5.167959,3.091652,0.686477,0.084545,11.928399,0.205414,0.095302,,
both_highwin_highwin_exec,双入口高胜率执行,301439.SZ,泓淋电力,2025-01-06,0.2039,box,14.846113,15.769457,13.860522,15.458217,True,5.974395,3.232952,0.608424,0.03,9.417205,0.2039,0.097581,,
both_highwin_highwin_exec,双入口高胜率执行,603016.SH,新宏泰,2025-01-06,0.189267,box,47.63393,52.027351,36.09542,51.125543,True,7.330097,2.284908,0.240404,0.137429,34.484859,0.189267,0.082691,,
both_highwin_highwin_exec,双入口高胜率执行,603225.SH,新凤鸣,2025-01-07,0.214003,box,24.392104,25.150407,22.412088,25.108279,True,2.493551,2.0302,0.716556,0.200804,12.353142,0.214003,0.102218,,
both_highwin_highwin_exec,双入口高胜率执行,600160.SH,巨化股份,2025-01-07,0.210456,box,100.639758,102.952849,86.152502,102.506463,True,2.060606,1.346889,0.482203,0.20915,8.744694,0.210456,0.097192,,
both_highwin_highwin_exec,双入口高胜率执行,688190.SH,云路股份,2025-01-07,0.202894,box,91.508315,96.083731,79.046733,95.446257,True,3.778647,1.336169,0.469242,0.204279,12.105903,0.202894,0.108896,,
both_highwin_highwin_exec,双入口高胜率执行,000651.SZ,格力电器,2025-01-08,0.232704,box,268.311004,278.784547,251.306205,277.960785,True,3.483023,1.661456,0.614917,0.298952,8.523678,0.232704,0.115833,,
both_highwin_highwin_exec,双入口高胜率执行,603529.SH,爱玛科技,2025-01-08,0.227968,box,96.939719,101.271213,87.261539,100.707216,True,3.333333,1.215055,0.425335,0.233245,14.805394,0.227968,0.107619,,
both_highwin_highwin_exec,双入口高胜率执行,603338.SH,浙江鼎力,2025-01-08,0.22343,box,465.04995,501.951758,438.390573,493.234796,True,4.654747,1.426349,0.323998,0.249173,11.124884,0.22343,0.098082,,
both_highwin_highwin_exec,双入口高胜率执行,301355.SZ,南王科技,2025-01-09,0.197188,box,14.357105,14.746798,12.777824,14.562207,True,1.211689,1.652347,0.441441,0.12,17.326639,0.197188,0.08266,,
both_highwin_highwin_exec,双入口高胜率执行,600183.SH,生益科技,2025-01-09,0.195466,box,71.986806,77.752739,64.793949,76.238453,True,7.869798,2.564708,0.314758,0.09,12.633606,0.195466,0.08989,,
both_highwin_highwin_exec,双入口高胜率执行,603989.SH,艾华集团,2025-01-09,0.189079,box,35.549851,37.484695,32.099767,36.90191,True,3.464052,2.89208,0.665916,0.045,9.996779,0.189079,0.093677,,
both_highwin_highwin_exec,双入口高胜率执行,301203.SZ,国泰环保,2025-01-10,0.216098,box,33.628877,35.824201,31.247878,35.605761,True,6.188925,4.160396,0.621223,0.15,17.430426,0.216098,0.107022,,
both_highwin_highwin_exec,双入口高胜率执行,601702.SH,华峰铝业,2025-01-13,0.197994,box,20.541645,21.129729,18.220264,20.944018,True,2.215509,1.400329,0.341259,0.238672,13.787607,0.197994,0.097136,,
both_highwin_highwin_exec,双入口高胜率执行,301285.SZ,鸿日达,2025-01-13,0.187951,box,29.820506,31.650355,27.105895,31.539759,True,3.874172,1.443942,0.445055,0.179288,10.99074,0.187951,0.079013,,
both_highwin_highwin_exec,双入口高胜率执行,301037.SZ,保立佳,2025-01-13,0.160542,box,17.999215,19.295899,13.59975,19.218716,True,4.70984,2.188823,0.345956,0.045,28.313699,0.160542,0.046383,,
both_highwin_highwin_exec,双入口高胜率执行,601127.SH,赛力斯,2025-01-14,0.214897,box,136.659182,144.772703,126.295957,144.470659,True,5.083333,1.786319,0.344718,0.286861,7.364533,0.214897,0.101329,,
both_highwin_highwin_exec,双入口高胜率执行,603558.SH,健盛集团,2025-01-14,0.214297,box,51.1784,53.677165,46.689879,52.93679,True,3.529412,1.302024,0.618225,0.045,8.653375,0.214297,0.100287,,
both_highwin_highwin_exec,双入口高胜率执行,688677.SH,海泰新光,2025-01-14,0.211703,box,56.839377,58.909159,49.515536,58.605205,True,2.506329,1.545419,0.564653,0.116297,13.925956,0.211703,0.113302,,
both_highwin_highwin_exec,双入口高胜率执行,002901.SZ,大博医疗,2025-01-15,0.207085,box,35.977054,37.956166,30.702987,37.464063,True,3.303835,4.183723,0.536078,0.09,17.083383,0.207085,0.109299,,
both_highwin_highwin_exec,双入口高胜率执行,002490.SZ,山东墨龙,2025-01-15,0.205983,box,6.071165,6.275582,5.110409,6.275582,True,5.136986,2.097212,0.446772,0.12884,13.961211,0.205983,0.089569,,
both_highwin_highwin_exec,双入口高胜率执行,603151.SH,邦基科技,2025-01-15,0.201154,box,11.585092,12.485108,9.502496,12.422316,True,6.552962,2.894436,0.399016,0.12,22.110975,0.201154,0.093773,,
both_highwin_highwin_exec,双入口高胜率执行,603277.SH,银都股份,2025-01-16,0.267778,box,32.144556,33.059748,27.719038,32.558273,True,1.287051,1.652241,0.665065,0.06,15.029983,0.267778,0.131683,,
both_highwin_highwin_exec,双入口高胜率执行,600287.SH,苏豪时尚,2025-01-16,0.21872,box,5.030004,5.280934,4.48252,5.246716,True,4.30839,2.596467,0.543489,0.2575,11.100733,0.21872,0.129103,,
both_highwin_highwin_exec,双入口高胜率执行,301027.SZ,华蓝集团,2025-01-16,0.2108,box,16.539024,17.357388,14.083934,17.175529,True,4.102878,1.259264,0.282351,0.141455,10.485,0.2108,0.093716,,
both_highwin_highwin_exec,双入口高胜率执行,688235.SH,百济神州-U,2025-01-17,0.229851,box,178.6,183.8,151.13,182.18,True,2.061625,1.294176,0.518692,0.140634,13.198834,0.229851,0.115173,,
both_highwin_highwin_exec,双入口高胜率执行,603638.SH,艾迪精密,2025-01-17,0.211449,box,78.304131,80.97359,72.91838,80.879925,True,2.614379,1.375389,0.70326,0.18,5.292116,0.211449,0.116432,,
both_highwin_highwin_exec,双入口高胜率执行,600968.SH,海油发展,2025-01-17,0.201851,box,4.870425,5.025746,4.360085,5.003558,True,2.968037,1.534645,0.669609,0.075,5.887231,0.201851,0.103331,,
both_highwin_highwin_exec,双入口高胜率执行,688278.SH,特宝生物,2025-01-20,0.207903,box,82.276294,83.386346,71.511837,81.756911,True,1.749049,1.607407,0.550789,0.155863,9.411291,0.207903,0.106547,,
both_highwin_highwin_exec,双入口高胜率执行,600160.SH,巨化股份,2025-01-20,0.203375,box,104.900715,107.944256,93.741065,106.321034,True,3.271581,1.111819,0.443989,0.190869,4.247888,0.203375,0.090551,,
both_highwin_highwin_exec,双入口高胜率执行,301379.SZ,天山电子,2025-01-20,0.200763,box,30.759524,31.965495,25.892051,31.907376,True,4.921166,1.706531,0.539332,0.173037,16.963817,0.200763,0.111299,,
both_highwin_highwin_exec,双入口高胜率执行,002028.SZ,思源电气,2025-01-21,0.232606,box,149.44794,153.817649,134.017406,153.427496,True,2.689646,1.112936,0.621507,0.215793,11.636676,0.232606,0.113629,,
both_highwin_highwin_exec,双入口高胜率执行,688696.SH,极米科技,2025-01-21,0.223952,box,147.594366,155.595428,131.765238,154.182628,True,4.463762,1.182005,0.294757,0.251884,3.891192,0.223952,0.111549,,
both_highwin_highwin_exec,双入口高胜率执行,600699.SH,均胜电子,2025-01-21,0.212835,box,24.455958,25.533629,20.676923,25.274988,True,3.714623,1.72356,0.530859,0.12,16.775868,0.212835,0.111675,,
both_highwin_highwin_exec,双入口高胜率执行,688377.SH,迪威尔,2025-01-22,0.223952,box,20.24634,21.155824,18.706419,21.155824,True,4.652352,1.108115,0.214396,0.438482,5.200915,0.223952,0.116745,,
both_highwin_highwin_exec,双入口高胜率执行,688282.SH,理工导航,2025-01-22,0.20861,box,33.556847,34.775049,28.950203,34.60102,True,3.04878,1.644198,0.479143,0.196373,14.955958,0.20861,0.102572,,
both_highwin_highwin_exec,双入口高胜率执行,601177.SH,杭齿前进,2025-01-22,0.208153,box,9.377505,9.513108,7.896297,9.471384,True,0.55371,1.407557,0.506046,0.132323,13.294118,0.208153,0.132986,,
both_highwin_highwin_exec,双入口高胜率执行,300910.SZ,瑞丰新材,2025-01-23,0.207572,box,98.908565,100.609645,88.292188,100.035787,True,2.520479,1.123869,0.677505,0.037373,9.549175,0.207572,0.097025,,
both_highwin_highwin_exec,双入口高胜率执行,002801.SZ,微光股份,2025-01-23,0.202829,box,114.213118,116.052439,97.834396,114.344498,True,0.384468,1.790363,0.503108,0.142053,9.490899,0.202829,0.102302,,
both_highwin_highwin_exec,双入口高胜率执行,603618.SH,杭电股份,2025-01-23,0.201085,box,19.866729,19.964595,15.788993,19.670998,True,0.5,2.31519,0.49556,0.139772,14.007371,0.201085,0.115316,,
both_highwin_highwin_exec,双入口高胜率执行,000887.SZ,中鼎股份,2025-01-24,0.222916,box,41.277792,44.70519,35.495921,44.049514,True,6.869125,2.608473,0.543224,0.102094,16.504101,0.222916,0.105212,,
both_highwin_highwin_exec,双入口高胜率执行,002973.SZ,侨银股份,2025-01-24,0.214536,box,11.582478,12.420888,10.040218,12.389836,True,6.494662,4.139518,0.557538,0.279424,16.652527,0.214536,0.106028,,
both_highwin_highwin_exec,双入口高胜率执行,603416.SH,信捷电气,2025-01-24,0.213274,box,64.910914,68.12722,55.101179,67.513198,True,3.310962,1.271591,0.449023,0.268257,5.765226,0.213274,0.093003,,
both_highwin_highwin_exec,双入口高胜率执行,601665.SH,齐鲁银行,2025-01-27,0.206857,box,6.656458,7.016266,6.063681,6.932311,True,4.900181,1.960615,0.643335,0.114691,8.567309,0.206857,0.11901,,
both_highwin_highwin_exec,双入口高胜率执行,603129.SH,春风动力,2025-01-27,0.196811,box,207.308115,224.878238,160.63345,221.645593,True,6.860664,1.139065,0.271454,0.075,13.325296,0.196811,0.091799,,
both_highwin_highwin_exec,双入口高胜率执行,600019.SH,宝钢股份,2025-01-27,0.195356,box,13.293368,13.703296,12.512554,13.683776,True,2.785924,1.677592,0.723517,0.284527,5.140079,0.195356,0.112959,,
both_highwin_highwin_exec,双入口高胜率执行,002230.SZ,科大讯飞,2025-02-05,0.218248,box,477.011711,495.012153,393.579662,489.882027,True,7.399369,2.929559,0.448951,0.174764,16.450135,0.218248,0.113313,,
both_highwin_highwin_exec,双入口高胜率执行,603699.SH,纽威股份,2025-02-05,0.205742,box,37.382256,37.395761,28.225764,37.206689,True,0.400875,1.345256,0.416274,0.142111,15.219274,0.205742,0.102133,,
both_highwin_highwin_exec,双入口高胜率执行,300113.SZ,顺网科技,2025-02-05,0.205301,box,198.906245,211.433911,154.350301,208.006531,True,8.108108,2.392811,0.267824,0.296451,20.802778,0.205301,0.10603,,
both_highwin_highwin_exec,双入口高胜率执行,001260.SZ,坤泰股份,2025-02-06,0.233271,box,17.830318,18.697571,15.063366,18.676923,True,4.205069,2.178268,0.515643,0.382387,11.617894,0.233271,0.124822,,
both_highwin_highwin_exec,双入口高胜率执行,600366.SH,宁波韵升,2025-02-06,0.218562,box,21.582747,23.962384,19.03709,23.575001,True,8.121827,3.396148,0.542654,0.162424,7.857899,0.218562,0.102959,,
both_highwin_highwin_exec,双入口高胜率执行,002250.SZ,联化科技,2025-02-06,0.218483,box,36.639954,37.907564,30.301906,37.726476,True,3.305785,1.428559,0.470426,0.175319,18.728602,0.218483,0.104518,,
both_highwin_highwin_exec,双入口高胜率执行,002396.SZ,星网锐捷,2025-02-07,0.215103,box,67.645909,69.815117,55.665208,68.947434,True,1.924026,1.097096,0.480227,0.342395,1.337744,0.215103,0.093189,,
both_highwin_highwin_exec,双入口高胜率执行,600741.SH,华域汽车,2025-02-07,0.211705,box,31.142051,33.441375,28.989883,32.999905,True,6.468843,3.143296,0.665758,0.249949,7.902896,0.211705,0.10761,,
both_highwin_highwin_exec,双入口高胜率执行,600671.SH,天目药业,2025-02-07,0.211306,box,9.68,10.0,8.2,9.81,True,0.718686,2.299531,0.522987,0.267212,10.850238,0.211306,0.132973,,
both_highwin_highwin_exec,双入口高胜率执行,688046.SH,药康生物,2025-02-10,0.216787,box,14.347492,15.172294,12.290577,15.172294,True,6.810036,3.269376,0.487349,0.176335,11.761672,0.216787,0.12381,,
both_highwin_highwin_exec,双入口高胜率执行,600718.SH,东软集团,2025-02-10,0.207866,trend,15.459031,15.825426,15.149005,15.670413,True,5.803996,2.224287,0.306156,0.266948,15.845008,0.207866,0.116002,,
both_highwin_highwin_exec,双入口高胜率执行,300321.SZ,同大股份,2025-02-10,0.207739,box,48.704776,51.283009,38.998486,51.001353,True,5.513223,1.751414,0.465807,0.324552,-1.728858,0.207739,0.099791,,
both_highwin_highwin_exec,双入口高胜率执行,603608.SH,天创时尚,2025-02-11,0.235448,box,5.819734,6.106735,5.197899,6.106735,True,4.931507,3.272609,0.568969,0.356709,2.963764,0.235448,0.124879,,
both_highwin_highwin_exec,双入口高胜率执行,300808.SZ,久量股份,2025-02-11,0.21158,box,27.901324,29.319159,21.557292,28.801701,True,3.227003,1.686905,0.336219,0.247787,11.55052,0.21158,0.098681,,
both_highwin_highwin_exec,双入口高胜率执行,601069.SH,西部黄金,2025-02-11,0.208107,box,13.420207,13.542301,11.364952,13.318462,True,0.692308,1.964702,0.543349,0.134977,9.819044,0.208107,0.111053,,
both_highwin_highwin_exec,双入口高胜率执行,000893.SZ,亚钾国际,2025-02-12,0.216168,box,33.259746,34.392384,27.994513,34.101572,True,1.642336,1.17578,0.51239,0.067862,14.311733,0.216168,0.109178,,
both_highwin_highwin_exec,双入口高胜率执行,688319.SH,欧林生物,2025-02-12,0.209941,box,11.458245,12.62315,10.383721,12.432347,True,8.501315,3.290935,0.502757,0.184472,5.657299,0.209941,0.11287,,
both_highwin_highwin_exec,双入口高胜率执行,688611.SH,杭州柯林,2025-02-12,0.207903,box,77.456689,80.677256,63.269885,79.800773,True,1.953125,1.796027,0.467288,0.146415,10.775826,0.207903,0.126228,,
both_highwin_highwin_exec,双入口高胜率执行,688096.SH,京源环保,2025-02-13,0.206691,box,13.713232,14.02456,11.148487,13.846658,True,0.972973,1.97736,0.397251,0.232528,12.318878,0.206691,0.111106,,
both_highwin_highwin_exec,双入口高胜率执行,301193.SZ,家联科技,2025-02-13,0.204127,box,26.479386,29.308239,24.719575,28.765494,True,8.431494,4.0851,0.588638,0.272889,7.49942,0.204127,0.107019,,
both_highwin_highwin_exec,双入口高胜率执行,300056.SZ,中创环保,2025-02-13,0.199905,box,89.565846,92.969348,69.682228,92.013979,True,3.422819,1.775233,0.283747,0.165327,19.357017,0.199905,0.095686,,
both_highwin_highwin_exec,双入口高胜率执行,603939.SH,益丰药房,2025-02-14,0.207117,box,163.522101,169.879474,147.530361,169.092995,True,3.448276,1.830884,0.60976,0.194292,8.423076,0.207117,0.109977,,
both_highwin_highwin_exec,双入口高胜率执行,603127.SH,昭衍新药,2025-02-14,0.206939,box,144.627352,150.334269,116.874535,148.692553,True,2.588997,1.758759,0.455287,0.143789,19.232805,0.206939,0.108524,,
both_highwin_highwin_exec,双入口高胜率执行,688108.SH,赛诺医疗,2025-02-14,0.205944,box,10.565914,11.559291,9.060798,11.408779,True,7.466919,4.30369,0.41857,0.160238,18.178384,0.205944,0.110306,,
both_highwin_highwin_exec,双入口高胜率执行,601877.SH,正泰电器,2025-02-17,0.210088,box,42.900716,46.020768,40.248672,45.825765,True,6.866758,4.129318,0.667682,0.284176,2.772351,0.210088,0.107008,,
both_highwin_highwin_exec,双入口高胜率执行,002230.SZ,科大讯飞,2025-02-17,0.207502,box,497.532214,505.0924,396.279729,495.462164,True,0.861121,1.277524,0.422632,0.133895,7.509567,0.207502,0.099346,,
both_highwin_highwin_exec,双入口高胜率执行,600592.SH,龙溪股份,2025-02-17,0.205954,box,13.169639,14.451327,11.521107,14.16912,True,6.921029,1.300202,0.394932,0.112827,8.482635,0.205954,0.09919,,
both_highwin_highwin_exec,双入口高胜率执行,600350.SH,山东高速,2025-02-18,0.212365,box,19.192338,20.152915,18.250972,19.9608,True,3.177756,1.664203,0.714841,0.235283,0.466018,0.212365,0.108935,,
both_highwin_highwin_exec,双入口高胜率执行,301525.SZ,儒竞科技,2025-02-18,0.20969,box,65.788111,70.285148,55.682411,68.981513,True,5.307004,2.444827,0.42914,0.130485,6.848753,0.20969,0.107034,,
both_highwin_highwin_exec,双入口高胜率执行,603922.SH,金鸿顺,2025-02-18,0.208919,box,35.773368,38.297872,31.656705,37.56634,True,4.96994,2.126203,0.4814,0.197769,9.703574,0.208919,0.094293,,
both_highwin_highwin_exec,双入口高胜率执行,688571.SH,杭华股份,2025-02-19,0.209607,box,10.535638,11.187912,9.018393,11.187912,True,5.90604,1.418829,0.32542,0.329009,2.943182,0.209607,0.113665,,
both_highwin_highwin_exec,双入口高胜率执行,300124.SZ,汇川技术,2025-02-19,0.209001,box,1644.743256,1820.638377,1478.757718,1797.598593,True,8.7367,2.210717,0.403639,0.03,11.169358,0.209001,0.106484,,
both_highwin_highwin_exec,双入口高胜率执行,688722.SH,同益中,2025-02-19,0.207824,box,14.535903,15.500125,12.742243,15.323869,True,5.270655,3.113736,0.390388,0.03,12.37225,0.207824,0.109549,,
both_highwin_highwin_exec,双入口高胜率执行,002196.SZ,方正电机,2025-02-20,0.237519,box,17.073376,18.159123,15.119031,17.860543,True,4.77707,2.059906,0.356363,0.18871,5.984073,0.237519,0.111069,,
both_highwin_highwin_exec,双入口高胜率执行,688271.SH,联影医疗,2025-02-20,0.230678,box,131.923954,143.960885,116.038823,142.433662,True,8.828497,2.401338,0.515951,0.09,16.866421,0.230678,0.112325,,
both_highwin_highwin_exec,双入口高胜率执行,000534.SZ,万泽股份,2025-02-20,0.217456,box,16.419991,17.645028,15.397254,17.386534,True,4.881356,1.370473,0.362631,0.269622,4.523673,0.217456,0.089647,,
both_highwin_highwin_exec,双入口高胜率执行,002483.SZ,润邦股份,2025-02-21,0.225697,box,20.637933,21.689547,18.074623,21.426644,True,3.821656,1.076994,0.352805,0.353316,3.299005,0.225697,0.124125,,
both_highwin_highwin_exec,双入口高胜率执行,002241.SZ,歌尔股份,2025-02-21,0.213974,box,347.973665,354.771399,285.504833,351.020925,True,1.216627,1.134261,0.430855,0.280353,-0.435709,0.213974,0.105438,,
both_highwin_highwin_exec,双入口高胜率执行,002690.SZ,美亚光电,2025-02-21,0.211552,box,86.589389,89.194831,77.442622,88.474177,True,2.835052,2.351946,0.64512,0.237125,5.927468,0.211552,0.113545,,
both_highwin_highwin_exec,双入口高胜率执行,688092.SH,爱科科技,2025-02-24,0.230177,box,33.762076,34.496034,29.035385,34.04098,True,1.399213,1.962728,0.46352,0.171968,3.12476,0.230177,0.12033,,
both_highwin_highwin_exec,双入口高胜率执行,688259.SH,创耀科技,2025-02-24,0.207892,box,56.373266,57.370519,49.456767,57.171069,True,1.49216,1.730748,0.417857,0.149931,1.190323,0.207892,0.102817,,
both_highwin_highwin_exec,双入口高胜率执行,002544.SZ,普天科技,2025-02-24,0.207868,box,139.132943,145.877615,123.074201,143.372451,True,4.837952,2.010031,0.413618,0.137036,4.83035,0.207868,0.0998,,
both_highwin_highwin_exec,双入口高胜率执行,603298.SH,杭叉集团,2025-02-25,0.220354,box,49.45383,52.24127,43.437606,51.335352,True,3.126458,1.409303,0.438794,0.286806,8.746084,0.220354,0.106609,,
both_highwin_highwin_exec,双入口高胜率执行,300627.SZ,华测导航,2025-02-25,0.208933,box,183.160737,195.034202,163.427373,191.856796,True,2.938537,1.564297,0.412686,0.182556,2.611344,0.208933,0.104472,,
both_highwin_highwin_exec,双入口高胜率执行,300121.SZ,阳谷华泰,2025-02-25,0.208706,box,86.783919,93.197511,75.560132,92.195387,True,6.153846,2.815819,0.444167,0.118965,12.766516,0.208706,0.1154,,
both_highwin_highwin_exec,双入口高胜率执行,001311.SZ,多利科技,2025-02-26,0.221656,box,48.691078,53.17785,44.605846,52.514436,True,8.318329,3.086336,0.529433,0.09528,5.380072,0.221656,0.12753,,
both_highwin_highwin_exec,双入口高胜率执行,000551.SZ,创元科技,2025-02-26,0.215358,box,20.228278,21.118831,18.431269,20.896193,True,3.546099,2.325427,0.535321,0.132647,6.947944,0.215358,0.116738,,
both_highwin_highwin_exec,双入口高胜率执行,688302.SH,海创药业-U,2025-02-26,0.21382,box,33.77,35.48,28.17,35.35,True,4.740741,1.372314,0.289269,0.114615,14.538166,0.21382,0.120322,,
both_highwin_highwin_exec,双入口高胜率执行,688585.SH,上纬新材,2025-02-27,0.224585,box,7.69907,7.892821,6.373402,7.862229,True,3.212851,2.030492,0.433423,0.082858,12.272139,0.224585,0.122109,,
both_highwin_highwin_exec,双入口高胜率执行,600809.SH,山西汾酒,2025-02-27,0.218831,box,678.931689,710.428872,576.992867,699.292124,True,2.740414,1.837275,0.499303,0.15605,4.763698,0.218831,0.111815,,
both_highwin_highwin_exec,双入口高胜率执行,600595.SH,中孚实业,2025-02-27,0.212022,box,7.424478,7.749045,6.187065,7.708474,True,4.395604,1.15156,0.321898,0.19178,3.359729,0.212022,0.083415,,
both_highwin_highwin_exec,双入口高胜率执行,002311.SZ,海大集团,2025-02-28,0.210463,box,342.605521,365.255948,333.132229,362.834205,True,5.904366,2.7541,0.743204,0.25695,4.068946,0.210463,0.106571,,
both_highwin_highwin_exec,双入口高胜率执行,603637.SH,镇海股份,2025-02-28,0.204859,box,25.622077,26.524824,22.037642,26.046899,True,1.658031,1.347271,0.403345,0.193164,16.114142,0.204859,0.084808,,
both_highwin_highwin_exec,双入口高胜率执行,688506.SH,百利天恒,2025-02-28,0.186433,box,226.38,235.6,173.91,233.0,True,3.440622,1.554331,0.330163,0.03273,28.802347,0.186433,0.090171,,
both_highwin_highwin_exec,双入口高胜率执行,603325.SH,博隆技术,2025-03-03,0.21364,box,80.108839,85.439841,78.064774,84.248326,True,5.140367,1.761323,0.580762,0.267593,6.76806,0.21364,0.110967,,
both_highwin_highwin_exec,双入口高胜率执行,300131.SZ,英唐智控,2025-03-03,0.21193,box,155.66689,166.600636,142.138696,165.488729,True,4.812207,1.49689,0.443392,0.127303,8.055989,0.21193,0.086923,,
both_highwin_highwin_exec,双入口高胜率执行,000807.SZ,云铝股份,2025-03-03,0.208902,box,23.086213,24.502545,22.09478,24.120135,True,5.776398,1.423658,0.458234,0.320374,7.26914,0.208902,0.103709,,
both_highwin_highwin_exec,双入口高胜率执行,603995.SH,甬金股份,2025-03-04,0.218553,box,32.265558,32.866982,30.36376,32.704435,True,1.976685,1.423329,0.651668,0.360121,5.71485,0.218553,0.115206,,
both_highwin_highwin_exec,双入口高胜率执行,002683.SZ,广东宏大,2025-03-04,0.214137,box,77.734168,82.132588,69.828511,81.500135,True,3.015988,1.708685,0.624058,0.051318,13.3385,0.214137,0.111652,,
both_highwin_highwin_exec,双入口高胜率执行,002595.SZ,豪迈科技,2025-03-04,0.212987,box,254.346166,265.033399,240.862273,263.185607,True,3.475358,1.199571,0.616307,0.225654,7.600963,0.212987,0.114548,,
both_highwin_highwin_exec,双入口高胜率执行,603326.SH,我乐家居,2025-03-05,0.22141,box,16.822484,17.488039,14.044984,17.304437,True,2.585034,1.781047,0.233954,0.075,17.842937,0.22141,0.123731,,
both_highwin_highwin_exec,双入口高胜率执行,603733.SH,仙鹤股份,2025-03-05,0.219797,box,24.962046,25.474889,22.364388,25.185021,True,1.028623,1.242814,0.57902,0.190896,9.040136,0.219797,0.110619,,
both_highwin_highwin_exec,双入口高胜率执行,300810.SZ,中科海讯,2025-03-05,0.211889,box,31.368927,33.527616,28.772461,33.51252,True,6.118547,2.477998,0.368199,0.212323,11.018464,0.211889,0.109442,,
both_highwin_highwin_exec,双入口高胜率执行,688578.SH,艾力斯,2025-03-06,0.210621,box,80.987391,86.828606,68.434345,85.785894,True,6.604604,1.477814,0.26022,0.170012,17.195034,0.210621,0.109278,,
both_highwin_highwin_exec,双入口高胜率执行,001210.SZ,金房能源,2025-03-06,0.207832,box,21.991131,22.719616,20.82252,22.674085,True,3.75,2.658063,0.645915,0.348602,5.412059,0.207832,0.110143,,
both_highwin_highwin_exec,双入口高胜率执行,688282.SH,理工导航,2025-03-06,0.207313,box,35.153818,35.645193,31.959877,35.225477,True,1.74453,1.395337,0.566329,0.213009,5.540597,0.207313,0.115056,,
both_highwin_highwin_exec,双入口高胜率执行,688269.SH,凯立新材,2025-03-07,0.217911,box,40.501423,41.980117,35.237273,41.373852,True,2.154071,1.525762,0.450093,0.187567,4.38002,0.217911,0.118596,,
both_highwin_highwin_exec,双入口高胜率执行,000603.SZ,盛达资源,2025-03-07,0.217311,box,15.440877,16.096492,14.694831,15.994759,True,3.435673,1.816698,0.549133,0.376719,4.756742,0.217311,0.116737,,
both_highwin_highwin_exec,双入口高胜率执行,688683.SH,莱尔科技,2025-03-07,0.21038,box,21.599817,23.261341,18.604971,23.056215,True,4.704238,2.020326,0.486043,0.015,19.870171,0.21038,0.108586,,
both_highwin_highwin_exec,双入口高胜率执行,600160.SH,巨化股份,2025-03-10,0.215178,box,102.668785,105.915229,93.41642,105.509423,True,2.970297,1.263356,0.598035,0.323155,9.454367,0.215178,0.103038,,
both_highwin_highwin_exec,双入口高胜率执行,300600.SZ,国瑞科技,2025-03-10,0.214131,box,23.516341,24.02303,20.833868,23.993225,True,2.287166,1.161885,0.482474,0.137988,11.304653,0.214131,0.121228,,
both_highwin_highwin_exec,双入口高胜率执行,300034.SZ,钢研高纳,2025-03-10,0.207862,box,100.424693,101.458745,89.536734,100.789653,True,0.8521,1.308534,0.613668,0.047736,8.55826,0.207862,0.111291,,
both_highwin_highwin_exec,双入口高胜率执行,600303.SH,曙光股份,2025-03-11,0.223348,box,7.699689,8.201297,7.323482,8.201297,True,5.144695,1.801994,0.563704,0.189639,8.236279,0.223348,0.116489,,
both_highwin_highwin_exec,双入口高胜率执行,603023.SH,威帝股份,2025-03-11,0.214111,box,20.110056,20.732016,18.313281,20.524696,True,1.020408,1.172332,0.548767,0.183556,6.818622,0.214111,0.117596,,
both_highwin_highwin_exec,双入口高胜率执行,688679.SH,通源环境,2025-03-11,0.208541,box,11.712137,12.474157,10.668275,12.390648,True,4.031551,1.367994,0.351951,0.084578,9.505813,0.208541,0.108591,,
both_highwin_highwin_exec,双入口高胜率执行,002568.SZ,百润股份,2025-03-12,0.235442,box,247.579493,253.263717,208.421512,251.459201,True,1.051487,1.352761,0.502502,0.146903,11.906129,0.235442,0.120029,,
both_highwin_highwin_exec,双入口高胜率执行,600831.SH,广电网络,2025-03-12,0.223727,box,3.880387,4.029113,3.569416,4.029113,True,4.929577,1.488363,0.367103,0.256032,8.407245,0.223727,0.117984,,
both_highwin_highwin_exec,双入口高胜率执行,300695.SZ,兆丰股份,2025-03-12,0.205373,box,61.068663,64.544115,54.967313,64.544115,True,5.614732,1.200105,0.272395,0.165408,2.742394,0.205373,0.084933,,
both_highwin_highwin_exec,双入口高胜率执行,301035.SZ,润丰股份,2025-03-13,0.225331,box,56.055784,59.415053,50.077789,58.427664,True,3.952645,1.608825,0.501377,0.305318,5.755933,0.225331,0.115364,,
both_highwin_highwin_exec,双入口高胜率执行,300775.SZ,三角防务,2025-03-13,0.208516,box,25.060472,26.541225,22.568721,26.245074,True,4.344296,2.615681,0.579687,0.03,12.680183,0.208516,0.110573,,
both_highwin_highwin_exec,双入口高胜率执行,300397.SZ,天和防务,2025-03-13,0.207353,box,45.847152,47.146756,40.612634,47.110656,True,2.352941,1.582862,0.301146,0.03,9.009273,0.207353,0.099396,,
both_highwin_highwin_exec,双入口高胜率执行,688585.SH,上纬新材,2025-03-14,0.207081,box,7.780649,8.351706,6.883274,8.188547,True,4.421326,1.359326,0.345524,0.043755,2.662868,0.207081,0.10586,,
both_highwin_highwin_exec,双入口高胜率执行,000568.SZ,泸州老窖,2025-03-14,0.206373,box,214.64208,227.959289,184.341512,224.998168,True,6.173296,2.154074,0.450333,0.09,10.566574,0.206373,0.105158,,
both_highwin_highwin_exec,双入口高胜率执行,600882.SH,妙可蓝多,2025-03-14,0.205344,trend,20.974527,22.332981,20.974527,22.191701,True,6.631854,2.219465,0.457737,0.243563,3.138029,0.205344,0.087509,,
both_highwin_highwin_exec,双入口高胜率执行,003002.SZ,壶化股份,2025-03-17,0.206639,box,28.106749,28.708423,22.895827,28.482795,True,1.260504,1.088126,0.474258,0.138472,8.554264,0.206639,0.098439,,
both_highwin_highwin_exec,双入口高胜率执行,603737.SH,三棵树,2025-03-17,0.206144,box,256.359496,270.347469,219.855568,265.771478,True,4.178557,1.229252,0.315095,0.224732,-1.976831,0.206144,0.091214,,
both_highwin_highwin_exec,双入口高胜率执行,300920.SZ,润阳科技,2025-03-17,0.203832,box,20.381789,21.975777,19.085346,21.656979,True,7.319642,2.991498,0.412845,0.121111,8.763478,0.203832,0.105947,,
both_highwin_highwin_exec,双入口高胜率执行,603259.SH,药明康德,2025-03-18,0.251663,box,168.327882,174.857415,147.771026,172.995381,True,8.823989,2.154798,0.383874,0.184946,12.249423,0.251663,0.121893,,
both_highwin_highwin_exec,双入口高胜率执行,002594.SZ,比亚迪,2025-03-18,0.233516,box,403.239092,404.743909,350.809189,399.108629,True,1.136095,1.090491,0.268091,0.302502,8.368257,0.233516,0.113952,,
both_highwin_highwin_exec,双入口高胜率执行,002768.SZ,国恩股份,2025-03-18,0.23152,box,81.409277,86.091266,71.185342,85.135758,True,5.443787,1.582679,0.586902,0.131662,5.329115,0.23152,0.106375,,
both_highwin_highwin_exec,双入口高胜率执行,002951.SZ,金时科技,2025-03-19,0.20793,box,8.006942,8.383337,6.718075,8.269278,True,3.42368,1.379196,0.416437,0.21754,16.095369,0.20793,0.117125,,
both_highwin_highwin_exec,双入口高胜率执行,002142.SZ,宁波银行,2025-03-19,0.20728,box,58.365827,60.805336,54.147984,60.805336,True,4.67033,1.604672,0.744548,0.11856,5.481546,0.20728,0.111213,,
both_highwin_highwin_exec,双入口高胜率执行,300848.SZ,美瑞新材,2025-03-19,0.207113,box,112.460709,117.101944,99.48905,115.43586,True,1.623887,1.70845,0.474408,0.188737,4.129962,0.207113,0.086429,,
both_highwin_highwin_exec,双入口高胜率执行,002653.SZ,海思科,2025-03-20,0.215913,box,116.461309,124.477133,98.939116,122.423493,True,4.200733,1.076552,0.48108,0.237626,7.501401,0.215913,0.109788,,
both_highwin_highwin_exec,双入口高胜率执行,300691.SZ,联合光电,2025-03-20,0.215214,box,64.945625,67.765811,58.735793,67.413288,True,2.727273,1.26845,0.258816,0.187128,7.238246,0.215214,0.089262,,
both_highwin_highwin_exec,双入口高胜率执行,002320.SZ,海峡股份,2025-03-20,0.210628,box,96.858513,100.659646,86.159026,98.829471,True,2.034884,1.235523,0.581789,0.162057,5.248832,0.210628,0.097654,,
both_highwin_highwin_exec,双入口高胜率执行,603685.SH,晨丰科技,2025-03-21,0.233561,box,23.785098,25.264731,22.619887,25.209245,True,5.987558,4.052038,0.550515,0.227526,8.746542,0.233561,0.106404,,
both_highwin_highwin_exec,双入口高胜率执行,000809.SZ,和展能源,2025-03-21,0.209312,box,7.624144,7.783932,6.16323,7.669798,True,0.598802,1.451297,0.420759,0.162123,7.749741,0.209312,0.115264,,
both_highwin_highwin_exec,双入口高胜率执行,603216.SH,梦天家居,2025-03-21,0.205747,box,13.159403,13.785014,12.274918,13.666363,True,4.194079,2.249798,0.506578,0.349963,8.29855,0.205747,0.096248,,
both_highwin_highwin_exec,双入口高胜率执行,600179.SH,安通控股,2025-03-24,0.210473,box,4.439027,4.648981,4.049113,4.588994,True,4.43686,1.814186,0.592974,0.212655,5.728443,0.210473,0.097951,,
both_highwin_highwin_exec,双入口高胜率执行,300910.SZ,瑞丰新材,2025-03-24,0.206303,box,109.033064,115.447979,100.54816,113.357496,True,3.966165,1.691196,0.510602,0.223705,8.510138,0.206303,0.102131,,
both_highwin_highwin_exec,双入口高胜率执行,603530.SH,神马电力,2025-03-24,0.204462,box,28.568134,30.367292,27.954548,29.930502,True,3.52518,2.60969,0.563239,0.351446,3.037198,0.204462,0.098574,,
both_highwin_highwin_exec,双入口高胜率执行,002545.SZ,东方铁塔,2025-03-25,0.211668,box,44.623899,48.391616,43.211005,47.68517,True,6.860158,3.001707,0.584494,0.269287,7.65846,0.211668,0.106764,,
both_highwin_highwin_exec,双入口高胜率执行,002124.SZ,天邦食品,2025-03-25,0.209144,box,23.92656,25.219887,21.582404,25.139054,True,4.713805,2.131087,0.595453,0.105,12.101908,0.209144,0.104314,,
both_highwin_highwin_exec,双入口高胜率执行,688625.SH,呈和科技,2025-03-25,0.208982,box,41.773197,43.257524,38.168403,42.907647,True,4.277248,2.494519,0.724438,0.087781,8.468901,0.208982,0.106355,,
both_highwin_highwin_exec,双入口高胜率执行,600455.SH,博通股份,2025-03-26,0.2127,box,22.31,24.15,21.59,24.04,True,7.417337,2.154901,0.55666,0.112484,2.237872,0.2127,0.107594,,
both_highwin_highwin_exec,双入口高胜率执行,600350.SH,山东高速,2025-03-26,0.211116,box,19.480511,19.903165,18.404664,19.903165,True,2.169625,1.087861,0.741133,0.343113,6.675341,0.211116,0.112229,,
both_highwin_highwin_exec,双入口高胜率执行,688630.SH,芯碁微装,2025-03-26,0.207139,box,66.868369,72.272284,62.358334,71.307299,True,6.638311,2.134732,0.461996,0.213193,11.136045,0.207139,0.105967,,
both_highwin_highwin_exec,双入口高胜率执行,600671.SH,天目药业,2025-03-27,0.221535,box,11.16,11.73,9.76,11.61,True,2.834367,1.281222,0.393172,0.045,14.874972,0.221535,0.113826,,
both_highwin_highwin_exec,双入口高胜率执行,000525.SZ,红太阳,2025-03-27,0.216881,box,7.667726,8.055491,6.904706,7.967931,True,3.915171,2.210629,0.63849,0.22497,4.582929,0.216881,0.098153,,
both_highwin_highwin_exec,双入口高胜率执行,688578.SH,艾力斯,2025-03-27,0.216124,box,81.210106,86.636261,73.273342,85.249352,True,4.856182,1.119146,0.310869,0.17041,12.592081,0.216124,0.108768,,
both_highwin_highwin_exec,双入口高胜率执行,603093.SH,南华期货,2025-03-28,0.203435,box,13.552456,14.520488,12.146261,14.306502,True,4.776119,2.522854,0.472572,0.091398,9.049084,0.203435,0.095611,,
both_highwin_highwin_exec,双入口高胜率执行,000951.SZ,中国重汽,2025-03-28,0.202462,box,60.104581,62.749183,53.643339,61.877666,True,5.265849,2.231223,0.541519,0.169598,8.964961,0.202462,0.095271,,
both_highwin_highwin_exec,双入口高胜率执行,001337.SZ,四川黄金,2025-03-28,0.201978,box,23.350978,24.615398,21.658287,24.30949,True,6.666667,3.082696,0.703356,0.230816,8.995437,0.201978,0.094641,,
both_highwin_highwin_exec,双入口高胜率执行,002141.SZ,贤丰控股,2025-03-31,0.231677,box,9.592882,10.160509,7.606191,10.046983,True,4.117647,3.556235,0.396008,0.230653,20.73925,0.231677,0.117623,,
both_highwin_highwin_exec,双入口高胜率执行,688235.SH,百济神州-U,2025-03-31,0.218068,box,234.1,242.81,212.1,238.84,True,3.224133,1.368594,0.263234,0.274399,11.898299,0.218068,0.1281,,
both_highwin_highwin_exec,双入口高胜率执行,002595.SZ,豪迈科技,2025-03-31,0.210403,box,295.297247,301.140267,253.247478,295.546949,True,0.135364,1.071849,0.46116,0.135,16.656478,0.210403,0.105182,,
both_highwin_highwin_exec,双入口高胜率执行,688617.SH,惠泰医疗,2025-04-01,0.228352,box,569.953935,606.586162,522.351156,599.365599,True,5.233669,1.496036,0.619673,0.21899,12.445211,0.228352,0.102001,,
both_highwin_highwin_exec,双入口高胜率执行,688161.SH,威高骨科,2025-04-01,0.212286,box,28.139163,30.418766,27.602786,30.387821,True,8.388521,3.322649,0.598047,0.310972,8.021925,0.212286,0.113644,,
both_highwin_highwin_exec,双入口高胜率执行,600377.SH,宁沪高速,2025-04-01,0.211063,box,32.969978,33.57414,30.40229,33.530986,True,1.701571,1.19518,0.742144,0.219065,12.818509,0.211063,0.117093,,
both_highwin_highwin_exec,双入口高胜率执行,300321.SZ,同大股份,2025-04-02,0.210869,box,66.860737,71.128905,59.537688,70.73892,True,5.629246,1.245122,0.224693,0.184412,5.584025,0.210869,0.130603,,
both_highwin_highwin_exec,双入口高胜率执行,688581.SH,安杰思,2025-04-02,0.210173,box,103.288911,105.338352,93.786962,105.166371,True,1.831807,1.082161,0.326691,0.284199,10.057753,0.210173,0.119603,,
both_highwin_highwin_exec,双入口高胜率执行,301489.SZ,思泉新材,2025-04-02,0.203945,box,68.302224,70.219303,61.928688,69.446449,True,2.155618,1.855567,0.648568,0.198184,9.386582,0.203945,0.088525,,
both_highwin_highwin_exec,双入口高胜率执行,600993.SH,马应龙,2025-04-03,0.205989,box,76.702846,80.259206,71.187474,79.355046,True,4.194697,2.969316,0.724919,0.227308,10.149274,0.205989,0.097237,,
both_highwin_highwin_exec,双入口高胜率执行,300119.SZ,瑞普生物,2025-04-03,0.202961,box,111.076476,120.855218,102.739472,118.912007,True,5.859375,3.491774,0.579185,0.14348,10.577945,0.202961,0.093862,,
both_highwin_highwin_exec,双入口高胜率执行,603317.SH,天味食品,2025-04-03,0.202562,box,37.001389,37.674612,32.392399,37.519253,True,0.905292,1.13413,0.643402,0.343095,9.242725,0.202562,0.10245,,
both_highwin_highwin_exec,双入口高胜率执行,002254.SZ,泰和新材,2025-04-07,0.204449,box,46.849216,50.907022,45.650319,49.892571,True,7.768924,5.970808,0.486424,0.251454,14.595401,0.204449,0.083485,,
both_highwin_highwin_exec,双入口高胜率执行,600095.SH,湘财股份,2025-04-07,0.194392,box,8.308236,9.731602,6.990305,9.541819,True,7.866508,4.594193,0.318546,0.12,42.781075,0.194392,0.041784,,
both_highwin_highwin_exec,双入口高胜率执行,603737.SH,三棵树,2025-04-08,0.211579,box,249.59951,273.519463,238.627531,270.191469,True,8.408095,1.837277,0.349202,0.286285,10.315074,0.211579,0.087883,,
both_highwin_highwin_exec,双入口高胜率执行,600801.SH,华新建材,2025-04-08,0.209488,box,88.10036,93.038721,82.306017,91.392601,True,3.659447,1.484,0.529689,0.101873,13.093215,0.209488,0.094736,,
both_highwin_highwin_exec,双入口高胜率执行,605296.SH,神农集团,2025-04-08,0.207891,box,39.375893,43.054886,34.657184,42.535029,True,8.169492,1.803557,0.458188,0.105,16.72567,0.207891,0.089012,,
both_highwin_highwin_exec,双入口高胜率执行,603100.SH,川仪股份,2025-04-09,0.214736,box,34.515414,36.383269,31.945117,35.888367,True,2.74223,1.694169,0.69946,0.105,7.458862,0.214736,0.104347,,
both_highwin_highwin_exec,双入口高胜率执行,600048.SH,保利发展,2025-04-09,0.209327,box,41.760731,44.031409,38.009176,44.031409,True,4.941176,2.395177,0.697333,0.225,10.938029,0.209327,0.103263,,
both_highwin_highwin_exec,双入口高胜率执行,002840.SZ,华统股份,2025-04-09,0.207658,box,27.615953,28.710859,24.890855,28.564871,True,5.956679,2.720175,0.716488,0.15,12.776769,0.207658,0.10259,,
both_highwin_highwin_exec,双入口高胜率执行,600383.SH,金地集团,2025-04-10,0.209959,box,13.450486,14.164418,11.994064,14.021632,True,2.291667,1.930477,0.606031,0.15,10.292208,0.209959,0.097082,,
both_highwin_highwin_exec,双入口高胜率执行,300756.SZ,金马游乐,2025-04-10,0.209801,box,62.324085,65.564064,52.167298,64.544745,True,3.502627,1.903645,0.501212,0.09,7.008946,0.209801,0.09276,,
both_highwin_highwin_exec,双入口高胜率执行,603919.SH,金徽酒,2025-04-10,0.207624,box,35.842915,36.901489,33.261483,36.901489,True,2.264539,1.662242,0.742703,0.245096,9.611053,0.207624,0.104025,,
both_highwin_highwin_exec,双入口高胜率执行,688050.SH,爱博医疗,2025-04-11,0.206741,box,188.642328,191.635211,162.141708,189.658094,True,0.287742,1.359603,0.621367,0.135,10.907298,0.206741,0.089358,,
both_highwin_highwin_exec,双入口高胜率执行,001914.SZ,招商积余,2025-04-11,0.205936,box,43.379112,44.683747,38.305532,44.575027,True,2.671119,1.140741,0.384642,0.118277,7.900092,0.205936,0.076405,,
both_highwin_highwin_exec,双入口高胜率执行,600315.SH,上海家化,2025-04-11,0.205936,box,45.432186,48.09263,42.294228,47.569637,True,4.547726,1.580684,0.350272,0.165,14.097014,0.205936,0.091467,,
both_highwin_highwin_exec,双入口高胜率执行,603997.SH,继峰股份,2025-04-14,0.211658,box,19.413353,20.520255,16.484321,20.435108,True,7.623318,1.661095,0.537452,0.135,5.939239,0.211658,0.1099,,
both_highwin_highwin_exec,双入口高胜率执行,002345.SZ,潮宏基,2025-04-14,0.210116,box,71.734542,77.321092,57.160933,77.321092,True,7.78781,1.233367,0.248978,0.210414,21.019432,0.210116,0.094932,,
both_highwin_highwin_exec,双入口高胜率执行,603061.SH,金海通,2025-04-14,0.209959,box,80.998477,83.581823,64.804812,82.928448,True,4.219303,2.470333,0.53134,0.12,6.164955,0.209959,0.090444,,
both_highwin_highwin_exec,双入口高胜率执行,688112.SH,鼎阳科技,2025-04-15,0.209959,box,47.732669,50.473226,36.065727,50.17568,True,3.588749,2.152221,0.357116,0.135,14.958622,0.209959,0.113699,,
both_highwin_highwin_exec,双入口高胜率执行,002891.SZ,中宠股份,2025-04-15,0.208006,box,117.20342,121.600852,97.375476,119.968272,True,2.129567,1.081454,0.346152,0.15,8.754952,0.208006,0.085139,,
both_highwin_highwin_exec,双入口高胜率执行,000659.SZ,珠海中富,2025-04-15,0.207205,box,5.710624,5.884728,4.422251,5.815087,True,2.453988,1.334385,0.402256,0.09,14.206596,0.207205,0.077906,,
both_highwin_highwin_exec,双入口高胜率执行,002186.SZ,全聚德,2025-04-16,0.212364,box,24.811185,26.643039,21.982247,26.387971,True,4.788214,2.690117,0.632864,0.09,10.010057,0.212364,0.098857,,
both_highwin_highwin_exec,双入口高胜率执行,600866.SH,星湖科技,2025-04-16,0.211594,box,7.420271,7.560276,6.364848,7.506428,True,0.722543,1.27777,0.639658,0.075,10.350547,0.211594,0.094582,,
both_highwin_highwin_exec,双入口高胜率执行,002825.SZ,纳尔股份,2025-04-16,0.21111,box,27.826517,28.630394,20.406113,28.073864,True,0.0,1.456231,0.368598,0.165,9.778083,0.21111,0.111387,,
both_highwin_highwin_exec,双入口高胜率执行,002702.SZ,海欣食品,2025-04-17,0.209258,box,30.685435,32.438889,25.644257,32.146647,True,4.513064,2.964501,0.554366,0.09,16.582643,0.209258,0.0878,,
both_highwin_highwin_exec,双入口高胜率执行,301498.SZ,乖宝宠物,2025-04-17,0.208006,box,97.048852,103.243459,81.597587,101.85345,True,4.60329,1.259643,0.56362,0.135,13.461637,0.208006,0.088402,,
both_highwin_highwin_exec,双入口高胜率执行,000989.SZ,九芝堂,2025-04-17,0.206527,box,15.625143,16.287694,13.287813,16.122056,True,3.791469,1.670552,0.62947,0.06,8.429722,0.206527,0.11424,,
both_highwin_highwin_exec,双入口高胜率执行,000797.SZ,中国武夷,2025-04-18,0.210293,box,10.461205,11.422305,9.278313,11.237478,True,6.666667,2.578906,0.538605,0.135,7.13188,0.210293,0.091376,,
both_highwin_highwin_exec,双入口高胜率执行,301043.SZ,绿岛风,2025-04-18,0.210135,box,32.290302,32.692739,24.548678,32.597425,True,0.424144,1.639504,0.429591,0.105,6.820423,0.210135,0.075762,,
both_highwin_highwin_exec,双入口高胜率执行,002743.SZ,富煌钢构,2025-04-18,0.209919,box,13.773106,14.162298,9.859554,13.989324,True,3.189793,1.868404,0.370834,0.12,15.614277,0.209919,0.110955,,
both_highwin_highwin_exec,双入口高胜率执行,688592.SH,司南导航,2025-04-21,0.210655,box,41.701,43.188526,33.499501,42.786492,True,3.854599,1.437012,0.504957,0.146196,14.843357,0.210655,0.105537,,
both_highwin_highwin_exec,双入口高胜率执行,688722.SH,同益中,2025-04-21,0.210214,box,18.766037,19.439956,14.70179,19.284436,True,2.253986,1.120572,0.300903,0.128564,21.952401,0.210214,0.116643,,
both_highwin_highwin_exec,双入口高胜率执行,000566.SZ,海南海药,2025-04-21,0.209959,box,21.447351,23.363037,15.658648,22.988229,True,8.235294,2.246131,0.248641,0.12,28.86171,0.209959,0.097181,,
both_highwin_highwin_exec,双入口高胜率执行,002748.SZ,世龙实业,2025-04-22,0.229473,box,17.201795,18.104889,14.191481,17.997378,True,4.36409,2.391531,0.581022,0.135,16.783285,0.229473,0.141474,,
both_highwin_highwin_exec,双入口高胜率执行,003027.SZ,同兴科技,2025-04-22,0.209416,box,24.780843,25.878729,19.448257,25.674836,True,1.930262,3.306618,0.468586,0.18,17.790799,0.209416,0.086744,,
both_highwin_highwin_exec,双入口高胜率执行,600389.SH,江山股份,2025-04-22,0.20737,box,45.142462,46.916015,38.048251,46.05695,True,7.992203,3.48743,0.532108,0.209994,9.798729,0.20737,0.093351,,
both_highwin_highwin_exec,双入口高胜率执行,301429.SZ,森泰股份,2025-04-23,0.207913,box,17.0597,18.054676,13.815662,18.054676,True,6.349206,1.12857,0.421443,0.231228,12.344672,0.207913,0.119765,,
both_highwin_highwin_exec,双入口高胜率执行,002736.SZ,国信证券,2025-04-23,0.207481,box,13.263831,13.579336,11.648446,13.478375,True,1.520913,1.875076,0.65183,0.273519,6.599454,0.207481,0.114765,,
both_highwin_highwin_exec,双入口高胜率执行,300368.SZ,汇金股份,2025-04-23,0.207361,box,44.503595,46.459797,31.625265,45.563204,True,5.471698,2.725622,0.366441,0.176209,26.683375,0.207361,0.097276,,
both_highwin_highwin_exec,双入口高胜率执行,002092.SZ,中泰化学,2025-04-24,0.214261,box,7.911911,8.08466,6.892691,8.067385,True,2.188184,1.142586,0.629077,0.276286,8.049321,0.214261,0.122077,,
both_highwin_highwin_exec,双入口高胜率执行,300888.SZ,稳健医疗,2025-04-24,0.208006,box,69.941312,75.244991,57.194141,74.40435,True,6.056645,1.423725,0.439341,0.256539,11.86462,0.208006,0.089262,,
both_highwin_highwin_exec,双入口高胜率执行,000782.SZ,恒申新材,2025-04-24,0.205936,box,5.551875,5.798387,4.630135,5.723362,True,2.692308,1.791496,0.573617,0.328932,8.558182,0.205936,0.096839,,
both_highwin_highwin_exec,双入口高胜率执行,603325.SH,博隆技术,2025-04-25,0.206398,box,98.515691,100.539212,85.296037,100.035899,True,1.352898,1.277142,0.510232,0.216979,11.786474,0.206398,0.107646,,
both_highwin_highwin_exec,双入口高胜率执行,300119.SZ,瑞普生物,2025-04-25,0.206263,box,112.330161,122.234272,103.052894,120.103007,True,5.973451,1.66756,0.590282,0.116133,2.875652,0.206263,0.087048,,
both_highwin_highwin_exec,双入口高胜率执行,001338.SZ,永顺泰,2025-04-25,0.206104,box,12.265638,12.73155,10.645074,12.599879,True,1.633987,1.680522,0.615169,0.218693,4.719852,0.206104,0.09075,,
both_highwin_highwin_exec,双入口高胜率执行,688382.SH,益方生物-U,2025-04-28,0.208754,box,21.2,23.5,14.6,23.34,True,8.1557,1.217705,0.246422,0.157905,13.144772,0.208754,0.062905,,
both_highwin_highwin_exec,双入口高胜率执行,000059.SZ,华锦股份,2025-04-28,0.206909,box,6.284109,6.610399,5.075626,6.51372,True,3.256705,1.467392,0.517704,0.143659,5.295991,0.206909,0.085232,,
both_highwin_highwin_exec,双入口高胜率执行,002539.SZ,云图控股,2025-04-28,0.206527,box,53.284025,56.285002,46.881939,55.684807,True,5.696203,3.54342,0.650251,0.259549,9.415257,0.206527,0.117189,,
both_highwin_highwin_exec,双入口高胜率执行,603230.SH,内蒙新华,2025-04-29,0.20981,box,13.352059,13.922931,11.269434,13.743212,True,2.766798,1.417495,0.62125,0.245444,8.692388,0.20981,0.099686,,
both_highwin_highwin_exec,双入口高胜率执行,600998.SH,九州通,2025-04-29,0.208632,box,16.084771,16.749693,14.469962,16.591378,True,5.01002,2.982619,0.66024,0.249737,9.485235,0.208632,0.117978,,
both_highwin_highwin_exec,双入口高胜率执行,603810.SH,丰山集团,2025-04-29,0.208299,box,28.625967,29.436136,21.93688,29.249174,True,5.785124,1.969311,0.404796,0.297435,10.323809,0.208299,0.094066,,
both_highwin_highwin_exec,双入口高胜率执行,688608.SH,恒玄科技,2025-04-30,0.212086,box,422.961785,452.770521,301.078298,446.959832,True,6.179426,1.134775,0.302526,0.215144,17.911467,0.212086,0.083314,,
both_highwin_highwin_exec,双入口高胜率执行,688171.SH,纬德信息,2025-04-30,0.211065,box,19.902472,21.300749,14.809481,20.923112,True,5.020492,3.591589,0.296426,0.115836,19.453927,0.211065,0.074809,,
both_highwin_highwin_exec,双入口高胜率执行,688212.SH,澳华内镜,2025-04-30,0.208329,box,43.935521,45.419556,36.94945,44.884496,True,2.159926,1.358909,0.565024,0.104083,12.616596,0.208329,0.089294,,
both_highwin_highwin_exec,双入口高胜率执行,002669.SZ,康达新材,2025-05-06,0.222384,box,21.420439,22.005224,16.785481,21.983565,True,3.150407,1.40823,0.435523,0.277435,9.483301,0.222384,0.125596,,
both_highwin_highwin_exec,双入口高胜率执行,301263.SZ,泰恩康,2025-05-06,0.216735,box,39.287136,40.750662,31.798441,40.674635,True,3.581801,1.263655,0.451865,0.265428,6.791444,0.216735,0.103645,,
both_highwin_highwin_exec,双入口高胜率执行,002830.SZ,名雕股份,2025-05-06,0.214213,box,29.214945,30.443201,22.327938,29.851006,True,3.419453,1.995589,0.383734,0.176528,8.972544,0.214213,0.121113,,
both_highwin_highwin_exec,双入口高胜率执行,688186.SH,广大特材,2025-05-07,0.2104,box,26.969903,28.370527,20.904044,27.833445,True,4.096101,1.591682,0.266141,0.247924,7.422994,0.2104,0.079336,,
both_highwin_highwin_exec,双入口高胜率执行,002037.SZ,保利联合,2025-05-07,0.207076,box,18.426454,19.042952,15.252628,18.837453,True,2.86783,1.472373,0.583831,0.205195,5.57616,0.207076,0.107128,,
both_highwin_highwin_exec,双入口高胜率执行,002246.SZ,北化股份,2025-05-07,0.206705,box,17.969525,19.258891,14.036141,19.046717,True,6.966086,3.133421,0.406857,0.182878,17.880591,0.206705,0.086881,,
both_highwin_highwin_exec,双入口高胜率执行,002825.SZ,纳尔股份,2025-05-08,0.212252,box,29.681618,30.887434,20.406113,30.794679,True,3.319502,1.176314,0.323597,0.282823,1.095525,0.212252,0.096848,,
both_highwin_highwin_exec,双入口高胜率执行,688004.SH,博汇科技,2025-05-08,0.211065,box,24.601009,25.470957,17.983694,25.470957,True,5.430933,1.785343,0.25116,0.183471,16.481109,0.211065,0.115481,,
both_highwin_highwin_exec,双入口高胜率执行,300055.SZ,万邦达,2025-05-08,0.207826,box,41.782447,44.686247,34.200304,44.282941,True,5.37428,2.58404,0.518303,0.30478,5.639362,0.207826,0.112181,,
both_highwin_highwin_exec,双入口高胜率执行,603379.SH,三美股份,2025-05-09,0.20737,box,70.163774,71.51195,55.538994,70.676667,True,0.562969,1.06159,0.416807,0.158195,14.909991,0.20737,0.097514,,
both_highwin_highwin_exec,双入口高胜率执行,600543.SH,莫高股份,2025-05-09,0.207076,box,5.194587,5.315625,4.185929,5.275279,True,1.750973,1.098349,0.554873,0.142651,5.309065,0.207076,0.100081,,
both_highwin_highwin_exec,双入口高胜率执行,000955.SZ,欣龙控股,2025-05-09,0.207054,box,5.779221,6.181818,4.311688,6.103896,True,5.617978,3.02806,0.325277,0.298171,11.88267,0.207054,0.116191,,
both_highwin_highwin_exec,双入口高胜率执行,301489.SZ,思泉新材,2025-05-12,0.214971,box,64.237213,67.238295,54.059629,66.445367,True,4.763412,1.777406,0.247572,0.261358,10.520077,0.214971,0.104412,,
both_highwin_highwin_exec,双入口高胜率执行,301168.SZ,通灵股份,2025-05-12,0.214349,box,29.013693,30.247887,25.442621,30.197306,True,5.068638,1.712199,0.371063,0.299598,7.04389,0.214349,0.109262,,
both_highwin_highwin_exec,双入口高胜率执行,000768.SZ,中航西飞,2025-05-12,0.209342,box,26.021657,27.766364,24.170566,27.266356,True,5.734323,3.39942,0.529595,0.210819,6.324711,0.209342,0.099259,,
both_highwin_highwin_exec,双入口高胜率执行,002734.SZ,利民股份,2025-05-13,0.207045,box,48.06657,51.752986,40.371624,50.858225,True,5.807893,1.323879,0.239854,0.110301,8.494048,0.207045,0.049084,,
both_highwin_highwin_exec,双入口高胜率执行,000048.SZ,京基智农,2025-05-13,0.206367,box,28.800594,29.527797,25.042282,29.172651,True,1.351351,1.460775,0.452401,0.261273,10.904453,0.206367,0.092701,,
both_highwin_highwin_exec,双入口高胜率执行,000889.SZ,中嘉博创,2025-05-13,0.206104,box,3.955502,4.156873,3.250704,4.156873,True,5.090909,1.129208,0.457686,0.132137,2.133976,0.206104,0.083307,,
both_highwin_highwin_exec,双入口高胜率执行,300750.SZ,宁德时代,2025-05-14,0.207222,box,494.951865,505.835183,415.445314,502.277543,True,1.480079,1.12404,0.391339,0.253096,6.863916,0.207222,0.1147,,
both_highwin_highwin_exec,双入口高胜率执行,601601.SH,中国太保,2025-05-14,0.206279,box,48.833663,53.511334,45.329219,52.917102,True,8.497345,3.072771,0.608992,0.237554,8.561472,0.206279,0.116512,,
both_highwin_highwin_exec,双入口高胜率执行,000426.SZ,兴业银锡,2025-05-14,0.206104,box,33.092511,35.049328,28.906407,34.578701,True,4.569288,2.017145,0.268104,0.211939,7.287514,0.206104,0.095688,,
both_highwin_highwin_exec,双入口高胜率执行,000663.SZ,永安林业,2025-05-15,0.206104,box,5.82,5.92,5.37,5.91,True,2.072539,1.564844,0.59679,0.307104,5.71978,0.206104,0.096795,,
both_highwin_highwin_exec,双入口高胜率执行,002019.SZ,亿帆医药,2025-05-15,0.206104,box,32.474615,32.986238,29.027889,32.609252,True,0.3314,1.297854,0.596725,0.309172,4.132605,0.206104,0.090441,,
both_highwin_highwin_exec,双入口高胜率执行,300717.SZ,华信新材,2025-05-15,0.206104,box,27.346406,27.804157,23.820025,27.63462,True,0.928793,1.194054,0.409711,0.424855,0.832544,0.206104,0.081518,,
both_highwin_highwin_exec,双入口高胜率执行,002594.SZ,比亚迪,2025-05-16,0.22161,box,389.20797,405.771336,357.004884,403.882531,True,3.282909,1.643226,0.492964,0.252226,6.605315,0.22161,0.119687,,
both_highwin_highwin_exec,双入口高胜率执行,603213.SH,镇洋发展,2025-05-16,0.216672,box,10.687106,11.229205,9.591843,11.129636,True,3.71134,2.164392,0.462789,0.372282,5.152006,0.216672,0.111714,,
both_highwin_highwin_exec,双入口高胜率执行,300009.SZ,安科生物,2025-05-16,0.215252,box,170.395267,174.344172,155.981762,174.344172,True,1.728111,2.447425,0.535103,0.454619,5.456622,0.215252,0.102911,,
both_highwin_highwin_exec,双入口高胜率执行,600831.SH,广电网络,2025-05-19,0.236296,box,4.150798,4.150798,3.380128,4.069675,True,3.082192,2.047201,0.47775,0.158623,7.835275,0.236296,0.134009,,
both_highwin_highwin_exec,双入口高胜率执行,600287.SH,苏豪时尚,2025-05-19,0.225815,box,5.577487,5.748576,4.870321,5.73717,True,4.791667,2.122683,0.551322,0.292999,6.284139,0.225815,0.126017,,
both_highwin_highwin_exec,双入口高胜率执行,688500.SH,慧辰股份,2025-05-19,0.211065,box,31.088043,33.063638,25.973559,32.562218,True,4.170677,1.789265,0.227945,0.301518,0.911529,0.211065,0.121214,,
both_highwin_highwin_exec,双入口高胜率执行,301305.SZ,朗坤科技,2025-05-20,0.21923,box,17.879128,18.519484,15.795432,18.346689,True,2.615122,1.7334,0.39495,0.341242,3.263976,0.21923,0.111566,,
both_highwin_highwin_exec,双入口高胜率执行,002014.SZ,永新股份,2025-05-20,0.21467,box,70.686001,74.293076,66.952363,73.343846,True,3.853047,1.546828,0.632461,0.407816,5.661568,0.21467,0.11596,,
both_highwin_highwin_exec,双入口高胜率执行,603029.SH,天鹅股份,2025-05-20,0.212807,box,25.548526,26.601651,22.813138,26.287081,True,2.945903,1.424342,0.503401,0.385619,2.216841,0.212807,0.098443,,
both_highwin_highwin_exec,双入口高胜率执行,600594.SH,益佰制药,2025-05-21,0.210355,box,13.761776,14.260908,12.157424,14.118299,True,2.325581,1.581835,0.460221,0.426173,5.984771,0.210355,0.118933,,
both_highwin_highwin_exec,双入口高胜率执行,603988.SH,中电电机,2025-05-21,0.210327,trend,73.532359,76.88875,73.292617,76.546261,True,4.098742,1.900103,0.303574,0.258988,6.072933,0.210327,0.095532,,
both_highwin_highwin_exec,双入口高胜率执行,002550.SZ,千红制药,2025-05-21,0.20898,box,64.345113,67.803401,61.620401,66.755435,True,3.745928,2.290288,0.638674,0.312192,3.251625,0.20898,0.100344,,
both_highwin_highwin_exec,双入口高胜率执行,002414.SZ,高德红外,2025-05-22,0.206104,box,124.068658,127.231474,105.523053,125.506302,True,1.158749,1.117897,0.417002,0.493142,-0.306313,0.206104,0.103273,,
both_highwin_highwin_exec,双入口高胜率执行,002588.SZ,史丹利,2025-05-22,0.206104,box,88.47123,90.961974,80.799738,89.766417,True,1.463964,1.09677,0.426383,0.42931,6.063941,0.206104,0.098653,,
both_highwin_highwin_exec,双入口高胜率执行,300787.SZ,海能实业,2025-05-22,0.206104,box,51.061878,52.794587,41.443574,52.122721,True,2.00692,1.194506,0.241374,0.382075,2.001563,0.206104,0.095564,,
both_highwin_highwin_exec,双入口高胜率执行,002246.SZ,北化股份,2025-05-23,0.206447,box,18.622368,20.319762,15.749856,19.944377,True,6.818182,2.377602,0.297083,0.116313,6.442316,0.206447,0.094168,,
both_highwin_highwin_exec,双入口高胜率执行,600331.SH,宏达股份,2025-05-23,0.206104,box,7.1,7.47,6.48,7.39,True,5.722461,3.159296,0.490521,0.346287,7.101881,0.206104,0.101277,,
both_highwin_highwin_exec,双入口高胜率执行,603129.SH,春风动力,2025-05-23,0.205936,box,193.153212,200.832086,166.497317,198.855984,True,2.95246,1.080024,0.222118,0.450508,8.681454,0.205936,0.100461,,
both_highwin_highwin_exec,双入口高胜率执行,688175.SH,高凌信息,2025-05-26,0.218561,box,25.351437,27.232536,22.385087,27.116776,True,6.175637,2.427976,0.323752,0.235574,3.356537,0.218561,0.112504,,
both_highwin_highwin_exec,双入口高胜率执行,600882.SH,妙可蓝多,2025-05-26,0.211378,box,28.810088,31.516128,27.223414,31.037953,True,7.732931,1.630915,0.312313,0.241625,12.346513,0.211378,0.07763,,
both_highwin_highwin_exec,双入口高胜率执行,000967.SZ,盈峰环境,2025-05-26,0.206812,box,21.639898,22.416078,17.386432,22.136653,True,3.333333,1.234779,0.221096,0.086482,7.52054,0.206812,0.092877,,
both_highwin_highwin_exec,双入口高胜率执行,000663.SZ,永安林业,2025-05-27,0.210123,box,6.16,6.45,5.37,6.37,True,4.084967,2.626532,0.517772,0.099272,10.534727,0.210123,0.098249,,
both_highwin_highwin_exec,双入口高胜率执行,300111.SZ,向日葵,2025-05-27,0.20803,box,7.134745,7.426417,6.19242,7.381544,True,3.134796,1.613807,0.368578,0.15007,11.862069,0.20803,0.097326,,
both_highwin_highwin_exec,双入口高胜率执行,000952.SZ,广济药业,2025-05-27,0.206104,box,7.304436,7.464837,6.379043,7.464837,True,2.023609,1.280186,0.465383,0.402051,6.130665,0.206104,0.09541,,
both_highwin_highwin_exec,双入口高胜率执行,002875.SZ,安奈儿,2025-05-28,0.20816,box,24.717675,26.36552,20.907033,26.056549,True,5.710306,1.940185,0.254437,0.308011,10.372445,0.20816,0.088817,,
both_highwin_highwin_exec,双入口高胜率执行,002262.SZ,恩华药业,2025-05-28,0.206908,box,134.807731,138.632064,127.278576,137.616225,True,2.674989,1.89451,0.67701,0.354032,9.136161,0.206908,0.108428,,
both_highwin_highwin_exec,双入口高胜率执行,688319.SH,欧林生物,2025-05-28,0.206206,box,17.292812,18.276956,14.993129,18.035941,True,5.152225,2.48915,0.361759,0.20177,20.329111,0.206206,0.09126,,
both_highwin_highwin_exec,双入口高胜率执行,002356.SZ,赫美集团,2025-05-29,0.218047,box,16.759673,17.5315,15.050628,17.47637,True,4.620462,2.398234,0.437367,0.477612,7.617122,0.218047,0.1055,,
both_highwin_highwin_exec,双入口高胜率执行,002134.SZ,天津普林,2025-05-29,0.211065,box,21.95,23.12,17.56,22.72,True,3.507973,1.985243,0.213007,0.190491,24.98856,0.211065,0.127023,,
both_highwin_highwin_exec,双入口高胜率执行,603823.SH,百合花,2025-05-29,0.208329,box,21.025697,21.979566,20.51832,21.75632,True,3.27553,1.518845,0.465452,0.422191,5.117252,0.208329,0.09355,,
both_highwin_highwin_exec,双入口高胜率执行,002309.SZ,中利集团,2025-05-30,0.218472,box,10.034113,10.411335,9.506002,10.411335,True,4.150943,1.430325,0.634695,0.364201,5.801614,0.218472,0.11325,,
both_highwin_highwin_exec,双入口高胜率执行,000525.SZ,红太阳,2025-05-30,0.207076,box,8.843528,9.281326,8.343187,9.168749,True,3.677511,1.50663,0.461711,0.278161,2.639285,0.207076,0.095088,,
both_highwin_highwin_exec,双入口高胜率执行,603959.SH,百利科技,2025-05-30,0.206566,box,8.033775,8.212304,6.744404,8.192467,True,2.227723,1.331949,0.438901,0.22049,6.613302,0.206566,0.110418,,
both_highwin_highwin_exec,双入口高胜率执行,603167.SH,渤海轮渡,2025-06-03,0.213499,box,14.047396,14.302803,13.100887,14.152564,True,0.96463,1.50442,0.637672,0.424287,5.082814,0.213499,0.104587,,
both_highwin_highwin_exec,双入口高胜率执行,002316.SZ,亚联发展,2025-06-03,0.213239,box,13.04522,13.779223,12.211127,13.779223,True,5.089059,1.533364,0.436712,0.310561,6.274823,0.213239,0.10897,,
both_highwin_highwin_exec,双入口高胜率执行,688083.SH,中望软件,2025-06-03,0.207826,box,183.754218,199.549937,177.900277,195.938353,True,6.63067,2.702591,0.571132,0.344494,7.625472,0.207826,0.099944,,
both_highwin_highwin_exec,双入口高胜率执行,300839.SZ,博汇股份,2025-06-04,0.219235,box,23.778866,25.764474,20.945742,25.449682,True,8.127572,1.344946,0.242407,0.310703,5.645128,0.219235,0.116648,,
both_highwin_highwin_exec,双入口高胜率执行,300731.SZ,科创新源,2025-06-04,0.211065,trend,38.309433,39.673525,38.065333,39.472501,True,2.155333,1.402709,0.19116,0.29767,3.984348,0.211065,0.103041,,
both_highwin_highwin_exec,双入口高胜率执行,300849.SZ,锦盛新材,2025-06-04,0.210327,box,23.77157,25.024313,20.318887,24.74932,True,4.516129,1.735371,0.275466,0.22592,6.77585,0.210327,0.107393,,
both_highwin_highwin_exec,双入口高胜率执行,603090.SH,宏盛股份,2025-06-05,0.209919,box,27.203995,27.992047,24.073377,27.581828,True,1.388889,1.299246,0.208912,0.192179,8.029472,0.209919,0.102879,,
both_highwin_highwin_exec,双入口高胜率执行,603899.SH,晨光股份,2025-06-05,0.208665,box,71.238785,75.28169,63.896496,73.794645,True,3.655352,2.574486,0.620045,0.200379,11.923937,0.208665,0.115049,,
both_highwin_highwin_exec,双入口高胜率执行,300097.SZ,智云股份,2025-06-05,0.207054,box,18.066255,18.650214,15.912903,18.540722,True,3.042596,1.965266,0.303497,0.166126,10.474108,0.207054,0.115887,,
both_highwin_highwin_exec,双入口高胜率执行,002978.SZ,安宁股份,2025-06-06,0.21467,box,36.27452,38.210717,34.919094,37.954112,True,4.933892,3.141513,0.632051,0.294073,5.257371,0.21467,0.11242,,
both_highwin_highwin_exec,双入口高胜率执行,300376.SZ,易事特,2025-06-06,0.207027,box,86.152864,89.722734,80.917054,88.770768,True,2.472527,2.381785,0.47772,0.303349,7.895758,0.207027,0.112443,,
both_highwin_highwin_exec,双入口高胜率执行,000159.SZ,国际实业,2025-06-06,0.206104,box,11.77899,12.54386,11.473043,12.412739,True,5.772812,2.716897,0.416458,0.29982,5.623019,0.206104,0.106714,,
both_highwin_highwin_exec,双入口高胜率执行,601599.SH,浙文影业,2025-06-09,0.218399,box,12.117517,12.966723,11.431619,12.803414,True,5.945946,3.777185,0.528103,0.161874,9.727374,0.218399,0.099447,,
both_highwin_highwin_exec,双入口高胜率执行,688778.SH,厦钨新能,2025-06-09,0.215183,box,71.336158,76.737779,63.443708,75.492365,True,5.826228,2.806309,0.440371,0.189754,13.843907,0.215183,0.101489,,
both_highwin_highwin_exec,双入口高胜率执行,603308.SH,应流股份,2025-06-09,0.211525,box,31.961086,32.645222,28.904316,32.392389,True,2.832861,1.071445,0.305009,0.19296,6.161627,0.211525,0.089227,,
both_highwin_highwin_exec,双入口高胜率执行,300494.SZ,盛天网络,2025-06-10,0.208816,box,49.12699,50.014827,43.83696,49.866854,True,0.597015,1.357072,0.254728,0.125393,3.793334,0.208816,0.092026,,
both_highwin_highwin_exec,双入口高胜率执行,301606.SZ,绿联科技,2025-06-10,0.207205,box,51.63441,57.098694,41.236769,56.126583,True,8.786196,1.492075,0.24098,0.126125,11.276986,0.207205,0.102327,,
both_highwin_highwin_exec,双入口高胜率执行,688208.SH,道通科技,2025-06-10,0.206398,box,46.366266,47.627505,42.235712,46.791934,True,0.918055,1.431904,0.201331,0.198577,8.97883,0.206398,0.115498,,
both_highwin_highwin_exec,双入口高胜率执行,300986.SZ,志特新材,2025-06-11,0.20786,box,46.560787,47.615562,37.459585,47.223789,True,3.227931,1.304878,0.260232,0.188597,19.378808,0.20786,0.088197,,
both_highwin_highwin_exec,双入口高胜率执行,688129.SH,东来技术,2025-06-11,0.207418,box,25.302773,27.503926,22.001044,27.231402,True,7.533113,1.399425,0.250012,0.189055,7.401085,0.207418,0.101063,,
both_highwin_highwin_exec,双入口高胜率执行,001278.SZ,一彬科技,2025-06-11,0.206279,box,18.01292,18.558766,16.425923,18.437467,True,2.529511,2.860822,0.377757,0.103856,7.979653,0.206279,0.10341,,
both_highwin_highwin_exec,双入口高胜率执行,605288.SH,凯迪股份,2025-06-12,0.210714,box,77.935291,84.368973,68.811159,83.784093,True,6.584821,1.143701,0.246109,0.287452,-0.400588,0.210714,0.088577,,
both_highwin_highwin_exec,双入口高胜率执行,605196.SH,华通线缆,2025-06-12,0.208706,box,16.744294,18.158301,14.190941,17.842947,True,6.561361,1.147673,0.23913,0.12986,5.49243,0.208706,0.094504,,
both_highwin_highwin_exec,双入口高胜率执行,688266.SH,泽璟制药-U,2025-06-12,0.207045,box,118.16,122.0,89.35,121.48,True,3.59884,1.09429,0.298203,0.142897,20.693046,0.207045,0.081726,,
both_highwin_highwin_exec,双入口高胜率执行,300548.SZ,长芯博创,2025-06-13,0.207205,box,155.804519,170.6337,127.015163,168.727492,True,7.023471,1.459909,0.245048,0.164283,23.248655,0.207205,0.087258,,
both_highwin_highwin_exec,双入口高胜率执行,000766.SZ,通化金马,2025-06-13,0.206309,box,23.36,25.56,19.3,25.1,True,7.494647,1.735953,0.238384,0.12,22.296945,0.206309,0.073055,,
both_highwin_highwin_exec,双入口高胜率执行,300327.SZ,中颖电子,2025-06-13,0.206279,box,72.358773,78.321384,63.476967,76.892842,True,4.915254,3.385633,0.431924,0.18,19.52926,0.206279,0.099194,,
both_highwin_highwin_exec,双入口高胜率执行,300022.SZ,吉峰科技,2025-06-16,0.2104,box,32.83349,35.752022,31.65797,35.711487,True,8.09816,1.950247,0.320155,0.327936,6.696229,0.2104,0.086997,,
both_highwin_highwin_exec,双入口高胜率执行,603323.SH,苏农银行,2025-06-16,0.207384,box,11.121924,11.483286,9.712373,11.483286,True,3.249097,1.064207,0.395549,0.22712,6.575441,0.207384,0.094632,,
both_highwin_highwin_exec,双入口高胜率执行,601155.SH,新城控股,2025-06-16,0.207027,box,21.293989,22.415557,19.177227,22.020638,True,3.874814,2.332337,0.524009,0.23264,9.760942,0.207027,0.118733,,
both_highwin_highwin_exec,双入口高胜率执行,688767.SH,博拓生物,2025-06-17,0.206398,box,55.353907,58.524176,50.055742,57.819672,True,6.553323,3.10888,0.293032,0.173894,8.212091,0.206398,0.09393,,
both_highwin_highwin_exec,双入口高胜率执行,000682.SZ,东方电子,2025-06-17,0.206279,box,10.634384,10.9781,9.509493,10.853112,True,2.964427,2.359853,0.633217,0.135,12.907326,0.206279,0.111247,,
both_highwin_highwin_exec,双入口高胜率执行,600603.SH,广汇物流,2025-06-17,0.206279,box,18.319375,19.113777,16.200972,19.113777,True,4.473684,1.835994,0.555784,0.130578,12.951784,0.206279,0.122503,,
both_highwin_highwin_exec,双入口高胜率执行,002628.SZ,成都路桥,2025-06-18,0.218542,box,16.789389,17.4027,15.754427,17.287704,True,2.968037,2.401317,0.542253,0.21727,5.212852,0.218542,0.103561,,
both_highwin_highwin_exec,双入口高胜率执行,688233.SH,神工股份,2025-06-18,0.218278,box,28.288602,29.276361,26.540737,28.767207,True,0.964975,1.747802,0.285372,0.387487,4.657724,0.218278,0.105445,,
both_highwin_highwin_exec,双入口高胜率执行,688313.SH,仕佳光子,2025-06-18,0.207205,box,36.982414,37.970494,27.379638,37.889835,True,2.064096,1.056219,0.247521,0.151308,28.395162,0.207205,0.089081,,
both_highwin_highwin_exec,双入口高胜率执行,000059.SZ,华锦股份,2025-06-19,0.206695,box,6.574279,6.780483,6.380787,6.780483,True,3.710575,1.939872,0.528691,0.463973,2.902313,0.206695,0.099095,,
both_highwin_highwin_exec,双入口高胜率执行,002443.SZ,金洲管道,2025-06-19,0.206104,box,27.147631,28.091151,25.148586,27.79094,True,2.857143,2.853739,0.551905,0.310191,7.467768,0.206104,0.098781,,
both_highwin_highwin_exec,双入口高胜率执行,688037.SH,芯源微,2025-06-19,0.20555,box,215.662569,220.925801,197.815229,219.647897,True,1.868408,1.884974,0.600657,0.276799,5.759554,0.20555,0.098677,,
both_highwin_highwin_exec,双入口高胜率执行,300554.SZ,三超新材,2025-06-20,0.206447,box,37.573848,39.329977,35.506738,38.909238,True,4.00978,3.245309,0.439534,0.268374,5.742765,0.206447,0.09719,,
both_highwin_highwin_exec,双入口高胜率执行,301179.SZ,泽宇智能,2025-06-20,0.206447,box,45.965874,47.653886,42.330155,47.621425,True,2.372645,1.868117,0.498476,0.278962,7.3191,0.206447,0.096311,,
both_highwin_highwin_exec,双入口高胜率执行,688006.SH,杭可科技,2025-06-20,0.206279,box,27.423664,28.146893,24.584789,27.763139,True,1.23789,1.89766,0.574503,0.178001,9.972019,0.206279,0.112467,,
both_highwin_highwin_exec,双入口高胜率执行,300998.SZ,宁波方正,2025-06-23,0.209147,box,22.473578,24.250748,19.477778,23.814072,True,5.204127,1.385842,0.239573,0.210663,7.34318,0.209147,0.091945,,
both_highwin_highwin_exec,双入口高胜率执行,301022.SZ,海泰科,2025-06-23,0.207361,box,38.818448,40.578001,36.02569,40.334371,True,5.748758,2.254364,0.392396,0.211888,8.573592,0.207361,0.083262,,
both_highwin_highwin_exec,双入口高胜率执行,300568.SZ,星源材质,2025-06-23,0.207039,box,76.004397,77.977588,71.473366,77.758345,True,1.333333,1.519755,0.400449,0.40659,5.842138,0.207039,0.095127,,
both_highwin_highwin_exec,双入口高胜率执行,605319.SH,无锡振华,2025-06-24,0.215805,box,35.312315,37.322303,31.736652,36.68757,True,4.520796,1.504559,0.462531,0.184417,13.081163,0.215805,0.098328,,
both_highwin_highwin_exec,双入口高胜率执行,002119.SZ,康强电子,2025-06-24,0.210123,box,32.152426,33.560284,27.966903,33.141731,True,3.260225,2.341897,0.480153,0.06,14.826684,0.210123,0.073763,,
both_highwin_highwin_exec,双入口高胜率执行,300587.SZ,天铁科技,2025-06-24,0.207205,box,59.74783,64.482889,48.039322,63.880245,True,6.609195,1.168746,0.244883,0.224264,6.072923,0.207205,0.096064,,
both_highwin_highwin_exec,双入口高胜率执行,688143.SH,长盈通,2025-06-25,0.210305,box,45.356785,48.630362,40.623903,48.104486,True,7.428068,2.191922,0.418015,0.143384,10.627874,0.210305,0.09498,,
both_highwin_highwin_exec,双入口高胜率执行,300553.SZ,集智股份,2025-06-25,0.208006,box,63.621838,69.383554,59.903686,68.984399,True,8.251634,2.529628,0.297812,0.131582,5.723114,0.208006,0.094041,,
both_highwin_highwin_exec,双入口高胜率执行,300655.SZ,晶瑞电材,2025-06-25,0.206279,box,87.870848,88.41494,76.263554,87.598802,True,0.4158,1.766565,0.445403,0.09,7.967837,0.206279,0.100549,,
both_highwin_highwin_exec,双入口高胜率执行,688787.SH,海天瑞声,2025-06-26,0.208816,box,146.892145,153.248055,128.1069,150.550325,True,2.490385,1.481288,0.375228,0.14269,1.802125,0.208816,0.09123,,
both_highwin_highwin_exec,双入口高胜率执行,600067.SH,冠城新材,2025-06-26,0.207039,box,6.536235,6.671003,5.974703,6.603619,True,1.030928,1.115365,0.359642,0.332672,-0.003463,0.207039,0.106343,,
both_highwin_highwin_exec,双入口高胜率执行,002859.SZ,洁美科技,2025-06-26,0.206447,box,82.24924,88.008393,76.788709,86.771242,True,5.497925,3.640836,0.573518,0.21321,7.620442,0.206447,0.108048,,
both_highwin_highwin_exec,双入口高胜率执行,603612.SH,索通发展,2025-06-27,0.222021,box,28.963162,29.741656,24.578174,29.360353,True,1.706109,1.510907,0.49749,0.191976,5.764807,0.222021,0.108365,,
both_highwin_highwin_exec,双入口高胜率执行,002771.SZ,真视通,2025-06-27,0.2142,box,43.67413,44.609623,40.014159,43.807772,True,0.675676,1.394282,0.575917,0.284202,3.236746,0.2142,0.089721,,
both_highwin_highwin_exec,双入口高胜率执行,301007.SZ,德迈仕,2025-06-27,0.213761,box,27.706232,28.352017,24.696044,27.935382,True,2.758621,1.23077,0.205211,0.409006,5.150178,0.213761,0.095652,,
both_highwin_highwin_exec,双入口高胜率执行,688309.SH,恒誉环保,2025-06-30,0.21885,box,17.7501,18.269764,15.885422,18.249385,True,3.346797,1.140128,0.485687,0.139464,3.163073,0.21885,0.115221,,
both_highwin_highwin_exec,双入口高胜率执行,003011.SZ,海象新材,2025-06-30,0.216578,box,28.311435,28.543496,25.402938,28.41973,True,1.603982,1.156665,0.44082,0.173658,1.536472,0.216578,0.095152,,
both_highwin_highwin_exec,双入口高胜率执行,301228.SZ,实朴检测,2025-06-30,0.211378,box,27.869795,28.859374,24.335582,28.445367,True,1.440403,1.406038,0.391189,0.299586,11.207549,0.211378,0.087543,,
both_highwin_highwin_exec,双入口高胜率执行,600072.SH,中船科技,2025-07-01,0.209644,box,17.488876,18.027825,16.128031,17.812245,True,2.006173,2.920002,0.685126,0.142848,4.31455,0.209644,0.09499,,
both_highwin_highwin_exec,双入口高胜率执行,002428.SZ,云南锗业,2025-07-01,0.206727,box,105.523987,108.761896,94.907892,107.700286,True,1.959799,2.635444,0.649825,0.107831,4.697167,0.206727,0.095569,,
both_highwin_highwin_exec,双入口高胜率执行,603773.SH,沃格光电,2025-07-01,0.206279,box,55.508713,57.18257,46.619176,56.277782,True,0.974026,1.862717,0.442884,0.12,17.229859,0.206279,0.098949,,
both_highwin_highwin_exec,双入口高胜率执行,600761.SH,安徽合力,2025-07-02,0.2154,box,56.134785,59.325338,51.807005,58.693545,True,5.628198,2.192365,0.466038,0.25364,1.736469,0.2154,0.099014,,
both_highwin_highwin_exec,双入口高胜率执行,601001.SH,晋控煤业,2025-07-02,0.215212,box,29.337269,30.427424,28.053309,30.378972,True,3.550784,2.051933,0.716642,0.322592,3.076218,0.215212,0.096206,,
both_highwin_highwin_exec,双入口高胜率执行,300393.SZ,中来股份,2025-07-02,0.214349,box,36.090434,37.604718,32.872581,37.352338,True,3.677758,2.738103,0.533479,0.089764,7.653707,0.214349,0.107064,,
both_highwin_highwin_exec,双入口高胜率执行,688390.SH,固德威,2025-07-03,0.217096,box,124.564699,126.754477,111.061066,124.452402,True,0.362237,1.20038,0.580661,0.095119,6.475747,0.217096,0.098451,,
both_highwin_highwin_exec,双入口高胜率执行,000717.SZ,中南股份,2025-07-03,0.207481,box,2.98728,3.010348,2.675865,2.98728,True,0.0,2.319416,0.583994,0.070328,6.030725,0.207481,0.111887,,
both_highwin_highwin_exec,双入口高胜率执行,000932.SZ,华菱钢铁,2025-07-03,0.20737,box,8.965711,9.020491,7.72652,8.965711,True,2.719665,2.733084,0.566051,0.09669,12.518812,0.20737,0.111609,,
both_highwin_highwin_exec,双入口高胜率执行,600282.SH,南钢股份,2025-07-04,0.214076,box,7.815496,7.958245,7.244501,7.869027,True,0.455581,1.275845,0.758516,0.188677,4.299874,0.214076,0.096417,,
both_highwin_highwin_exec,双入口高胜率执行,688192.SH,迪哲医药-U,2025-07-04,0.208006,box,64.58,66.5,58.01,65.8,True,1.920694,1.310873,0.313317,0.188246,4.61067,0.208006,0.089399,,
both_highwin_highwin_exec,双入口高胜率执行,301330.SZ,熵基科技,2025-07-04,0.206398,box,43.551825,45.796933,38.801309,45.113639,True,5.92055,1.99713,0.379309,0.087335,8.561604,0.206398,0.101813,,
both_highwin_highwin_exec,双入口高胜率执行,001317.SZ,三羊马,2025-07-07,0.211378,box,47.199902,50.210931,39.740537,49.417484,True,4.248927,1.420517,0.331265,0.205033,13.299453,0.211378,0.087763,,
both_highwin_highwin_exec,双入口高胜率执行,300960.SZ,通业科技,2025-07-07,0.210714,box,39.142591,41.037851,29.775937,40.333002,True,3.082466,1.129131,0.254071,0.148458,26.876998,0.210714,0.080085,,
both_highwin_highwin_exec,双入口高胜率执行,603508.SH,思维列控,2025-07-07,0.20737,box,66.141564,70.295032,59.790622,69.57059,True,5.569806,1.661393,0.455967,0.183886,11.908886,0.20737,0.110053,,
both_highwin_highwin_exec,双入口高胜率执行,300248.SZ,新开普,2025-07-08,0.210714,box,156.320089,160.282839,135.567789,158.51003,True,2.633356,1.208202,0.566821,0.189193,5.23024,0.210714,0.088919,,
both_highwin_highwin_exec,双入口高胜率执行,301602.SZ,超研股份,2025-07-08,0.208082,box,26.304758,27.840876,24.095962,27.409156,True,2.515959,2.54581,0.641255,0.269576,7.000352,0.208082,0.089011,,
both_highwin_highwin_exec,双入口高胜率执行,002129.SZ,TCL中环,2025-07-08,0.207913,box,34.041868,36.352007,30.99074,35.872544,True,5.242967,2.479707,0.659379,0.015,8.797731,0.207913,0.113716,,
both_highwin_highwin_exec,双入口高胜率执行,301502.SZ,华阳智能,2025-07-09,0.206279,box,43.743818,44.981369,38.016314,44.592717,True,2.515871,2.213454,0.545537,0.274378,8.59158,0.206279,0.091588,,
both_highwin_highwin_exec,双入口高胜率执行,002133.SZ,广宇集团,2025-07-09,0.206104,box,4.837048,4.900903,4.310241,4.900903,True,1.320132,1.434999,0.598092,0.514243,4.707022,0.206104,0.097272,,
both_highwin_highwin_exec,双入口高胜率执行,002370.SZ,亚太药业,2025-07-09,0.206104,box,14.224558,14.648118,12.530318,14.365745,True,0.992556,1.501011,0.374347,0.345501,5.753243,0.206104,0.094121,,
both_highwin_highwin_exec,双入口高胜率执行,301096.SZ,百诚医药,2025-07-10,0.21671,box,46.397991,49.903982,42.492195,49.206884,True,6.053911,1.874732,0.238286,0.307217,9.079098,0.21671,0.089651,,
both_highwin_highwin_exec,双入口高胜率执行,002622.SZ,皓宸医疗,2025-07-10,0.2154,box,17.436508,18.075847,15.867222,17.727117,True,2.006689,1.743884,0.51838,0.290264,1.767821,0.2154,0.095017,,
both_highwin_highwin_exec,双入口高胜率执行,002180.SZ,纳思达,2025-07-10,0.213383,box,75.517324,80.373135,67.224608,78.828105,True,4.210088,2.649216,0.61693,0.12,12.377079,0.213383,0.107976,,
both_highwin_highwin_exec,双入口高胜率执行,300231.SZ,银信科技,2025-07-11,0.212668,box,134.922366,140.120195,121.540722,138.240129,True,2.459016,1.573082,0.524637,0.225142,-0.581109,0.212668,0.098444,,
both_highwin_highwin_exec,双入口高胜率执行,688579.SH,地纬智能,2025-07-11,0.212252,box,12.171642,13.07594,10.645399,12.816085,True,4.93617,1.447925,0.316299,0.09,3.192428,0.212252,0.099177,,
both_highwin_highwin_exec,双入口高胜率执行,688428.SH,诺诚健华,2025-07-11,0.20786,box,25.72,28.73,23.31,28.31,True,9.305019,1.494828,0.269602,0.157868,15.145002,0.20786,0.095044,,
both_highwin_highwin_exec,双入口高胜率执行,002773.SZ,康弘药业,2025-07-14,0.217039,box,63.67185,67.111861,56.580786,66.900817,True,3.934426,1.201748,0.443003,0.327438,7.3507,0.217039,0.109247,,
both_highwin_highwin_exec,双入口高胜率执行,688488.SH,艾迪药业,2025-07-14,0.215655,box,14.595051,15.346856,12.790717,15.186471,True,4.052198,1.170287,0.222704,0.279548,7.31344,0.215655,0.103302,,
both_highwin_highwin_exec,双入口高胜率执行,300609.SZ,汇纳科技,2025-07-14,0.207205,box,36.876703,39.815463,31.589041,39.425735,True,5.734463,1.281446,0.306663,0.129234,9.925961,0.207205,0.083198,,
both_highwin_highwin_exec,双入口高胜率执行,688266.SH,泽璟制药-U,2025-07-15,0.212086,box,125.28,129.97,102.47,129.7,True,2.928339,1.071615,0.313934,0.181599,10.116583,0.212086,0.089964,,
both_highwin_highwin_exec,双入口高胜率执行,688590.SH,新致软件,2025-07-15,0.208006,box,27.777711,30.356686,24.057002,29.940289,True,6.752874,2.190563,0.474132,0.124103,8.575407,0.208006,0.096034,,
both_highwin_highwin_exec,双入口高胜率执行,002550.SZ,千红制药,2025-07-15,0.20786,box,101.169131,105.539978,87.097133,103.621069,True,2.423604,1.121164,0.222384,0.27594,5.944881,0.20786,0.099638,,
both_highwin_highwin_exec,双入口高胜率执行,600566.SH,济川药业,2025-07-16,0.212626,box,49.865697,53.120688,47.813629,52.401562,True,5.205167,2.703266,0.673755,0.354664,4.603439,0.212626,0.108233,,
both_highwin_highwin_exec,双入口高胜率执行,301291.SZ,明阳电气,2025-07-16,0.207222,box,44.101218,46.039504,38.244676,45.310041,True,2.935606,1.841011,0.544231,0.158796,7.361831,0.207222,0.1164,,
both_highwin_highwin_exec,双入口高胜率执行,300708.SZ,聚灿光电,2025-07-16,0.206279,box,23.831052,24.842748,21.264343,24.524251,True,2.908805,1.680472,0.566926,0.163636,8.112786,0.206279,0.10197,,
both_highwin_highwin_exec,双入口高胜率执行,688336.SH,三生国健,2025-07-17,0.20786,box,59.66218,62.327017,51.728005,61.301306,True,2.453782,1.535815,0.281057,0.292192,9.384532,0.20786,0.076477,,
both_highwin_highwin_exec,双入口高胜率执行,688169.SH,石头科技,2025-07-17,0.207669,box,644.383902,673.766627,567.598583,665.901957,True,3.461109,1.357906,0.462668,0.054553,3.602497,0.207669,0.105652,,
both_highwin_highwin_exec,双入口高胜率执行,000963.SZ,华东医药,2025-07-17,0.207539,box,181.561069,190.025857,166.704502,189.766731,True,3.461267,1.980307,0.551332,0.236242,7.19622,0.207539,0.100332,,
both_highwin_highwin_exec,双入口高胜率执行,000415.SZ,渤海租赁,2025-07-18,0.206104,box,9.66809,9.993981,8.33737,9.912508,True,1.955307,1.283868,0.548717,0.158152,7.364277,0.206104,0.077787,,
both_highwin_highwin_exec,双入口高胜率执行,002046.SZ,国机精工,2025-07-18,0.206104,box,43.582919,44.995571,40.339052,44.210764,True,1.5625,1.780747,0.580664,0.399613,3.313226,0.206104,0.090564,,
both_highwin_highwin_exec,双入口高胜率执行,002378.SZ,章源钨业,2025-07-18,0.206104,box,23.765508,24.619358,21.744728,24.363203,True,2.51497,2.158342,0.46966,0.341021,6.300287,0.206104,0.085926,,
both_highwin_highwin_exec,双入口高胜率执行,300643.SZ,万通智控,2025-07-21,0.210305,box,24.798676,25.639851,20.294666,25.224588,True,2.112069,1.055155,0.316075,0.171567,18.762227,0.210305,0.087322,,
both_highwin_highwin_exec,双入口高胜率执行,688071.SH,华依科技,2025-07-21,0.208136,box,39.63,40.44,32.62,40.18,True,1.158107,2.36518,0.465288,0.15,15.069737,0.208136,0.102916,,
both_highwin_highwin_exec,双入口高胜率执行,688143.SH,长盈通,2025-07-21,0.207004,box,53.258069,56.110945,43.647689,56.00577,True,5.15922,1.102444,0.271424,0.15076,12.535178,0.207004,0.088403,,
both_highwin_highwin_exec,双入口高胜率执行,000301.SZ,东方盛虹,2025-07-22,0.212557,box,10.870003,11.096959,9.794948,11.073069,True,2.317881,1.697901,0.664474,0.242688,5.789014,0.212557,0.117684,,
both_highwin_highwin_exec,双入口高胜率执行,002567.SZ,唐人神,2025-07-22,0.209039,box,26.211206,27.325448,25.096965,27.272389,True,3.629032,3.132219,0.814922,0.264175,3.625201,0.209039,0.099163,,
both_highwin_highwin_exec,双入口高胜率执行,603226.SH,菲林格尔,2025-07-22,0.207205,box,56.284524,58.742545,49.53538,58.242609,True,2.643172,1.265684,0.246287,0.310758,9.275353,0.207205,0.095662,,
both_highwin_highwin_exec,双入口高胜率执行,002780.SZ,三夫户外,2025-07-23,0.206104,box,25.99651,26.700704,25.155389,26.309485,True,1.051841,1.055988,0.522017,0.661969,-3.438664,0.206104,0.082481,,
both_highwin_highwin_exec,双入口高胜率执行,300056.SZ,中创环保,2025-07-23,0.206104,box,83.773921,89.267293,80.310708,87.95366,True,4.989309,2.617599,0.465472,0.270144,1.623746,0.206104,0.09875,,
both_highwin_highwin_exec,双入口高胜率执行,600531.SH,豫光金铅,2025-07-23,0.206104,box,36.072893,36.808192,31.006182,36.548675,True,1.684717,1.17907,0.456054,0.230871,5.376641,0.206104,0.082905,,
both_highwin_highwin_exec,双入口高胜率执行,600037.SH,歌华有线,2025-07-24,0.220079,box,10.143766,10.239462,8.923644,10.191614,True,0.70922,1.309887,0.549905,0.135,6.753298,0.220079,0.103032,,
both_highwin_highwin_exec,双入口高胜率执行,603159.SH,上海亚虹,2025-07-24,0.208199,box,26.669137,27.562652,23.857137,27.441497,True,2.546689,1.531344,0.468347,0.144435,4.522309,0.208199,0.081836,,
both_highwin_highwin_exec,双入口高胜率执行,600293.SH,三峡新材,2025-07-24,0.207539,box,4.966054,5.181301,4.627809,5.181301,True,3.692308,1.167969,0.593389,0.134193,-2.568421,0.207539,0.099283,,
both_highwin_highwin_exec,双入口高胜率执行,688677.SH,海泰新光,2025-07-25,0.208179,box,58.734639,64.138226,55.063724,63.43341,True,7.596513,3.071231,0.564086,0.06,10.498066,0.208179,0.101104,,
both_highwin_highwin_exec,双入口高胜率执行,688026.SH,洁特生物,2025-07-25,0.20803,box,26.4233,28.359179,22.670647,27.882433,True,5.406881,1.988884,0.359885,0.0,13.536591,0.20803,0.096834,,
both_highwin_highwin_exec,双入口高胜率执行,688293.SH,奥浦迈,2025-07-25,0.207045,box,77.044406,80.682934,58.158708,80.423039,True,4.463616,1.053047,0.242013,0.150363,2.35531,0.207045,0.079865,,
both_highwin_highwin_exec,双入口高胜率执行,600893.SH,航发动力,2025-07-28,0.223019,box,86.112537,90.059717,77.258052,89.120929,True,2.856439,2.152656,0.511026,0.075,11.029066,0.223019,0.119184,,
both_highwin_highwin_exec,双入口高胜率执行,600435.SH,北方导航,2025-07-28,0.211794,box,49.011115,51.730482,42.915983,51.449168,True,5.648267,1.278375,0.246126,0.12073,9.567624,0.211794,0.099368,,
both_highwin_highwin_exec,双入口高胜率执行,688309.SH,恒誉环保,2025-07-28,0.211362,box,20.939412,21.907414,18.065974,21.78514,True,4.547677,1.316284,0.319233,0.071877,7.836282,0.211362,0.125095,,
both_highwin_highwin_exec,双入口高胜率执行,688169.SH,石头科技,2025-07-29,0.206566,box,673.686782,726.104604,590.928104,718.080246,True,6.482359,1.872737,0.48475,0.081369,6.569585,0.206566,0.104491,,
both_highwin_highwin_exec,双入口高胜率执行,002110.SZ,三钢闽光,2025-07-29,0.206408,box,10.84884,11.705327,8.445917,11.610162,True,6.78337,1.161553,0.270482,0.015,13.718139,0.206408,0.08201,,
both_highwin_highwin_exec,双入口高胜率执行,688510.SH,航亚科技,2025-07-29,0.206398,box,24.385105,26.883242,22.760802,26.58511,True,8.655462,2.011316,0.343229,0.230868,7.965426,0.206398,0.091217,,
both_highwin_highwin_exec,双入口高胜率执行,000661.SZ,长春高新,2025-07-30,0.214978,box,275.482713,282.39849,249.184073,277.677388,True,2.757579,1.672691,0.597496,0.224482,5.839344,0.214978,0.101439,,
both_highwin_highwin_exec,双入口高胜率执行,603063.SH,禾望电气,2025-07-30,0.206566,box,33.619648,36.339953,30.359435,35.768897,True,5.902244,3.080215,0.566522,0.133953,4.6368,0.206566,0.100682,,
both_highwin_highwin_exec,双入口高胜率执行,300679.SZ,电连技术,2025-07-30,0.206279,box,174.336359,190.429521,157.272381,186.882304,True,7.035928,2.614907,0.598944,0.150089,11.27819,0.206279,0.097404,,
both_highwin_highwin_exec,双入口高胜率执行,300586.SZ,美联新材,2025-07-31,0.208706,box,75.675788,81.081202,67.599464,79.682153,True,4.678363,1.307745,0.257509,0.310504,4.098729,0.208706,0.076843,,
both_highwin_highwin_exec,双入口高胜率执行,688627.SH,精智达,2025-07-31,0.206741,box,90.309239,96.622589,82.900777,95.125192,True,4.327563,1.282467,0.349274,0.190182,10.670517,0.206741,0.081549,,
both_highwin_highwin_exec,双入口高胜率执行,601231.SH,环旭电子,2025-07-31,0.206256,box,38.539588,39.43925,34.454635,38.73411,True,1.271456,1.891427,0.6101,0.138322,7.054549,0.206256,0.099486,,
both_highwin_highwin_exec,双入口高胜率执行,688671.SH,碧兴物联,2025-08-01,0.217381,box,22.37038,23.516033,20.491107,23.435636,True,5.377316,1.346788,0.529962,0.296239,8.655302,0.217381,0.098239,,
both_highwin_highwin_exec,双入口高胜率执行,300805.SZ,电声股份,2025-08-01,0.211424,box,11.696004,11.939883,10.750975,11.828105,True,1.393728,1.834499,0.662356,0.402948,5.523977,0.211424,0.097595,,
both_highwin_highwin_exec,双入口高胜率执行,002349.SZ,精华制药,2025-08-01,0.207384,box,63.634854,65.925054,59.54521,65.188918,True,2.048656,2.146822,0.63889,0.262872,5.652108,0.207384,0.094156,,
both_highwin_highwin_exec,双入口高胜率执行,300902.SZ,国安达,2025-08-04,0.210123,box,29.904017,32.41405,26.975645,32.240944,True,7.65896,1.26155,0.426616,0.234843,9.495674,0.210123,0.090695,,
both_highwin_highwin_exec,双入口高胜率执行,300137.SZ,先河环保,2025-08-04,0.210041,box,27.843803,28.764259,26.094936,28.534145,True,2.479339,1.558656,0.743658,0.257947,4.917935,0.210041,0.110017,,
both_highwin_highwin_exec,双入口高胜率执行,300639.SZ,凯普生物,2025-08-04,0.209244,box,47.785441,49.44066,42.459955,49.44066,True,2.232143,1.609919,0.4101,0.083553,7.708565,0.209244,0.090626,,
both_highwin_highwin_exec,双入口高胜率执行,603733.SH,仙鹤股份,2025-08-05,0.216362,box,25.295315,25.512295,22.840014,25.489455,True,1.454545,1.216862,0.653887,0.313692,5.21446,0.216362,0.109005,,
both_highwin_highwin_exec,双入口高胜率执行,300777.SZ,中简科技,2025-08-05,0.214304,box,36.730009,39.062074,35.502607,38.519971,True,4.960981,2.273246,0.694479,0.131429,1.831249,0.214304,0.114644,,
both_highwin_highwin_exec,双入口高胜率执行,688638.SH,誉辰智能,2025-08-05,0.211579,box,56.71664,59.469602,49.216223,58.472356,True,3.095592,1.632403,0.249546,0.283482,8.562579,0.211579,0.096253,,
both_highwin_highwin_exec,双入口高胜率执行,002438.SZ,江苏神通,2025-08-06,0.22121,box,59.504413,62.173931,54.595945,61.78642,True,3.684971,1.321872,0.405832,0.286808,5.900489,0.22121,0.111314,,
both_highwin_highwin_exec,双入口高胜率执行,002993.SZ,奥海科技,2025-08-06,0.21923,box,56.704088,58.49116,54.604987,57.753638,True,1.774556,1.392597,0.662593,0.354841,4.295738,0.21923,0.092718,,
both_highwin_highwin_exec,双入口高胜率执行,002345.SZ,潮宏基,2025-08-06,0.21537,box,126.668243,135.786385,106.953341,135.047076,True,6.20155,1.170198,0.304281,0.190433,21.480929,0.21537,0.124094,,
both_highwin_highwin_exec,双入口高胜率执行,002666.SZ,德联集团,2025-08-07,0.212626,box,24.703604,25.519063,23.5044,25.231254,True,1.937984,2.420877,0.709977,0.254135,2.766389,0.212626,0.107218,,
both_highwin_highwin_exec,双入口高胜率执行,002782.SZ,可立克,2025-08-07,0.209488,box,39.59039,39.91579,35.902518,39.698857,True,0.549451,1.332848,0.524496,0.184515,9.272849,0.209488,0.093701,,
both_highwin_highwin_exec,双入口高胜率执行,301378.SZ,通达海,2025-08-07,0.208665,box,72.465795,75.376501,65.070446,74.621873,True,1.944035,1.28326,0.262984,0.237359,12.90742,0.208665,0.098321,,
both_highwin_highwin_exec,双入口高胜率执行,600673.SH,东阳光,2025-08-08,0.206398,box,43.923185,46.635918,38.555437,45.741293,True,4.966887,1.523961,0.238484,0.105385,16.910796,0.206398,0.093797,,
both_highwin_highwin_exec,双入口高胜率执行,002162.SZ,悦心健康,2025-08-08,0.206104,box,10.168831,10.428461,9.043769,10.320282,True,1.489362,1.31062,0.55812,0.115617,7.011029,0.206104,0.093316,,
both_highwin_highwin_exec,双入口高胜率执行,300594.SZ,朗进科技,2025-08-08,0.206104,box,20.15476,21.086239,18.537466,20.666562,True,3.062787,1.199539,0.576664,0.130012,5.366475,0.206104,0.086482,,
both_highwin_highwin_exec,双入口高胜率执行,002625.SZ,光启技术,2025-08-11,0.226756,box,291.159239,306.73899,260.60674,301.14107,True,2.927616,1.508117,0.584563,0.06,7.7828,0.226756,0.126551,,
both_highwin_highwin_exec,双入口高胜率执行,300995.SZ,奇德新材,2025-08-11,0.21317,box,47.266721,51.399444,42.240998,50.672583,True,8.565072,1.831019,0.365908,0.105,15.470564,0.21317,0.098147,,
both_highwin_highwin_exec,双入口高胜率执行,603312.SH,西典新能,2025-08-11,0.20837,box,47.118372,48.477154,39.091107,48.257658,True,2.714127,1.279766,0.354068,0.03,21.027792,0.20837,0.099351,,
both_highwin_highwin_exec,双入口高胜率执行,605289.SH,罗曼股份,2025-08-12,0.208706,box,50.430262,52.057878,43.273918,51.334493,True,1.766965,1.230434,0.256752,0.15,10.250099,0.208706,0.078461,,
both_highwin_highwin_exec,双入口高胜率执行,300577.SZ,开润股份,2025-08-12,0.207054,box,73.219979,78.119584,68.765792,76.749065,True,4.819841,2.362292,0.696892,0.216507,9.519102,0.207054,0.103848,,
both_highwin_highwin_exec,双入口高胜率执行,600545.SH,卓郎智能,2025-08-12,0.206862,box,2.89028,2.989187,2.527621,2.934238,True,1.520913,2.447496,0.419818,0.254163,10.52806,0.206862,0.100124,,
both_highwin_highwin_exec,双入口高胜率执行,688192.SH,迪哲医药-U,2025-08-13,0.210714,box,75.66,82.31,64.75,80.85,True,6.535775,1.09182,0.252472,0.138874,5.200345,0.210714,0.091997,,
both_highwin_highwin_exec,双入口高胜率执行,301327.SZ,华宝新能,2025-08-13,0.20737,box,107.787439,118.690902,101.173553,117.16026,True,8.77193,2.320884,0.421169,0.155595,11.36358,0.20737,0.102576,,
both_highwin_highwin_exec,双入口高胜率执行,603737.SH,三棵树,2025-08-13,0.20737,box,298.73405,328.350873,269.55708,322.559465,True,8.05501,2.215253,0.423143,0.163548,8.815103,0.20737,0.091621,,
both_highwin_highwin_exec,双入口高胜率执行,603360.SH,百傲化学,2025-08-14,0.20737,box,147.496535,152.055519,128.05381,149.641939,True,1.454545,1.589067,0.562319,0.090308,11.305779,0.20737,0.103564,,
both_highwin_highwin_exec,双入口高胜率执行,600986.SH,浙文互联,2025-08-14,0.206279,box,13.421277,14.202257,11.989482,14.057631,True,4.516129,2.333397,0.506839,0.145425,11.021168,0.206279,0.095476,,
both_highwin_highwin_exec,双入口高胜率执行,002413.SZ,雷科防务,2025-08-14,0.206104,box,30.974927,32.761942,27.500176,32.166271,True,3.846154,2.226923,0.450707,0.10918,6.327097,0.206104,0.081552,,
both_highwin_highwin_exec,双入口高胜率执行,605288.SH,凯迪股份,2025-08-15,0.213761,box,81.46927,85.446974,75.075479,85.167061,True,2.68206,1.448804,0.535736,0.165,8.725824,0.213761,0.098957,,
both_highwin_highwin_exec,双入口高胜率执行,603458.SH,勘设股份,2025-08-15,0.210305,box,28.181227,30.679769,24.607732,30.360188,True,8.854167,2.276722,0.242608,0.201481,8.129014,0.210305,0.084768,,
both_highwin_highwin_exec,双入口高胜率执行,300606.SZ,金太阳,2025-08-15,0.209074,box,34.197216,36.567163,30.538909,35.91503,True,5.662143,2.511784,0.469357,0.201044,9.547266,0.209074,0.087563,,
both_highwin_highwin_exec,双入口高胜率执行,600233.SH,圆通速递,2025-08-18,0.214478,box,40.458071,43.51833,33.686946,42.964109,True,6.004756,1.138377,0.264478,0.12,8.990019,0.214478,0.097602,,
both_highwin_highwin_exec,双入口高胜率执行,688428.SH,诺诚健华,2025-08-18,0.209547,box,31.41,34.02,27.5,33.51,True,6.550079,1.485563,0.239676,0.186525,6.962928,0.209547,0.123771,,
both_highwin_highwin_exec,双入口高胜率执行,002278.SZ,神开股份,2025-08-18,0.208978,box,23.40919,24.714703,20.325479,24.444597,True,4.927536,1.767972,0.418702,0.202585,8.045584,0.208978,0.078589,,
both_highwin_highwin_exec,双入口高胜率执行,688386.SH,泛亚微透,2025-08-19,0.210475,box,89.663467,93.399445,71.47088,91.775107,True,3.448276,1.284946,0.239507,0.171792,5.993144,0.210475,0.082623,,
both_highwin_highwin_exec,双入口高胜率执行,603305.SH,旭升集团,2025-08-19,0.206279,box,31.593331,32.888488,27.983878,32.378918,True,2.555481,1.940914,0.51903,0.171077,8.47266,0.206279,0.096947,,
both_highwin_highwin_exec,双入口高胜率执行,000409.SZ,云鼎科技,2025-08-19,0.206104,box,14.317185,14.587321,12.717982,14.479266,True,1.208459,1.072388,0.480883,0.367921,1.683258,0.206104,0.085633,,
both_highwin_highwin_exec,双入口高胜率执行,300665.SZ,飞鹿股份,2025-08-20,0.216039,box,24.677684,27.072469,20.617954,26.547897,True,7.083717,1.664138,0.23081,0.237891,21.322439,0.216039,0.100858,,
both_highwin_highwin_exec,双入口高胜率执行,601100.SH,恒立液压,2025-08-20,0.209472,box,290.945397,301.978189,257.419946,298.917479,True,2.326998,1.186713,0.482086,0.191678,1.004489,0.209472,0.103214,,
both_highwin_highwin_exec,双入口高胜率执行,002112.SZ,三变科技,2025-08-20,0.206447,box,33.593108,35.915654,30.959293,35.19734,True,4.775481,3.19361,0.576935,0.181831,6.853919,0.206447,0.09491,,
both_highwin_highwin_exec,双入口高胜率执行,002273.SZ,水晶光电,2025-08-21,0.206307,box,292.894678,301.043576,237.83141,295.339347,True,0.316331,1.843047,0.345814,0.045,14.503521,0.206307,0.082862,,
both_highwin_highwin_exec,双入口高胜率执行,000960.SZ,锡业股份,2025-08-21,0.206104,box,26.644614,27.21703,24.136886,26.767275,True,1.814412,1.401409,0.287766,0.238315,4.654872,0.206104,0.102889,,
both_highwin_highwin_exec,双入口高胜率执行,000967.SZ,盈峰环境,2025-08-21,0.206104,box,22.832314,23.91653,20.568216,23.565754,True,3.06834,1.344812,0.461084,0.378221,2.577599,0.206104,0.095477,,
both_highwin_highwin_exec,双入口高胜率执行,300700.SZ,岱勒新材,2025-08-22,0.210475,box,40.613775,44.042643,34.521709,43.310263,True,7.078189,1.696699,0.34143,0.189694,6.973224,0.210475,0.087587,,
both_highwin_highwin_exec,双入口高胜率执行,300813.SZ,泰林生物,2025-08-22,0.206566,box,58.132957,59.276203,50.51851,58.348664,True,1.539039,1.160457,0.293642,0.152222,2.996115,0.206566,0.093274,,
both_highwin_highwin_exec,双入口高胜率执行,688147.SH,微导纳米,2025-08-22,0.206398,box,37.815317,39.562957,32.672835,39.090893,True,3.345725,1.26019,0.32216,0.0,10.542386,0.206398,0.09146,,
both_highwin_highwin_exec,双入口高胜率执行,000989.SZ,九芝堂,2025-08-25,0.211378,box,22.116785,24.652589,20.877483,24.233133,True,8.078231,1.822204,0.245466,0.231416,4.567585,0.211378,0.087984,,
both_highwin_highwin_exec,双入口高胜率执行,603119.SH,浙江荣泰,2025-08-25,0.207205,box,89.862988,97.691462,69.732626,96.152081,True,8.266667,1.198003,0.241918,0.139333,9.119559,0.207205,0.088024,,
both_highwin_highwin_exec,双入口高胜率执行,688317.SH,之江生物,2025-08-25,0.207205,box,29.90217,32.866754,25.967967,32.298356,True,8.134328,1.640707,0.2396,0.273445,10.750991,0.207205,0.102937,,
both_highwin_highwin_exec,双入口高胜率执行,688506.SH,百利天恒,2025-08-26,0.213601,box,330.2,346.0,289.0,340.0,True,3.030303,1.265868,0.572658,0.106475,7.316718,0.213601,0.086009,,
both_highwin_highwin_exec,双入口高胜率执行,301178.SZ,天亿马,2025-08-26,0.212946,box,78.486797,82.497902,70.763287,80.975958,True,2.669071,1.654795,0.303132,0.1493,1.256061,0.212946,0.117332,,
both_highwin_highwin_exec,双入口高胜率执行,600094.SH,大名城,2025-08-26,0.20735,box,3.58179,3.883743,3.196539,3.831682,True,6.051873,2.291511,0.608251,0.045,1.103358,0.20735,0.102705,,
both_highwin_highwin_exec,双入口高胜率执行,002430.SZ,杭氧股份,2025-08-27,0.204264,box,58.626898,59.840705,53.06766,59.62222,True,1.697723,1.684189,0.472928,0.362038,2.138081,0.204264,0.070892,,
both_highwin_highwin_exec,双入口高胜率执行,300892.SZ,品渥食品,2025-08-27,0.200216,box,38.328389,41.881073,33.060265,41.079182,True,6.556082,2.579191,0.493882,0.135,16.990597,0.200216,0.067284,,
both_highwin_highwin_exec,双入口高胜率执行,300457.SZ,赢合科技,2025-08-28,0.207497,box,136.36872,140.071836,117.523204,139.719159,True,2.678186,1.512395,0.447753,0.08226,7.09935,0.207497,0.087683,,
both_highwin_highwin_exec,双入口高胜率执行,600869.SH,远东股份,2025-08-28,0.207328,box,30.515133,31.764291,24.670861,31.719678,True,4.405286,1.543556,0.241211,0.06,13.958216,0.207328,0.084896,,
both_highwin_highwin_exec,双入口高胜率执行,688059.SH,华锐精密,2025-08-28,0.207045,box,136.670274,146.154362,111.572642,144.249262,True,6.091989,1.235731,0.240422,0.23194,-5.118046,0.207045,0.092701,,
both_highwin_highwin_exec,双入口高胜率执行,688708.SH,佳驰科技,2025-08-29,0.209364,box,81.064745,86.099823,74.116339,85.193509,True,4.033448,1.079442,0.24357,0.233256,5.15123,0.209364,0.075312,,
both_highwin_highwin_exec,双入口高胜率执行,301283.SZ,聚胶股份,2025-08-29,0.206477,box,46.566288,48.928269,41.340005,48.821392,True,5.03564,1.451429,0.272344,0.171614,7.308578,0.206477,0.09955,,
both_highwin_highwin_exec,双入口高胜率执行,000962.SZ,东方钽业,2025-08-29,0.206104,box,23.362939,24.620687,18.654734,24.442598,True,5.172414,1.228054,0.295276,0.122191,2.465849,0.206104,0.082619,,
both_highwin_highwin_exec,双入口高胜率执行,003017.SZ,大洋生物,2025-09-01,0.211378,box,52.87784,57.041087,47.162978,56.08861,True,8.177778,1.749567,0.238132,0.132726,6.573468,0.211378,0.081199,,
both_highwin_highwin_exec,双入口高胜率执行,688005.SH,容百科技,2025-09-01,0.208199,box,38.963212,39.968215,32.469343,39.24152,True,2.628387,1.51239,0.48708,0.06,5.24804,0.208199,0.09329,,
both_highwin_highwin_exec,双入口高胜率执行,002085.SZ,万丰奥威,2025-09-01,0.206475,box,138.598048,138.598048,116.459858,136.506819,True,0.317965,1.526632,0.513466,0.075,4.516007,0.206475,0.084153,,
both_highwin_highwin_exec,双入口高胜率执行,601100.SH,恒立液压,2025-09-02,0.208217,box,324.862334,339.133784,264.573466,332.514109,True,2.332968,1.474064,0.317854,0.171382,7.50415,0.208217,0.108107,,
both_highwin_highwin_exec,双入口高胜率执行,300518.SZ,新迅达,2025-09-02,0.206252,box,29.07061,29.961133,25.429363,29.565345,True,1.563562,1.409349,0.535406,0.120555,1.546213,0.206252,0.088815,,
both_highwin_highwin_exec,双入口高胜率执行,002632.SZ,道明光学,2025-09-02,0.206104,box,67.831714,68.967812,60.747811,68.767324,True,1.37931,1.502974,0.576937,0.153098,-4.139116,0.206104,0.088275,,
both_highwin_highwin_exec,双入口高胜率执行,603444.SH,吉比特,2025-09-03,0.210475,box,592.616529,629.55855,497.311659,620.953263,True,4.19915,1.31016,0.238618,0.12687,7.29103,0.210475,0.100225,,
both_highwin_highwin_exec,双入口高胜率执行,002020.SZ,京新药业,2025-09-03,0.207045,box,117.099478,126.735789,108.499985,124.723142,True,6.454971,1.27556,0.237299,0.135,3.390265,0.207045,0.065635,,
both_highwin_highwin_exec,双入口高胜率执行,600603.SH,广汇物流,2025-09-03,0.206104,box,21.472908,22.243236,19.811887,21.93029,True,2.59009,1.165448,0.469707,0.181266,-3.30165,0.206104,0.090935,,
both_highwin_highwin_exec,双入口高胜率执行,600995.SH,南网储能,2025-09-04,0.211219,box,12.536985,12.810044,11.884017,12.691322,True,0.849057,1.675111,0.720306,0.32565,3.314185,0.211219,0.106775,,
both_highwin_highwin_exec,双入口高胜率执行,603391.SH,力聚热能,2025-09-04,0.20919,box,43.530202,44.903159,41.965669,44.700941,True,2.439024,1.445599,0.778238,0.286792,1.066647,0.20919,0.095631,,
both_highwin_highwin_exec,双入口高胜率执行,001390.SZ,古麒绒材,2025-09-04,0.206104,box,25.79,26.69,23.97,26.64,True,3.056093,1.517324,0.616898,0.22763,2.344969,0.206104,0.064164,,
both_highwin_highwin_exec,双入口高胜率执行,601619.SH,嘉泽新能,2025-09-05,0.207921,box,4.481658,4.700557,4.343407,4.689036,True,5.167959,1.821193,0.689461,0.161432,2.746773,0.207921,0.106992,,
both_highwin_highwin_exec,双入口高胜率执行,605050.SH,福然德,2025-09-05,0.20739,box,19.953845,21.413882,16.825193,21.321181,True,7.602339,1.140657,0.338182,0.102152,9.634675,0.20739,0.102769,,
both_highwin_highwin_exec,双入口高胜率执行,300587.SZ,天铁科技,2025-09-05,0.207205,box,71.308475,76.926719,64.653018,76.235243,True,6.393245,1.408402,0.362309,0.120495,-2.10672,0.207205,0.081355,,
both_highwin_highwin_exec,双入口高胜率执行,301237.SZ,和顺科技,2025-09-08,0.212086,box,42.584809,46.179631,38.394396,45.456412,True,7.929293,1.818061,0.270681,0.181319,7.450806,0.212086,0.129267,,
both_highwin_highwin_exec,双入口高胜率执行,301283.SZ,聚胶股份,2025-09-08,0.210714,box,48.821392,49.879474,41.885078,49.270275,True,0.91944,1.170861,0.304045,0.124787,8.533,0.210714,0.091407,,
both_highwin_highwin_exec,双入口高胜率执行,300413.SZ,芒果超媒,2025-09-08,0.208246,box,48.246732,50.687366,39.050141,49.891507,True,3.219905,1.191626,0.329826,0.075,4.17125,0.208246,0.084229,,
both_highwin_highwin_exec,双入口高胜率执行,688367.SH,工大高科,2025-09-09,0.206566,box,21.293256,22.040388,18.408497,21.957373,True,2.123552,1.857232,0.515408,0.045,1.999845,0.206566,0.086581,,
both_highwin_highwin_exec,双入口高胜率执行,002662.SZ,峰璟股份,2025-09-09,0.206475,box,19.39539,20.006268,18.122726,19.802642,True,1.832461,1.241396,0.628851,0.170573,1.668883,0.206475,0.085476,,
both_highwin_highwin_exec,双入口高胜率执行,600497.SH,驰宏锌锗,2025-09-09,0.206104,box,21.716069,22.103227,19.815473,21.786461,True,0.650407,1.13112,0.584388,0.18787,3.19072,0.206104,0.076496,,
both_highwin_highwin_exec,双入口高胜率执行,600082.SH,海泰发展,2025-09-10,0.214805,box,4.245566,4.39902,3.867045,4.368329,True,3.140097,1.308651,0.685172,0.06,8.418054,0.214805,0.108065,,
both_highwin_highwin_exec,双入口高胜率执行,300011.SZ,鼎汉技术,2025-09-10,0.211765,box,68.867673,71.306211,63.90651,71.138036,True,2.669903,1.2188,0.639249,0.078333,5.064511,0.211765,0.08433,,
both_highwin_highwin_exec,双入口高胜率执行,688360.SH,德马科技,2025-09-10,0.211579,box,66.902752,70.667841,60.617948,69.596239,True,4.523706,1.603559,0.398631,0.121319,5.023919,0.211579,0.094159,,
both_highwin_highwin_exec,双入口高胜率执行,002913.SZ,奥士康,2025-09-11,0.21317,box,92.453465,100.384522,82.279052,98.79831,True,6.731946,1.213304,0.317852,0.105,4.066358,0.21317,0.100056,,
both_highwin_highwin_exec,双入口高胜率执行,301112.SZ,信邦智能,2025-09-11,0.20786,box,48.344274,50.464907,41.746751,50.464907,True,3.574432,1.199346,0.203148,0.192194,6.495369,0.20786,0.095968,,
both_highwin_highwin_exec,双入口高胜率执行,002324.SZ,普利特,2025-09-11,0.206566,box,118.012997,124.320302,107.224186,122.909458,True,4.149086,1.356731,0.285995,0.136859,0.888381,0.206566,0.102104,,
both_highwin_highwin_exec,双入口高胜率执行,603129.SH,春风动力,2025-09-12,0.213704,box,296.879855,317.160572,275.23831,312.748858,True,4.822158,1.359161,0.273536,0.108294,6.296881,0.213704,0.117399,,
both_highwin_highwin_exec,双入口高胜率执行,603829.SH,洛凯股份,2025-09-12,0.209043,box,21.125129,22.277409,18.041714,21.97867,True,5.967078,1.636629,0.507948,0.135,16.550727,0.209043,0.110169,,
both_highwin_highwin_exec,双入口高胜率执行,603341.SH,龙旗科技,2025-09-12,0.208088,box,46.004514,48.278618,40.78022,47.633264,True,3.540414,1.309245,0.529183,0.075,2.337603,0.208088,0.071184,,
both_highwin_highwin_exec,双入口高胜率执行,002311.SZ,海大集团,2025-09-15,0.229473,box,468.569142,493.53627,421.102565,488.818644,True,3.615385,1.086561,0.530864,0.164805,10.621142,0.229473,0.121291,,
both_highwin_highwin_exec,双入口高胜率执行,688500.SH,慧辰股份,2025-09-15,0.213378,box,77.720108,85.622488,63.900971,84.017944,True,6.998723,1.328038,0.2168,0.202281,11.128979,0.213378,0.093629,,
both_highwin_highwin_exec,双入口高胜率执行,603456.SH,九洲药业,2025-09-15,0.210922,box,79.627462,84.860602,70.924545,83.772109,True,5.260389,1.730783,0.438503,0.124721,5.497494,0.210922,0.08684,,
both_highwin_highwin_exec,双入口高胜率执行,600751.SH,海航科技,2025-09-16,0.212086,box,8.055474,8.815766,7.295182,8.689051,True,8.108108,1.882265,0.309177,0.215736,12.47524,0.212086,0.101232,,
both_highwin_highwin_exec,双入口高胜率执行,000897.SZ,津滨发展,2025-09-16,0.206527,box,2.591807,2.654512,2.340987,2.612709,True,2.040816,1.867491,0.677659,0.12112,7.963345,0.206527,0.087681,,
both_highwin_highwin_exec,双入口高胜率执行,301510.SZ,固高科技,2025-09-16,0.206475,box,34.449629,36.194676,31.992523,35.793516,True,4.173964,1.675651,0.537798,0.07463,2.417982,0.206475,0.08582,,
both_highwin_highwin_exec,双入口高胜率执行,603486.SH,科沃斯,2025-09-17,0.211965,box,143.529948,156.765292,128.926952,154.412342,True,7.02273,1.139789,0.242331,0.1996,6.819924,0.211965,0.11216,,
both_highwin_highwin_exec,双入口高胜率执行,301345.SZ,涛涛车业,2025-09-17,0.210714,box,226.931367,241.955908,192.14912,240.566356,True,6.267683,1.135041,0.247446,0.208028,16.331295,0.210714,0.089667,,
both_highwin_highwin_exec,双入口高胜率执行,002139.SZ,拓邦股份,2025-09-17,0.209678,box,94.17577,96.363078,84.515159,95.755493,True,3.006536,1.433021,0.627201,0.091209,8.011093,0.209678,0.100709,,
both_highwin_highwin_exec,双入口高胜率执行,002409.SZ,雅克科技,2025-09-18,0.207919,box,201.160511,212.211862,180.192113,208.484867,True,3.741332,2.019875,0.567705,0.094207,11.198046,0.207919,0.081622,,
both_highwin_highwin_exec,双入口高胜率执行,301319.SZ,唯特偶,2025-09-18,0.206309,box,78.001469,81.586713,60.05284,80.264654,True,3.019845,1.847379,0.330847,0.18,28.646637,0.206309,0.090193,,
both_highwin_highwin_exec,双入口高胜率执行,600676.SH,交运股份,2025-09-18,0.206104,box,7.288477,7.49294,6.711172,7.372668,True,1.155116,1.249227,0.470585,0.296745,3.936263,0.206104,0.083411,,
both_highwin_highwin_exec,双入口高胜率执行,002270.SZ,华明装备,2025-09-19,0.216359,box,50.918436,51.151413,46.567288,51.125526,True,0.662589,1.058328,0.513203,0.475563,4.117712,0.216359,0.111258,,
both_highwin_highwin_exec,双入口高胜率执行,300979.SZ,华利集团,2025-09-19,0.21035,box,60.933588,64.689847,57.098579,63.82214,True,4.681648,1.224002,0.710138,0.219515,4.687185,0.21035,0.098528,,
both_highwin_highwin_exec,双入口高胜率执行,603338.SH,浙江鼎力,2025-09-19,0.206475,box,401.23959,422.564732,368.174476,417.21487,True,3.674298,2.104907,0.577265,0.138949,7.569869,0.206475,0.085343,,
both_highwin_highwin_exec,双入口高胜率执行,300903.SZ,科翔股份,2025-09-22,0.210714,box,22.719055,24.60175,18.645918,24.167282,True,6.374502,1.29637,0.388796,0.181583,10.296952,0.210714,0.097794,,
both_highwin_highwin_exec,双入口高胜率执行,688386.SH,泛亚微透,2025-09-22,0.210714,box,106.610729,114.366944,87.281105,113.026865,True,6.099111,1.387054,0.24288,0.149624,11.49933,0.210714,0.0919,,
both_highwin_highwin_exec,双入口高胜率执行,688258.SH,卓易信息,2025-09-22,0.209413,box,106.446721,112.66321,90.607449,112.393545,True,6.710686,1.523903,0.257881,0.174296,11.864388,0.209413,0.06344,,
both_highwin_highwin_exec,双入口高胜率执行,002913.SZ,奥士康,2025-09-23,0.210714,box,96.985497,100.293881,82.279052,98.75299,True,2.710346,1.173822,0.343593,0.191623,10.004374,0.210714,0.08467,,
both_highwin_highwin_exec,双入口高胜率执行,300257.SZ,开山股份,2025-09-23,0.2104,box,99.092775,102.662495,83.95452,101.009847,True,1.934623,1.252356,0.384374,0.313169,-1.554361,0.2104,0.08079,,
both_highwin_highwin_exec,双入口高胜率执行,300606.SZ,金太阳,2025-09-23,0.207361,box,39.016638,39.446091,31.01608,39.382468,True,0.855397,1.397626,0.407128,0.15,22.602005,0.207361,0.081925,,
both_highwin_highwin_exec,双入口高胜率执行,002611.SZ,东方精工,2025-09-24,0.21898,box,131.959416,136.872798,114.622195,135.398784,True,3.821313,1.620362,0.204967,0.311059,10.822055,0.21898,0.1079,,
both_highwin_highwin_exec,双入口高胜率执行,300686.SZ,智动力,2025-09-24,0.213086,box,21.461896,23.455712,18.835894,23.163934,True,6.721434,1.765524,0.207495,0.271497,8.231885,0.213086,0.103521,,
both_highwin_highwin_exec,双入口高胜率执行,000962.SZ,东方钽业,2025-09-24,0.208706,box,26.089914,27.904187,22.416846,27.714968,True,6.228669,1.065649,0.245219,0.255895,6.495206,0.208706,0.073325,,
both_highwin_highwin_exec,双入口高胜率执行,300909.SZ,汇创达,2025-09-25,0.211579,box,53.560189,56.259795,47.281676,55.534758,True,4.529617,1.878108,0.39395,0.145985,4.541498,0.211579,0.120795,,
both_highwin_highwin_exec,双入口高胜率执行,688138.SH,清溢光电,2025-09-25,0.20803,box,33.603225,34.58246,28.624588,34.170151,True,1.62477,1.472684,0.462369,0.234941,10.055878,0.20803,0.091385,,
both_highwin_highwin_exec,双入口高胜率执行,601899.SH,紫金矿业,2025-09-25,0.206566,box,56.868365,58.432773,47.989289,57.650569,True,5.167759,1.376318,0.278784,0.101832,5.068279,0.206566,0.109376,,
both_highwin_highwin_exec,双入口高胜率执行,002738.SZ,中矿资源,2025-09-26,0.211378,box,138.245856,143.442829,123.962152,142.071849,True,2.460336,1.085596,0.401019,0.190938,4.772304,0.211378,0.080607,,
both_highwin_highwin_exec,双入口高胜率执行,300464.SZ,星徽股份,2025-09-26,0.208006,box,14.731272,15.748976,13.128387,15.469107,True,7.231041,2.874222,0.624671,0.12,9.724511,0.208006,0.084781,,
both_highwin_highwin_exec,双入口高胜率执行,000581.SZ,威孚高科,2025-09-26,0.206398,box,56.555322,61.491059,54.190281,60.565608,True,6.848073,2.188887,0.541756,0.221341,9.165331,0.206398,0.087905,,
both_highwin_highwin_exec,双入口高胜率执行,000029.SZ,深深房Ａ,2025-09-29,0.20786,box,32.942,34.631882,28.449909,34.011545,True,3.819785,1.432135,0.228495,0.244274,13.29822,0.20786,0.11261,,
both_highwin_highwin_exec,双入口高胜率执行,688019.SH,安集科技,2025-09-29,0.206194,box,689.941785,729.456605,504.101075,721.230817,True,4.136787,1.173183,0.242799,0.165,29.723888,0.206194,0.092779,,
both_highwin_highwin_exec,双入口高胜率执行,000049.SZ,德赛电池,2025-09-29,0.206104,box,74.285951,77.715384,65.961278,76.470832,True,4.064735,1.062116,0.490655,0.222384,1.445315,0.206104,0.081289,,
both_highwin_highwin_exec,双入口高胜率执行,002241.SZ,歌尔股份,2025-09-30,0.21537,box,416.547294,444.403673,357.647577,442.63314,True,6.082037,1.236661,0.247588,0.199195,9.546674,0.21537,0.119054,,
both_highwin_highwin_exec,双入口高胜率执行,600490.SH,鹏欣资源,2025-09-30,0.211378,box,41.680037,43.352384,36.019785,43.030779,True,4.53125,1.294545,0.244,0.278639,-0.144244,0.211378,0.09076,,
both_highwin_highwin_exec,双入口高胜率执行,603259.SH,药明康德,2025-09-30,0.211378,box,267.896037,285.684517,247.44066,285.099202,True,6.421583,1.176633,0.269948,0.345431,2.399781,0.211378,0.084519,,
both_highwin_highwin_exec,双入口高胜率执行,600201.SH,生物股份,2025-10-09,0.209,box,40.887365,41.394758,33.783873,41.141062,True,0.93361,1.349827,0.523523,0.135,7.338213,0.209,0.101092,,
both_highwin_highwin_exec,双入口高胜率执行,000962.SZ,东方钽业,2025-10-09,0.208449,box,27.804012,29.228717,22.416846,28.928194,True,6.516393,1.155874,0.243168,0.2464,4.584696,0.208449,0.101113,,
both_highwin_highwin_exec,双入口高胜率执行,002145.SZ,钛能化学,2025-10-09,0.208449,box,26.69322,28.198992,22.358424,27.788327,True,5.181347,1.355817,0.268612,0.12,15.000658,0.208449,0.099424,,
both_highwin_highwin_exec,双入口高胜率执行,002043.SZ,兔宝宝,2025-10-10,0.211885,box,47.427035,50.435466,45.170711,49.904566,True,4.832714,2.586248,0.651334,0.404378,3.77565,0.211885,0.100405,,
both_highwin_highwin_exec,双入口高胜率执行,600751.SH,海航科技,2025-10-10,0.208449,box,8.236496,9.014891,7.349489,8.92438,True,8.830022,2.158263,0.389394,0.207993,2.254172,0.208449,0.099424,,
both_highwin_highwin_exec,双入口高胜率执行,603215.SH,比依股份,2025-10-10,0.208449,box,25.205901,26.566911,21.852373,26.294709,True,4.319654,1.7553,0.397192,0.0924,10.263781,0.208449,0.099554,,
both_highwin_highwin_exec,双入口高胜率执行,300409.SZ,道氏技术,2025-10-13,0.208449,box,148.510691,165.619123,139.065411,164.074611,True,4.187099,1.187265,0.242902,0.204641,8.878811,0.208449,0.098667,,
both_highwin_highwin_exec,双入口高胜率执行,601020.SH,华钰矿业,2025-10-13,0.208449,box,39.244565,43.656505,34.760299,43.135751,True,7.035176,1.452917,0.24169,0.236129,18.683862,0.208449,0.099554,,
both_highwin_highwin_exec,双入口高胜率执行,603823.SH,百合花,2025-10-13,0.208449,box,31.966929,35.297246,26.334171,34.598291,True,1.814882,1.305805,0.384879,0.165,24.973985,0.208449,0.099528,,
both_highwin_highwin_exec,双入口高胜率执行,301181.SZ,标榜股份,2025-10-14,0.208449,box,48.392689,49.906299,41.924147,49.89202,True,2.855461,2.114264,0.352438,0.15532,11.051947,0.208449,0.099424,,
both_highwin_highwin_exec,双入口高胜率执行,001979.SZ,招商蛇口,2025-10-14,0.207926,box,13.898491,14.408654,12.61619,14.160467,True,1.683168,1.208017,0.596869,0.135144,7.741393,0.207926,0.100219,,
both_highwin_highwin_exec,双入口高胜率执行,002763.SZ,汇洁股份,2025-10-14,0.207926,box,19.581848,19.883107,17.829689,19.773558,True,1.120448,1.12387,0.771688,0.197721,5.554178,0.207926,0.100219,,
both_highwin_highwin_exec,双入口高胜率执行,002626.SZ,金达威,2025-10-15,0.212776,box,165.36465,180.941259,153.913738,179.004708,True,7.918782,2.622214,0.661772,0.195,12.08061,0.212776,0.100219,,
both_highwin_highwin_exec,双入口高胜率执行,603967.SH,中创物流,2025-10-15,0.208613,box,19.647443,19.948425,18.326466,19.898262,True,1.622545,1.506293,0.770342,0.362524,4.146578,0.208613,0.100728,,
both_highwin_highwin_exec,双入口高胜率执行,002379.SZ,宏桥控股,2025-10-15,0.208449,box,142.46,152.320766,130.19417,150.63722,True,5.740011,1.143694,0.414751,0.198637,9.00687,0.208449,0.101113,,
both_highwin_highwin_exec,双入口高胜率执行,600438.SH,通威股份,2025-10-16,0.208449,box,63.385831,66.000497,53.64026,65.604335,True,1.928601,1.464207,0.51335,0.222574,13.112908,0.208449,0.100496,,
both_highwin_highwin_exec,双入口高胜率执行,688388.SH,嘉元科技,2025-10-16,0.208449,box,55.267008,58.14671,46.075232,57.11409,True,3.070866,1.126571,0.241265,0.259572,13.510412,0.208449,0.098667,,
both_highwin_highwin_exec,双入口高胜率执行,001229.SZ,魅视科技,2025-10-16,0.207926,box,36.984229,37.688991,31.872074,37.383945,True,0.622877,1.160008,0.582557,0.15,9.50105,0.207926,0.100405,,
both_highwin_highwin_exec,双入口高胜率执行,600985.SH,淮北矿业,2025-10-17,0.207926,box,47.018715,47.869732,41.948069,47.373305,True,0.678222,1.126994,0.593315,0.180955,8.179517,0.207926,0.0999,,
both_highwin_highwin_exec,双入口高胜率执行,002790.SZ,瑞尔特,2025-10-17,0.207803,box,25.002399,25.550132,22.328174,25.453474,True,1.152369,1.757182,0.665969,0.204832,12.060529,0.207803,0.10008,,
both_highwin_highwin_exec,双入口高胜率执行,300150.SZ,世纪瑞尔,2025-10-17,0.207803,box,27.919454,28.980296,24.785145,28.546315,True,1.718213,2.514364,0.675256,0.217371,8.58454,0.207803,0.10008,,
both_highwin_highwin_exec,双入口高胜率执行,688236.SH,春立医疗,2025-10-20,0.208449,box,26.266371,28.887724,23.28564,28.412075,True,8.169014,1.965907,0.455015,0.165,12.120141,0.208449,0.099972,,
both_highwin_highwin_exec,双入口高胜率执行,301201.SZ,诚达药业,2025-10-20,0.208359,box,54.21994,59.663443,45.268769,58.637616,True,8.114704,1.712715,0.392949,0.210996,19.546402,0.208359,0.099528,,
both_highwin_highwin_exec,双入口高胜率执行,000159.SZ,国际实业,2025-10-20,0.207926,box,12.762394,13.090195,11.691577,13.024635,True,2.581756,1.541639,0.718682,0.273091,6.878929,0.207926,0.100219,,
both_highwin_highwin_exec,双入口高胜率执行,600716.SH,凤凰股份,2025-10-21,0.211885,box,4.341813,4.56277,3.977233,4.551722,True,4.834606,1.653064,0.72237,0.165791,9.83813,0.211885,0.100219,,
both_highwin_highwin_exec,双入口高胜率执行,603808.SH,歌力思,2025-10-21,0.211885,box,19.185001,20.25731,17.529916,20.187377,True,5.352798,2.550909,0.709528,0.178842,9.883915,0.211885,0.101092,,
both_highwin_highwin_exec,双入口高胜率执行,300321.SZ,同大股份,2025-10-21,0.211173,box,90.533667,96.45643,82.029187,96.217784,True,6.329417,1.21646,0.272293,0.198568,13.719788,0.211173,0.100219,,
both_highwin_highwin_exec,双入口高胜率执行,300901.SZ,中胤时尚,2025-10-22,0.211173,box,18.011629,19.48663,14.407226,19.13346,True,5.377574,1.748291,0.423479,0.121932,24.247692,0.211173,0.100219,,
both_highwin_highwin_exec,双入口高胜率执行,300255.SZ,常山药业,2025-10-22,0.208449,box,406.418574,419.886636,340.741966,415.29165,True,1.707412,1.251432,0.438687,0.203019,16.119317,0.208449,0.100496,,
both_highwin_highwin_exec,双入口高胜率执行,301108.SZ,洁雅股份,2025-10-22,0.208449,box,52.198878,55.22597,44.476102,54.561487,True,4.971591,1.910529,0.371911,0.237073,14.484948,0.208449,0.099972,,
both_highwin_highwin_exec,双入口高胜率执行,300585.SZ,奥联电子,2025-10-23,0.209313,box,38.0091,39.648307,31.923546,39.545856,True,3.819258,1.255729,0.461055,0.105,13.94448,0.209313,0.101113,,
both_highwin_highwin_exec,双入口高胜率执行,002138.SZ,顺络电子,2025-10-23,0.208449,box,194.811896,198.283167,173.61611,196.074176,True,3.959844,1.237137,0.490164,0.126724,6.20785,0.208449,0.100496,,
both_highwin_highwin_exec,双入口高胜率执行,002192.SZ,融捷股份,2025-10-23,0.208449,box,60.598748,65.64091,51.999232,64.991306,True,7.52303,1.819078,0.482687,0.140258,3.589606,0.208449,0.099528,,
both_highwin_highwin_exec,双入口高胜率执行,002184.SZ,海得控制,2025-10-24,0.208449,box,25.826492,27.487465,22.374275,27.340908,True,4.67581,1.380414,0.462619,0.06,9.148589,0.208449,0.099528,,
both_highwin_highwin_exec,双入口高胜率执行,688125.SH,安达智能,2025-10-24,0.208449,box,65.817084,65.931295,50.232379,65.609426,True,1.461143,1.269804,0.241932,0.135,21.749257,0.208449,0.099424,,
both_highwin_highwin_exec,双入口高胜率执行,688256.SH,寒武纪,2025-10-24,0.208449,box,1425.0,1548.0,1190.0,1525.0,True,9.014225,1.47783,0.267963,0.266342,21.335887,0.208449,0.099554,,
both_highwin_highwin_exec,双入口高胜率执行,688611.SH,杭州柯林,2025-10-27,0.211173,box,120.252379,126.0128,105.120526,124.064001,True,3.342086,1.429597,0.475042,0.162684,8.343477,0.211173,0.100219,,
both_highwin_highwin_exec,双入口高胜率执行,002861.SZ,瀛通通讯,2025-10-27,0.208449,box,27.896225,28.342565,23.628103,28.063603,True,0.099502,1.238872,0.392836,0.161875,8.688247,0.208449,0.100496,,
both_highwin_highwin_exec,双入口高胜率执行,300572.SZ,安车检测,2025-10-27,0.208449,box,94.328832,98.100807,78.681032,96.4211,True,7.454844,1.731786,0.255303,0.213307,6.628714,0.208449,0.100496,,
both_highwin_highwin_exec,双入口高胜率执行,002859.SZ,洁美科技,2025-10-28,0.211173,box,137.490373,142.924945,125.637017,141.769563,True,3.112356,1.745772,0.403238,0.281305,7.880435,0.211173,0.100219,,
both_highwin_highwin_exec,双入口高胜率执行,002050.SZ,三花智控,2025-10-28,0.208449,box,533.72828,582.526294,432.428831,573.049894,True,8.206499,1.384907,0.242071,0.103077,27.632271,0.208449,0.098014,,
both_highwin_highwin_exec,双入口高胜率执行,301606.SZ,绿联科技,2025-10-28,0.208449,box,69.449612,72.038495,59.933163,71.578022,True,5.093149,2.758936,0.332099,0.227425,10.909988,0.208449,0.100219,,
both_highwin_highwin_exec,双入口高胜率执行,002062.SZ,宏润建设,2025-10-29,0.211173,box,54.579859,59.742185,43.081953,58.568929,True,7.308684,1.18856,0.241862,0.269609,17.158243,0.211173,0.099554,,
both_highwin_highwin_exec,双入口高胜率执行,688025.SH,杰普特,2025-10-29,0.211173,box,152.86777,165.714409,132.352421,165.156309,True,8.045977,1.265513,0.242263,0.22829,10.988414,0.211173,0.099554,,
both_highwin_highwin_exec,双入口高胜率执行,000811.SZ,冰轮环境,2025-10-29,0.208449,box,72.308467,77.499054,66.03865,76.214255,True,5.852962,1.555481,0.478435,0.24656,-0.37214,0.208449,0.100496,,
both_highwin_highwin_exec,双入口高胜率执行,688233.SH,神工股份,2025-10-30,0.209313,box,53.257519,56.536471,42.81986,56.078233,True,6.353805,1.145326,0.245322,0.087481,9.114458,0.209313,0.098667,,
both_highwin_highwin_exec,双入口高胜率执行,002326.SZ,永太科技,2025-10-30,0.208449,box,103.458443,107.159584,92.528513,106.118638,True,2.628635,1.504281,0.394047,0.182513,5.896757,0.208449,0.100496,,
both_highwin_highwin_exec,双入口高胜率执行,301152.SZ,天力锂能,2025-10-30,0.208449,box,31.516859,34.084527,26.542633,33.530716,True,6.050955,1.975372,0.325577,0.1342,12.846624,0.208449,0.099528,,
both_highwin_highwin_exec,双入口高胜率执行,002947.SZ,恒铭达,2025-10-31,0.208449,box,88.459257,91.724655,76.773536,90.770719,True,2.676904,1.226297,0.37017,0.142201,15.149175,0.208449,0.100219,,
both_highwin_highwin_exec,双入口高胜率执行,300909.SZ,汇创达,2025-10-31,0.208449,box,55.133674,58.465759,49.364229,57.493901,True,3.845082,1.641128,0.552465,0.158212,7.759899,0.208449,0.100219,,
both_highwin_highwin_exec,双入口高胜率执行,605100.SH,华丰股份,2025-10-31,0.208449,box,65.984304,70.691155,58.603609,69.895631,True,5.117979,1.21817,0.295954,0.308628,11.099127,0.208449,0.100496,,
both_highwin_highwin_exec,双入口高胜率执行,000807.SZ,云铝股份,2025-11-03,0.208449,box,33.767293,35.336514,28.271916,35.292924,True,5.654632,1.253181,0.258191,0.015,14.523349,0.208449,0.099424,,
both_highwin_highwin_exec,双入口高胜率执行,301086.SZ,鸿富瀚,2025-11-03,0.208449,box,134.385516,147.338337,114.71342,145.395414,True,8.297154,1.902821,0.243249,0.324833,20.240175,0.208449,0.099972,,
both_highwin_highwin_exec,双入口高胜率执行,301225.SZ,恒勃股份,2025-11-03,0.208449,box,99.531419,106.000859,80.898615,104.602888,True,3.451408,1.292488,0.207243,0.258785,18.57489,0.208449,0.098597,,
both_highwin_highwin_exec,双入口高胜率执行,002028.SZ,思源电气,2025-11-04,0.208359,box,269.071329,284.194316,197.030918,280.639432,True,5.066176,1.70878,0.243326,0.064021,16.077598,0.208359,0.099424,,
both_highwin_highwin_exec,双入口高胜率执行,002293.SZ,罗莱生活,2025-11-04,0.207926,box,90.659183,92.877439,76.578075,92.009426,True,1.381509,1.212617,0.507633,0.158851,8.05106,0.207926,0.0999,,
both_highwin_highwin_exec,双入口高胜率执行,301528.SZ,多浦乐,2025-11-04,0.207926,box,66.21701,67.715997,56.468562,67.685816,True,1.893079,1.086646,0.507206,0.22509,9.60992,0.207926,0.0999,,
both_highwin_highwin_exec,双入口高胜率执行,600853.SH,龙建股份,2025-11-05,0.209,box,7.186373,7.440009,6.814372,7.4231,True,3.051643,1.921624,0.714625,0.349476,0.396789,0.209,0.100405,,
both_highwin_highwin_exec,双入口高胜率执行,001330.SZ,博纳影业,2025-11-05,0.208449,box,6.89,7.09,5.3,7.01,True,1.154401,1.812782,0.253448,0.270582,13.414096,0.208449,0.100496,,
both_highwin_highwin_exec,双入口高胜率执行,301012.SZ,扬电科技,2025-11-05,0.208449,box,50.565871,54.550089,43.984974,53.539168,True,3.764887,1.786332,0.314424,0.223583,16.526521,0.208449,0.100496,,
both_highwin_highwin_exec,双入口高胜率执行,600969.SH,郴电国际,2025-11-06,0.209,box,12.395982,12.50232,10.831293,12.411173,True,0.245399,1.229326,0.635389,0.076367,6.321951,0.209,0.100405,,
both_highwin_highwin_exec,双入口高胜率执行,300736.SZ,百邦科技,2025-11-06,0.208449,box,35.675833,38.905643,29.906555,38.239957,True,6.891799,2.045987,0.392719,0.244443,16.326494,0.208449,0.099528,,
both_highwin_highwin_exec,双入口高胜率执行,301031.SZ,中熔电气,2025-11-06,0.208449,box,184.54334,192.91169,151.282181,189.333917,True,2.042651,1.234059,0.320513,0.266688,17.29125,0.208449,0.100496,,
both_highwin_highwin_exec,双入口高胜率执行,002851.SZ,麦格米特,2025-11-07,0.208449,box,197.387441,203.48426,158.260344,201.171673,True,2.328897,1.802654,0.301447,0.138195,15.676101,0.208449,0.099554,,
both_highwin_highwin_exec,双入口高胜率执行,300014.SZ,亿纬锂能,2025-11-07,0.208449,box,1562.211962,1632.052027,1378.42232,1605.770108,True,2.595115,1.08473,0.257483,0.234762,8.483685,0.208449,0.099554,,
both_highwin_highwin_exec,双入口高胜率执行,300919.SZ,中伟新材,2025-11-07,0.208449,box,67.306702,72.968427,61.423816,72.76201,True,7.680559,2.498061,0.333133,0.251364,11.923655,0.208449,0.099424,,
both_highwin_highwin_exec,双入口高胜率执行,002459.SZ,晶澳科技,2025-11-10,0.208449,box,40.256256,42.074981,34.202888,41.504933,True,4.226312,1.828413,0.404195,0.105,17.699211,0.208449,0.099424,,
both_highwin_highwin_exec,双入口高胜率执行,300812.SZ,易天股份,2025-11-10,0.208449,box,50.107765,53.767011,40.435588,52.865991,True,7.476636,1.158324,0.414785,0.086731,5.448263,0.208449,0.099554,,
both_highwin_highwin_exec,双入口高胜率执行,300827.SZ,上能电气,2025-11-10,0.208449,box,230.140063,236.04109,186.538028,235.18872,True,3.371758,1.472296,0.261633,0.213695,18.74936,0.208449,0.099554,,
both_highwin_highwin_exec,双入口高胜率执行,000811.SZ,冰轮环境,2025-11-11,0.208449,box,78.475501,79.863083,66.03865,79.143596,True,1.449275,1.49385,0.527735,0.166102,10.769902,0.208449,0.100496,,
both_highwin_highwin_exec,双入口高胜率执行,603363.SH,傲农生物,2025-11-11,0.208449,box,7.391323,7.856604,6.500642,7.710373,True,3.571429,1.5642,0.293176,0.235971,15.472923,0.208449,0.100496,,
both_highwin_highwin_exec,双入口高胜率执行,001228.SZ,永泰运,2025-11-11,0.207926,box,29.383605,30.223441,24.876135,30.042716,True,2.763636,1.231159,0.508313,0.249017,9.041373,0.207926,0.0999,,
both_highwin_highwin_exec,双入口高胜率执行,000729.SZ,燕京啤酒,2025-11-12,0.208613,box,28.282368,29.240319,26.138382,29.035044,True,2.33119,1.613595,0.723213,0.253006,10.857374,0.208613,0.100728,,
both_highwin_highwin_exec,双入口高胜率执行,002785.SZ,万里石,2025-11-12,0.208449,box,38.28182,38.893287,33.660737,38.762975,True,1.763158,1.117028,0.269212,0.311291,4.719814,0.208449,0.100496,,
both_highwin_highwin_exec,双入口高胜率执行,301285.SZ,鸿日达,2025-11-12,0.208449,box,54.928983,57.194615,46.621667,56.459543,True,2.880734,1.296007,0.52822,0.200731,8.622373,0.208449,0.099528,,
both_highwin_highwin_exec,双入口高胜率执行,002176.SZ,江特电机,2025-11-13,0.208449,box,92.619099,99.183287,75.728321,97.502214,True,5.729167,1.159888,0.308052,0.107273,7.479173,0.208449,0.099528,,
both_highwin_highwin_exec,双入口高胜率执行,002294.SZ,信立泰,2025-11-13,0.208449,box,709.326047,752.069478,630.405912,743.353638,True,5.400372,1.197055,0.407234,0.244881,12.346578,0.208449,0.100219,,
both_highwin_highwin_exec,双入口高胜率执行,002379.SZ,宏桥控股,2025-11-13,0.208449,box,184.308126,187.835555,143.662533,185.270152,True,0.521966,1.479909,0.239156,0.167109,12.350864,0.208449,0.099528,,
both_highwin_highwin_exec,双入口高胜率执行,002836.SZ,新宏泽,2025-11-14,0.208449,box,41.998878,45.349117,35.298399,44.658346,True,5.29316,1.061578,0.256827,0.239361,1.285582,0.208449,0.099424,,
both_highwin_highwin_exec,双入口高胜率执行,301369.SZ,联动科技,2025-11-14,0.208449,box,153.037623,164.700284,127.763369,161.529402,True,3.519033,1.539327,0.239045,0.220593,21.587336,0.208449,0.098597,,
both_highwin_highwin_exec,双入口高胜率执行,603959.SH,百利科技,2025-11-14,0.208449,box,14.837689,15.432783,13.349953,15.135236,True,1.733333,1.129687,0.258495,0.39094,7.734746,0.208449,0.100219,,
both_highwin_highwin_exec,双入口高胜率执行,002430.SZ,杭氧股份,2025-11-17,0.208449,box,69.954849,74.293512,58.13321,72.831041,True,4.111498,1.382101,0.337393,0.095707,10.559883,0.208449,0.099528,,
both_highwin_highwin_exec,双入口高胜率执行,002460.SZ,赣锋锂业,2025-11-17,0.208449,box,1003.620279,1051.963678,835.549221,1046.592189,True,7.475686,1.368978,0.243651,0.202429,9.561824,0.208449,0.099554,,
both_highwin_highwin_exec,双入口高胜率执行,301042.SZ,安联锐视,2025-11-17,0.208449,box,77.213978,81.302464,64.971883,79.84229,True,3.403933,1.332897,0.237362,0.269874,15.621068,0.208449,0.099424,,
both_highwin_highwin_exec,双入口高胜率执行,300672.SZ,国科微,2025-11-18,0.208449,box,181.837235,188.126121,135.423948,184.85066,True,1.960253,1.745155,0.37084,0.12,32.230962,0.208449,0.099528,,
both_highwin_highwin_exec,双入口高胜率执行,300658.SZ,延江股份,2025-11-18,0.208359,box,30.148285,32.596727,22.920956,32.124738,True,2.735849,2.404492,0.277184,0.153825,22.905596,0.208359,0.098597,,
both_highwin_highwin_exec,双入口高胜率执行,300036.SZ,超图软件,2025-11-18,0.207926,box,94.241678,95.749545,86.648491,95.534135,True,0.396152,1.454079,0.692265,0.446334,3.341354,0.207926,0.0999,,
both_highwin_highwin_exec,双入口高胜率执行,000020.SZ,深华发Ａ,2025-11-19,0.207926,box,15.64,16.42,14.29,16.12,True,2.675159,1.504213,0.464863,0.301077,8.237141,0.207926,0.100405,,
both_highwin_highwin_exec,双入口高胜率执行,300087.SZ,荃银高科,2025-11-19,0.207803,box,178.013415,178.719117,154.548812,176.60201,True,0.300601,2.221566,0.683763,0.18,12.936136,0.207803,0.10008,,
both_highwin_highwin_exec,双入口高胜率执行,300516.SZ,久之洋,2025-11-19,0.207803,box,62.315853,67.721753,58.15627,66.740278,True,6.065858,2.785242,0.571002,0.141706,4.696617,0.207803,0.10008,,
both_highwin_highwin_exec,双入口高胜率执行,301237.SZ,和顺科技,2025-11-20,0.208449,box,51.422965,55.187956,44.828914,54.475373,True,7.109996,2.149055,0.341143,0.148449,17.889802,0.208449,0.099528,,
both_highwin_highwin_exec,双入口高胜率执行,002043.SZ,兔宝宝,2025-11-20,0.207926,box,59.549243,62.734641,51.320299,61.495875,True,3.499628,1.23137,0.311902,0.437118,7.880646,0.207926,0.0999,,
both_highwin_highwin_exec,双入口高胜率执行,301185.SZ,鸥玛软件,2025-11-20,0.207803,box,21.258742,21.749008,19.923551,21.749008,True,2.356406,2.135805,0.659788,0.434375,7.353081,0.207803,0.10008,,
both_highwin_highwin_exec,双入口高胜率执行,002291.SZ,遥望科技,2025-11-21,0.207803,box,12.095929,12.820649,11.043359,12.630841,True,3.389831,2.318682,0.540884,0.383075,11.053852,0.207803,0.10008,,
both_highwin_highwin_exec,双入口高胜率执行,000333.SZ,美的集团,2025-11-21,0.206228,box,434.914891,447.268504,412.016944,444.222408,True,1.039261,1.311269,0.699548,0.439847,8.809191,0.206228,0.101115,,
both_highwin_highwin_exec,双入口高胜率执行,600901.SH,江苏金租,2025-11-21,0.206228,box,13.17725,13.320259,12.053609,13.17725,True,0.0,1.220327,0.575052,0.480901,9.351011,0.206228,0.101115,,
both_highwin_highwin_exec,双入口高胜率执行,300076.SZ,GQY视讯,2025-11-24,0.207926,box,55.440457,57.01972,52.448168,56.770363,True,2.092676,1.383698,0.651068,0.566593,5.260921,0.207926,0.099948,,
both_highwin_highwin_exec,双入口高胜率执行,300632.SZ,光莆股份,2025-11-24,0.207926,box,30.297672,31.170804,29.162601,31.127147,True,5.007364,2.084726,0.692619,0.275081,9.500687,0.207926,0.0999,,
both_highwin_highwin_exec,双入口高胜率执行,301102.SZ,兆讯传媒,2025-11-24,0.207926,box,24.443186,25.257263,22.501925,25.173768,True,3.430532,2.279474,0.660775,0.223375,12.556294,0.207926,0.100405,,
both_highwin_highwin_exec,双入口高胜率执行,688125.SH,安达智能,2025-11-25,0.209313,box,72.576339,78.214244,62.141544,76.729492,True,8.357771,1.448342,0.239541,0.147815,11.834879,0.209313,0.101113,,
both_highwin_highwin_exec,双入口高胜率执行,688011.SH,新光光电,2025-11-25,0.208449,box,43.386647,46.979556,37.811095,46.295193,True,6.703781,1.774912,0.364864,0.221937,11.205445,0.208449,0.099972,,
both_highwin_highwin_exec,双入口高胜率执行,000570.SZ,苏常柴Ａ,2025-11-25,0.207926,box,6.164546,6.384334,5.777299,6.373868,True,4.459691,1.3968,0.726916,0.221711,5.830049,0.207926,0.0999,,
both_highwin_highwin_exec,双入口高胜率执行,603730.SH,岱美股份,2025-11-26,0.208449,box,54.519544,56.3147,47.60487,55.716315,True,2.070646,1.30285,0.259486,0.227134,15.244413,0.208449,0.099528,,
both_highwin_highwin_exec,双入口高胜率执行,002294.SZ,信立泰,2025-11-26,0.207926,box,708.012701,756.84528,650.941863,745.74154,True,5.685279,1.404307,0.451075,0.382743,8.500145,0.207926,0.101113,,
both_highwin_highwin_exec,双入口高胜率执行,002923.SZ,润都股份,2025-11-26,0.207926,box,53.318888,54.498678,48.790017,53.851696,True,0.85531,1.253336,0.637451,0.321331,4.267647,0.207926,0.0999,,
both_highwin_highwin_exec,双入口高胜率执行,002141.SZ,贤丰控股,2025-11-27,0.208449,box,23.556487,25.259365,20.718356,24.805264,True,3.066038,2.361097,0.602652,0.15,17.772057,0.208449,0.099528,,
both_highwin_highwin_exec,双入口高胜率执行,688359.SH,三孚新科,2025-11-27,0.208449,box,78.818847,84.363387,69.306747,83.971653,True,6.104836,1.53377,0.24003,0.191032,6.862282,0.208449,0.099424,,
both_highwin_highwin_exec,双入口高胜率执行,000419.SZ,通程控股,2025-11-27,0.207926,box,11.234025,11.446993,10.630618,11.393751,True,1.421801,1.115147,0.669595,0.211872,4.439457,0.207926,0.0999,,
both_highwin_highwin_exec,双入口高胜率执行,603036.SH,如通股份,2025-11-28,0.208449,box,24.092012,25.582469,20.28801,25.526855,True,6.843575,2.4805,0.452821,0.184144,11.843853,0.208449,0.100219,,
both_highwin_highwin_exec,双入口高胜率执行,688115.SH,思林杰,2025-11-28,0.208449,box,66.932852,72.274911,53.45201,71.415992,True,8.256589,2.078524,0.300387,0.259722,16.110763,0.208449,0.099972,,
both_highwin_highwin_exec,双入口高胜率执行,688307.SH,中润光学,2025-11-28,0.208449,box,41.493291,44.287311,35.926101,44.287311,True,6.841046,1.418675,0.376603,0.203959,7.864277,0.208449,0.099972,,
both_highwin_highwin_exec,双入口高胜率执行,300255.SZ,常山药业,2025-12-01,0.211173,box,507.27059,542.683671,402.457379,536.345759,True,8.930008,1.240631,0.21507,0.282172,16.19554,0.211173,0.099554,,
both_highwin_highwin_exec,双入口高胜率执行,688656.SH,浩欧博,2025-12-01,0.208449,box,209.438173,223.915755,168.025796,221.403376,True,5.802901,1.443069,0.243523,0.217112,15.072133,0.208449,0.099424,,
both_highwin_highwin_exec,双入口高胜率执行,001219.SZ,青岛食品,2025-12-01,0.207926,box,35.346834,36.149099,33.506345,35.677179,True,0.934579,1.263151,0.679288,0.250849,1.134823,0.207926,0.0999,,
both_highwin_highwin_exec,双入口高胜率执行,603829.SH,洛凯股份,2025-12-02,0.209313,box,27.601368,28.967033,19.567418,28.796325,True,5.926217,1.133885,0.246094,0.078443,11.970717,0.209313,0.098667,,
both_highwin_highwin_exec,双入口高胜率执行,002634.SZ,棒杰股份,2025-12-02,0.208449,box,42.804446,44.892468,36.609982,44.683666,True,4.560261,1.403746,0.240937,0.135,11.568525,0.208449,0.099972,,
both_highwin_highwin_exec,双入口高胜率执行,002117.SZ,东港股份,2025-12-02,0.207926,box,78.670382,80.18936,73.417251,79.619743,True,1.206758,1.266472,0.631054,0.206899,2.165709,0.207926,0.0999,,
both_highwin_highwin_exec,双入口高胜率执行,000523.SZ,红棉股份,2025-12-03,0.207926,box,8.686632,8.858401,7.827784,8.784786,True,1.129944,1.407761,0.62481,0.015,8.113273,0.207926,0.0999,,
both_highwin_highwin_exec,双入口高胜率执行,000548.SZ,湖南投资,2025-12-03,0.207926,box,6.534277,6.644097,6.10598,6.622133,True,0.83612,1.052835,0.649338,0.351197,5.213119,0.207926,0.0999,,
both_highwin_highwin_exec,双入口高胜率执行,300099.SZ,尤洛卡,2025-12-03,0.207926,box,114.588865,118.239202,109.510134,117.28694,True,2.213001,2.262368,0.723333,0.203154,4.604245,0.207926,0.0999,,
both_highwin_highwin_exec,双入口高胜率执行,002151.SZ,北斗星通,2025-12-04,0.207926,box,103.166859,105.921149,97.964311,105.581113,True,1.636661,1.152416,0.771335,0.218319,4.702305,0.207926,0.0999,,
both_highwin_highwin_exec,双入口高胜率执行,002595.SZ,豪迈科技,2025-12-04,0.207926,box,351.489221,360.59073,330.369697,360.289022,True,2.797704,1.204208,0.380031,0.447806,6.787233,0.207926,0.100219,,
both_highwin_highwin_exec,双入口高胜率执行,301539.SZ,宏鑫科技,2025-12-04,0.207926,box,20.265715,20.742198,18.96806,20.498887,True,1.353383,2.011585,0.648487,0.267522,2.420838,0.207926,0.0999,,
both_highwin_highwin_exec,双入口高胜率执行,300818.SZ,耐普矿机,2025-12-05,0.208449,box,70.174992,77.822962,64.13028,76.73968,True,8.318043,2.440721,0.363609,0.249998,15.048162,0.208449,0.099528,,
both_highwin_highwin_exec,双入口高胜率执行,600711.SH,盛屯矿业,2025-12-05,0.208449,box,61.97375,67.869164,51.320339,66.76677,True,7.733952,1.720163,0.240638,0.144315,21.597485,0.208449,0.098667,,
both_highwin_highwin_exec,双入口高胜率执行,688270.SH,臻镭科技,2025-12-05,0.208449,box,141.355173,151.750978,110.782777,149.786886,True,6.412967,2.190425,0.411344,0.12,31.377891,0.208449,0.098667,,
both_highwin_highwin_exec,双入口高胜率执行,301213.SZ,观想科技,2025-12-08,0.208449,box,66.826131,68.93941,55.299154,68.413618,True,2.329099,1.094758,0.382777,0.167735,-1.930856,0.208449,0.099528,,
both_highwin_highwin_exec,双入口高胜率执行,688313.SH,仕佳光子,2025-12-08,0.208449,box,86.981267,95.279121,67.602805,94.129722,True,8.306265,1.168972,0.242984,0.210016,31.516872,0.208449,0.098667,,
both_highwin_highwin_exec,双入口高胜率执行,688372.SH,伟测科技,2025-12-08,0.208449,box,171.890878,176.347308,143.706968,174.609472,True,3.046304,1.165357,0.227472,0.297576,10.33545,0.208449,0.100219,,
both_highwin_highwin_exec,双入口高胜率执行,300751.SZ,迈为股份,2025-12-09,0.208449,box,709.211925,728.402024,449.541365,720.619642,True,1.511644,1.5108,0.243857,0.105,56.177788,0.208449,0.098667,,
both_highwin_highwin_exec,双入口高胜率执行,301369.SZ,联动科技,2025-12-09,0.208449,box,167.809296,177.058993,142.61238,176.316542,True,4.043447,1.083024,0.247095,0.222484,19.617753,0.208449,0.099528,,
both_highwin_highwin_exec,双入口高胜率执行,002389.SZ,航天彩虹,2025-12-09,0.207926,box,141.424404,146.866209,131.791782,144.802076,True,3.026257,2.326854,0.756431,0.248725,0.123271,0.207926,0.099948,,
both_highwin_highwin_exec,双入口高胜率执行,000980.SZ,众泰汽车,2025-12-10,0.208449,box,3.988922,4.273845,3.449603,4.192438,True,7.291667,2.050027,0.397828,0.15458,16.07179,0.208449,0.099554,,
both_highwin_highwin_exec,双入口高胜率执行,002779.SZ,中坚科技,2025-12-10,0.208449,box,283.555585,300.250395,227.706962,296.642437,True,4.090194,1.395888,0.378748,0.21387,22.586382,0.208449,0.099528,,
both_highwin_highwin_exec,双入口高胜率执行,002796.SZ,世嘉科技,2025-12-10,0.208449,box,46.36393,49.932168,39.435986,49.283398,True,5.401388,1.629058,0.29029,0.213283,10.245984,0.208449,0.099554,,
both_highwin_highwin_exec,双入口高胜率执行,600566.SH,济川药业,2025-12-11,0.207926,box,52.439411,53.537024,48.559916,52.817898,True,0.721761,1.319092,0.612146,0.31508,5.145925,0.207926,0.100219,,
both_highwin_highwin_exec,双入口高胜率执行,001376.SZ,百通能源,2025-12-11,0.207803,box,13.131007,14.474883,12.546267,14.310746,True,8.72954,5.946435,0.647673,0.239896,9.288013,0.207803,0.100219,,
both_highwin_highwin_exec,双入口高胜率执行,002204.SZ,大连重工,2025-12-11,0.207803,box,35.462981,36.635311,31.604062,36.000299,True,1.515152,1.539535,0.54649,0.194091,12.222218,0.207803,0.10008,,
both_highwin_highwin_exec,双入口高胜率执行,002384.SZ,东山精密,2025-12-12,0.208449,box,591.516183,652.176733,467.920314,643.456779,True,7.745048,2.421966,0.351503,0.173079,11.856918,0.208449,0.099554,,
both_highwin_highwin_exec,双入口高胜率执行,002922.SZ,伊戈尔,2025-12-12,0.208449,box,59.393295,63.544542,48.748584,62.459124,True,5.195638,1.162229,0.226868,0.234009,8.57312,0.208449,0.099554,,
both_highwin_highwin_exec,双入口高胜率执行,600577.SH,精达股份,2025-12-12,0.208449,box,55.405988,59.381531,48.813632,58.878298,True,6.557377,1.916858,0.436796,0.223475,10.762419,0.208449,0.099528,,
both_highwin_highwin_exec,双入口高胜率执行,002478.SZ,常宝股份,2025-12-15,0.208449,box,23.837981,25.534427,20.298845,25.154189,True,3.241297,2.643401,0.202652,0.266694,13.691623,0.208449,0.099528,,
both_highwin_highwin_exec,双入口高胜率执行,688307.SH,中润光学,2025-12-15,0.208449,box,47.435797,52.106399,37.635874,51.09513,True,7.572432,1.841596,0.286836,0.115792,17.085452,0.208449,0.099972,,
both_highwin_highwin_exec,双入口高胜率执行,002051.SZ,中工国际,2025-12-15,0.207926,box,48.132324,49.691919,44.959355,49.207907,True,3.859251,1.181554,0.675704,0.386032,1.750542,0.207926,0.0999,,
both_highwin_highwin_exec,双入口高胜率执行,605289.SH,罗曼股份,2025-12-16,0.208449,box,102.798162,103.082349,78.629356,101.661414,True,0.832799,1.436796,0.291336,0.121375,22.044887,0.208449,0.099528,,
both_highwin_highwin_exec,双入口高胜率执行,002151.SZ,北斗星通,2025-12-16,0.207926,box,109.151489,111.395725,97.964311,109.491525,True,1.449275,1.859689,0.704462,0.217902,4.783706,0.207926,0.0999,,
both_highwin_highwin_exec,双入口高胜率执行,002446.SZ,盛路通信,2025-12-16,0.207926,box,45.492922,46.437584,39.029447,46.13927,True,1.531729,2.046392,0.629739,0.245653,5.166102,0.207926,0.100405,,
both_highwin_highwin_exec,双入口高胜率执行,301377.SZ,鼎泰高科,2025-12-17,0.208449,box,126.916887,134.405191,102.125511,132.919993,True,6.828047,1.714206,0.21855,0.178382,25.635275,0.208449,0.099554,,
both_highwin_highwin_exec,双入口高胜率执行,000415.SZ,渤海租赁,2025-12-17,0.207926,box,10.428502,10.67292,9.287885,10.537132,True,2.917772,1.213069,0.676644,0.234656,2.389071,0.207926,0.100219,,
both_highwin_highwin_exec,双入口高胜率执行,000893.SZ,亚钾国际,2025-12-17,0.207926,box,71.631667,74.662238,62.601179,73.590824,True,2.64731,1.405579,0.440358,0.218115,2.209192,0.207926,0.0999,,
both_highwin_highwin_exec,双入口高胜率执行,001207.SZ,联科科技,2025-12-18,0.207926,box,26.271038,27.403601,24.494467,27.192634,True,2.942413,2.803259,0.690503,0.304235,9.144628,0.207926,0.0999,,
both_highwin_highwin_exec,双入口高胜率执行,300578.SZ,会畅科技,2025-12-18,0.207926,box,35.567774,37.207946,31.789849,36.784081,True,2.93966,1.538294,0.673899,0.045,12.440609,0.207926,0.099903,,
both_highwin_highwin_exec,双入口高胜率执行,301276.SZ,嘉曼服饰,2025-12-18,0.207926,box,32.371436,33.449618,27.941797,33.098884,True,3.745928,1.79705,0.479815,0.087791,10.838667,0.207926,0.0999,,
both_highwin_highwin_exec,双入口高胜率执行,002532.SZ,天山铝业,2025-12-19,0.208449,box,114.097462,120.155735,102.906487,119.566736,True,4.79351,1.086844,0.467114,0.327705,1.351848,0.208449,0.101113,,
both_highwin_highwin_exec,双入口高胜率执行,002571.SZ,德力股份,2025-12-19,0.208449,box,39.900936,40.222718,32.218397,39.619377,True,0.407747,1.167812,0.413498,0.239133,7.422041,0.208449,0.099528,,
both_highwin_highwin_exec,双入口高胜率执行,300837.SZ,浙矿股份,2025-12-19,0.208449,box,32.512804,34.572439,26.733217,34.204647,True,3.038936,1.705347,0.384751,0.135,12.753232,0.208449,0.098597,,
both_highwin_highwin_exec,双入口高胜率执行,600058.SH,五矿发展,2025-12-22,0.209,box,10.108453,10.335378,8.654074,10.221915,True,0.507099,1.242954,0.546595,0.15,15.1844,0.209,0.101092,,
both_highwin_highwin_exec,双入口高胜率执行,000603.SZ,盛达资源,2025-12-22,0.208359,box,35.052898,36.884614,25.996713,36.179232,True,5.019815,1.064695,0.236427,0.054644,15.062106,0.208359,0.098667,,
both_highwin_highwin_exec,双入口高胜率执行,300308.SZ,中际旭创,2025-12-22,0.208359,box,3891.491187,4102.485583,3100.014869,4072.805221,True,8.011195,1.116081,0.241719,0.188367,8.552536,0.208359,0.098667,,
both_highwin_highwin_exec,双入口高胜率执行,000688.SZ,国城矿业,2025-12-23,0.211173,box,26.88809,28.773906,21.595638,28.266966,True,5.128205,1.166726,0.204598,0.231815,22.818714,0.211173,0.099554,,
both_highwin_highwin_exec,双入口高胜率执行,002497.SZ,雅化集团,2025-12-23,0.208449,box,159.967936,169.33358,139.937762,166.940897,True,3.125,1.195748,0.227949,0.266463,15.245041,0.208449,0.099554,,
both_highwin_highwin_exec,双入口高胜率执行,301200.SZ,大族数控,2025-12-23,0.208449,box,128.745278,138.075596,110.751093,135.453492,True,4.123625,1.46599,0.290174,0.09973,5.757765,0.208449,0.099554,,
both_highwin_highwin_exec,双入口高胜率执行,002080.SZ,中材科技,2025-12-24,0.208449,box,200.515149,216.738744,167.537777,213.981793,True,6.462675,1.902126,0.40505,0.031324,14.791303,0.208449,0.098667,,
both_highwin_highwin_exec,双入口高胜率执行,300478.SZ,杭州高新,2025-12-24,0.208449,box,61.449487,65.962726,52.750893,65.191232,True,5.989338,1.263478,0.286688,0.258818,4.049238,0.208449,0.099972,,
both_highwin_highwin_exec,双入口高胜率执行,601126.SH,四方股份,2025-12-24,0.208449,box,95.600068,100.114604,82.024668,98.811111,True,3.050398,1.191006,0.279705,0.201649,5.010765,0.208449,0.098667,,
both_highwin_highwin_exec,双入口高胜率执行,600721.SH,百花医药,2025-12-25,0.209313,box,10.76,11.64,9.22,11.56,True,6.543779,1.175619,0.359157,0.170188,8.743188,0.209313,0.101113,,
both_highwin_highwin_exec,双入口高胜率执行,605003.SH,众望布艺,2025-12-25,0.208449,box,35.753364,40.044322,30.964102,39.629068,True,8.859316,3.535231,0.406229,0.17072,13.92615,0.208449,0.099972,,
both_highwin_highwin_exec,双入口高胜率执行,688568.SH,中科星图,2025-12-25,0.208449,box,161.958657,175.094072,139.047268,174.556561,True,7.111936,1.279203,0.335588,0.015,7.312653,0.208449,0.098667,,
both_highwin_highwin_exec,双入口高胜率执行,002407.SZ,多氟多,2025-12-26,0.211173,box,294.151196,314.42593,231.651398,309.566696,True,8.294256,1.910005,0.200704,0.268453,23.844136,0.211173,0.099554,,
both_highwin_highwin_exec,双入口高胜率执行,300449.SZ,汉邦高科,2025-12-26,0.208613,box,26.446434,28.006375,23.580497,27.788709,True,4.931507,1.994619,0.668328,0.21,10.322929,0.208613,0.100004,,
both_highwin_highwin_exec,双入口高胜率执行,002478.SZ,常宝股份,2025-12-26,0.208449,box,25.651423,27.084627,21.819796,26.558144,True,2.947846,1.086644,0.256168,0.181313,7.338226,0.208449,0.099528,,
both_highwin_highwin_exec,双入口高胜率执行,000863.SZ,三湘印象,2025-12-29,0.208449,box,7.856443,8.341575,5.713777,8.233768,True,8.525755,2.077409,0.242647,0.075,18.121205,0.208449,0.099554,,
both_highwin_highwin_exec,双入口高胜率执行,603186.SH,华正新材,2025-12-29,0.208449,box,52.171337,54.821781,43.467279,53.7404,True,7.828122,2.776122,0.37773,0.153012,11.178744,0.208449,0.099528,,
both_highwin_highwin_exec,双入口高胜率执行,688485.SH,九州一轨,2025-12-29,0.208449,box,17.668102,18.298742,15.593092,18.268227,True,5.399061,1.27499,0.42388,0.099764,1.359658,0.208449,0.101113,,
both_highwin_highwin_exec,双入口高胜率执行,000807.SZ,云铝股份,2025-12-30,0.208449,box,42.136468,46.103108,36.324541,45.986869,True,6.817415,1.281886,0.248327,0.130171,15.746137,0.208449,0.099528,,
both_highwin_highwin_exec,双入口高胜率执行,600711.SH,盛屯矿业,2025-12-30,0.208449,box,67.102281,73.237347,58.242618,72.374603,True,4.715673,1.102715,0.242185,0.177321,13.184297,0.208449,0.099528,,
both_highwin_highwin_exec,双入口高胜率执行,688372.SH,伟测科技,2025-12-30,0.208449,box,189.252028,197.872382,158.435556,194.878487,True,2.488463,1.237227,0.29211,0.125654,14.536573,0.208449,0.099528,,
both_highwin_highwin_exec,双入口高胜率执行,002683.SZ,广东宏大,2025-12-31,0.208449,box,132.02789,142.549091,111.014794,140.087306,True,7.439874,1.816847,0.461618,0.091574,15.378594,0.208449,0.099528,,
both_highwin_highwin_exec,双入口高胜率执行,002709.SZ,天赐材料,2025-12-31,0.208449,box,660.171196,679.468508,530.313346,672.21388,True,2.138448,1.256756,0.239536,0.227684,14.7898,0.208449,0.099528,,
both_highwin_highwin_exec,双入口高胜率执行,002943.SZ,宇晶股份,2025-12-31,0.208449,box,67.650267,68.978095,54.113316,68.288314,True,5.939005,1.914903,0.459401,0.160113,6.28213,0.208449,0.099528,,
both_highwin_highwin_exec,双入口高胜率执行,002545.SZ,东方铁塔,2026-01-05,0.211173,box,113.479931,121.01286,98.839319,120.101619,True,7.154472,1.263828,0.393588,0.171551,10.062907,0.211173,0.100219,,
both_highwin_highwin_exec,双入口高胜率执行,002446.SZ,盛路通信,2026-01-05,0.208449,box,53.199373,54.492068,43.255565,53.547407,True,2.669209,1.447663,0.319894,0.0,11.810964,0.208449,0.099528,,
both_highwin_highwin_exec,双入口高胜率执行,002975.SZ,博杰股份,2026-01-05,0.208449,box,159.192121,171.113545,139.973963,169.058127,True,6.818182,1.301545,0.359995,0.231068,8.495201,0.208449,0.099424,,
both_highwin_highwin_exec,双入口高胜率执行,002379.SZ,宏桥控股,2026-01-06,0.209313,box,205.232189,221.265954,174.848205,218.941058,True,8.459095,2.270434,0.262044,0.184297,13.868136,0.209313,0.100219,,
both_highwin_highwin_exec,双入口高胜率执行,603067.SH,振华股份,2026-01-06,0.209313,box,104.661904,106.619345,80.132726,105.518284,True,8.867151,1.886308,0.305811,0.242348,20.629187,0.209313,0.099554,,
both_highwin_highwin_exec,双入口高胜率执行,002544.SZ,普天科技,2026-01-06,0.208449,box,220.29452,237.774132,188.805514,233.532756,True,4.096247,1.121765,0.238043,0.084556,5.017122,0.208449,0.098667,,
both_highwin_highwin_exec,双入口高胜率执行,002935.SZ,天奥电子,2026-01-07,0.208449,box,92.188565,94.128942,76.2527,93.22068,True,1.11957,1.232308,0.255812,0.015,8.815393,0.208449,0.099528,,
both_highwin_highwin_exec,双入口高胜率执行,603179.SH,新泉股份,2026-01-07,0.208449,box,193.371327,216.732673,162.013814,212.708459,True,7.95756,1.9169,0.356057,0.170328,23.648426,0.208449,0.099554,,
both_highwin_highwin_exec,双入口高胜率执行,603269.SH,海鸥股份,2026-01-07,0.208449,box,44.69725,48.370526,41.641908,47.546614,True,8.118657,2.955197,0.505853,0.135,7.934855,0.208449,0.100496,,
both_highwin_highwin_exec,双入口高胜率执行,000007.SZ,全新好,2026-01-08,0.208449,box,17.253623,18.543894,14.673081,18.243831,True,5.73913,1.181799,0.240637,0.369986,0.346157,0.208449,0.099424,,
both_highwin_highwin_exec,双入口高胜率执行,002222.SZ,福晶科技,2026-01-08,0.208449,box,181.410809,193.742489,161.346675,190.695501,True,8.204208,1.70615,0.240063,0.249362,8.241795,0.208449,0.100219,,
both_highwin_highwin_exec,双入口高胜率执行,002772.SZ,众兴菌业,2026-01-08,0.208449,box,36.471447,39.729563,29.128529,39.146019,True,7.261825,1.520409,0.240937,0.141347,9.275233,0.208449,0.099528,,
both_highwin_highwin_exec,双入口高胜率执行,601888.SH,中国中免,2026-01-09,0.209313,box,217.493414,225.929859,177.304414,221.989761,True,3.044648,1.102988,0.362987,0.039371,6.319867,0.209313,0.101113,,
both_highwin_highwin_exec,双入口高胜率执行,002518.SZ,科士达,2026-01-09,0.208449,box,297.896724,321.787451,258.904697,316.006485,True,6.691894,1.622295,0.353454,0.119314,1.042939,0.208449,0.100219,,
both_highwin_highwin_exec,双入口高胜率执行,300816.SZ,艾可蓝,2026-01-09,0.208449,box,48.84563,51.073748,39.800897,50.860093,True,3.285124,1.165742,0.364355,0.142656,8.716268,0.208449,0.099528,,
both_highwin_highwin_exec,双入口高胜率执行,601100.SH,恒立液压,2026-01-12,0.211173,box,406.409227,427.693929,370.732354,419.98001,True,2.083333,1.140532,0.313508,0.135114,6.506476,0.211173,0.100219,,
both_highwin_highwin_exec,双入口高胜率执行,688231.SH,隆达股份,2026-01-12,0.209313,box,29.885613,31.255937,26.161679,30.910741,True,3.757022,1.449127,0.248485,0.161734,4.162896,0.209313,0.100219,,
both_highwin_highwin_exec,双入口高胜率执行,001326.SZ,联域股份,2026-01-12,0.208449,box,54.695288,57.257496,41.518221,56.295361,True,4.099787,1.586163,0.364935,0.12,24.56631,0.208449,0.099528,,
both_highwin_highwin_exec,双入口高胜率执行,002922.SZ,伊戈尔,2026-01-13,0.209313,box,66.837261,74.151167,55.984702,72.909904,True,8.15864,1.970662,0.240709,0.165487,13.340825,0.209313,0.098667,,
both_highwin_highwin_exec,双入口高胜率执行,688698.SH,伟创电气,2026-01-13,0.208449,box,109.008382,111.862389,78.338298,111.253814,True,2.099182,1.345376,0.241116,0.138729,14.931596,0.208449,0.099554,,
both_highwin_highwin_exec,双入口高胜率执行,002662.SZ,峰璟股份,2026-01-13,0.207926,box,20.41352,21.329838,18.835418,20.922586,True,3.007519,2.540485,0.685525,0.308632,0.010181,0.207926,0.0999,,
both_highwin_highwin_exec,双入口高胜率执行,688041.SH,海光信息,2026-01-14,0.208449,box,240.574894,256.786438,196.835828,252.30218,True,6.762321,1.89119,0.473964,0.105,12.509089,0.208449,0.099528,,
both_highwin_highwin_exec,双入口高胜率执行,000978.SZ,桂林旅游,2026-01-14,0.207926,box,10.163952,10.290474,9.165832,10.262358,True,0.968188,1.13377,0.67564,0.294102,1.042571,0.207926,0.0999,,
both_highwin_highwin_exec,双入口高胜率执行,002237.SZ,恒邦股份,2026-01-14,0.207926,box,62.436903,62.904118,53.304975,62.097111,True,0.688705,1.216039,0.584253,0.024205,5.765755,0.207926,0.0999,,
both_highwin_highwin_exec,双入口高胜率执行,001335.SZ,信凯科技,2026-01-15,0.208449,box,49.175972,54.135738,43.493326,53.553417,True,6.850962,1.88883,0.301509,0.12,5.106084,0.208449,0.099424,,
both_highwin_highwin_exec,双入口高胜率执行,301200.SZ,大族数控,2026-01-15,0.208449,box,150.47596,155.141119,121.053774,153.054361,True,3.341694,1.322812,0.292932,0.095012,12.262108,0.208449,0.098667,,
both_highwin_highwin_exec,双入口高胜率执行,688171.SH,纬德信息,2026-01-15,0.208449,box,53.325429,55.491966,41.900011,55.471527,True,4.384615,1.245683,0.325288,0.105,17.538174,0.208449,0.099528,,
both_highwin_highwin_exec,双入口高胜率执行,603306.SH,华懋科技,2026-01-16,0.211173,box,141.219241,152.859677,131.767027,150.919605,True,8.603896,1.872824,0.250009,0.190397,3.972011,0.211173,0.100219,,
both_highwin_highwin_exec,双入口高胜率执行,688249.SH,晶合集成,2026-01-16,0.209313,box,36.837756,39.601844,32.777059,39.149539,True,7.984475,1.631066,0.30254,0.139443,15.153013,0.209313,0.099554,,
both_highwin_highwin_exec,双入口高胜率执行,002436.SZ,兴森科技,2026-01-16,0.208449,box,309.987407,319.152252,257.559102,314.839384,True,2.681319,1.079124,0.460596,0.133907,8.143216,0.208449,0.099528,,
