strategy_id,strategy_name,symbol,name,entry_type,signal_date,entry_date,exit_date,score,entry_price,exit_price,stop_price,final_stop_price,stop_source,hold_days,return_pct,max_favorable_excursion_pct,max_adverse_excursion_pct,exit_reason,signal_close,signal_low
both_highwin_highwin_exec,双入口高胜率执行,688186.SH,广大特材,box,2025-01-16,2025-01-17,2025-02-10,0.214363,19.682447749800588,18.50150088481255,18.50150088481255,18.50150088481255,fixed_pct,11,-6.000000000000005,4.3338683788122,-6.313536650615292,stop_loss,19.608731,16.007127
both_highwin_highwin_exec,双入口高胜率执行,688186.SH,广大特材,box,2025-03-31,2025-04-01,2025-04-07,0.211941,26.011581563406875,24.221310767544864,24.45088666960246,24.45088666960246,fixed_pct,4,-6.882591093117407,2.1862348178137703,-13.927125506072857,gap_stop,25.948396,20.388025
both_highwin_highwin_exec,双入口高胜率执行,688186.SH,广大特材,box,2025-05-07,2025-05-08,2025-06-05,0.21183,27.696542312453474,27.454329204778027,26.034749773706263,26.034749773706263,fixed_pct,20,-0.8745247148288948,5.817490494296562,-4.144486692015203,max_hold,27.833445,20.904044
both_highwin_highwin_exec,双入口高胜率执行,301027.SZ,华蓝集团,box,2025-01-16,2025-01-17,2025-01-20,0.211941,17.20583879533512,16.173488467615012,16.173488467615012,16.173488467615012,fixed_pct,2,-5.999999999999995,2.877275396359358,-7.927187316500306,stop_loss,17.175529,14.083934
both_highwin_highwin_exec,双入口高胜率执行,301498.SZ,乖宝宠物,box,2025-01-16,2025-01-17,2025-02-21,0.211941,87.68139632158265,88.83973757109237,82.4205125422877,82.4205125422877,fixed_pct,20,1.3210798391729117,14.761631246410122,-2.11372774267663,max_hold,88.235386,68.291771
both_highwin_highwin_exec,双入口高胜率执行,301498.SZ,乖宝宠物,box,2025-01-27,2025-02-05,2025-02-06,0.211941,98.70074699083152,92.77870217138162,92.77870217138162,92.77870217138162,fixed_pct,2,-6.000000000000005,0.26533319726502747,-10.511276660883762,stop_loss,99.184229,76.752698
both_highwin_highwin_exec,双入口高胜率执行,301498.SZ,乖宝宠物,box,2025-04-17,2025-04-18,2025-05-20,0.21183,102.73983256520886,113.26562913684054,96.57544261129632,96.57544261129632,fixed_pct,20,10.245098039215673,23.411764705882355,-4.647058823529415,max_hold,101.85345,81.597587
both_highwin_highwin_exec,双入口高胜率执行,688252.SH,天德钰,box,2025-01-17,2025-01-20,2025-01-24,0.214363,26.12903890160183,24.481533180778033,24.56129656750572,24.56129656750572,fixed_pct,5,-6.305267204921183,2.4990388312187584,-6.305267204921183,gap_stop,26.902563,21.819405
both_highwin_highwin_exec,双入口高胜率执行,688279.SH,峰岹科技,box,2025-01-17,2025-01-20,2025-02-24,0.211941,192.82978268219736,285.63610402581685,181.2599957212655,181.2599957212655,fixed_pct,20,48.12862414338428,56.94254085397996,-2.6989984185556093,max_hold,193.063577,148.063185
both_highwin_highwin_exec,双入口高胜率执行,688597.SH,煜邦电力,box,2025-01-17,2025-01-20,2025-02-06,0.211941,15.517500237454232,14.586450223206977,14.586450223206977,14.586450223206977,fixed_pct,8,-6.000000000000005,1.8744142455482615,-6.091846298031866,stop_loss,15.502957,12.507076
both_highwin_highwin_exec,双入口高胜率执行,301323.SZ,新莱福,box,2025-01-20,2025-01-21,2025-02-25,0.214363,41.21340271207821,43.65380321665089,38.740598549353514,38.740598549353514,fixed_pct,20,5.921375921375915,8.476658476658482,-3.6855036855036882,max_hold,41.213403,35.238978
both_highwin_highwin_exec,双入口高胜率执行,301379.SZ,天山电子,box,2025-01-20,2025-01-21,2025-02-25,0.214363,31.80566785765611,37.26886160570485,29.897327786196744,29.897327786196744,fixed_pct,20,17.17679305619002,25.079945180447694,-4.385564184559165,max_hold,31.907376,25.892051
both_highwin_highwin_exec,双入口高胜率执行,300436.SZ,广生堂,box,2025-01-20,2025-01-21,2025-01-27,0.211941,71.96645014794004,67.64846313906364,67.64846313906364,67.64846313906364,fixed_pct,5,-5.999999999999995,2.7316248943959343,-8.194874683187825,stop_loss,72.675779,58.752672
both_highwin_highwin_exec,双入口高胜率执行,688696.SH,极米科技,box,2025-01-21,2025-01-22,2025-02-26,0.214363,154.1826279794722,182.30888391102434,144.93167030070384,144.93167030070384,fixed_pct,20,18.24216923796167,22.066386161757844,-2.7582982702197167,max_hold,154.182628,131.765238
both_highwin_highwin_exec,双入口高胜率执行,000063.SZ,中兴通讯,box,2025-01-21,2025-01-22,2025-02-13,0.211941,103.72270818804951,97.49934569676654,97.49934569676654,97.49934569676654,fixed_pct,11,-5.999999999999995,5.529300567107742,-6.474480151228745,stop_loss,105.09522,82.105641
both_highwin_highwin_exec,双入口高胜率执行,603809.SH,豪能股份,box,2025-01-21,2025-01-22,2025-02-26,0.211941,85.00816249913021,111.42141298993138,79.9076727491824,79.9076727491824,fixed_pct,20,31.071428571428573,38.78571428571427,-4.785714285714304,max_hold,87.315527,65.274125
both_highwin_highwin_exec,双入口高胜率执行,603809.SH,豪能股份,box,2025-02-05,2025-02-06,2025-03-05,0.211941,93.81257932939725,106.44236347212518,88.18382456963342,88.18382456963342,fixed_pct,20,13.462783171521053,25.760517799352755,-2.2006472491909457,max_hold,95.937783,65.274125
both_highwin_highwin_exec,双入口高胜率执行,688377.SH,迪威尔,box,2025-01-22,2025-01-23,2025-02-10,0.214363,21.21783374736294,19.94476372252116,19.94476372252116,19.94476372252116,fixed_pct,7,-6.000000000000016,5.698977106673175,-7.8421821724305785,stop_loss,21.155824,18.706419
both_highwin_highwin_exec,双入口高胜率执行,002837.SZ,英维克,box,2025-01-22,2025-01-23,2025-01-27,0.211941,388.0866814084809,362.66913612062876,364.80148052397203,364.80148052397203,fixed_pct,3,-6.549450549450542,2.5934065934065886,-9.999999999999986,gap_stop,382.030823,307.228182
both_highwin_highwin_exec,双入口高胜率执行,301291.SZ,明阳电气,box,2025-01-22,2025-01-23,2025-02-05,0.211941,53.44780019714479,50.2409321853161,50.2409321853161,50.2409321853161,fixed_pct,4,-6.000000000000005,0.9377990430622152,-14.73684210526317,stop_loss,53.059089,41.13179
both_highwin_highwin_exec,双入口高胜率执行,688686.SH,奥普特,box,2025-01-23,2025-01-24,2025-01-27,0.211941,127.18526766092204,119.55415160126671,119.55415160126671,119.55415160126671,fixed_pct,2,-6.000000000000005,4.974946313528994,-6.704843712717712,stop_loss,127.594955,95.002023
both_highwin_highwin_exec,双入口高胜率执行,688767.SH,博拓生物,box,2025-01-23,2025-01-24,2025-02-06,0.211763,42.623577867739144,40.06616319567479,40.06616319567479,40.06616319567479,fixed_pct,4,-6.000000000000016,0.30253025302531267,-7.370737073707378,stop_loss,41.931941,35.730656
both_highwin_highwin_exec,双入口高胜率执行,002801.SZ,微光股份,box,2025-01-23,2025-01-24,2025-02-28,0.210661,114.03794428438775,142.9415707159146,107.19566762732448,107.19566762732448,fixed_pct,20,25.34562211981566,43.125960061443955,-0.7296466973886195,max_hold,114.344498,97.834396
both_highwin_highwin_exec,双入口高胜率执行,002801.SZ,微光股份,box,2025-08-18,2025-08-19,2025-08-27,0.214276,175.36594870787368,164.84399178540124,164.84399178540124,164.84399178540124,fixed_pct,7,-6.000000000000016,2.5252525252525304,-6.4646464646464725,stop_loss,172.443183,146.049722
both_highwin_highwin_exec,双入口高胜率执行,300790.SZ,宇瞳光学,box,2025-01-24,2025-01-27,2025-02-05,0.214363,60.17978375636759,56.56899673098553,56.56899673098553,56.56899673098553,fixed_pct,2,-6.000000000000005,0.0,-8.093023255813947,stop_loss,59.536,49.571347
both_highwin_highwin_exec,双入口高胜率执行,688208.SH,道通科技,box,2025-01-24,2025-01-27,2025-02-05,0.214363,44.14836199892605,41.49946027899048,41.49946027899048,41.49946027899048,fixed_pct,2,-6.000000000000005,0.4761904761904745,-7.14285714285714,stop_loss,43.307441,35.434316
both_highwin_highwin_exec,双入口高胜率执行,688208.SH,道通科技,box,2025-03-13,2025-03-14,2025-03-24,0.21183,47.312327942182414,44.473588265651465,44.473588265651465,44.473588265651465,fixed_pct,7,-6.000000000000005,7.26505221061986,-6.220839813374801,stop_loss,47.764323,42.729308
both_highwin_highwin_exec,双入口高胜率执行,688582.SH,芯动联科,box,2025-01-24,2025-01-27,2025-03-03,0.214363,56.225236550129665,61.15374565738611,52.85172235712188,52.85172235712188,fixed_pct,20,8.765652951699465,30.894454382826474,-2.754919499105557,max_hold,56.124655,45.835135
both_highwin_highwin_exec,双入口高胜率执行,600019.SH,宝钢股份,box,2025-01-27,2025-02-05,2025-02-20,0.213066,13.66425526959003,12.844399953414626,12.844399953414626,12.844399953414626,fixed_pct,12,-6.000000000000005,1.0000000000000009,-6.000000000000005,stop_loss,13.683776,12.512554
both_highwin_highwin_exec,双入口高胜率执行,603129.SH,春风动力,box,2025-01-27,2025-02-05,2025-02-14,0.210661,221.6885516775167,208.38723857686568,208.38723857686568,208.38723857686568,fixed_pct,8,-6.000000000000005,5.091560895262104,-6.510996996415075,stop_loss,221.645593,160.63345
both_highwin_highwin_exec,双入口高胜率执行,603129.SH,春风动力,box,2025-05-23,2025-05-26,2025-05-27,0.211763,198.85598405488324,186.92462501159022,186.92462501159022,186.92462501159022,fixed_pct,2,-6.000000000000005,0.2646359904947104,-7.560519346157635,stop_loss,198.855984,166.497317
both_highwin_highwin_exec,双入口高胜率执行,300113.SZ,顺网科技,box,2025-02-05,2025-02-06,2025-03-05,0.214363,208.12471633922684,236.96198538339004,195.6372333588732,195.6372333588732,fixed_pct,20,13.855763770584906,39.636570130607616,-1.8171493469619548,max_hold,208.006531,154.350301
both_highwin_highwin_exec,双入口高胜率执行,300980.SZ,祥源新材,box,2025-02-05,2025-02-06,2025-02-07,0.211941,44.80128208695841,41.46998453080514,42.1132051617409,42.1132051617409,fixed_pct,2,-7.435719249478812,5.976372480889491,-14.871438498957612,gap_stop,44.007375,30.370848
both_highwin_highwin_exec,双入口高胜率执行,002250.SZ,联化科技,box,2025-02-06,2025-02-07,2025-03-06,0.214276,38.088650671799705,41.58966769076069,35.80333163149172,35.80333163149172,fixed_pct,20,9.191759112519815,12.995245641838359,-0.9508716323296196,max_hold,37.726476,30.301906
both_highwin_highwin_exec,双入口高胜率执行,002472.SZ,双环传动,box,2025-02-06,2025-02-07,2025-02-12,0.211941,197.25241544070187,185.41727051425974,185.41727051425974,185.41727051425974,fixed_pct,4,-6.000000000000005,1.2391247034009956,-7.11837595570789,stop_loss,197.408428,142.491858
both_highwin_highwin_exec,双入口高胜率执行,002850.SZ,科达利,box,2025-02-06,2025-02-07,2025-03-06,0.211941,193.65225617285557,209.3963420405674,182.03312080248423,182.03312080248423,fixed_pct,20,8.130081300813007,20.97560975609756,-5.439024390243896,max_hold,189.401353,141.429123
both_highwin_highwin_exec,双入口高胜率执行,301031.SZ,中熔电气,box,2025-02-07,2025-02-10,2025-02-14,0.211941,124.85147392637512,117.36038549079261,117.36038549079261,117.36038549079261,fixed_pct,5,-6.000000000000005,0.13877551020409218,-6.073469387755093,stop_loss,125.310112,97.373958
both_highwin_highwin_exec,双入口高胜率执行,002396.SZ,星网锐捷,box,2025-02-07,2025-02-10,2025-03-07,0.21183,69.18104049481877,73.35259382904567,65.03017806512965,65.03017806512965,fixed_pct,20,6.029908345393165,16.931982633863953,-1.3506994693680774,max_hold,68.947434,55.665208
both_highwin_highwin_exec,双入口高胜率执行,300001.SZ,特锐德,box,2025-02-07,2025-02-10,2025-03-07,0.211763,167.4678785533105,168.51673791794502,157.41980584011185,157.41980584011185,fixed_pct,20,0.6263048016701633,6.5970772442588865,-1.3778705636743105,max_hold,167.397955,141.106547
both_highwin_highwin_exec,双入口高胜率执行,688667.SH,菱电电控,box,2025-02-10,2025-02-11,2025-02-18,0.213724,46.183218300762015,43.41222520271629,43.41222520271629,43.41222520271629,fixed_pct,6,-6.000000000000005,4.718016238753564,-6.122448979591832,stop_loss,46.619005,35.582462
both_highwin_highwin_exec,双入口高胜率执行,001283.SZ,豪鹏科技,box,2025-02-10,2025-02-11,2025-02-28,0.211941,66.50174575554782,62.511641010214944,62.511641010214944,62.511641010214944,fixed_pct,14,-6.000000000000005,5.290519877675814,-6.620795107033651,stop_loss,66.552588,54.096221
both_highwin_highwin_exec,双入口高胜率执行,300321.SZ,同大股份,box,2025-02-10,2025-02-11,2025-03-10,0.211941,51.43466952219185,64.67248884740636,48.34858935086033,48.34858935086033,fixed_pct,20,25.737152485256964,44.48188711036225,-2.9907329401853255,max_hold,51.001353,38.998486
both_highwin_highwin_exec,双入口高胜率执行,300321.SZ,同大股份,box,2025-04-02,2025-04-03,2025-04-07,0.214363,70.41393258092818,66.18909662607248,66.18909662607248,66.18909662607248,fixed_pct,2,-6.000000000000005,1.3846153846153841,-13.230769230769223,stop_loss,70.73892,59.537688
both_highwin_highwin_exec,双入口高胜率执行,300321.SZ,同大股份,box,2025-10-21,2025-10-22,2025-11-18,0.214363,95.78388218191068,101.0991825521413,90.03684925099604,90.03684925099604,fixed_pct,20,5.549263873159704,10.962627406568526,-5.549263873159671,max_hold,96.217784,82.029187
both_highwin_highwin_exec,双入口高胜率执行,002222.SZ,福晶科技,box,2025-02-11,2025-02-12,2025-02-13,0.211941,105.00032587064838,98.70030631840947,98.70030631840947,98.70030631840947,fixed_pct,2,-6.000000000000005,1.335149863760221,-6.130790190735691,stop_loss,106.030302,85.373562
both_highwin_highwin_exec,双入口高胜率执行,300607.SZ,拓斯达,box,2025-02-11,2025-02-12,2025-02-13,0.211941,188.54801430113142,177.23513344306352,177.23513344306352,177.23513344306352,fixed_pct,2,-6.000000000000005,11.0857142857143,-7.7142857142857295,stop_loss,191.241557,154.070663
both_highwin_highwin_exec,双入口高胜率执行,300808.SZ,久量股份,box,2025-02-11,2025-02-12,2025-02-18,0.211941,28.812049976988146,27.083326978368856,27.083326978368856,27.083326978368856,fixed_pct,5,-6.000000000000005,0.897988505747116,-6.25,stop_loss,28.801701,21.557292
both_highwin_highwin_exec,双入口高胜率执行,002042.SZ,华孚时尚,box,2025-02-12,2025-02-13,2025-02-14,0.211941,31.958459288437677,30.040951731131415,30.040951731131415,30.040951731131415,fixed_pct,2,-6.000000000000005,0.3610108303248927,-6.137184115523464,stop_loss,31.496965,22.959326
both_highwin_highwin_exec,双入口高胜率执行,002490.SZ,山东墨龙,box,2025-02-12,2025-02-13,2025-03-12,0.211941,6.92971413284715,7.35898845966069,6.51393128487632,6.51393128487632,fixed_pct,20,6.194690265486735,27.43362831858407,-0.8849557522124019,max_hold,7.031922,5.62145
both_highwin_highwin_exec,双入口高胜率执行,002916.SZ,深南电路,box,2025-02-12,2025-02-13,2025-02-28,0.211941,255.78403465229846,240.43699257316055,240.43699257316055,240.43699257316055,fixed_pct,12,-5.999999999999995,14.889153087628483,-9.056577383033792,stop_loss,255.784035,210.902425
both_highwin_highwin_exec,双入口高胜率执行,002916.SZ,深南电路,box,2025-07-15,2025-07-16,2025-07-17,0.211941,308.9602086735174,290.0924096705545,290.4225961531063,290.4225961531063,fixed_pct,2,-6.106870229007633,0.7633587786259444,-6.84732824427482,gap_stop,311.224345,226.885283
both_highwin_highwin_exec,双入口高胜率执行,300056.SZ,中创环保,box,2025-02-13,2025-02-14,2025-02-18,0.211941,91.65571539640986,86.15637247262526,86.15637247262526,86.15637247262526,fixed_pct,3,-6.000000000000005,1.5635179153094425,-7.5570032573289865,stop_loss,92.013979,69.682228
both_highwin_highwin_exec,双入口高胜率执行,688096.SH,京源环保,box,2025-02-13,2025-02-14,2025-03-13,0.211763,13.713232189760568,20.221458061441528,12.890438258374934,12.890438258374934,fixed_pct,20,47.45945945945944,67.56756756756756,-0.5405405405405461,max_hold,13.846658,11.148487
both_highwin_highwin_exec,双入口高胜率执行,688169.SH,石头科技,box,2025-02-13,2025-02-14,2025-03-13,0.211763,690.122487334609,683.399133468604,648.7151380945324,648.7151380945324,fixed_pct,20,-0.974226168454817,11.982570806100213,-4.246310683602594,max_hold,694.888409,612.222362
both_highwin_highwin_exec,双入口高胜率执行,000506.SZ,招金黄金,box,2025-02-14,2025-02-17,2025-03-14,0.211941,5.818929608523131,6.570541349624036,5.469793832011743,5.469793832011743,fixed_pct,20,12.916666666666664,36.25000000000001,-2.9166666666666674,max_hold,5.95228,4.461179
both_highwin_highwin_exec,双入口高胜率执行,000506.SZ,招金黄金,box,2025-04-28,2025-04-29,2025-04-30,0.211941,8.704148872749183,8.181899940384232,8.181899940384232,8.181899940384232,fixed_pct,2,-5.999999999999995,1.671309192200554,-9.47075208913648,stop_loss,8.667781,5.915912
both_highwin_highwin_exec,双入口高胜率执行,000506.SZ,招金黄金,box,2025-07-08,2025-07-09,2025-08-05,0.211941,12.692540208591081,12.34097987807614,11.930987796075616,11.930987796075616,fixed_pct,20,-2.769818529130863,12.6074498567335,-5.444126074498568,max_hold,12.656172,10.437705
both_highwin_highwin_exec,双入口高胜率执行,001309.SZ,德明利,box,2025-02-14,2025-02-17,2025-03-14,0.211941,206.23999556213658,266.17735356444246,193.86559582840837,193.86559582840837,fixed_pct,20,29.061946902654867,44.76106194690268,-0.8849557522123908,max_hold,201.366891,154.734751
both_highwin_highwin_exec,双入口高胜率执行,002373.SZ,千方科技,box,2025-02-14,2025-02-17,2025-02-18,0.211941,46.86355732813928,44.05174388845092,44.05174388845092,44.05174388845092,fixed_pct,2,-6.000000000000005,0.5286343612334932,-8.458149779735692,stop_loss,44.964241,33.774793
both_highwin_highwin_exec,双入口高胜率执行,000811.SZ,冰轮环境,box,2025-02-17,2025-02-18,2025-03-17,0.211941,52.70657413624088,52.15958226232882,49.54417968806643,49.54417968806643,fixed_pct,20,-1.0378057820607856,14.232765011119364,-5.782060785767229,max_hold,52.472149,44.931475
both_highwin_highwin_exec,双入口高胜率执行,000811.SZ,冰轮环境,box,2025-11-11,2025-11-12,2025-11-13,0.211941,78.62967657560446,73.74744175555058,73.9118959810682,73.9118959810682,fixed_pct,2,-6.209150326797397,0.0,-7.973856209150332,gap_stop,79.143596,66.03865
both_highwin_highwin_exec,双入口高胜率执行,002973.SZ,侨银股份,box,2025-02-17,2025-02-18,2025-03-17,0.211941,13.766484467604144,13.662977065592083,12.940495399547896,12.940495399547896,fixed_pct,20,-0.7518796992481258,10.000000000000009,-5.6390977443609,max_hold,13.714731,10.07127
both_highwin_highwin_exec,双入口高胜率执行,002979.SZ,雷赛智能,box,2025-02-17,2025-02-18,2025-03-17,0.211941,66.4311552083155,79.87187730860259,62.44528589581657,62.44528589581657,fixed_pct,20,20.232558139534884,33.488372093023244,-1.627906976744209,max_hold,65.056185,44.647916
both_highwin_highwin_exec,双入口高胜率执行,603922.SH,金鸿顺,box,2025-02-18,2025-02-19,2025-03-14,0.21183,37.2938078833498,35.05617941034881,35.05617941034881,35.05617941034881,fixed_pct,18,-6.000000000000005,8.53846153846154,-13.346153846153841,stop_loss,37.56634,31.656705
both_highwin_highwin_exec,双入口高胜率执行,002415.SZ,海康威视,box,2025-02-18,2025-02-19,2025-03-18,0.211763,734.9027644474734,766.3657890503807,690.8085985806249,690.8085985806249,fixed_pct,20,4.281249999999992,6.468750000000001,-5.937499999999984,max_hold,737.199336,632.935006
both_highwin_highwin_exec,双入口高胜率执行,301107.SZ,瑜欣电子,box,2025-02-18,2025-02-19,2025-03-18,0.211763,29.363813073330903,35.08954954355375,27.601984288931046,27.601984288931046,fixed_pct,20,19.499294781382236,20.803949224259497,-0.8462623413258097,max_hold,29.664078,24.839135
both_highwin_highwin_exec,双入口高胜率执行,300893.SZ,松原安全,box,2025-02-19,2025-02-20,2025-03-19,0.214276,77.69257485600923,81.29698943328593,73.03102036464867,73.03102036464867,fixed_pct,20,4.639329542053283,8.859622867404958,-5.3277461837773155,max_hold,76.669386,69.832626
both_highwin_highwin_exec,双入口高胜率执行,300492.SZ,华图山鼎,box,2025-02-19,2025-02-20,2025-03-19,0.213724,142.21580913273982,156.75420744259665,133.68286058477543,133.68286058477543,fixed_pct,20,10.22277227722772,16.08910891089108,-3.9108910891089144,max_hold,141.582174,114.142681
both_highwin_highwin_exec,双入口高胜率执行,301028.SZ,鼎熔岩,box,2025-02-19,2025-02-20,2025-03-19,0.212375,12.666013530365046,14.191910695354265,11.906052718543142,11.906052718543142,fixed_pct,20,12.04717775905646,13.226621735467559,-1.0951979780960297,max_hold,12.836743,10.809327
both_highwin_highwin_exec,双入口高胜率执行,000534.SZ,万泽股份,box,2025-02-20,2025-02-21,2025-03-20,0.214363,17.431489204273248,18.39803212598021,16.385599852016853,16.385599852016853,fixed_pct,20,5.544809800128947,11.992263056092867,-3.868471953578334,max_hold,17.386534,15.397254
both_highwin_highwin_exec,双入口高胜率执行,603328.SH,依顿电子,box,2025-02-20,2025-02-21,2025-02-28,0.214276,32.972729577327854,30.994365802688183,30.994365802688183,30.994365802688183,fixed_pct,6,-6.000000000000005,3.2286995515695027,-7.802690582959659,stop_loss,33.061445,27.23577
both_highwin_highwin_exec,双入口高胜率执行,688007.SH,光峰科技,box,2025-02-20,2025-02-21,2025-03-20,0.214276,17.948335538932323,18.110763914850263,16.871435406596383,16.871435406596383,fixed_pct,20,0.9049773755656076,14.253393665158365,-1.4705882352941013,max_hold,17.948336,14.314001
both_highwin_highwin_exec,双入口高胜率执行,002483.SZ,润邦股份,box,2025-02-21,2025-02-24,2025-03-21,0.215689,21.360917786922382,25.665964294748274,20.07926271970704,20.07926271970704,fixed_pct,20,20.153846153846146,22.769230769230788,-3.6923076923076947,max_hold,21.426644,18.074623
both_highwin_highwin_exec,双入口高胜率执行,002690.SZ,美亚光电,box,2025-02-21,2025-02-24,2025-03-21,0.214276,89.02852644644119,87.08830326734692,83.68681485965472,83.68681485965472,fixed_pct,20,-2.1793275217932506,4.35865504358659,-5.977584059775831,max_hold,88.474177,77.442622
both_highwin_highwin_exec,双入口高胜率执行,002723.SZ,小崧股份,box,2025-02-21,2025-02-24,2025-03-21,0.211941,24.27730655630216,23.501581968112625,22.82066816292403,22.82066816292403,fixed_pct,20,-3.1952662721893454,8.875739644970416,-3.786982248520687,max_hold,24.162384,18.58866
both_highwin_highwin_exec,双入口高胜率执行,300395.SZ,菲利华,box,2025-02-24,2025-02-25,2025-03-24,0.214363,300.58025327224914,313.86237781645997,282.54543807591415,282.54543807591415,fixed_pct,20,4.418828049951973,20.1969260326609,-2.6416906820365016,max_hold,302.457075,252.432552
both_highwin_highwin_exec,双入口高胜率执行,300395.SZ,菲利华,box,2025-07-11,2025-07-14,2025-08-08,0.211941,411.06748640630497,549.5620446125855,386.40343722192665,386.40343722192665,fixed_pct,20,33.69144064811551,53.011623811201105,-3.134906657273684,max_hold,393.257941,307.830037
both_highwin_highwin_exec,双入口高胜率执行,002244.SZ,滨江集团,box,2025-02-24,2025-02-25,2025-03-24,0.214276,26.286004350368074,26.615212497338,24.708844089345988,24.708844089345988,fixed_pct,20,1.2524084778420042,9.152215799614627,-1.7341040462427904,max_hold,26.589889,21.221264
both_highwin_highwin_exec,双入口高胜率执行,002244.SZ,滨江集团,box,2025-09-19,2025-09-22,2025-10-27,0.211763,29.365960068463295,28.29346413552811,27.604002464355496,27.604002464355496,fixed_pct,20,-3.6521739130434883,11.304347826086957,-3.913043478260869,max_hold,29.36596,25.484546
both_highwin_highwin_exec,双入口高胜率执行,300988.SZ,津荣天宇,box,2025-02-24,2025-02-25,2025-03-24,0.214276,39.1181649925708,38.9690724151813,36.77107509301655,36.77107509301655,fixed_pct,20,-0.3811338732729652,22.343973320628898,-3.668413530252479,max_hold,39.509533,32.614001
both_highwin_highwin_exec,双入口高胜率执行,301285.SZ,鸿日达,box,2025-02-25,2025-02-26,2025-03-24,0.214363,32.57533336587821,30.620813363925514,30.620813363925514,30.620813363925514,fixed_pct,19,-6.000000000000005,10.987654320987673,-6.172839506172833,stop_loss,32.364197,28.111306
both_highwin_highwin_exec,双入口高胜率执行,301285.SZ,鸿日达,box,2025-11-12,2025-11-13,2025-11-18,0.211941,56.449473544054165,53.06250513141091,53.06250513141091,53.06250513141091,fixed_pct,4,-6.000000000000005,3.7816625044595042,-7.759543346414565,stop_loss,56.459543,46.621667
both_highwin_highwin_exec,双入口高胜率执行,688081.SH,兴图新科,box,2025-02-25,2025-02-26,2025-03-25,0.211941,28.421379518363246,28.364565166502448,26.71609674726145,26.71609674726145,fixed_pct,20,-0.19990004997502142,11.594202898550709,-4.597701149425292,max_hold,27.924254,22.441669
both_highwin_highwin_exec,双入口高胜率执行,688522.SH,纳睿雷达,box,2025-02-25,2025-02-26,2025-03-21,0.211941,93.35109632062174,87.75003054138443,87.75003054138443,87.75003054138443,fixed_pct,18,-5.999999999999995,8.958396598846052,-7.227452171272386,stop_loss,94.258243,68.319509
both_highwin_highwin_exec,双入口高胜率执行,002989.SZ,中天精装,box,2025-02-26,2025-02-27,2025-03-26,0.211941,35.020558109734324,33.5471161456884,32.91932462315026,32.91932462315026,fixed_pct,20,-4.207362885048848,18.069120961682938,-4.770848985725018,max_hold,35.191583,29.468839
both_highwin_highwin_exec,双入口高胜率执行,002992.SZ,宝明科技,box,2025-02-26,2025-02-27,2025-03-26,0.211941,86.64167647058824,93.8717294117647,81.44317588235293,81.44317588235293,fixed_pct,20,8.34477498093058,24.790236460717008,-5.568268497330275,max_hold,86.205494,73.371159
both_highwin_highwin_exec,双入口高胜率执行,300605.SZ,恒锋信息,box,2025-02-26,2025-02-27,2025-02-28,0.211941,28.45624319406756,26.748868602423507,26.748868602423507,26.748868602423507,fixed_pct,2,-6.000000000000005,6.381486676016834,-6.591865357643756,stop_loss,28.715662,22.190282
both_highwin_highwin_exec,双入口高胜率执行,600809.SH,山西汾酒,box,2025-02-27,2025-02-28,2025-03-27,0.214276,696.9007979576056,743.5999837815294,655.0867500801493,655.0867500801493,fixed_pct,20,6.700980392156852,12.220588235294127,-5.686274509803924,max_hold,699.292124,576.992867
both_highwin_highwin_exec,双入口高胜率执行,688585.SH,上纬新材,box,2025-02-27,2025-02-28,2025-03-05,0.212375,7.903018679476216,7.4288375587076425,7.4288375587076425,7.4288375587076425,fixed_pct,4,-6.000000000000005,2.838709677419371,-6.193548387096781,stop_loss,7.862229,6.373402
both_highwin_highwin_exec,双入口高胜率执行,300469.SZ,信息发展,box,2025-02-27,2025-02-28,2025-03-03,0.211941,96.58252180590516,90.78757049755085,90.78757049755085,90.78757049755085,fixed_pct,2,-6.000000000000005,1.0502864417568425,-9.675366008911535,stop_loss,98.211699,73.774046
both_highwin_highwin_exec,双入口高胜率执行,603637.SH,镇海股份,box,2025-02-28,2025-03-03,2025-03-25,0.211941,26.04689937324901,24.484085410854068,24.484085410854068,24.484085410854068,fixed_pct,17,-6.000000000000005,11.009174311926607,-6.523955147808358,stop_loss,26.046899,22.037642
both_highwin_highwin_exec,双入口高胜率执行,688506.SH,百利天恒,box,2025-02-28,2025-03-03,2025-03-04,0.211941,230.0,216.2,216.2,216.2,fixed_pct,2,-6.000000000000005,3.6913043478260965,-7.1913043478260885,stop_loss,233.0,173.91
both_highwin_highwin_exec,双入口高胜率执行,688506.SH,百利天恒,box,2025-04-15,2025-04-16,2025-05-16,0.211941,264.0,271.93,248.16,248.16,fixed_pct,20,3.003787878787878,13.632575757575772,-6.628787878787879,max_hold,259.18,206.0
both_highwin_highwin_exec,双入口高胜率执行,688506.SH,百利天恒,box,2025-08-26,2025-08-27,2025-08-28,0.214363,336.98,316.7612,316.7612,316.7612,fixed_pct,2,-6.000000000000016,3.6174253664905898,-7.092409045047199,stop_loss,340.0,289.0
both_highwin_highwin_exec,双入口高胜率执行,002311.SZ,海大集团,box,2025-02-28,2025-03-03,2025-03-28,0.211716,367.606464531622,352.64863512808773,345.55007665972465,345.55007665972465,fixed_pct,20,-4.068978880061991,3.5652005425305333,-5.5415617128463435,max_hold,362.834205,333.132229
both_highwin_highwin_exec,双入口高胜率执行,300131.SZ,英唐智控,box,2025-03-03,2025-03-04,2025-03-11,0.211941,163.82086989995477,153.25775951047805,153.99161770595748,153.99161770595748,fixed_pct,6,-6.447963800904977,3.506787330316752,-6.7873303167420795,gap_stop,165.488729,142.138696
both_highwin_highwin_exec,双入口高胜率执行,688768.SH,容知日新,box,2025-03-03,2025-03-04,2025-03-31,0.211941,74.54954996583186,78.39833147270586,70.07657696788195,70.07657696788195,fixed_pct,20,5.162715950180807,19.70670952189635,-1.0445962233828987,max_hold,75.29834,60.262633
both_highwin_highwin_exec,双入口高胜率执行,002379.SZ,宏桥控股,box,2025-03-03,2025-03-04,2025-03-31,0.21183,84.6582781398896,89.38823875565996,79.57878145149623,79.57878145149623,fixed_pct,20,5.5871212121212155,19.696969696969703,-0.7575757575757569,max_hold,85.379798,74.396669
both_highwin_highwin_exec,双入口高胜率执行,002379.SZ,宏桥控股,box,2026-01-06,2026-01-07,2026-02-03,0.211941,221.90730482122578,240.50647198832274,208.5928665319522,208.5928665319522,fixed_pct,20,8.381502890173408,19.219653179190765,-3.937861271676313,max_hold,218.941058,174.848205
both_highwin_highwin_exec,双入口高胜率执行,002149.SZ,西部材料,box,2025-03-04,2025-03-05,2025-04-01,0.211941,43.37975174650738,45.64783013731462,40.77696664171694,40.77696664171694,fixed_pct,20,5.228426395939079,29.441624365482234,-1.878172588832494,max_hold,43.489853,36.883799
both_highwin_highwin_exec,双入口高胜率执行,002149.SZ,西部材料,box,2025-07-23,2025-07-24,2025-08-07,0.211763,46.29632617818637,43.51854660749518,43.51854660749518,43.51854660749518,fixed_pct,11,-6.000000000000016,9.903846153846164,-11.82692307692308,stop_loss,46.630194,39.394099
both_highwin_highwin_exec,双入口高胜率执行,002171.SZ,楚江新材,box,2025-03-04,2025-03-05,2025-03-28,0.211941,43.965227016962324,41.32731339594458,41.32731339594458,41.32731339594458,fixed_pct,18,-6.000000000000016,8.245243128964063,-6.448202959830873,stop_loss,43.918752,34.809678
both_highwin_highwin_exec,双入口高胜率执行,300779.SZ,惠城环保,box,2025-03-04,2025-03-05,2025-04-01,0.211941,185.81644492650523,210.68343571039378,174.66745823091492,174.66745823091492,fixed_pct,20,13.382556529764656,18.758652514997685,-3.0918320258421894,max_hold,185.416286,126.89311
both_highwin_highwin_exec,双入口高胜率执行,300810.SZ,中科海讯,box,2025-03-05,2025-03-06,2025-04-02,0.214276,33.31627569183575,54.10309564093309,31.317299150325603,31.317299150325603,fixed_pct,20,62.39238785681922,116.9460806524694,-2.6280018124150484,max_hold,33.51252,28.772461
both_highwin_highwin_exec,双入口高胜率执行,300662.SZ,科锐国际,box,2025-03-05,2025-03-06,2025-04-02,0.211941,29.644037998576184,33.94637673131031,27.865395718661613,27.865395718661613,fixed_pct,20,14.513335642535496,38.51749220644267,-1.2816072047107774,max_hold,28.956075,21.460353
both_highwin_highwin_exec,双入口高胜率执行,300662.SZ,科锐国际,box,2025-07-25,2025-07-28,2025-08-04,0.211941,36.50053034904956,34.06440897959942,34.310498528106585,34.310498528106585,fixed_pct,6,-6.674208144796379,4.864253393665141,-7.239819004524906,gap_stop,36.490208,28.903135
both_highwin_highwin_exec,双入口高胜率执行,301078.SZ,孩子王,box,2025-03-05,2025-03-06,2025-03-13,0.211941,15.313131784427672,14.39434387736201,14.39434387736201,14.39434387736201,fixed_pct,6,-6.000000000000005,7.15231788079469,-11.85430463576157,stop_loss,15.21172,12.575022
both_highwin_highwin_exec,双入口高胜率执行,001210.SZ,金房能源,box,2025-03-06,2025-03-07,2025-04-03,0.214276,22.6892622424245,22.294666377338856,21.327906507879028,21.327906507879028,fixed_pct,20,-1.7391304347826098,3.2775919732441317,-5.351170568561869,max_hold,22.674085,20.82252
both_highwin_highwin_exec,双入口高胜率执行,001210.SZ,金房能源,box,2025-10-14,2025-10-15,2025-11-11,0.212375,32.23333465952517,33.235407239614034,30.29933457995366,30.29933457995366,fixed_pct,20,3.1088082901554293,6.505469199769709,-2.705814622913094,max_hold,32.418904,27.200544
both_highwin_highwin_exec,双入口高胜率执行,688578.SH,艾力斯,box,2025-03-06,2025-03-07,2025-03-10,0.214276,85.78589376569636,80.63874013975457,80.63874013975457,80.63874013975457,fixed_pct,2,-6.000000000000005,0.6254425300920463,-8.756195421288648,stop_loss,85.785894,68.434345
both_highwin_highwin_exec,双入口高胜率执行,002134.SZ,天津普林,box,2025-03-06,2025-03-07,2025-03-10,0.211941,23.97,22.531799999999997,22.531799999999997,22.531799999999997,fixed_pct,2,-6.000000000000005,1.3350020859407508,-6.3412599082186105,stop_loss,23.86,18.6
both_highwin_highwin_exec,双入口高胜率执行,002134.SZ,天津普林,box,2025-05-29,2025-05-30,2025-06-04,0.211941,23.4,21.996,21.996,21.996,fixed_pct,3,-6.000000000000005,2.264957264957279,-10.256410256410254,stop_loss,22.72,17.56
both_highwin_highwin_exec,双入口高胜率执行,688100.SH,威胜信息,box,2025-03-07,2025-03-10,2025-03-13,0.214276,42.50800871350524,39.95752819069492,39.95752819069492,39.95752819069492,fixed_pct,4,-6.000000000000005,0.0,-6.9554455445544505,stop_loss,42.508009,37.67851
both_highwin_highwin_exec,双入口高胜率执行,688269.SH,凯立新材,box,2025-03-07,2025-03-10,2025-04-07,0.214276,41.12247429711428,38.44603853739559,38.65512583928742,38.65512583928742,fixed_pct,20,-6.508450197770587,3.0564545127651943,-13.700107874865164,gap_stop,41.373852,35.237273
both_highwin_highwin_exec,双入口高胜率执行,688697.SH,纽威数控,box,2025-03-07,2025-03-10,2025-03-13,0.214276,21.724111625333027,20.420664927813043,20.420664927813043,20.420664927813043,fixed_pct,4,-6.000000000000016,4.482758620689653,-7.733990147783243,stop_loss,21.681305,18.053486
both_highwin_highwin_exec,双入口高胜率执行,301298.SZ,东利机械,box,2025-03-10,2025-03-11,2025-04-07,0.212375,15.999542128315886,15.039569600616932,15.039569600616932,15.039569600616932,fixed_pct,19,-6.000000000000005,43.427076520601716,-17.135382603008498,stop_loss,16.240215,14.398542
both_highwin_highwin_exec,双入口高胜率执行,603291.SH,联合水务,box,2025-03-10,2025-03-11,2025-03-26,0.212375,15.331157270934105,14.411287834678058,14.411287834678058,14.411287834678058,fixed_pct,12,-6.000000000000005,3.787375415282379,-6.976744186046524,stop_loss,15.32097,13.090058
both_highwin_highwin_exec,双入口高胜率执行,002197.SZ,证通电子,box,2025-03-10,2025-03-11,2025-03-31,0.211941,14.568012836987656,13.685912977133357,13.693932066768395,13.693932066768395,fixed_pct,15,-6.055045871559628,17.431192660550465,-10.091743119266038,gap_stop,14.701664,11.574219
both_highwin_highwin_exec,双入口高胜率执行,600398.SH,海澜之家,box,2025-03-11,2025-03-12,2025-03-21,0.214363,15.536953326376276,14.604736126793698,14.604736126793698,14.604736126793698,fixed_pct,8,-6.000000000000005,4.195804195804187,-6.643356643356646,stop_loss,15.536953,13.237195
both_highwin_highwin_exec,双入口高胜率执行,300008.SZ,天海防务,box,2025-03-11,2025-03-12,2025-04-07,0.214276,60.59361032352353,56.95799370411211,56.95799370411211,56.95799370411211,fixed_pct,18,-6.000000000000005,45.16129032258065,-13.092979127134718,stop_loss,61.168502,53.005037
both_highwin_highwin_exec,双入口高胜率执行,300455.SZ,航天智装,box,2025-03-11,2025-03-12,2025-03-24,0.214276,55.206042101320115,51.8936795752409,51.8936795752409,51.8936795752409,fixed_pct,9,-6.000000000000005,1.0204081632652962,-9.523809523809511,stop_loss,55.168487,48.446119
both_highwin_highwin_exec,双入口高胜率执行,002568.SZ,百润股份,box,2025-03-12,2025-03-13,2025-03-31,0.214276,251.3689755112591,236.28683698058353,236.28683698058353,236.28683698058353,fixed_pct,13,-6.000000000000005,13.783201722900218,-6.640344580043067,stop_loss,251.459201,208.421512
both_highwin_highwin_exec,双入口高胜率执行,300871.SZ,回盛生物,box,2025-03-12,2025-03-13,2025-04-10,0.214276,19.97765487203974,42.80240547444223,18.778995579717353,18.778995579717353,fixed_pct,20,114.25140112089673,211.369095276221,-3.8430744595676636,max_hold,19.513802,17.578417
both_highwin_highwin_exec,双入口高胜率执行,002795.SZ,永和智控,box,2025-03-12,2025-03-13,2025-03-24,0.211941,24.012087285982105,22.57136204882318,22.57136204882318,22.57136204882318,fixed_pct,8,-5.999999999999995,6.529209621993126,-11.683848797250862,stop_loss,24.012087,20.133846
both_highwin_highwin_exec,双入口高胜率执行,600478.SH,科力远,box,2025-03-13,2025-03-14,2025-03-24,0.211941,22.70604783062025,21.343684960783033,21.343684960783033,21.343684960783033,fixed_pct,7,-6.000000000000005,12.007168458781358,-7.885304659498205,stop_loss,23.112966,17.334725
both_highwin_highwin_exec,双入口高胜率执行,603081.SH,大丰实业,box,2025-03-13,2025-03-14,2025-03-17,0.211941,16.840842783312514,15.830392216313761,15.830392216313761,15.830392216313761,fixed_pct,2,-6.000000000000005,5.619412515964228,-8.301404853129002,stop_loss,16.5935,13.603874
both_highwin_highwin_exec,双入口高胜率执行,300329.SZ,海伦钢琴,box,2025-03-14,2025-03-17,2025-03-24,0.211941,26.26576508242494,24.689819177479443,24.689819177479443,24.689819177479443,fixed_pct,6,-6.000000000000005,3.142857142857136,-10.571428571428577,stop_loss,27.729143,22.513513
both_highwin_highwin_exec,双入口高胜率执行,600984.SH,建设机械,box,2025-03-14,2025-03-17,2025-03-19,0.211941,6.9122573354441625,6.4975218953175125,6.4975218953175125,6.4975218953175125,fixed_pct,3,-6.000000000000005,0.7462686567164312,-6.218905472636804,stop_loss,6.998231,5.571073
both_highwin_highwin_exec,双入口高胜率执行,300532.SZ,今天国际,box,2025-03-14,2025-03-17,2025-03-21,0.21183,77.48393697016651,72.83490075195651,72.83490075195651,72.83490075195651,fixed_pct,5,-6.000000000000016,3.100775193798455,-7.329105003523595,stop_loss,77.265519,66.836039
both_highwin_highwin_exec,双入口高胜率执行,300130.SZ,新国都,box,2025-03-17,2025-03-18,2025-03-21,0.214363,179.15683101840446,168.40742115730018,168.40742115730018,168.40742115730018,fixed_pct,4,-6.000000000000005,1.9583333333333286,-6.291666666666684,stop_loss,179.828669,155.866443
both_highwin_highwin_exec,双入口高胜率执行,000997.SZ,新大陆,box,2025-03-17,2025-03-18,2025-03-21,0.211941,59.820019746294975,56.230818561517275,56.230818561517275,56.230818561517275,fixed_pct,4,-6.000000000000005,7.492195629552567,-7.561567811307657,stop_loss,59.778521,45.85579
both_highwin_highwin_exec,双入口高胜率执行,001339.SZ,智微智能,box,2025-03-17,2025-03-18,2025-03-19,0.211941,64.52045387830655,60.64922664560816,60.64922664560816,60.64922664560816,fixed_pct,2,-6.000000000000005,3.8965087281795263,-11.081670822942646,stop_loss,64.339443,45.101969
both_highwin_highwin_exec,双入口高胜率执行,002768.SZ,国恩股份,box,2025-03-18,2025-03-19,2025-03-24,0.214276,84.21210039771267,79.15937437384991,79.15937437384991,79.15937437384991,fixed_pct,4,-6.000000000000005,0.832072617246582,-6.921331316187596,stop_loss,85.135758,71.185342
both_highwin_highwin_exec,双入口高胜率执行,600763.SH,通策医疗,box,2025-03-18,2025-03-19,2025-03-31,0.214276,136.40388946143074,128.21965609374487,128.21965609374487,128.21965609374487,fixed_pct,9,-6.000000000000016,1.0208333333333375,-6.437500000000007,stop_loss,137.824763,122.649831
both_highwin_highwin_exec,双入口高胜率执行,000603.SZ,盛达资源,box,2025-03-18,2025-03-19,2025-04-07,0.212375,17.859871793850726,15.237409606399225,16.788279486219682,16.788279486219682,fixed_pct,13,-14.683544303797479,6.835443037974676,-14.683544303797479,gap_stop,17.972909,14.694831
both_highwin_highwin_exec,双入口高胜率执行,000603.SZ,盛达资源,box,2025-09-23,2025-09-24,2025-10-29,0.211941,25.598513431306266,26.975144598056517,24.06260262542789,24.06260262542789,fixed_pct,20,5.377777777777792,36.266666666666666,-5.37777777777777,max_hold,26.00809,18.499192
both_highwin_highwin_exec,双入口高胜率执行,000603.SZ,盛达资源,box,2025-12-22,2025-12-23,2025-12-25,0.211941,36.39539754077722,34.211673688330585,34.211673688330585,34.211673688330585,fixed_pct,3,-5.999999999999995,1.0940919037199182,-9.97186620819004,stop_loss,36.179232,25.996713
both_highwin_highwin_exec,双入口高胜率执行,301387.SZ,光大同创,box,2025-03-19,2025-03-20,2025-03-21,0.21183,55.62184134254688,52.284530861994064,52.284530861994064,52.284530861994064,fixed_pct,2,-6.000000000000005,0.7235142118863003,-8.268733850129205,stop_loss,56.024273,50.390226
both_highwin_highwin_exec,双入口高胜率执行,000026.SZ,飞亚达,box,2025-03-19,2025-03-20,2025-04-07,0.211763,20.749260329164574,18.992709190187682,19.504304709414697,19.504304709414697,fixed_pct,12,-8.465608465608454,1.3227513227513255,-12.874779541446202,gap_stop,20.950532,18.77314
both_highwin_highwin_exec,双入口高胜率执行,001311.SZ,多利科技,box,2025-03-19,2025-03-20,2025-03-24,0.211763,56.233045087990085,52.859062382710675,52.859062382710675,52.859062382710675,fixed_pct,3,-6.000000000000005,4.501707544240907,-8.817137534927056,stop_loss,55.971171,47.940373
both_highwin_highwin_exec,双入口高胜率执行,002320.SZ,海峡股份,box,2025-03-20,2025-03-21,2025-03-24,0.214276,98.82947101500422,92.89970275410396,92.89970275410396,92.89970275410396,fixed_pct,2,-6.000000000000005,5.4131054131054235,-7.122507122507127,stop_loss,98.829471,86.159026
both_highwin_highwin_exec,双入口高胜率执行,603408.SH,建霖家居,box,2025-03-20,2025-03-21,2025-04-03,0.214276,16.110638294556857,15.143999996883444,15.143999996883444,15.143999996883444,fixed_pct,10,-6.000000000000005,1.9794721407624838,-6.158357771260992,stop_loss,16.063393,14.504299
both_highwin_highwin_exec,双入口高胜率执行,301170.SZ,锡南科技,box,2025-03-20,2025-03-21,2025-03-24,0.212375,27.8464367816092,26.175650574712645,26.175650574712645,26.175650574712645,fixed_pct,2,-6.000000000000005,0.2905920813657703,-10.279694878314572,stop_loss,28.301609,24.194943
both_highwin_highwin_exec,双入口高胜率执行,688206.SH,概伦电子,box,2025-03-21,2025-03-24,2025-03-25,0.211941,25.0319082328116,23.5299937388429,23.5299937388429,23.5299937388429,fixed_pct,2,-6.000000000000005,0.12024048096193063,-6.012024048096187,stop_loss,25.112171,19.092473
both_highwin_highwin_exec,双入口高胜率执行,688776.SH,国光电气,box,2025-03-21,2025-03-24,2025-04-08,0.211941,101.89650433055066,95.78271407071762,95.78271407071762,95.78271407071762,fixed_pct,11,-5.999999999999995,44.83333333333335,-8.319444444444436,stop_loss,103.028688,76.422378
both_highwin_highwin_exec,双入口高胜率执行,688776.SH,国光电气,box,2025-05-13,2025-05-14,2025-05-19,0.211941,136.99418915551811,128.77453780618703,128.77453780618703,128.77453780618703,fixed_pct,4,-6.000000000000005,5.785123966942152,-6.580578512396684,stop_loss,136.994189,104.910943
both_highwin_highwin_exec,双入口高胜率执行,000809.SZ,和展能源,box,2025-03-21,2025-03-24,2025-03-28,0.211763,7.624144361113222,7.166695699446429,7.166695699446429,7.166695699446429,fixed_pct,5,-6.000000000000005,0.8982035928143839,-7.485029940119759,stop_loss,7.669798,6.16323
both_highwin_highwin_exec,双入口高胜率执行,688037.SH,芯源微,box,2025-03-24,2025-03-25,2025-03-27,0.211941,223.04842147713472,209.01313529368323,209.66551618850661,209.66551618850661,fixed_pct,3,-6.292483977471363,0.3884249368809378,-7.370363177315998,gap_stop,224.218029,183.238459
both_highwin_highwin_exec,双入口高胜率执行,688037.SH,芯源微,box,2025-10-13,2025-10-14,2025-10-15,0.211941,340.3984877857602,303.88695572007737,319.9745785186146,319.9745785186146,fixed_pct,2,-10.72611464968154,0.31847133757960666,-14.006369426751597,gap_stop,342.566631,256.88161
both_highwin_highwin_exec,双入口高胜率执行,688025.SH,杰普特,box,2025-03-24,2025-03-25,2025-04-03,0.21183,58.790465032571134,55.263037130616866,55.263037130616866,55.263037130616866,fixed_pct,8,-6.000000000000005,8.106219426974137,-10.307477288609368,stop_loss,59.714843,50.275913
both_highwin_highwin_exec,双入口高胜率执行,688025.SH,杰普特,box,2025-10-29,2025-10-30,2025-11-03,0.214363,165.36301226836446,155.44123153226258,155.44123153226258,155.44123153226258,fixed_pct,3,-6.000000000000005,7.499999999999996,-9.824999999999996,stop_loss,165.156309,132.352421
both_highwin_highwin_exec,双入口高胜率执行,002080.SZ,中材科技,box,2025-03-24,2025-03-25,2025-04-07,0.211763,79.60271840324093,72.17103792115005,74.82655529904646,74.82655529904646,fixed_pct,9,-9.335963182117046,2.1038790269559238,-12.62327416173571,gap_stop,80.283084,74.055126
both_highwin_highwin_exec,双入口高胜率执行,002080.SZ,中材科技,box,2025-05-28,2025-05-29,2025-06-13,0.211763,90.01753823377672,84.6164859397501,84.6164859397501,84.6164859397501,fixed_pct,11,-6.000000000000005,3.83669235328985,-6.882693924814943,stop_loss,89.755859,71.700016
both_highwin_highwin_exec,双入口高胜率执行,002080.SZ,中材科技,box,2025-12-24,2025-12-25,2025-12-29,0.211941,214.1938663237888,201.34223434436146,201.34223434436146,201.34223434436146,fixed_pct,3,-6.000000000000005,1.2376237623762387,-8.415841584158413,stop_loss,213.981793,167.537777
both_highwin_highwin_exec,双入口高胜率执行,600528.SH,中铁工业,box,2025-03-25,2025-03-26,2025-04-07,0.214343,9.856670214375146,9.265270001512636,9.265270001512636,9.265270001512636,fixed_pct,8,-6.000000000000016,2.952029520295185,-7.7490774907749245,stop_loss,9.893042,9.020126
both_highwin_highwin_exec,双入口高胜率执行,688636.SH,智明达,box,2025-03-25,2025-03-26,2025-03-28,0.211941,91.8166461031986,86.30764733700667,86.30764733700667,86.30764733700667,fixed_pct,3,-6.000000000000005,3.221083455344087,-9.443631039531464,stop_loss,94.191601,75.483231
both_highwin_highwin_exec,双入口高胜率执行,002054.SZ,德美化工,box,2025-03-25,2025-03-26,2025-04-07,0.211763,13.74772994805939,12.258037848424472,12.922866151175826,12.922866151175826,fixed_pct,8,-10.835913312693501,12.22910216718267,-13.003095975232204,gap_stop,13.832855,12.768789
both_highwin_highwin_exec,双入口高胜率执行,600455.SH,博通股份,box,2025-03-26,2025-03-27,2025-04-07,0.215689,23.99,22.0,22.550599999999996,22.550599999999996,fixed_pct,7,-8.29512296790329,6.2526052521884035,-10.337640683618165,gap_stop,24.04,21.59
both_highwin_highwin_exec,双入口高胜率执行,601996.SH,丰林集团,box,2025-03-26,2025-03-27,2025-03-28,0.214276,11.059238360278753,10.395684058662027,10.395684058662027,10.395684058662027,fixed_pct,2,-6.000000000000005,0.4484304932735439,-10.313901345291477,stop_loss,11.059238,9.819413
both_highwin_highwin_exec,双入口高胜率执行,300838.SZ,浙江力诺,box,2025-03-26,2025-03-27,2025-03-31,0.211763,18.08567340844058,17.000533003934144,17.000533003934144,17.000533003934144,fixed_pct,3,-6.000000000000005,0.2941176470588447,-6.294117647058828,stop_loss,17.979287,15.809006
both_highwin_highwin_exec,双入口高胜率执行,300423.SZ,昇辉科技,box,2025-03-27,2025-03-28,2025-04-07,0.211941,27.947488015333402,26.270638734413396,26.270638734413396,26.270638734413396,fixed_pct,6,-6.000000000000005,2.5423728813559476,-19.370460048426143,stop_loss,28.082827,23.785816
both_highwin_highwin_exec,双入口高胜率执行,002338.SZ,奥普光电,box,2025-03-27,2025-03-28,2025-04-02,0.21183,147.8264877729286,138.95689850655288,138.95689850655288,138.95689850655288,fixed_pct,4,-6.000000000000005,7.610619469026525,-6.4159292035398385,stop_loss,144.6214,121.662508
both_highwin_highwin_exec,双入口高胜率执行,002985.SZ,北摩高科,box,2025-03-27,2025-03-28,2025-04-07,0.211763,57.67061739951885,52.40711972299224,54.21038035554771,54.21038035554771,fixed_pct,6,-9.126827340971932,2.5286448044251397,-13.433425523508479,gap_stop,57.738975,52.680548
both_highwin_highwin_exec,双入口高胜率执行,688238.SH,和元生物,box,2025-03-28,2025-03-31,2025-04-01,0.21183,7.814336545589325,7.255240919199407,7.345476352853965,7.345476352853965,fixed_pct,2,-7.154742096505817,9.816971713810307,-9.816971713810307,gap_stop,7.983365,6.865174
both_highwin_highwin_exec,双入口高胜率执行,000951.SZ,中国重汽,box,2025-03-28,2025-03-31,2025-04-02,0.211763,62.20824139790956,58.475746914034985,58.475746914034985,58.475746914034985,fixed_pct,3,-6.000000000000005,0.7246376811594235,-6.231884057971005,stop_loss,61.877666,53.643339
both_highwin_highwin_exec,双入口高胜率执行,002422.SZ,科伦药业,box,2025-03-28,2025-03-31,2025-04-28,0.211763,231.08432981996938,235.56518940096598,217.2192700307712,217.2192700307712,fixed_pct,20,1.9390581717451338,17.205293936595844,-5.016928285626355,max_hold,230.94208,210.102527
both_highwin_highwin_exec,双入口高胜率执行,002595.SZ,豪迈科技,box,2025-03-31,2025-04-01,2025-04-07,0.211763,293.29963333090404,256.1440182792792,275.7016553310498,275.7016553310498,fixed_pct,4,-12.66814234633068,3.8651455814745272,-12.66814234633068,gap_stop,295.546949,253.247478
both_highwin_highwin_exec,双入口高胜率执行,002595.SZ,豪迈科技,box,2025-12-04,2025-12-05,2026-01-05,0.211763,361.44556761308013,427.5697915155844,339.7588335562953,339.7588335562953,fixed_pct,20,18.29437952142461,22.69059543683918,-0.862548692264864,max_hold,360.289022,330.369697
both_highwin_highwin_exec,双入口高胜率执行,002695.SZ,煌上煌,box,2025-03-31,2025-04-01,2025-04-02,0.211763,49.4942714069117,46.524615122496996,46.524615122496996,46.524615122496996,fixed_pct,2,-6.000000000000005,5.8771929824561475,-8.508771929824565,stop_loss,48.408871,39.812497
both_highwin_highwin_exec,双入口高胜率执行,300765.SZ,新诺威,box,2025-04-01,2025-04-02,2025-04-07,0.214363,239.870227723761,214.0521345107455,225.4780140603353,225.4780140603353,fixed_pct,3,-10.763358778625953,5.5979643765903475,-15.852417302798983,gap_stop,239.626085,208.009602
both_highwin_highwin_exec,双入口高胜率执行,300765.SZ,新诺威,box,2025-05-22,2025-05-23,2025-06-20,0.211941,299.44105272589604,325.1486992246873,281.47458956234226,281.47458956234226,fixed_pct,20,8.585211100738288,29.099149573478723,-3.4243783122706706,max_hold,302.431801,210.634136
both_highwin_highwin_exec,双入口高胜率执行,600535.SH,天士力,box,2025-04-01,2025-04-02,2025-04-07,0.214343,57.0371704183778,53.614940193275125,53.614940193275125,53.614940193275125,fixed_pct,3,-6.000000000000005,1.229773462783168,-8.543689320388347,stop_loss,57.221757,54.015881
both_highwin_highwin_exec,双入口高胜率执行,002838.SZ,道恩股份,box,2025-04-01,2025-04-02,2025-04-03,0.211941,88.09741021571656,82.81156560277357,82.81156560277357,82.81156560277357,fixed_pct,2,-6.000000000000005,0.34482758620690834,-12.011494252873566,stop_loss,90.173269,67.845132
both_highwin_highwin_exec,双入口高胜率执行,002629.SZ,仁智股份,box,2025-04-02,2025-04-03,2025-04-07,0.211941,22.215827622703213,20.463908330308833,20.88287796534102,20.88287796534102,fixed_pct,2,-7.885906040268454,2.348993288590595,-9.228187919463082,gap_stop,22.439477,17.03462
both_highwin_highwin_exec,双入口高胜率执行,688319.SH,欧林生物,box,2025-04-02,2025-04-03,2025-04-07,0.211941,15.866807610993655,14.591437632135303,14.914799154334036,14.914799154334036,fixed_pct,2,-8.037974683544313,3.9873417721518756,-21.202531645569632,gap_stop,16.22833,13.948732
both_highwin_highwin_exec,双入口高胜率执行,688319.SH,欧林生物,box,2025-05-28,2025-05-29,2025-06-12,0.21183,18.035940803382662,16.9537843551797,16.9537843551797,16.9537843551797,fixed_pct,10,-6.000000000000016,4.342984409799522,-7.572383073496669,stop_loss,18.035941,14.993129
both_highwin_highwin_exec,双入口高胜率执行,688319.SH,欧林生物,box,2025-08-14,2025-08-15,2025-09-11,0.211941,24.593551797040163,27.515856236786462,23.117938689217752,23.117938689217752,fixed_pct,20,11.882400979991825,41.60881992650061,-5.267456104532453,max_hold,24.402748,18.307082
both_highwin_highwin_exec,双入口高胜率执行,002571.SZ,德力股份,box,2025-04-03,2025-04-07,2025-05-07,0.211941,25.05875331133163,30.68993383073199,23.55522811265173,23.55522811265173,fixed_pct,20,22.471910112359538,31.46067415730336,-3.8523274478330705,max_hold,26.78833,20.030914
both_highwin_highwin_exec,双入口高胜率执行,002571.SZ,德力股份,box,2025-12-19,2025-12-22,2026-01-20,0.211941,39.61937722578114,48.42815246684314,37.24221459223427,37.24221459223427,fixed_pct,20,22.233502538071058,37.05583756345179,-3.756345177664966,max_hold,39.619377,32.218397
both_highwin_highwin_exec,双入口高胜率执行,300119.SZ,瑞普生物,box,2025-04-03,2025-04-07,2025-04-08,0.211763,115.2136364535639,107.62884319410732,108.30081826635005,108.30081826635005,fixed_pct,2,-6.583242655059829,3.101196953210028,-10.119695321001076,gap_stop,118.912007,102.739472
both_highwin_highwin_exec,双入口高胜率执行,300749.SZ,顶固集创,box,2025-04-03,2025-04-07,2025-05-07,0.211763,13.497761075785458,15.87861615443095,12.68789541123833,12.68789541123833,fixed_pct,20,17.638888888888893,18.333333333333336,-5.833333333333335,max_hold,14.078915,12.072997
both_highwin_highwin_exec,双入口高胜率执行,002254.SZ,泰和新材,box,2025-04-07,2025-04-08,2025-05-08,0.210661,48.417004672288606,48.555338971352285,45.51198439195129,45.51198439195129,fixed_pct,20,0.28571428571428914,21.047619047619047,-3.523809523809507,max_hold,49.892571,45.650319
both_highwin_highwin_exec,双入口高胜率执行,600095.SH,湘财股份,box,2025-04-07,2025-04-08,2025-04-09,0.209287,9.278233312933807,8.721539314157779,8.721539314157779,8.721539314157779,fixed_pct,2,-5.999999999999995,6.47727272727272,-9.88636363636365,stop_loss,9.541819,6.990305
both_highwin_highwin_exec,双入口高胜率执行,603737.SH,三棵树,box,2025-04-08,2025-04-09,2025-04-24,0.214363,267.64347416008104,251.58486571047615,251.58486571047615,251.58486571047615,fixed_pct,12,-6.000000000000005,6.566932193510766,-6.489217019623084,stop_loss,270.191469,238.627531
both_highwin_highwin_exec,双入口高胜率执行,600801.SH,华新建材,box,2025-04-08,2025-04-09,2025-04-24,0.211763,91.12922185341303,85.66146854220824,85.66146854220824,85.66146854220824,fixed_pct,12,-6.000000000000005,3.684971098265888,-7.44219653179189,stop_loss,91.392601,82.306017
both_highwin_highwin_exec,双入口高胜率执行,601229.SH,上海银行,box,2025-04-08,2025-04-09,2025-05-09,0.211716,35.966972611600404,38.00081927713733,33.80895425490438,33.80895425490438,fixed_pct,20,5.654761904761907,6.547619047619047,-2.4801587301587213,max_hold,36.038336,32.86268
both_highwin_highwin_exec,双入口高胜率执行,000733.SZ,振华科技,box,2025-04-09,2025-04-10,2025-04-17,0.211941,62.94889343815153,59.17195983186243,59.17195983186243,59.17195983186243,fixed_pct,6,-6.000000000000005,12.632478632478627,-6.615384615384601,stop_loss,64.024943,55.868488
both_highwin_highwin_exec,双入口高胜率执行,002956.SZ,西麦食品,box,2025-04-09,2025-04-10,2025-05-12,0.21183,53.775925260042655,64.63481884630198,50.54936974444009,50.54936974444009,fixed_pct,20,20.192853091321616,26.035167328417465,-0.7373794668179223,max_hold,53.22688,46.42482
both_highwin_highwin_exec,双入口高胜率执行,300022.SZ,吉峰科技,box,2025-04-09,2025-04-10,2025-04-28,0.21183,30.725660706114162,28.88212106374731,28.88212106374731,28.88212106374731,fixed_pct,8,-6.000000000000005,24.01055408970978,-7.519788918205805,stop_loss,31.82011,24.645385
both_highwin_highwin_exec,双入口高胜率执行,300022.SZ,吉峰科技,box,2025-06-16,2025-06-17,2025-06-20,0.21183,35.63041657081048,33.49259157656185,33.49259157656185,33.49259157656185,fixed_pct,4,-6.000000000000005,2.9579067121729308,-6.257110352673467,stop_loss,35.711487,31.65797
both_highwin_highwin_exec,双入口高胜率执行,300756.SZ,金马游乐,box,2025-04-10,2025-04-11,2025-04-21,0.213724,64.76317010176555,60.877379895659615,60.877379895659615,60.877379895659615,fixed_pct,7,-6.000000000000005,4.384485666104565,-7.138842046093319,stop_loss,64.544745,52.167298
both_highwin_highwin_exec,双入口高胜率执行,300756.SZ,金马游乐,box,2025-09-01,2025-09-02,2025-09-05,0.211941,140.10896236592436,131.70242462396888,131.70242462396888,131.70242462396888,fixed_pct,4,-6.000000000000005,1.5100234313980998,-7.550117156990355,stop_loss,140.108962,100.312327
both_highwin_highwin_exec,双入口高胜率执行,600383.SH,金地集团,box,2025-04-10,2025-04-11,2025-04-28,0.213724,13.850288232771412,13.019270938805127,13.019270938805127,13.019270938805127,fixed_pct,12,-6.000000000000005,8.453608247422672,-11.75257731958762,stop_loss,14.021632,11.994064
both_highwin_highwin_exec,双入口高胜率执行,002141.SZ,贤丰控股,box,2025-04-10,2025-04-11,2025-05-13,0.211941,9.990220818335358,16.347634066366947,9.390807569235236,9.390807569235236,fixed_pct,20,63.636363636363626,63.636363636363626,-1.1363636363636465,max_hold,9.990221,7.946767
both_highwin_highwin_exec,双入口高胜率执行,002141.SZ,贤丰控股,box,2025-06-10,2025-06-11,2025-07-09,0.211941,22.875335169256527,23.44296135211649,21.502815059101135,21.502815059101135,fixed_pct,20,2.481389578163773,40.19851116625313,-5.459057071960293,max_hold,22.080659,15.893533
both_highwin_highwin_exec,双入口高胜率执行,002141.SZ,贤丰控股,box,2025-11-27,2025-11-28,2025-12-02,0.21183,24.578213717836416,23.10352089476623,23.10352089476623,23.10352089476623,fixed_pct,3,-6.000000000000005,2.0785219399538146,-6.004618937644334,stop_loss,24.805264,20.718356
both_highwin_highwin_exec,双入口高胜率执行,301209.SZ,联合化学,box,2025-04-11,2025-04-14,2025-05-14,0.21183,40.792525077747705,97.8410999996788,38.34497357308284,38.34497357308284,fixed_pct,20,139.8505603985056,177.0610211706102,-0.37359900373599153,max_hold,40.883965,32.278419
both_highwin_highwin_exec,双入口高胜率执行,688501.SH,青达环保,box,2025-04-11,2025-04-14,2025-05-14,0.21183,27.94713644438927,38.81696018646183,26.27030825772591,26.27030825772591,fixed_pct,20,38.894230769230774,43.269230769230774,-2.4038461538461453,max_hold,27.678414,22.720484
both_highwin_highwin_exec,双入口高胜率执行,001914.SZ,招商积余,box,2025-04-11,2025-04-14,2025-05-14,0.211763,44.3213482963559,42.5455951757333,41.66206739857454,41.66206739857454,fixed_pct,20,-4.0065412919051635,6.295993458708082,-5.560098119378576,max_hold,44.575027,38.305532
both_highwin_highwin_exec,双入口高胜率执行,002345.SZ,潮宏基,box,2025-04-14,2025-04-15,2025-04-16,0.214363,76.59241180251223,71.99686709436149,71.99686709436149,71.99686709436149,fixed_pct,2,-6.000000000000005,1.3742071881606588,-6.131078224101483,stop_loss,77.321092,57.160933
both_highwin_highwin_exec,双入口高胜率执行,002345.SZ,潮宏基,box,2025-08-06,2025-08-07,2025-08-14,0.214363,133.89704036836739,125.86321794626534,125.86321794626534,125.86321794626534,fixed_pct,6,-6.000000000000005,8.466257668711652,-8.159509202453986,stop_loss,135.047076,106.953341
both_highwin_highwin_exec,双入口高胜率执行,300517.SZ,海波重科,box,2025-04-14,2025-04-15,2025-04-25,0.213724,18.54985311973745,17.4368619325532,17.4368619325532,17.4368619325532,fixed_pct,9,-6.000000000000016,5.44554455445545,-6.53465346534653,stop_loss,18.494755,14.086869
both_highwin_highwin_exec,双入口高胜率执行,603061.SH,金海通,box,2025-04-14,2025-04-15,2025-05-15,0.213724,82.91839578469256,79.51079047847232,77.943292037611,77.943292037611,fixed_pct,20,-4.109589041095896,10.061825675839508,-4.54600557643351,max_hold,82.928448,64.804812
both_highwin_highwin_exec,双入口高胜率执行,688112.SH,鼎阳科技,box,2025-04-15,2025-04-16,2025-05-16,0.213724,49.50228586464287,57.62999429986895,46.5321487127643,46.5321487127643,fixed_pct,20,16.418854792787087,20.215121796899727,-3.511546978804181,max_hold,50.17568,36.065727
both_highwin_highwin_exec,双入口高胜率执行,301162.SZ,国能日新,box,2025-04-15,2025-04-16,2025-05-16,0.211941,84.23850873423797,85.6417382041696,79.18419821018368,79.18419821018368,fixed_pct,20,1.6657814709881036,18.705281090289617,-4.497444633730829,max_hold,85.09955,65.740478
both_highwin_highwin_exec,双入口高胜率执行,002186.SZ,全聚德,box,2025-04-16,2025-04-17,2025-04-28,0.213724,25.901022533954734,24.34696118191745,24.34696118191745,24.34696118191745,fixed_pct,8,-5.999999999999995,11.63831692032229,-7.699194270367061,stop_loss,26.387971,21.982247
both_highwin_highwin_exec,双入口高胜率执行,002825.SZ,纳尔股份,box,2025-04-16,2025-04-17,2025-05-19,0.213724,28.01202731719786,33.2990655856756,26.331305678165986,26.331305678165986,fixed_pct,20,18.87417218543046,37.85871964679912,-0.7726269315673329,max_hold,28.073864,20.406113
both_highwin_highwin_exec,双入口高胜率执行,600039.SH,四川路桥,box,2025-04-16,2025-04-17,2025-05-19,0.211763,60.57010174962223,65.48119108067267,56.935895644644894,56.935895644644894,fixed_pct,20,8.108108108108091,12.33842538190364,-4.582843713278506,max_hold,61.139503,55.872538
both_highwin_highwin_exec,双入口高胜率执行,600649.SH,城投控股,box,2025-04-17,2025-04-18,2025-04-28,0.214276,8.047913788845916,7.56503896151516,7.56503896151516,7.56503896151516,fixed_pct,7,-6.000000000000005,7.306889352818358,-10.647181628392477,stop_loss,8.081517,6.737398
both_highwin_highwin_exec,双入口高胜率执行,002702.SZ,海欣食品,box,2025-04-17,2025-04-18,2025-04-24,0.213724,31.70828328257155,29.805786285617256,29.805786285617256,29.805786285617256,fixed_pct,5,-6.000000000000005,9.677419354838722,-7.603686635944706,stop_loss,32.146647,25.644257
both_highwin_highwin_exec,双入口高胜率执行,000797.SZ,中国武夷,box,2025-04-18,2025-04-21,2025-04-28,0.213724,10.867824206455357,10.215754754068035,10.215754754068035,10.215754754068035,fixed_pct,6,-6.000000000000005,4.761904761904767,-7.142857142857151,stop_loss,11.237478,9.278313
both_highwin_highwin_exec,双入口高胜率执行,000797.SZ,中国武夷,box,2025-10-22,2025-10-23,2025-11-19,0.213066,11.052651148742013,14.970982325219113,10.389492079817492,10.389492079817492,fixed_pct,20,35.451505016722386,62.87625418060199,-5.016722408026775,max_hold,11.052651,9.795828
both_highwin_highwin_exec,双入口高胜率执行,301043.SZ,绿岛风,box,2025-04-18,2025-04-21,2025-05-21,0.213724,32.55506321915962,32.194987698843605,30.60175942601004,30.60175942601004,fixed_pct,20,-1.1060507482108073,5.432661027976571,-2.7000650618087096,max_hold,32.597425,24.548678
both_highwin_highwin_exec,双入口高胜率执行,688179.SH,阿拉丁,box,2025-04-18,2025-04-21,2025-05-15,0.213724,46.909560972147375,44.09498731381853,44.09498731381853,44.09498731381853,fixed_pct,16,-6.000000000000005,9.718826405867965,-6.051344743276276,stop_loss,47.196294,34.436664
both_highwin_highwin_exec,双入口高胜率执行,688722.SH,同益中,box,2025-04-21,2025-04-22,2025-05-22,0.214363,19.3259079070647,22.581452479392123,18.16635343264082,18.16635343264082,fixed_pct,20,16.845493562231773,42.70386266094421,-4.667381974248929,max_hold,19.284436,14.70179
both_highwin_highwin_exec,双入口高胜率执行,000566.SZ,海南海药,box,2025-04-21,2025-04-22,2025-04-23,0.213724,22.821647235954714,21.45234840179743,21.45234840179743,21.45234840179743,fixed_pct,2,-6.000000000000005,7.664233576642321,-7.116788321167899,stop_loss,22.988229,15.658648
both_highwin_highwin_exec,双入口高胜率执行,688592.SH,司南导航,box,2025-04-21,2025-04-22,2025-04-29,0.213724,42.21359320590225,39.68077761354811,39.68077761354811,39.68077761354811,fixed_pct,6,-6.000000000000016,2.214285714285702,-8.571428571428575,stop_loss,42.786492,33.499501
both_highwin_highwin_exec,双入口高胜率执行,003027.SZ,同兴科技,box,2025-04-22,2025-04-23,2025-05-23,0.213724,25.125893210126705,25.392522538823435,23.6183396175191,23.6183396175191,fixed_pct,20,1.0611735330836591,8.239700374531832,-2.434456928838935,max_hold,25.674836,19.448257
both_highwin_highwin_exec,双入口高胜率执行,688386.SH,泛亚微透,box,2025-04-22,2025-04-23,2025-05-08,0.211941,57.37957473360112,53.86611526621757,53.93680024958505,53.93680024958505,fixed_pct,9,-6.123188405797109,7.771739130434785,-6.902173913043486,gap_stop,57.171678,40.020174
both_highwin_highwin_exec,双入口高胜率执行,688428.SH,诺诚健华,box,2025-04-22,2025-04-23,2025-04-25,0.211941,21.2,19.927999999999997,19.927999999999997,19.927999999999997,fixed_pct,3,-6.000000000000005,1.1792452830188704,-6.839622641509435,stop_loss,21.04,15.18
both_highwin_highwin_exec,双入口高胜率执行,688428.SH,诺诚健华,box,2025-05-30,2025-06-03,2025-06-30,0.211941,23.93,24.43,22.4942,22.4942,fixed_pct,20,2.0894274968658477,20.058503969912245,-3.844546594233167,max_hold,24.02,19.38
both_highwin_highwin_exec,双入口高胜率执行,300368.SZ,汇金股份,box,2025-04-23,2025-04-24,2025-05-27,0.21183,46.29678020070456,52.00236930994632,43.51897338866228,43.51897338866228,fixed_pct,20,12.323943661971825,32.042253521126774,-1.2323943661971648,max_hold,45.563204,31.625265
both_highwin_highwin_exec,双入口高胜率执行,300368.SZ,汇金股份,box,2025-05-16,2025-05-19,2025-05-20,0.211941,59.74566881534585,56.160928686425095,56.160928686425095,56.160928686425095,fixed_pct,2,-6.000000000000005,2.3192360163710735,-7.230559345156895,stop_loss,60.153211,37.57538
both_highwin_highwin_exec,双入口高胜率执行,605389.SH,长龄液压,box,2025-04-23,2025-04-24,2025-05-26,0.21183,47.378249713836865,49.32158650655069,44.53555473100665,44.53555473100665,fixed_pct,20,4.101748807631167,14.7535771065183,-5.500794912559625,max_hold,47.604219,37.571178
both_highwin_highwin_exec,双入口高胜率执行,600234.SH,科新发展,box,2025-04-23,2025-04-24,2025-05-27,0.211763,9.201732954545454,9.874005681818181,8.649628977272727,8.649628977272727,fixed_pct,20,7.30593607305936,27.09284627092845,-2.2831050228310557,max_hold,9.187727,7.352983
both_highwin_highwin_exec,双入口高胜率执行,600234.SH,科新发展,box,2025-05-08,2025-05-09,2025-05-20,0.211941,10.770369318181817,10.124147159090908,10.124147159090908,10.124147159090908,fixed_pct,7,-6.000000000000005,2.4707412223667014,-8.45253576072822,stop_loss,10.686335,7.352983
both_highwin_highwin_exec,双入口高胜率执行,300888.SZ,稳健医疗,box,2025-04-24,2025-04-25,2025-05-27,0.21183,74.92401898946791,74.92401898946791,70.42857785009983,70.42857785009983,fixed_pct,20,0.0,11.791105671154622,-3.161974704202375,max_hold,74.40435,57.194141
both_highwin_highwin_exec,双入口高胜率执行,000782.SZ,恒申新材,box,2025-04-24,2025-04-25,2025-04-29,0.211763,5.734079807899145,5.390035019425197,5.390035019425197,5.390035019425197,fixed_pct,3,-5.999999999999995,0.9345794392523477,-6.355140186915897,stop_loss,5.723362,4.630135
both_highwin_highwin_exec,双入口高胜率执行,000889.SZ,中嘉博创,box,2025-04-24,2025-04-25,2025-04-28,0.211763,3.955502387625724,3.7181722443681804,3.7181722443681804,3.7181722443681804,fixed_pct,2,-6.000000000000005,1.090909090909098,-6.181818181818177,stop_loss,3.955502,3.092484
both_highwin_highwin_exec,双入口高胜率执行,603790.SH,雅运股份,box,2025-04-25,2025-04-28,2025-05-28,0.21183,23.966521768899895,24.17408402440422,22.5285304627659,22.5285304627659,fixed_pct,20,0.8660508083140783,11.836027713625864,-4.67667436489606,max_hold,24.146409,16.383581
both_highwin_highwin_exec,双入口高胜率执行,603790.SH,雅运股份,box,2025-06-30,2025-07-01,2025-07-04,0.211941,30.029566351141295,28.227792370072816,28.227792370072816,28.227792370072816,fixed_pct,4,-6.000000000000005,1.2523191094619746,-13.821892393320956,stop_loss,30.015638,23.64826
both_highwin_highwin_exec,双入口高胜率执行,688166.SH,博瑞医药,box,2025-04-25,2025-04-28,2025-05-28,0.21183,44.62933367981935,49.36891196031064,41.95157365903018,41.95157365903018,fixed_pct,20,10.619872379216044,19.644484958979035,-1.0027347310847867,max_hold,44.720871,32.556631
both_highwin_highwin_exec,双入口高胜率执行,600149.SH,廊坊发展,box,2025-04-25,2025-04-28,2025-05-28,0.211763,4.41,5.31,4.1453999999999995,4.1453999999999995,fixed_pct,20,20.4081632653061,55.10204081632652,-4.53514739229025,max_hold,4.42,3.51
both_highwin_highwin_exec,双入口高胜率执行,688382.SH,益方生物-U,box,2025-04-28,2025-04-29,2025-05-07,0.211941,22.5,21.15,21.15,21.15,fixed_pct,4,-6.000000000000005,2.666666666666684,-7.200000000000006,stop_loss,23.34,14.6
both_highwin_highwin_exec,双入口高胜率执行,301167.SZ,建研设计,box,2025-04-28,2025-04-29,2025-05-29,0.211763,19.884487839812827,21.537828346677372,18.691418569424055,18.691418569424055,fixed_pct,20,8.314725127363953,15.160349854227405,-0.9475218658892004,max_hold,19.696078,16.174263
both_highwin_highwin_exec,双入口高胜率执行,688328.SH,深科达,box,2025-04-29,2025-04-30,2025-05-30,0.213724,18.454029978177967,19.44794497422642,17.346788179487287,17.346788179487287,fixed_pct,20,5.385896724042194,11.549139367018313,-0.8883953359244745,max_hold,18.443783,12.859416
both_highwin_highwin_exec,双入口高胜率执行,603810.SH,丰山集团,box,2025-04-29,2025-04-30,2025-05-30,0.211941,29.373814926228373,31.908189339948215,27.611386030654668,27.611386030654668,fixed_pct,20,8.628005657708627,14.214992927864213,-0.990099009900991,max_hold,29.249174,21.93688
both_highwin_highwin_exec,双入口高胜率执行,603226.SH,菲林格尔,box,2025-04-29,2025-04-30,2025-05-30,0.21183,29.496256688874244,34.245653952337044,27.726481287541787,27.726481287541787,fixed_pct,20,16.10169491525424,16.10169491525424,-1.6949152542373058,max_hold,29.746225,20.414076
both_highwin_highwin_exec,双入口高胜率执行,603226.SH,菲林格尔,box,2025-07-22,2025-07-23,2025-08-19,0.211941,57.909317510642936,91.3217438728988,54.43475846000435,54.43475846000435,fixed_pct,20,57.69784172661871,66.97841726618705,-1.0791366906474864,max_hold,58.242609,49.53538
both_highwin_highwin_exec,双入口高胜率执行,688608.SH,恒玄科技,box,2025-04-30,2025-05-06,2025-05-08,0.214363,446.9900431188554,420.1706405317241,420.1706405317241,420.1706405317241,fixed_pct,3,-5.999999999999995,0.48213400621817115,-6.614698328301715,stop_loss,446.959832,301.078298
both_highwin_highwin_exec,双入口高胜率执行,688171.SH,纬德信息,box,2025-04-30,2025-05-06,2025-06-03,0.213724,21.331367875675333,31.139714540040885,20.051485803134813,20.051485803134813,fixed_pct,20,45.980861244019145,76.02870813397129,-0.23923444976075015,max_hold,20.923112,14.809481
both_highwin_highwin_exec,双入口高胜率执行,688212.SH,澳华内镜,box,2025-04-30,2025-05-06,2025-06-03,0.213724,45.429651549002536,51.820089200228885,42.70387245606238,42.70387245606238,fixed_pct,20,14.066666666666649,15.777777777777779,-2.0000000000000018,max_hold,44.884496,36.94945
both_highwin_highwin_exec,双入口高胜率执行,002316.SZ,亚联发展,box,2025-05-06,2025-05-07,2025-06-04,0.212375,12.511400697978956,13.87931384095799,11.760716656100218,11.760716656100218,fixed_pct,20,10.933333333333328,14.400000000000013,-2.1333333333333315,max_hold,12.444673,10.309394
both_highwin_highwin_exec,双入口高胜率执行,001328.SZ,登康口腔,box,2025-05-06,2025-05-07,2025-06-04,0.211941,49.6365287994872,54.49363862519459,46.65833707151797,46.65833707151797,fixed_pct,20,9.785353535353526,25.084175084175065,-2.8619528619528767,max_hold,49.40673,38.480844
both_highwin_highwin_exec,双入口高胜率执行,603766.SH,隆鑫通用,box,2025-05-06,2025-05-07,2025-06-04,0.211941,42.30219368533083,45.57099956101548,39.764062064210975,39.764062064210975,fixed_pct,20,7.727272727272738,8.636363636363642,-3.712121212121211,max_hold,41.821487,29.547441
both_highwin_highwin_exec,双入口高胜率执行,001231.SZ,农心科技,box,2025-05-07,2025-05-08,2025-06-05,0.212375,19.437559187038666,19.997866186665043,18.271305635816343,18.271305635816343,fixed_pct,20,2.882599580712797,6.28930817610065,-2.9874213836477814,max_hold,19.193062,15.016228
both_highwin_highwin_exec,双入口高胜率执行,688679.SH,通源环境,box,2025-05-07,2025-05-08,2025-06-05,0.211941,13.142228601811054,17.409955228973374,12.35369488570239,12.35369488570239,fixed_pct,20,32.47338603267189,41.858617950754585,-3.1771247021445514,max_hold,13.110913,8.664059
both_highwin_highwin_exec,双入口高胜率执行,688004.SH,博汇科技,box,2025-05-08,2025-05-09,2025-06-06,0.213724,25.371127131083416,28.180633620585066,23.84885950321841,23.84885950321841,fixed_pct,20,11.073636874648685,21.135469364811698,-2.1922428330522825,max_hold,25.470957,17.983694
both_highwin_highwin_exec,双入口高胜率执行,688657.SH,浩辰软件,box,2025-05-08,2025-05-09,2025-05-15,0.213724,68.94850928641252,64.81159872922777,64.81159872922777,64.81159872922777,fixed_pct,5,-5.999999999999995,0.4736275565123904,-6.6092572658773,stop_loss,69.378974,54.223661
both_highwin_highwin_exec,双入口高胜率执行,603379.SH,三美股份,box,2025-05-09,2025-05-12,2025-06-09,0.214276,70.6766667250553,71.07232710274067,66.43606672155198,66.43606672155198,fixed_pct,20,0.5598175409496253,5.743313290483121,-4.81028405556706,max_hold,70.676667,55.538994
both_highwin_highwin_exec,双入口高胜率执行,000030.SZ,富奥股份,box,2025-05-09,2025-05-12,2025-06-09,0.211763,12.34286875409423,11.98852802431162,11.602296628848576,11.602296628848576,fixed_pct,20,-2.8708133971291905,3.6682615629983983,-4.944178628389151,max_hold,12.06727,8.956946
both_highwin_highwin_exec,双入口高胜率执行,000593.SZ,德龙汇能,box,2025-05-09,2025-05-12,2025-06-09,0.211763,5.721934381675946,6.1715149402362,5.378618318775389,5.378618318775389,fixed_pct,20,7.857142857142874,9.464285714285726,-1.7857142857142683,max_hold,5.711717,4.546894
both_highwin_highwin_exec,双入口高胜率执行,000070.SZ,特发信息,box,2025-05-12,2025-05-13,2025-06-10,0.211763,16.21986543363788,17.3784272503263,15.246673507619608,15.246673507619608,fixed_pct,20,7.14285714285714,9.118541033434635,-3.3434650455927084,max_hold,16.145915,13.039983
both_highwin_highwin_exec,双入口高胜率执行,002263.SZ,大东南,box,2025-05-12,2025-05-13,2025-06-10,0.211763,7.898661870935541,8.019252128507077,7.4247421586794085,7.4247421586794085,fixed_pct,20,1.526717557251911,7.6335877862595325,-2.2900763358778664,max_hold,7.808219,6.783202
both_highwin_highwin_exec,双入口高胜率执行,002425.SZ,凯撒文化,box,2025-05-12,2025-05-13,2025-06-10,0.211763,10.663447164439399,13.052767275973537,10.023640334573034,10.023640334573034,fixed_pct,20,22.406639004149365,23.236514522821583,-1.6597510373444035,max_hold,10.751941,8.76084
both_highwin_highwin_exec,双入口高胜率执行,002425.SZ,凯撒文化,box,2025-06-09,2025-06-10,2025-07-07,0.212375,12.521807251188173,14.070440656812153,11.770498816116882,11.770498816116882,fixed_pct,20,12.367491166077738,27.561837455830386,-0.3533568904593887,max_hold,12.521807,10.397967
both_highwin_highwin_exec,双入口高胜率执行,002734.SZ,利民股份,box,2025-05-13,2025-05-14,2025-06-11,0.211941,49.96346368785799,82.10665857500263,46.96565586658651,46.96565586658651,fixed_pct,20,64.33339987787117,64.33339987787117,-1.217765042979957,max_hold,50.858225,40.371624
both_highwin_highwin_exec,双入口高胜率执行,002891.SZ,中宠股份,box,2025-05-13,2025-05-14,2025-06-11,0.211941,158.51821744462913,180.19808340794387,149.00712439795137,149.00712439795137,fixed_pct,20,13.676576934059703,23.21761671481497,-1.2790697674418539,max_hold,160.203461,108.961526
both_highwin_highwin_exec,双入口高胜率执行,000426.SZ,兴业银锡,box,2025-05-14,2025-05-15,2025-06-12,0.211763,34.603471055493316,41.31609858308006,32.52726279216372,32.52726279216372,fixed_pct,20,19.398711524695766,20.25769506084467,-5.941302791696479,max_hold,34.578701,28.906407
both_highwin_highwin_exec,双入口高胜率执行,000426.SZ,兴业银锡,box,2025-08-14,2025-08-15,2025-09-11,0.211763,49.24244843115297,58.88784296979144,46.28790152528379,46.28790152528379,fixed_pct,20,19.587560825948614,25.69566334175264,-1.861167002012054,max_hold,50.084623,42.926138
both_highwin_highwin_exec,双入口高胜率执行,300572.SZ,安车检测,box,2025-05-14,2025-05-15,2025-05-16,0.211763,58.937102391935525,55.400876248419394,55.400876248419394,55.400876248419394,fixed_pct,2,-6.000000000000005,0.44999999999999485,-6.249999999999989,stop_loss,58.671885,50.568034
both_highwin_highwin_exec,双入口高胜率执行,300614.SZ,百川畅银,box,2025-05-14,2025-05-15,2025-06-12,0.211763,11.790716975536604,12.41286544573513,11.083273957004407,11.083273957004407,fixed_pct,20,5.276595744680845,6.297872340425537,-2.04255319148936,max_hold,11.790717,10.516316
both_highwin_highwin_exec,双入口高胜率执行,000421.SZ,南京公用,box,2025-05-15,2025-05-16,2025-06-13,0.211763,7.31691829541448,7.842113083339826,6.87790319768961,6.87790319768961,fixed_pct,20,7.177814029363794,11.745513866231661,-0.32626427406198255,max_hold,7.257237,6.678076
both_highwin_highwin_exec,双入口高胜率执行,000952.SZ,广济药业,box,2025-05-15,2025-05-16,2025-06-13,0.211763,7.205727109495802,7.575884324024696,6.773383482926054,6.773383482926054,fixed_pct,20,5.136986301369872,9.075342465753433,-0.8561643835616417,max_hold,7.205727,6.218641
both_highwin_highwin_exec,双入口高胜率执行,000952.SZ,广济药业,box,2025-05-27,2025-05-28,2025-06-25,0.211763,7.477175733483658,7.575884324024696,7.028545189474638,7.028545189474638,fixed_pct,20,1.320132013201314,5.1155115511551275,-5.280528052805278,max_hold,7.464837,6.379043
both_highwin_highwin_exec,双入口高胜率执行,300717.SZ,华信新材,box,2025-05-15,2025-05-16,2025-06-13,0.211763,27.66852703574816,29.32999495823794,26.008415413603267,26.008415413603267,fixed_pct,20,6.004901960784315,9.375,-1.5931372549019662,max_hold,27.63462,23.820025
both_highwin_highwin_exec,双入口高胜率执行,300163.SZ,先锋新材,box,2025-05-16,2025-05-19,2025-05-23,0.211941,23.43931611364142,22.032957146822934,22.032957146822934,22.032957146822934,fixed_pct,5,-6.000000000000005,2.7100271002710175,-6.233062330623307,stop_loss,23.248753,16.64255
both_highwin_highwin_exec,双入口高胜率执行,605336.SH,帅丰电器,box,2025-05-16,2025-05-19,2025-05-26,0.211941,32.206074994379556,30.27371049471678,30.27371049471678,30.27371049471678,fixed_pct,6,-6.000000000000005,0.42553191489362874,-8.274231678486988,stop_loss,32.206075,26.66328
both_highwin_highwin_exec,双入口高胜率执行,600993.SH,马应龙,box,2025-05-19,2025-05-20,2025-06-17,0.214474,85.89513192771926,84.6293089308897,80.7414240120561,80.7414240120561,fixed_pct,20,-1.473684210526327,10.38596491228072,-2.6315789473684292,max_hold,85.895132,76.793262
both_highwin_highwin_exec,双入口高胜率执行,300805.SZ,电声股份,box,2025-05-19,2025-05-20,2025-05-28,0.213724,11.532830013185059,10.840860212393954,10.840860212393954,10.840860212393954,fixed_pct,7,-6.000000000000016,5.101143359718563,-6.508355321020209,stop_loss,11.553116,9.35204
both_highwin_highwin_exec,双入口高胜率执行,688500.SH,慧辰股份,box,2025-05-19,2025-05-20,2025-05-23,0.213724,32.56221811985232,30.60848503266118,30.60848503266118,30.60848503266118,fixed_pct,4,-6.000000000000005,4.650446566060973,-8.038189097628589,stop_loss,32.562218,25.973559
both_highwin_highwin_exec,双入口高胜率执行,688500.SH,慧辰股份,box,2025-07-31,2025-08-01,2025-08-20,0.211941,75.21300766827606,70.7002272081795,70.7002272081795,70.7002272081795,fixed_pct,14,-6.000000000000005,20.786666666666665,-6.666666666666665,stop_loss,71.382158,45.458742
both_highwin_highwin_exec,双入口高胜率执行,688500.SH,慧辰股份,box,2025-09-15,2025-09-16,2025-09-18,0.214363,84.90044305595002,79.80641647259301,79.80641647259301,79.80641647259301,fixed_pct,3,-6.000000000000005,1.582801795416966,-8.138436097330516,stop_loss,84.017944,63.900971
both_highwin_highwin_exec,双入口高胜率执行,600276.SH,恒瑞医药,box,2025-05-20,2025-05-21,2025-06-18,0.214474,568.9812912975979,545.0505305550132,534.842413819742,534.842413819742,fixed_pct,20,-4.205895889478029,4.089904200442129,-5.1118814330826545,max_hold,570.763289,499.273745
both_highwin_highwin_exec,双入口高胜率执行,300992.SZ,泰福泵业,box,2025-05-20,2025-05-21,2025-05-30,0.213724,25.27912428408181,23.7623768270369,23.7623768270369,23.7623768270369,fixed_pct,8,-6.000000000000005,0.400160064025612,-7.082833133253297,stop_loss,25.349934,18.572418
both_highwin_highwin_exec,双入口高胜率执行,300239.SZ,东宝生物,box,2025-05-20,2025-05-21,2025-05-26,0.212375,30.712260795130263,28.869525147422443,28.869525147422443,28.869525147422443,fixed_pct,4,-6.000000000000016,2.4955436720142554,-6.238859180035661,stop_loss,30.876497,26.880071
both_highwin_highwin_exec,双入口高胜率执行,603988.SH,中电电机,trend,2025-05-21,2025-05-22,2025-05-26,0.213724,76.13527442721903,73.292617,73.292617,73.292617,signal_low,3,-3.7336930202260477,6.432748538011679,-4.993252361673417,stop_loss,76.546261,73.292617
both_highwin_highwin_exec,双入口高胜率执行,300536.SZ,农尚环境,box,2025-05-21,2025-05-23,2025-05-26,0.211941,34.07536849250026,30.421001598666738,32.030846382950244,32.030846382950244,fixed_pct,2,-10.724365004703685,0.4703668861711918,-14.769520225776112,gap_stop,33.722754,29.170823
both_highwin_highwin_exec,双入口高胜率执行,301190.SZ,善水科技,box,2025-05-21,2025-05-22,2025-06-19,0.211941,23.608957201545778,25.004358409459822,22.19241976945303,22.19241976945303,fixed_pct,20,5.910473707083863,38.11386353759234,-4.172099087353331,max_hold,23.875725,20.294879
both_highwin_highwin_exec,双入口高胜率执行,688331.SH,荣昌生物,box,2025-05-22,2025-05-23,2025-06-20,0.211941,56.42,62.82,53.0348,53.0348,fixed_pct,20,11.343495214462962,28.46508330379298,-4.094292803970223,max_hold,56.65,42.2
both_highwin_highwin_exec,双入口高胜率执行,002414.SZ,高德红外,box,2025-05-22,2025-05-23,2025-06-20,0.211763,125.50630188527573,124.93124437377388,117.97592377215918,117.97592377215918,fixed_pct,20,-0.45819014891180787,6.758304696449002,-4.810996563573877,max_hold,125.506302,105.523053
both_highwin_highwin_exec,双入口高胜率执行,600331.SH,宏达股份,box,2025-05-23,2025-05-26,2025-06-04,0.211763,7.4,6.9559999999999995,6.9559999999999995,6.9559999999999995,fixed_pct,7,-6.000000000000016,1.3513513513513375,-6.216216216216219,stop_loss,7.39,6.48
both_highwin_highwin_exec,双入口高胜率执行,603309.SH,维力医疗,box,2025-05-23,2025-05-26,2025-06-23,0.211763,36.16892812508658,37.51501947019009,33.998792437581386,33.998792437581386,fixed_pct,20,3.721678841153908,7.19601612259777,-1.4634146341463428,max_hold,36.110117,33.051931
both_highwin_highwin_exec,双入口高胜率执行,000967.SZ,盈峰环境,box,2025-05-26,2025-05-27,2025-06-10,0.211941,22.38503076329927,21.041928917501313,21.041928917501313,21.041928917501313,fixed_pct,10,-6.000000000000005,10.263522884882104,-7.350901525658804,stop_loss,22.136653,17.386432
both_highwin_highwin_exec,双入口高胜率执行,000967.SZ,盈峰环境,box,2025-08-21,2025-08-22,2025-08-28,0.211763,23.72519796226147,22.30168608452578,22.30168608452578,22.30168608452578,fixed_pct,5,-6.000000000000005,3.360215053763449,-7.258064516129037,stop_loss,23.565754,20.568216
both_highwin_highwin_exec,双入口高胜率执行,688669.SH,聚石化学,box,2025-05-26,2025-05-27,2025-05-30,0.211941,26.43432096899811,24.848261710858225,24.848261710858225,24.848261710858225,fixed_pct,4,-6.000000000000005,2.701325178389391,-6.676860346585123,stop_loss,26.569052,20.479189
both_highwin_highwin_exec,双入口高胜率执行,600882.SH,妙可蓝多,box,2025-05-26,2025-05-27,2025-06-24,0.21183,31.02708490045379,32.58115605308598,29.16545980642656,29.16545980642656,fixed_pct,20,5.008756567425565,17.197898423817847,-0.8756567425569184,max_hold,31.037953,27.223414
both_highwin_highwin_exec,双入口高胜率执行,000663.SZ,永安林业,box,2025-05-27,2025-05-28,2025-06-25,0.211763,6.3,6.65,5.922,5.922,fixed_pct,20,5.555555555555558,16.1904761904762,0.0,max_hold,6.37,5.37
both_highwin_highwin_exec,双入口高胜率执行,000663.SZ,永安林业,box,2025-06-16,2025-06-17,2025-06-23,0.211763,6.82,6.4108,6.4108,6.4108,fixed_pct,5,-6.000000000000005,7.331378299120228,-6.451612903225811,stop_loss,6.82,5.87
both_highwin_highwin_exec,双入口高胜率执行,002597.SZ,金禾实业,box,2025-05-27,2025-05-28,2025-06-19,0.211763,136.48857313307653,128.29925874509192,128.29925874509192,128.29925874509192,fixed_pct,16,-6.000000000000016,2.396166134185296,-6.11022364217253,stop_loss,136.706606,127.900472
both_highwin_highwin_exec,双入口高胜率执行,002515.SZ,金字火腿,box,2025-05-28,2025-05-29,2025-06-26,0.211763,62.85220871279588,63.30276218027112,59.08107619002812,59.08107619002812,fixed_pct,20,0.7168458781362075,10.752688172043001,-5.734767025089605,max_hold,62.73957,53.979073
both_highwin_highwin_exec,双入口高胜率执行,688566.SH,吉贝尔,box,2025-05-29,2025-05-30,2025-06-27,0.214276,28.659067294083837,29.74694613130846,26.939523256438804,26.939523256438804,fixed_pct,20,3.7959324567732766,17.203486169003423,-0.037893141341427405,max_hold,28.659067,25.520579
both_highwin_highwin_exec,双入口高胜率执行,001212.SZ,中旗新材,box,2025-05-29,2025-05-30,2025-06-04,0.211941,99.69548487912738,93.17335035432465,93.71375578637974,93.71375578637974,fixed_pct,3,-6.542056074766355,7.5327102803738555,-9.906542056074752,gap_stop,97.459324,71.743557
both_highwin_highwin_exec,双入口高胜率执行,002294.SZ,信立泰,box,2025-05-30,2025-06-03,2025-06-30,0.211941,533.6959145284256,565.0968150924023,501.67415965672006,501.67415965672006,fixed_pct,20,5.883668903803119,23.064876957494395,-1.9015659955257336,max_hold,542.531149,433.841294
both_highwin_highwin_exec,双入口高胜率执行,002294.SZ,信立泰,box,2025-11-13,2025-11-14,2025-11-24,0.211941,740.1299718482574,695.7221735373619,695.7221735373619,695.7221735373619,fixed_pct,7,-6.000000000000005,2.4358767543152027,-6.275205678335216,stop_loss,743.353638,630.405912
both_highwin_highwin_exec,双入口高胜率执行,002294.SZ,信立泰,box,2025-11-26,2025-11-27,2025-12-11,0.211941,741.6821076175794,697.1811811605246,697.1811811605246,697.1811811605246,fixed_pct,11,-6.000000000000005,1.802962009014819,-6.439150032195751,stop_loss,745.74154,650.941863
both_highwin_highwin_exec,双入口高胜率执行,603665.SH,康隆达,box,2025-05-30,2025-06-03,2025-06-11,0.211941,41.42637339985188,38.940790995860766,38.940790995860766,38.940790995860766,fixed_pct,7,-6.000000000000005,7.488479262672798,-7.18125960061442,stop_loss,41.617278,30.019803
both_highwin_highwin_exec,双入口高胜率执行,002107.SZ,沃华医药,box,2025-06-03,2025-06-04,2025-07-01,0.214276,23.728015504941858,24.341671078345527,22.304334574645345,22.304334574645345,fixed_pct,20,2.586206896551735,11.896551724137927,-5.862068965517231,max_hold,23.728016,20.005172
both_highwin_highwin_exec,双入口高胜率执行,000007.SZ,全新好,box,2025-06-03,2025-06-04,2025-06-19,0.212375,12.107542533081286,11.381089981096409,11.381089981096409,11.381089981096409,fixed_pct,12,-6.000000000000005,4.708798017348181,-7.311028500619576,stop_loss,12.107543,10.037108
both_highwin_highwin_exec,双入口高胜率执行,000007.SZ,全新好,box,2026-01-08,2026-01-09,2026-01-13,0.211941,18.58890359168242,17.473569376181473,17.473569376181473,17.473569376181473,fixed_pct,3,-6.000000000000016,3.9548022598870025,-6.133979015334945,stop_loss,18.243831,14.673081
both_highwin_highwin_exec,双入口高胜率执行,688222.SH,成都先导,box,2025-06-03,2025-06-04,2025-06-13,0.211941,17.555818204072775,16.502469111828407,16.502469111828407,16.502469111828407,fixed_pct,8,-6.000000000000005,2.822580645161299,-6.336405529953904,stop_loss,17.535593,15.128747
both_highwin_highwin_exec,双入口高胜率执行,300731.SZ,科创新源,trend,2025-06-04,2025-06-05,2025-06-10,0.213724,39.285290796201714,38.065333,38.065333,38.065333,signal_low,4,-3.105380592778162,4.435483870967705,-4.325513196480935,stop_loss,39.472501,38.065333
both_highwin_highwin_exec,双入口高胜率执行,300849.SZ,锦盛新材,box,2025-06-04,2025-06-05,2025-06-30,0.213724,24.82570723849794,20.945258230141956,23.336164804188062,23.336164804188062,fixed_pct,18,-15.630769230769225,18.092307692307696,-18.892307692307696,gap_stop,24.74932,20.318887
both_highwin_highwin_exec,双入口高胜率执行,002181.SZ,粤传媒,box,2025-06-04,2025-06-05,2025-07-02,0.212375,10.540344096488791,12.370387144960969,9.907923450699464,9.907923450699464,fixed_pct,20,17.36227045075125,48.24707846410685,-0.8347245409014881,max_hold,10.540344,9.466953
both_highwin_highwin_exec,双入口高胜率执行,601336.SH,新华保险,box,2025-06-05,2025-06-06,2025-07-03,0.214276,68.94905749197277,75.54418473033539,64.8121140424544,64.8121140424544,fixed_pct,20,9.565217391304358,13.820536540240536,-2.6641998149861013,max_hold,68.693927,62.507009
both_highwin_highwin_exec,双入口高胜率执行,603090.SH,宏盛股份,box,2025-06-05,2025-06-06,2025-06-13,0.21183,27.506261774193987,25.855886067742347,25.855886067742347,25.855886067742347,fixed_pct,6,-6.000000000000005,2.6295133437990614,-6.985871271585564,stop_loss,27.581828,24.073377
both_highwin_highwin_exec,双入口高胜率执行,002017.SZ,东信和平,box,2025-06-05,2025-06-06,2025-07-03,0.211763,31.162988984486553,48.60946391527798,29.29320964541736,29.29320964541736,fixed_pct,20,55.98460064108923,80.05455709926814,-0.6493506493506329,max_hold,31.452071,28.040908
both_highwin_highwin_exec,双入口高胜率执行,000159.SZ,国际实业,box,2025-06-06,2025-06-09,2025-07-04,0.211763,12.237912090806962,12.194205261911224,11.503637365358543,11.503637365358543,fixed_pct,20,-0.35714285714284477,24.107142857142883,-1.6071428571428514,max_hold,12.412739,11.473043
both_highwin_highwin_exec,双入口高胜率执行,000553.SZ,安道麦A,box,2025-06-06,2025-06-09,2025-07-04,0.211763,7.446187901382217,7.674981384385581,6.999416627299284,6.999416627299284,fixed_pct,20,3.0726256983240274,5.027932960893833,-4.748603351955305,max_hold,7.466987,6.603812
both_highwin_highwin_exec,双入口高胜率执行,000553.SZ,安道麦A,box,2025-07-01,2025-07-02,2025-07-16,0.211763,7.654181976839821,7.1949310582294315,7.1949310582294315,7.1949310582294315,fixed_pct,11,-6.000000000000005,4.619565217391308,-8.15217391304348,stop_loss,7.685381,7.092598
both_highwin_highwin_exec,双入口高胜率执行,000554.SZ,泰山石油,box,2025-06-06,2025-06-09,2025-07-04,0.211763,6.514774000037756,7.07950576797581,6.12388756003549,6.12388756003549,fixed_pct,20,8.668478260869561,34.843750000000014,-1.7187500000000133,max_hold,6.484236,6.250111
both_highwin_highwin_exec,双入口高胜率执行,688235.SH,百济神州-U,box,2025-06-09,2025-06-10,2025-06-27,0.214363,251.0,235.94,235.94,235.94,fixed_pct,14,-6.000000000000005,6.9601593625498115,-6.25099601593625,stop_loss,253.0,219.51
both_highwin_highwin_exec,双入口高胜率执行,003018.SZ,金富科技,box,2025-06-09,2025-06-10,2025-06-19,0.214276,12.940771593383161,12.16432529778017,12.16432529778017,12.16432529778017,fixed_pct,8,-6.000000000000005,0.5988023952095967,-7.52780153977759,stop_loss,12.962911,11.878056
both_highwin_highwin_exec,双入口高胜率执行,300476.SZ,胜宏科技,box,2025-06-10,2025-06-11,2025-07-08,0.211941,518.373224080585,775.7832332965343,487.2708306357499,487.2708306357499,fixed_pct,20,49.65727341964965,49.65727341964965,-1.180502665651173,max_hold,516.251171,371.35934
both_highwin_highwin_exec,双入口高胜率执行,301606.SZ,绿联科技,box,2025-06-10,2025-06-11,2025-06-16,0.211941,56.126583482008485,52.758988473087975,52.758988473087975,52.758988473087975,fixed_pct,4,-6.000000000000005,0.27347310847767314,-6.782133090246123,stop_loss,56.126583,41.236769
both_highwin_highwin_exec,双入口高胜率执行,301606.SZ,绿联科技,box,2025-10-28,2025-10-29,2025-11-10,0.214363,72.63199444946149,68.2740747824938,68.2740747824938,68.2740747824938,fixed_pct,9,-5.999999999999995,5.987602141448289,-9.016624401239802,stop_loss,71.578022,59.933163
both_highwin_highwin_exec,双入口高胜率执行,688129.SH,东来技术,box,2025-06-11,2025-06-12,2025-07-09,0.211941,27.19995724765783,28.067557511686857,25.56795981279836,25.56795981279836,fixed_pct,20,3.1897118665645374,16.53179190751444,-3.737957610789977,max_hold,27.231402,22.001044
both_highwin_highwin_exec,双入口高胜率执行,300986.SZ,志特新材,box,2025-06-11,2025-06-12,2025-06-17,0.21183,47.253925188235975,44.41868967694182,44.41868967694182,44.41868967694182,fixed_pct,4,-5.999999999999995,4.272959183673497,-10.012755102040815,stop_loss,47.223789,37.459585
both_highwin_highwin_exec,双入口高胜率执行,001268.SZ,联合精密,box,2025-06-11,2025-06-12,2025-07-09,0.211763,26.19504512122782,29.71362576100782,24.623342413954152,24.623342413954152,fixed_pct,20,13.43223736968724,15.196471531676025,-5.493183640737776,max_hold,26.037497,22.455897
both_highwin_highwin_exec,双入口高胜率执行,300959.SZ,线上线下,box,2025-06-12,2025-06-13,2025-07-17,0.214276,45.63430183542341,45.76990090373439,42.896243725298,42.896243725298,fixed_pct,20,0.2971428571428847,19.405714285714293,-3.839999999999988,max_hold,46.05153,39.685059
both_highwin_highwin_exec,双入口高胜率执行,605196.SH,华通线缆,box,2025-06-12,2025-06-13,2025-06-17,0.211941,18.72797358619513,17.60429517102342,17.60429517102342,17.60429517102342,fixed_pct,3,-6.000000000000016,0.0,-7.061379684953839,stop_loss,17.842947,14.190941
both_highwin_highwin_exec,双入口高胜率执行,605288.SH,凯迪股份,box,2025-06-12,2025-06-13,2025-06-16,0.211941,83.19921262222748,78.20725986489383,78.20725986489383,78.20725986489383,fixed_pct,2,-6.000000000000005,6.239015817223215,-6.52021089630932,stop_loss,83.784093,68.811159
both_highwin_highwin_exec,双入口高胜率执行,605288.SH,凯迪股份,box,2025-08-15,2025-08-18,2025-09-12,0.214363,85.19652557529614,147.46969064650082,80.08473404077836,80.08473404077836,fixed_pct,20,73.0935500605222,83.98754971468097,-2.455472937921499,max_hold,85.167061,75.075479
both_highwin_highwin_exec,双入口高胜率执行,000766.SZ,通化金马,box,2025-06-13,2025-06-16,2025-07-08,0.211941,25.5,23.97,23.97,23.97,fixed_pct,17,-6.000000000000005,10.901960784313736,-7.803921568627448,stop_loss,25.1,19.3
both_highwin_highwin_exec,双入口高胜率执行,300548.SZ,长芯博创,box,2025-06-13,2025-06-16,2025-07-11,0.211941,170.99812243998628,213.6635556127173,160.7382350935871,160.7382350935871,fixed_pct,20,24.950819672131153,31.065573770491817,-3.8360655737704863,max_hold,168.727492,127.015163
both_highwin_highwin_exec,双入口高胜率执行,002202.SZ,金风科技,box,2025-06-13,2025-06-16,2025-07-11,0.211763,28.668548873924262,29.226645624543686,26.948435941488803,26.948435941488803,fixed_pct,20,1.9467213114753967,10.143442622950815,-0.4098360655737654,max_hold,28.198573,26.436162
both_highwin_highwin_exec,双入口高胜率执行,002202.SZ,金风科技,box,2025-09-17,2025-09-18,2025-10-23,0.212375,39.162644426689994,45.416754943499804,36.812885761088594,36.812885761088594,fixed_pct,20,15.969581749049432,40.68441064638784,-1.7490494296577896,max_hold,39.400896,31.062082
both_highwin_highwin_exec,双入口高胜率执行,000893.SZ,亚钾国际,box,2025-06-16,2025-06-17,2025-07-14,0.214276,47.938115877930116,49.74421347486363,45.061828925254304,45.061828925254304,fixed_pct,20,3.7675606641123904,5.555555555555558,-5.970625798212003,max_hold,48.014645,42.565741
both_highwin_highwin_exec,双入口高胜率执行,000893.SZ,亚钾国际,box,2025-12-17,2025-12-18,2026-01-16,0.211763,73.23878814683768,79.72849476632759,68.84446085802742,68.84446085802742,fixed_pct,20,8.861024033437847,12.852664576802496,-5.32915360501568,max_hold,73.590824,62.601179
both_highwin_highwin_exec,双入口高胜率执行,002388.SZ,新亚制程,box,2025-06-17,2025-06-18,2025-06-20,0.214276,17.250932320759446,16.21587638151388,16.21587638151388,16.21587638151388,fixed_pct,3,-5.999999999999995,0.4474272930649059,-6.487695749440725,stop_loss,17.36671,14.163517
both_highwin_highwin_exec,双入口高胜率执行,003010.SZ,若羽臣,box,2025-06-17,2025-06-18,2025-06-19,0.211941,126.11325264403374,118.5464574853917,118.5464574853917,118.5464574853917,fixed_pct,2,-6.000000000000005,0.4761904761904745,-9.523809523809524,stop_loss,127.174205,83.806224
both_highwin_highwin_exec,双入口高胜率执行,002386.SZ,天原股份,box,2025-06-17,2025-06-18,2025-07-15,0.211763,11.671831339993124,12.31071052912959,10.971521459593536,10.971521459593536,fixed_pct,20,5.4736842105263195,9.684210526315784,-5.6842105263157805,max_hold,11.745548,11.00838
both_highwin_highwin_exec,双入口高胜率执行,688313.SH,仕佳光子,box,2025-06-18,2025-06-19,2025-07-29,0.211941,37.40587708751803,67.43140322407562,35.16152446226695,35.16152446226695,fixed_pct,20,80.26954177897574,80.45822102425875,-4.474393530997323,max_hold,37.889835,27.379638
both_highwin_highwin_exec,双入口高胜率执行,001389.SZ,广合科技,box,2025-06-18,2025-06-19,2025-06-23,0.211763,60.373810816841626,55.93590411760532,56.751382167831125,56.751382167831125,fixed_pct,3,-7.350714886459231,1.732548359966346,-8.86459209419681,gap_stop,59.541069,47.545499
both_highwin_highwin_exec,双入口高胜率执行,002628.SZ,成都路桥,box,2025-06-18,2025-06-19,2025-07-16,0.211763,17.326036295574696,18.39933057937136,16.286474117840214,16.286474117840214,fixed_pct,20,6.194690265486735,17.920353982300874,-4.424778761061932,max_hold,17.287704,15.754427
both_highwin_highwin_exec,双入口高胜率执行,002443.SZ,金洲管道,box,2025-06-19,2025-06-20,2025-07-17,0.211763,28.30558708680304,28.091150820993928,26.607251861594857,26.607251861594857,fixed_pct,20,-0.7575757575757569,3.7878787878787845,-5.757575757575761,max_hold,27.79094,25.148586
both_highwin_highwin_exec,双入口高胜率执行,002807.SZ,江阴银行,box,2025-06-19,2025-06-20,2025-07-17,0.211763,7.964359769814523,7.980646804108623,7.486498183625652,7.486498183625652,fixed_pct,20,0.2044989775051187,4.294478527607359,-4.089979550102241,max_hold,7.948073,7.101147
both_highwin_highwin_exec,双入口高胜率执行,601857.SH,中国石油,box,2025-06-19,2025-06-20,2025-07-17,0.211763,15.023151205431233,14.967207159111403,14.121762133105358,14.121762133105358,fixed_pct,20,-0.37238556381968824,1.3048470024459746,-5.869565217391292,max_hold,15.104799,13.308552
both_highwin_highwin_exec,双入口高胜率执行,002839.SZ,张家港行,box,2025-06-20,2025-06-23,2025-07-18,0.211763,7.1936775783625535,7.366075080240523,6.7620569236608,6.7620569236608,fixed_pct,20,2.3965141612200425,7.407407407407396,-2.8322440087146017,max_hold,7.225023,6.676485
both_highwin_highwin_exec,双入口高胜率执行,300400.SZ,劲拓股份,box,2025-06-20,2025-06-23,2025-07-18,0.211763,53.95439773488886,57.29109518293393,50.71713387079552,50.71713387079552,fixed_pct,20,6.18429189857761,11.255411255411229,-2.844774273345707,max_hold,54.021132,51.018104
both_highwin_highwin_exec,双入口高胜率执行,300787.SZ,海能实业,box,2025-06-20,2025-06-23,2025-07-18,0.211763,53.21275763870994,58.030727610848594,50.01999218038734,50.01999218038734,fixed_pct,20,9.054163298302353,20.452708164915133,-0.3233629749393674,max_hold,53.642934,50.390011
both_highwin_highwin_exec,双入口高胜率执行,301022.SZ,海泰科,box,2025-06-23,2025-06-24,2025-07-21,0.21183,40.84870149189765,44.21892239033454,38.39777940238379,38.39777940238379,fixed_pct,20,8.250497017892666,60.669317428760785,-1.060304837640813,max_hold,40.334371,36.02569
both_highwin_highwin_exec,双入口高胜率执行,603200.SH,上海洗霸,box,2025-06-23,2025-06-24,2025-07-21,0.21183,95.10326621542706,145.71363263335002,89.39707024250143,89.39707024250143,fixed_pct,20,53.216223198140035,55.98036683027641,-0.3874967708602517,max_hold,98.272556,84.550968
both_highwin_highwin_exec,双入口高胜率执行,001228.SZ,永泰运,box,2025-06-23,2025-06-24,2025-07-21,0.211763,26.694006039388352,26.46012785027384,25.09236567702505,25.09236567702505,fixed_pct,20,-0.8761449621664696,3.6240541616885613,-2.668259657506955,max_hold,27.140501,23.630575
both_highwin_highwin_exec,双入口高胜率执行,001228.SZ,永泰运,box,2025-11-11,2025-11-12,2025-12-09,0.211763,29.76631497821083,28.37745905628227,27.980336079518178,27.980336079518178,fixed_pct,20,-4.665864494631644,7.107142857142845,-5.7848944835246385,max_hold,30.042716,24.876135
both_highwin_highwin_exec,双入口高胜率执行,605319.SH,无锡振华,box,2025-06-24,2025-06-25,2025-07-02,0.214363,36.49715012757992,34.30732111992513,34.30732111992513,34.30732111992513,fixed_pct,6,-5.999999999999995,13.710144927536216,-6.08695652173914,stop_loss,36.68757,31.736652
both_highwin_highwin_exec,双入口高胜率执行,001223.SZ,欧克科技,box,2025-06-24,2025-06-25,2025-07-22,0.214276,58.86069987797685,61.85313146992459,55.32905788529823,55.32905788529823,fixed_pct,20,5.083921187059115,11.45706640720019,-1.4838238871320852,max_hold,58.8607,52.976062
both_highwin_highwin_exec,双入口高胜率执行,300373.SZ,扬杰科技,box,2025-06-24,2025-06-25,2025-07-22,0.214276,281.27380032322696,285.9179870030005,264.3973723038333,264.3973723038333,fixed_pct,20,1.6511266511266554,4.195804195804209,-4.428904428904412,max_hold,280.126413,256.850842
both_highwin_highwin_exec,双入口高胜率执行,300373.SZ,扬杰科技,box,2025-09-24,2025-09-25,2025-10-30,0.211941,393.12685503430265,394.721355565211,369.5392437322445,369.5392437322445,fixed_pct,20,0.4055944055944005,15.356643356643351,-5.258741258741262,max_hold,396.040942,323.126118
both_highwin_highwin_exec,双入口高胜率执行,300373.SZ,扬杰科技,box,2025-10-15,2025-10-16,2025-10-22,0.211941,439.862215422996,413.4704824976162,413.4704824976162,413.4704824976162,fixed_pct,5,-5.999999999999995,3.0999999999999917,-6.9374999999999964,stop_loss,445.30551,342.03069
both_highwin_highwin_exec,双入口高胜率执行,688143.SH,长盈通,box,2025-06-25,2025-06-26,2025-07-23,0.211941,47.98616426258463,53.52100677068001,45.10699440682955,45.10699440682955,fixed_pct,20,11.534246575342477,17.205479452054796,-2.4109589041095836,max_hold,48.104486,40.623903
both_highwin_highwin_exec,双入口高胜率执行,688199.SH,久日新材,box,2025-06-25,2025-06-26,2025-06-27,0.211941,37.077463808069126,34.3121029657173,34.852815979584975,34.852815979584975,fixed_pct,2,-7.458333333333345,4.125000000000001,-9.791666666666677,gap_stop,35.625263,27.607262
both_highwin_highwin_exec,双入口高胜率执行,300553.SZ,集智股份,box,2025-06-25,2025-06-26,2025-07-07,0.21183,69.34884440858619,65.18791374407101,65.18791374407101,65.18791374407101,fixed_pct,8,-6.000000000000005,8.583583583583575,-6.756756756756765,stop_loss,68.984399,59.903686
both_highwin_highwin_exec,双入口高胜率执行,300502.SZ,新易盛,box,2025-06-26,2025-06-27,2025-07-24,0.211941,1383.2103179477363,2064.0651376629435,1300.217698870872,1300.217698870872,fixed_pct,20,49.22279792746116,64.93955094991364,-1.6580310880829008,max_hold,1395.155139,1009.456856
both_highwin_highwin_exec,双入口高胜率执行,002701.SZ,奥瑞金,box,2025-06-26,2025-06-27,2025-07-17,0.211763,61.41072738119891,57.72608373832697,57.72608373832697,57.72608373832697,fixed_pct,15,-6.000000000000005,1.1666666666666714,-6.333333333333336,stop_loss,61.308376,54.986891
both_highwin_highwin_exec,双入口高胜率执行,002792.SZ,通宇通讯,box,2025-06-26,2025-06-27,2025-07-08,0.211763,47.50897024603845,44.65843203127614,44.65843203127614,44.65843203127614,fixed_pct,8,-6.000000000000005,1.4944769330734076,-8.966861598440545,stop_loss,47.07679,42.847596
both_highwin_highwin_exec,双入口高胜率执行,301007.SZ,德迈仕,box,2025-06-27,2025-06-30,2025-07-25,0.214363,27.91454987832576,36.26808308818295,26.239676885626213,26.239676885626213,fixed_pct,20,29.925373134328346,30.410447761194014,-1.2686567164179152,max_hold,27.935382,24.696044
both_highwin_highwin_exec,双入口高胜率执行,600496.SH,精工钢构,box,2025-06-27,2025-06-30,2025-07-25,0.214343,11.776150026822519,12.633274870546943,11.069581025213168,11.069581025213168,fixed_pct,20,7.278481012658222,12.0253164556962,-0.31645569620253333,max_hold,11.813416,10.807226
both_highwin_highwin_exec,双入口高胜率执行,000920.SZ,沃顿科技,box,2025-06-27,2025-06-30,2025-07-25,0.214276,11.743405669498358,12.339405581296207,11.038801329328455,11.038801329328455,fixed_pct,20,5.07518796992481,28.759398496240607,-2.819548872180444,max_hold,11.699258,10.705924
both_highwin_highwin_exec,双入口高胜率执行,000920.SZ,沃顿科技,box,2025-11-04,2025-11-05,2025-11-21,0.214276,15.048918559722937,14.14598344613956,14.14598344613956,14.14598344613956,fixed_pct,13,-6.000000000000005,6.0427413411938025,-10.316875460574803,stop_loss,15.370524,13.685924
both_highwin_highwin_exec,双入口高胜率执行,300512.SZ,中亚股份,box,2025-06-30,2025-07-01,2025-07-28,0.214276,29.223179869726305,30.6593450502197,27.469789077542725,27.469789077542725,fixed_pct,20,4.914472644303802,14.027311025434862,-2.796390601268639,max_hold,29.121357,25.964846
both_highwin_highwin_exec,双入口高胜率执行,300866.SZ,安克创新,box,2025-06-30,2025-07-01,2025-07-28,0.213554,159.35045383764628,179.65167064081453,149.7894266073875,149.7894266073875,fixed_pct,20,12.739980536140848,12.801910997080412,-0.8227904096257732,max_hold,160.154044,136.511585
both_highwin_highwin_exec,双入口高胜率执行,688700.SH,东威科技,box,2025-07-01,2025-07-02,2025-07-10,0.211941,79.28361213884713,74.52659541051631,74.52659541051631,74.52659541051631,fixed_pct,7,-5.999999999999995,15.428571428571436,-6.78260869565216,stop_loss,79.579079,65.541552
both_highwin_highwin_exec,双入口高胜率执行,603112.SH,华翔股份,box,2025-07-01,2025-07-02,2025-07-29,0.21183,19.28995341366306,18.50238199769407,18.132556208843276,18.132556208843276,fixed_pct,20,-4.0828062104657725,12.075905692926959,-5.577918343875776,max_hold,19.389786,17.522942
both_highwin_highwin_exec,双入口高胜率执行,603298.SH,杭叉集团,box,2025-07-02,2025-07-03,2025-07-30,0.214276,51.95855629987408,50.90937021580137,48.84104292188164,48.84104292188164,fixed_pct,20,-2.0192748967416185,5.323542909591561,-5.002294630564474,max_hold,52.125472,44.971931
both_highwin_highwin_exec,双入口高胜率执行,300019.SZ,硅宝科技,box,2025-07-02,2025-07-03,2025-07-30,0.211941,158.04487955278532,169.69940978388257,148.5621867796182,148.5621867796182,fixed_pct,20,7.374190333831576,27.354260089686065,-5.530642750373693,max_hold,164.108385,130.798478
both_highwin_highwin_exec,双入口高胜率执行,000757.SZ,浩物股份,box,2025-07-02,2025-07-03,2025-07-30,0.211763,4.62,4.85,4.3427999999999995,4.3427999999999995,fixed_pct,20,4.978354978354971,7.792207792207795,-2.5974025974025983,max_hold,4.64,4.22
both_highwin_highwin_exec,双入口高胜率执行,000757.SZ,浩物股份,box,2025-07-14,2025-07-15,2025-07-16,0.214276,4.93,4.6342,4.6342,4.6342,fixed_pct,2,-5.999999999999995,0.0,-8.722109533468558,stop_loss,4.95,4.22
both_highwin_highwin_exec,双入口高胜率执行,301130.SZ,西点药业,box,2025-07-03,2025-07-04,2025-07-31,0.214276,30.83603564822329,34.05755739651898,28.985873509329892,28.985873509329892,fixed_pct,20,10.447263017356478,17.323097463284356,0.0,max_hold,30.969837,27.923286
both_highwin_highwin_exec,双入口高胜率执行,300328.SZ,宜安科技,box,2025-07-03,2025-07-04,2025-07-07,0.211941,68.91531295747345,64.61159917180804,64.78039418002504,64.78039418002504,fixed_pct,2,-6.244931062449299,0.5677210056772131,-8.596918085969174,gap_stop,70.703869,55.780602
both_highwin_highwin_exec,双入口高胜率执行,688215.SH,瑞晟智能,box,2025-07-03,2025-07-04,2025-07-31,0.211941,54.58097765012519,81.09505938224443,51.30611899111768,51.30611899111768,fixed_pct,20,48.577513400510554,56.98701229842429,-1.5496368038740993,max_hold,54.462036,44.352
both_highwin_highwin_exec,双入口高胜率执行,600176.SH,中国巨石,box,2025-07-04,2025-07-07,2025-08-01,0.214343,85.23064320024666,87.35256792722376,80.11680460823186,80.11680460823186,fixed_pct,20,2.489626556016611,9.377593360995862,-0.7468879668049766,max_hold,85.513566,77.450253
both_highwin_highwin_exec,双入口高胜率执行,603590.SH,康辰药业,box,2025-07-04,2025-07-07,2025-08-01,0.21183,37.541954227106324,69.03366887442392,35.289436973479944,35.289436973479944,fixed_pct,20,83.8840579710145,97.04347826086959,-2.231884057971023,max_hold,37.541954,31.741994
both_highwin_highwin_exec,双入口高胜率执行,688192.SH,迪哲医药-U,box,2025-07-04,2025-07-07,2025-08-01,0.21183,65.3,76.45,61.38199999999999,61.38199999999999,fixed_pct,20,17.075038284839206,20.58192955589586,-4.379785604900455,max_hold,65.8,58.01
both_highwin_highwin_exec,双入口高胜率执行,000803.SZ,山高环能,box,2025-07-07,2025-07-08,2025-08-04,0.214276,12.828258233986665,13.102869266518487,12.058562739947464,12.058562739947464,fixed_pct,20,2.1406727828745975,13.455657492354733,-4.892966360856277,max_hold,12.926334,10.945211
both_highwin_highwin_exec,双入口高胜率执行,002958.SZ,青农商行,box,2025-07-07,2025-07-08,2025-07-29,0.212375,4.533335862275965,4.261335710539408,4.261335710539408,4.261335710539408,fixed_pct,16,-5.999999999999995,3.724778712408594,-6.407718951014363,stop_loss,4.533336,4.135058
both_highwin_highwin_exec,双入口高胜率执行,300960.SZ,通业科技,box,2025-07-07,2025-07-08,2025-07-15,0.211941,40.64626809824375,38.20749201234912,38.20749201234912,38.20749201234912,fixed_pct,6,-6.000000000000016,2.7360308285163892,-6.820809248554904,stop_loss,40.333002,29.775937
both_highwin_highwin_exec,双入口高胜率执行,300602.SZ,飞荣达,box,2025-07-08,2025-07-09,2025-08-05,0.214276,107.29873000613506,127.77303069388621,100.86080620576695,100.86080620576695,fixed_pct,20,19.081587160053502,22.87115470352208,-0.8470798038341498,max_hold,108.111962,86.250384
both_highwin_highwin_exec,双入口高胜率执行,600063.SH,皖维高新,box,2025-07-08,2025-07-09,2025-08-05,0.214276,17.779141013574883,19.202932593717428,16.712392552760388,16.712392552760388,fixed_pct,20,8.008213552361386,9.445585215605746,-4.517453798767967,max_hold,17.925171,16.136305
both_highwin_highwin_exec,双入口高胜率执行,002245.SZ,蔚蓝锂芯,box,2025-07-09,2025-07-10,2025-08-06,0.211763,95.74373841155308,111.52644073176533,89.99911410685989,89.99911410685989,fixed_pct,20,16.484318016046686,16.70313639679066,-2.844638949671774,max_hold,96.023078,79.961036
both_highwin_highwin_exec,双入口高胜率执行,002370.SZ,亚太药业,box,2025-07-09,2025-07-10,2025-08-06,0.211763,14.330447973932293,25.30771230864398,13.470621095496353,13.470621095496353,fixed_pct,20,76.6009852216749,100.49261083743848,-4.187192118226579,max_hold,14.365745,12.530318
both_highwin_highwin_exec,双入口高胜率执行,002718.SZ,友邦吊顶,box,2025-07-09,2025-07-10,2025-08-06,0.211763,43.57257813240984,48.44102261647798,40.95822344446525,40.95822344446525,fixed_pct,20,11.17318435754191,12.849162011173188,-1.8001241464928541,max_hold,43.788953,38.244336
both_highwin_highwin_exec,双入口高胜率执行,300977.SZ,深圳瑞捷,box,2025-07-10,2025-07-11,2025-08-07,0.214276,69.71180851408297,69.8887420382304,65.52910000323799,65.52910000323799,fixed_pct,20,0.2538071065989911,1.5228426395939243,-5.685279187817249,max_hold,70.313382,58.671157
both_highwin_highwin_exec,双入口高胜率执行,002857.SZ,三晖电气,box,2025-07-10,2025-07-11,2025-08-07,0.21183,34.949257963227225,44.44366996260511,32.85230248543359,32.85230248543359,fixed_pct,20,27.1662763466042,43.74707259953161,-1.2646370023419284,max_hold,34.540016,29.252611
both_highwin_highwin_exec,双入口高胜率执行,301509.SZ,金凯生科,box,2025-07-10,2025-07-11,2025-08-07,0.21183,55.76503715976654,55.32029413122198,52.41913493018055,52.41913493018055,fixed_pct,20,-0.797530228968335,10.547980447646,-2.9843066632364246,max_hold,56.138047,48.634802
both_highwin_highwin_exec,双入口高胜率执行,688051.SH,佳华科技,box,2025-07-11,2025-07-14,2025-08-08,0.214276,26.170497455419447,32.0064272015757,24.600267608094278,24.600267608094278,fixed_pct,20,22.299651567944245,36.97251258226868,-1.2775842044134622,max_hold,26.028652,23.242401
both_highwin_highwin_exec,双入口高胜率执行,002830.SZ,名雕股份,box,2025-07-11,2025-07-14,2025-07-15,0.212375,36.15417896735523,33.984928229313915,33.984928229313915,33.984928229313915,fixed_pct,2,-5.999999999999995,2.839506172839501,-9.753086419753087,stop_loss,36.176496,30.954226
both_highwin_highwin_exec,双入口高胜率执行,002773.SZ,康弘药业,box,2025-07-14,2025-07-15,2025-08-11,0.214363,66.77419102250158,89.79904639720107,62.76773956115149,62.76773956115149,fixed_pct,20,34.48166877370416,46.238938053097336,-1.390644753476622,max_hold,66.900817,56.580786
both_highwin_highwin_exec,双入口高胜率执行,688488.SH,艾迪药业,box,2025-07-14,2025-07-15,2025-08-11,0.214363,15.08623013962446,16.118709677419353,14.181056331246992,14.181056331246992,fixed_pct,20,6.843853820597978,19.534883720930218,-3.6544850498338888,max_hold,15.186471,12.790717
both_highwin_highwin_exec,双入口高胜率执行,688266.SH,泽璟制药-U,box,2025-07-15,2025-07-16,2025-07-24,0.214363,130.0,122.19999999999999,122.19999999999999,122.19999999999999,fixed_pct,7,-6.000000000000005,3.207692307692289,-6.015384615384612,stop_loss,129.7,102.47
both_highwin_highwin_exec,双入口高胜率执行,688117.SH,圣诺生物,box,2025-07-15,2025-07-16,2025-08-12,0.211941,77.09995629539716,80.62280025145317,72.47395891767333,72.47395891767333,fixed_pct,20,4.569190600522188,15.37859007832898,-3.2375979112271303,max_hold,77.24087,60.150044
both_highwin_highwin_exec,双入口高胜率执行,000586.SZ,汇源通信,box,2025-07-16,2025-07-17,2025-08-13,0.211763,11.2,12.52,10.527999999999999,10.527999999999999,fixed_pct,20,11.785714285714288,18.48214285714287,-0.17857142857142794,max_hold,11.25,10.12
both_highwin_highwin_exec,双入口高胜率执行,001238.SZ,浙江正特,box,2025-07-16,2025-07-17,2025-08-13,0.211763,40.311455788776236,45.51293395506994,37.89276844144966,37.89276844144966,fixed_pct,20,12.903225806451601,16.25406351587897,-3.4258564641160394,max_hold,40.210652,36.813563
both_highwin_highwin_exec,双入口高胜率执行,002248.SZ,华东数控,box,2025-07-16,2025-07-17,2025-08-13,0.211763,18.308961176578066,21.55895318256381,17.210423505983382,17.210423505983382,fixed_pct,20,17.750826901874305,33.296582138919504,-0.3307607497243792,max_hold,18.36952,16.108656
both_highwin_highwin_exec,双入口高胜率执行,688618.SH,三旺通信,box,2025-07-17,2025-07-18,2025-08-14,0.212375,59.81900413816968,60.16082701895922,56.229863889879496,56.229863889879496,fixed_pct,20,0.5714285714285561,7.161904761904769,-3.23809523809524,max_hold,59.819004,48.940164
both_highwin_highwin_exec,双入口高胜率执行,002317.SZ,众生药业,box,2025-07-17,2025-07-18,2025-07-25,0.211941,201.85770848497162,189.7462459758733,189.7462459758733,189.7462459758733,fixed_pct,6,-6.000000000000005,1.3590033975084737,-6.172140430351081,stop_loss,202.42922,165.852511
both_highwin_highwin_exec,双入口高胜率执行,002317.SZ,众生药业,box,2025-07-28,2025-07-29,2025-08-25,0.211941,206.65840143874783,264.7239257368031,194.25889735242296,194.25889735242296,fixed_pct,20,28.097345132743378,37.83185840707966,-1.4933628318584136,max_hold,205.05817,169.167276
both_highwin_highwin_exec,双入口高胜率执行,301080.SZ,百普赛斯,box,2025-07-17,2025-07-18,2025-08-14,0.211941,117.06560076240086,128.46474302563638,110.04166471665681,110.04166471665681,fixed_pct,20,9.737396971439537,12.114241901475943,-4.15947862756374,max_hold,117.08804,83.324071
both_highwin_highwin_exec,双入口高胜率执行,688359.SH,三孚新科,box,2025-07-18,2025-07-21,2025-08-15,0.211941,61.25109309623431,69.33688023012552,57.57602751046024,57.57602751046024,fixed_pct,20,13.20104952443424,15.74286651361103,-2.295834699901611,max_hold,60.718737,48.273656
both_highwin_highwin_exec,双入口高胜率执行,688359.SH,三孚新科,box,2025-11-27,2025-11-28,2025-12-01,0.211941,84.93592050209205,79.40142520920502,79.83976527196651,79.83976527196651,fixed_pct,2,-6.516083254493854,0.6504257332071939,-16.035950804162724,gap_stop,83.971653,69.306747
both_highwin_highwin_exec,双入口高胜率执行,688553.SH,汇宇制药-W,box,2025-07-18,2025-07-21,2025-08-15,0.211941,23.322456719552118,26.40721186460958,21.92310931637899,21.92310931637899,fixed_pct,20,13.226544622425607,14.32494279176202,-5.949656750572096,max_hold,23.856151,16.299035
both_highwin_highwin_exec,双入口高胜率执行,688621.SH,阳光诺和,box,2025-07-18,2025-07-21,2025-08-15,0.211941,77.29513380578112,109.1099816982159,72.65742577743426,72.65742577743426,fixed_pct,20,41.16022099447516,47.12707182320442,-2.8176795580110436,max_hold,78.43392,63.885923
both_highwin_highwin_exec,双入口高胜率执行,001267.SZ,汇绿生态,box,2025-07-21,2025-07-28,2025-07-29,0.211941,13.352292806870059,11.836402643726181,12.551155238457854,12.551155238457854,fixed_pct,2,-11.353032659409013,0.0,-11.74183514774495,gap_stop,13.497652,9.209552
both_highwin_highwin_exec,双入口高胜率执行,300643.SZ,万通智控,box,2025-07-21,2025-07-22,2025-08-18,0.211941,25.331065378613868,27.24766553336397,23.811201455897034,23.811201455897034,fixed_pct,20,7.566204287515754,12.652374947456924,-5.758722152164763,max_hold,25.224588,20.294666
both_highwin_highwin_exec,双入口高胜率执行,601696.SH,中银证券,box,2025-07-21,2025-07-22,2025-08-18,0.211941,14.248685414039716,17.759968605356647,13.393764289197332,13.393764289197332,fixed_pct,20,24.642857142857146,31.428571428571406,-2.928571428571436,max_hold,14.503126,10.391363
both_highwin_highwin_exec,双入口高胜率执行,002675.SZ,东诚药业,box,2025-07-22,2025-07-23,2025-08-19,0.214276,82.87978959503795,93.88106351703405,77.90700221933567,77.90700221933567,fixed_pct,20,13.273771537970646,19.208679004467143,-1.084875558391829,max_hold,83.62026,74.047036
both_highwin_highwin_exec,双入口高胜率执行,000751.SZ,锌业股份,box,2025-07-22,2025-07-23,2025-07-31,0.211763,3.5667708333333334,3.3527645833333333,3.3527645833333333,3.3527645833333333,fixed_pct,7,-6.000000000000005,2.5495750708215414,-7.365439093484416,stop_loss,3.556667,3.03125
both_highwin_highwin_exec,双入口高胜率执行,000783.SZ,长江证券,box,2025-07-23,2025-07-24,2025-08-20,0.211763,21.215015897477052,23.702293623388154,19.94211494362843,19.94211494362843,fixed_pct,20,11.724137931034484,13.655172413793103,-0.13793103448275223,max_hold,21.27354,19.986008
both_highwin_highwin_exec,双入口高胜率执行,002780.SZ,三夫户外,box,2025-07-23,2025-07-24,2025-08-20,0.211763,27.18972793636676,27.580947043364844,25.558344260184754,25.558344260184754,fixed_pct,20,1.4388489208633004,3.9568345323740983,-4.028776978417259,max_hold,26.309485,25.155389
both_highwin_highwin_exec,双入口高胜率执行,600857.SH,宁波中百,box,2025-07-24,2025-07-25,2025-08-21,0.214276,12.486646783225234,14.322918368993651,11.737447976231719,11.737447976231719,fixed_pct,20,14.705882352941169,18.403361344537817,-1.6806722689075682,max_hold,12.727985,10.367065
both_highwin_highwin_exec,双入口高胜率执行,000750.SZ,国海证券,box,2025-07-24,2025-07-25,2025-08-21,0.211763,22.99805028058365,23.729806425874948,21.61816726374863,21.61816726374863,fixed_pct,20,3.1818181818181746,5.681818181818188,-5.4545454545454675,max_hold,22.893514,21.064123
both_highwin_highwin_exec,双入口高胜率执行,000756.SZ,新华制药,box,2025-07-24,2025-07-25,2025-08-04,0.211763,25.913729927227216,24.35890613159358,24.35890613159358,24.35890613159358,fixed_pct,7,-6.000000000000005,2.6255707762557146,-6.96347031963469,stop_loss,25.943312,21.532879
both_highwin_highwin_exec,双入口高胜率执行,688293.SH,奥浦迈,box,2025-07-25,2025-07-28,2025-08-22,0.211941,79.84549522915448,80.17758318399545,75.05476551540521,75.05476551540521,fixed_pct,20,0.41591320072333904,13.037974683544306,-4.104882459312831,max_hold,80.423039,58.158708
both_highwin_highwin_exec,双入口高胜率执行,688507.SH,索辰科技,box,2025-07-25,2025-07-28,2025-08-22,0.211941,194.69410676691925,226.23672741630838,183.01246036090407,183.01246036090407,fixed_pct,20,16.20111731843574,34.07821229050278,-5.776536312849167,max_hold,195.803537,138.374214
both_highwin_highwin_exec,双入口高胜率执行,600415.SH,小商品城,box,2025-07-28,2025-07-29,2025-08-01,0.214363,212.12411360703055,199.39666679060872,199.39666679060872,199.39666679060872,fixed_pct,4,-5.999999999999995,1.317582916855975,-7.542026351658326,stop_loss,211.834985,175.886646
both_highwin_highwin_exec,双入口高胜率执行,603186.SH,华正新材,box,2025-07-28,2025-07-29,2025-08-25,0.214363,35.09187683184227,43.28704927625739,32.98636422193173,32.98636422193173,fixed_pct,20,23.353474320241663,35.55891238670692,-4.652567975830834,max_hold,35.558355,30.957184
both_highwin_highwin_exec,双入口高胜率执行,603186.SH,华正新材,box,2025-12-29,2025-12-30,2026-01-28,0.211941,52.945266736622436,74.50927805866691,49.76855073242509,49.76855073242509,fixed_pct,20,40.728874649579524,45.474569483380066,-2.7633159791750073,max_hold,53.7404,43.467279
both_highwin_highwin_exec,双入口高胜率执行,688510.SH,航亚科技,box,2025-07-29,2025-07-30,2025-08-01,0.214363,26.461745188359565,24.87404047705799,24.87404047705799,24.87404047705799,fixed_pct,3,-6.000000000000005,1.9813519813519864,-7.226107226107215,stop_loss,26.58511,22.760802
both_highwin_highwin_exec,双入口高胜率执行,605128.SH,上海沿浦,box,2025-07-29,2025-07-30,2025-08-01,0.212375,83.99057594200272,78.95114138548256,78.95114138548256,78.95114138548256,fixed_pct,3,-6.000000000000005,0.24590163934423703,-7.595628415300548,stop_loss,84.243007,68.615252
both_highwin_highwin_exec,双入口高胜率执行,002110.SZ,三钢闽光,box,2025-07-29,2025-07-30,2025-08-14,0.211941,11.6101620555131,10.913552332182315,10.913552332182315,10.913552332182315,fixed_pct,12,-5.999999999999995,6.557377049180335,-11.065573770491799,stop_loss,11.610162,8.445917
both_highwin_highwin_exec,双入口高胜率执行,300841.SZ,康华生物,box,2025-07-30,2025-07-31,2025-08-27,0.211941,176.94941358013318,184.31228012290183,166.33244876532518,166.33244876532518,fixed_pct,20,4.16100081588251,28.229534946967625,-1.0742453086755588,max_hold,176.251626,144.875227
both_highwin_highwin_exec,双入口高胜率执行,301237.SZ,和顺科技,box,2025-07-30,2025-07-31,2025-08-27,0.211941,41.787141494779405,39.88337505864667,39.27991300509264,39.27991300509264,fixed_pct,20,-4.555866632730976,8.170017816238229,-5.039450241791799,max_hold,41.755235,30.013569
both_highwin_highwin_exec,双入口高胜率执行,301237.SZ,和顺科技,box,2025-09-08,2025-09-09,2025-10-14,0.214363,45.73293673391485,47.38144956967224,42.988960529879954,42.988960529879954,fixed_pct,20,3.604651162790695,24.930232558139554,-3.5348837209302264,max_hold,45.456412,38.394396
both_highwin_highwin_exec,双入口高胜率执行,301237.SZ,和顺科技,box,2025-09-25,2025-09-26,2025-09-29,0.211941,55.63464931514154,52.29657035623304,52.29657035623304,52.29657035623304,fixed_pct,2,-6.000000000000005,2.255782833110298,-11.125979736188118,stop_loss,56.166428,38.947445
both_highwin_highwin_exec,双入口高胜率执行,301237.SZ,和顺科技,box,2025-11-20,2025-11-21,2025-11-24,0.211941,54.36901687994714,50.12542577370714,51.10687586715031,51.10687586715031,fixed_pct,2,-7.805164319248814,0.0,-9.428794992175272,gap_stop,54.475373,44.828914
both_highwin_highwin_exec,双入口高胜率执行,000715.SZ,中兴商业,box,2025-07-30,2025-07-31,2025-08-27,0.211763,13.643150218468028,13.466539859652906,12.824561205359945,12.824561205359945,fixed_pct,20,-1.2944983818770295,9.870550161812307,-4.3689320388349495,max_hold,13.665227,12.45103
both_highwin_highwin_exec,双入口高胜率执行,000715.SZ,中兴商业,box,2025-11-17,2025-11-18,2025-11-21,0.212375,13.819760577283148,12.990574942646159,12.990574942646159,12.990574942646159,fixed_pct,4,-6.000000000000005,1.9169329073482455,-6.070287539936103,stop_loss,13.819761,12.539335
both_highwin_highwin_exec,双入口高胜率执行,002380.SZ,科远智慧,box,2025-07-31,2025-08-01,2025-08-15,0.214276,90.62998802235,85.1586220787785,85.192188741009,85.192188741009,fixed_pct,11,-6.037037037037041,1.8518518518518379,-6.1111111111111,gap_stop,86.601989,78.579556
both_highwin_highwin_exec,双入口高胜率执行,300586.SZ,美联新材,box,2025-07-31,2025-08-01,2025-08-28,0.211941,80.00011885080441,86.0414632791243,75.20011171975614,75.20011171975614,fixed_pct,20,7.551669316375209,16.375198728139928,-3.2591414944356023,max_hold,79.682153,67.599464
both_highwin_highwin_exec,双入口高胜率执行,600343.SH,航天动力,box,2025-08-01,2025-08-04,2025-08-15,0.211941,35.51014360219151,33.37953498606002,33.37953498606002,33.37953498606002,fixed_pct,10,-5.999999999999995,8.89175257731958,-6.1211340206185465,stop_loss,36.08215,28.005423
both_highwin_highwin_exec,双入口高胜率执行,688091.SH,上海谊众,box,2025-08-01,2025-08-04,2025-08-08,0.211941,149.4930330895198,140.5234511041486,140.5234511041486,140.5234511041486,fixed_pct,5,-6.000000000000016,3.3947368421052504,-9.368421052631582,stop_loss,152.699265,115.75875
both_highwin_highwin_exec,双入口高胜率执行,688091.SH,上海谊众,box,2025-08-13,2025-08-14,2025-08-20,0.211941,152.65992497470566,143.5003294762233,143.5003294762233,143.5003294762233,fixed_pct,5,-6.000000000000016,7.718077567323789,-8.452519005282822,stop_loss,152.404213,115.75875
both_highwin_highwin_exec,双入口高胜率执行,688519.SH,南亚新材,box,2025-08-01,2025-08-04,2025-08-05,0.21183,51.916778871469724,48.80177213918154,48.80177213918154,48.80177213918154,fixed_pct,2,-6.000000000000005,0.3984857541343034,-7.25244072524408,stop_loss,52.351229,41.03484
both_highwin_highwin_exec,双入口高胜率执行,301202.SZ,朗威股份,box,2025-08-04,2025-08-05,2025-09-01,0.214276,47.88476453969187,50.14728092247343,45.011678667310356,45.011678667310356,fixed_pct,20,4.724919093851132,21.89859762675297,-1.7691477885652507,max_hold,47.616155,42.564235
both_highwin_highwin_exec,双入口高胜率执行,600114.SH,东睦股份,box,2025-08-04,2025-08-05,2025-09-01,0.214276,71.58450475033378,87.16143170246535,67.28943446531375,67.28943446531375,fixed_pct,20,21.760193782801785,25.23213564796123,-0.968914008881705,max_hold,71.266608,58.146154
both_highwin_highwin_exec,双入口高胜率执行,600855.SH,航天长峰,trend,2025-08-04,2025-08-05,2025-08-18,0.214276,15.091558770380148,16.746695665496773,14.382214,14.382214,signal_low,10,10.967302452316074,25.88555858310628,-0.6130790190735591,trend_exit_ma10,15.112119,14.382214
both_highwin_highwin_exec,双入口高胜率执行,688638.SH,誉辰智能,box,2025-08-05,2025-08-06,2025-08-14,0.214363,58.640904572564615,55.12245029821074,55.12245029821074,55.12245029821074,fixed_pct,7,-6.000000000000005,3.83233532934133,-6.97005988023951,stop_loss,58.472356,49.216223
both_highwin_highwin_exec,双入口高胜率执行,301502.SZ,华阳智能,box,2025-08-05,2025-08-06,2025-09-02,0.214276,45.51320836580202,56.39546762450165,42.7824158638539,42.7824158638539,fixed_pct,20,23.91011235955056,56.76404494382024,0.0,max_hold,45.891633,42.649456
both_highwin_highwin_exec,双入口高胜率执行,600689.SH,上海三毛,box,2025-08-05,2025-08-06,2025-09-02,0.214276,13.113129294904965,13.856709040363176,12.326341537210666,12.326341537210666,fixed_pct,20,5.670498084291187,8.812260536398453,-2.9885057471264354,max_hold,13.103081,11.887228
both_highwin_highwin_exec,双入口高胜率执行,300376.SZ,易事特,box,2025-08-06,2025-08-07,2025-09-03,0.218515,99.49210215842483,119.58185355579907,93.52257602891933,93.52257602891933,fixed_pct,20,20.192307692307686,32.21153846153846,-0.24038461538460343,max_hold,99.731266,93.513009
both_highwin_highwin_exec,双入口高胜率执行,603500.SH,祥和实业,box,2025-08-06,2025-08-07,2025-09-03,0.214276,30.086210245355232,32.66676309182869,28.281037630633918,28.281037630633918,fixed_pct,20,8.577194752774986,32.08879919273462,-1.0090817356205761,max_hold,29.995132,27.304897
both_highwin_highwin_exec,双入口高胜率执行,605567.SH,春雪食品,box,2025-08-07,2025-08-08,2025-08-15,0.214276,11.680927503672857,10.980071853452484,10.980071853452484,10.980071853452484,fixed_pct,6,-6.000000000000005,2.2907488986784186,-6.079295154185016,stop_loss,11.670636,10.435648
both_highwin_highwin_exec,双入口高胜率执行,300515.SZ,三德科技,box,2025-08-07,2025-08-08,2025-08-12,0.21183,59.675831137322874,56.0952812690835,56.0952812690835,56.0952812690835,fixed_pct,3,-6.000000000000005,0.92902266815309,-9.773318468970649,stop_loss,59.675831,49.474834
both_highwin_highwin_exec,双入口高胜率执行,000042.SZ,中洲控股,box,2025-08-07,2025-08-08,2025-09-04,0.211763,20.367015097500065,20.225904138394984,19.14499419165006,19.14499419165006,fixed_pct,20,-0.6928406466512715,8.891454965357969,-3.002309468822173,max_hold,20.367015,18.861832
both_highwin_highwin_exec,双入口高胜率执行,301187.SZ,欧圣电气,box,2025-08-08,2025-08-11,2025-08-27,0.214276,52.93725709648745,49.7610216706982,49.7610216706982,49.7610216706982,fixed_pct,13,-6.000000000000005,10.972644376899687,-7.38601823708207,stop_loss,50.909873,43.073872
both_highwin_highwin_exec,双入口高胜率执行,301367.SZ,瑞迈特,box,2025-08-08,2025-08-11,2025-08-28,0.214276,133.1282395283631,125.14054515666132,125.14054515666132,125.14054515666132,fixed_pct,14,-6.000000000000005,12.775377969762424,-6.771058315334777,stop_loss,132.567548,114.970468
both_highwin_highwin_exec,双入口高胜率执行,600487.SH,亨通光电,box,2025-08-08,2025-08-11,2025-09-05,0.214276,120.73814105484124,140.68618175085848,113.49385259155076,113.49385259155076,fixed_pct,20,16.521739130434774,27.594202898550748,0.0,max_hold,118.778334,107.089482
both_highwin_highwin_exec,双入口高胜率执行,300995.SZ,奇德新材,box,2025-08-11,2025-08-12,2025-09-08,0.214363,49.634210825754906,58.356540761661634,46.65615817620961,46.65615817620961,fixed_pct,20,17.573221757322187,39.87447698744771,-4.435146443514637,max_hold,50.672583,42.240998
both_highwin_highwin_exec,双入口高胜率执行,688329.SH,艾隆科技,box,2025-08-11,2025-08-12,2025-08-14,0.212375,24.053270160561848,22.610073950928136,22.610073950928136,22.610073950928136,fixed_pct,3,-6.000000000000005,4.144851657940651,-6.108202443280986,stop_loss,24.011292,19.740053
both_highwin_highwin_exec,双入口高胜率执行,688236.SH,春立医疗,box,2025-08-11,2025-08-12,2025-08-20,0.211941,25.505333715217713,23.97501369230465,23.97501369230465,23.97501369230465,fixed_pct,7,-6.000000000000005,7.376709490261102,-6.340654786572719,stop_loss,25.357354,19.193858
both_highwin_highwin_exec,双入口高胜率执行,605289.SH,罗曼股份,box,2025-08-12,2025-08-13,2025-09-09,0.211941,52.936273850582396,57.08281945966901,49.76009741954745,49.76009741954745,fixed_pct,20,7.8330893118594425,41.97169350902881,-5.3196681307955185,max_hold,51.334493,43.273918
both_highwin_highwin_exec,双入口高胜率执行,605289.SH,罗曼股份,box,2025-12-16,2025-12-17,2025-12-18,0.211941,101.20929858938825,93.96253196416211,95.13674067402495,95.13674067402495,fixed_pct,2,-7.160178685386088,0.0,-10.657306955966806,gap_stop,101.661414,78.629356
both_highwin_highwin_exec,双入口高胜率执行,000700.SZ,模塑科技,box,2025-08-12,2025-08-13,2025-09-09,0.211763,21.008934624811314,26.40902798002597,19.748398547322633,19.748398547322633,fixed_pct,20,25.70379436964505,29.00856793145654,-0.7343941248470154,max_hold,20.854646,18.951756
both_highwin_highwin_exec,双入口高胜率执行,000977.SZ,浪潮信息,box,2025-08-12,2025-08-13,2025-09-09,0.211763,277.563845430182,285.13064171204576,260.91001470437106,260.91001470437106,fixed_pct,20,2.7261462205700138,26.571074526464876,-0.6549831828642216,max_hold,276.384604,262.331983
both_highwin_highwin_exec,双入口高胜率执行,301327.SZ,华宝新能,box,2025-08-13,2025-08-14,2025-08-25,0.214276,117.78385459257301,110.71682331701862,110.71682331701862,110.71682331701862,fixed_pct,8,-6.000000000000005,3.9627787582223517,-6.016364511471206,stop_loss,117.16026,101.173553
both_highwin_highwin_exec,双入口高胜率执行,688183.SH,生益电子,box,2025-08-13,2025-08-14,2025-08-20,0.211941,59.76465635469056,56.17877697340912,56.17877697340912,56.17877697340912,fixed_pct,5,-6.000000000000005,7.524964336661899,-8.166904422253918,stop_loss,60.318822,50.162667
both_highwin_highwin_exec,双入口高胜率执行,002413.SZ,雷科防务,box,2025-08-14,2025-08-15,2025-08-27,0.211763,31.719516868776118,29.816345856649548,29.816345856649548,29.816345856649548,fixed_pct,9,-6.000000000000005,3.2863849765258246,-7.355242566510178,stop_loss,32.166271,27.500176
both_highwin_highwin_exec,双入口高胜率执行,300048.SZ,合康新能,box,2025-08-15,2025-08-18,2025-08-28,0.212375,56.31896200988952,52.93982428929614,52.93982428929614,52.93982428929614,fixed_pct,9,-6.000000000000005,4.874446085672068,-6.7946824224519915,stop_loss,55.903017,49.74703
both_highwin_highwin_exec,双入口高胜率执行,002225.SZ,濮耐股份,box,2025-08-15,2025-08-18,2025-08-19,0.211941,11.512601110716405,10.82184504407342,10.82184504407342,10.82184504407342,fixed_pct,2,-6.000000000000005,0.2617801047120505,-6.02094240837695,stop_loss,11.497532,8.694726
both_highwin_highwin_exec,双入口高胜率执行,002576.SZ,通达动力,box,2025-08-18,2025-08-19,2025-09-03,0.214276,26.649058889836507,25.050115356446316,25.050115356446316,25.050115356446316,fixed_pct,12,-6.000000000000005,12.682672233820469,-7.045929018789144,stop_loss,26.718602,22.90762
both_highwin_highwin_exec,双入口高胜率执行,003020.SZ,立方制药,box,2025-08-18,2025-08-19,2025-08-28,0.211941,75.08463175718475,70.57955385175366,70.57955385175366,70.57955385175366,fixed_pct,8,-6.000000000000016,21.257309941520464,-8.918128654970781,stop_loss,73.855176,51.63715
both_highwin_highwin_exec,双入口高胜率执行,603588.SH,高能环境,box,2025-08-19,2025-08-20,2025-09-03,0.212375,49.41894798675638,46.45381110755099,46.45381110755099,46.45381110755099,fixed_pct,11,-6.000000000000016,4.279600570613407,-6.134094151212555,stop_loss,49.136957,43.779125
both_highwin_highwin_exec,双入口高胜率执行,600416.SH,湘电股份,box,2025-08-19,2025-08-20,2025-09-03,0.211941,38.26985143371634,35.97366034769336,35.97366034769336,35.97366034769336,fixed_pct,11,-5.999999999999995,6.064281382656134,-9.94542146755608,stop_loss,38.269851,30.704071
both_highwin_highwin_exec,双入口高胜率执行,603266.SH,天龙股份,box,2025-08-19,2025-08-20,2025-08-28,0.211941,47.280447730668044,44.443620866827956,44.443620866827956,44.443620866827956,fixed_pct,7,-6.000000000000005,8.13226094727435,-7.015192135835568,stop_loss,50.195864,41.639751
both_highwin_highwin_exec,双入口高胜率执行,300665.SZ,飞鹿股份,box,2025-08-20,2025-08-21,2025-08-26,0.214363,27.04966112713125,25.426681459503374,25.426681459503374,25.426681459503374,fixed_pct,2,-6.000000000000005,8.347386172006743,-10.202360876897131,stop_loss,26.547897,20.617954
both_highwin_highwin_exec,双入口高胜率执行,601100.SH,恒立液压,box,2025-08-20,2025-08-21,2025-09-17,0.213066,298.2056857498337,346.2517146031904,280.3133446048437,280.3133446048437,fixed_pct,20,16.111707841031155,17.18582169709988,-2.9597804033894226,max_hold,298.917479,257.419946
both_highwin_highwin_exec,双入口高胜率执行,601100.SH,恒立液压,box,2026-01-12,2026-01-13,2026-01-15,0.214363,428.51531813834697,402.80439905004613,402.80439905004613,402.80439905004613,fixed_pct,3,-6.000000000000005,4.508709059088267,-7.592299358279853,stop_loss,419.98001,370.732354
both_highwin_highwin_exec,双入口高胜率执行,000670.SZ,盈方微,box,2025-08-20,2025-08-21,2025-09-17,0.211763,8.28,8.91,7.783199999999999,7.783199999999999,fixed_pct,20,7.608695652173925,25.0,-2.53623188405796,max_hold,8.35,7.32
both_highwin_highwin_exec,双入口高胜率执行,300094.SZ,国联水产,box,2025-08-21,2025-08-22,2025-08-28,0.214276,10.490576316621297,9.237603501287138,9.861141737624019,9.861141737624019,fixed_pct,5,-11.943793911007017,0.0,-15.690866510538637,gap_stop,10.515144,9.606125
both_highwin_highwin_exec,双入口高胜率执行,000960.SZ,锡业股份,box,2025-08-21,2025-08-22,2025-09-18,0.211763,26.48106653079153,27.85759134788363,24.892202538944037,24.892202538944037,fixed_pct,20,5.1981471950591995,19.763252702007208,-0.4117344312918103,max_hold,26.767275,24.136886
both_highwin_highwin_exec,双入口高胜率执行,300700.SZ,岱勒新材,box,2025-08-22,2025-08-25,2025-09-19,0.211941,43.243683346057125,41.34615451562967,40.64906234529369,40.64906234529369,fixed_pct,20,-4.387990762124727,14.934565050038472,-5.619707467282531,max_hold,43.310263,34.521709
both_highwin_highwin_exec,双入口高胜率执行,688062.SH,迈威生物-U,box,2025-08-22,2025-08-25,2025-09-19,0.211941,39.93,51.53,37.5342,37.5342,fixed_pct,20,29.050838968194338,59.25369396443778,-2.3290758827948954,max_hold,39.22,31.88
both_highwin_highwin_exec,双入口高胜率执行,688066.SH,航天宏图,box,2025-08-22,2025-08-25,2025-09-19,0.211941,38.153134030062304,46.20612025338173,35.863945988258564,35.863945988258564,fixed_pct,20,21.107011070110705,54.61254612546125,0.0,max_hold,37.519595,27.706778
both_highwin_highwin_exec,双入口高胜率执行,603717.SH,天域生物,box,2025-08-25,2025-08-26,2025-08-27,0.214276,12.831874538745389,12.061962066420664,12.061962066420664,12.061962066420664,fixed_pct,2,-6.000000000000016,0.8820286659316556,-8.489525909592055,stop_loss,12.930908,10.49752
both_highwin_highwin_exec,双入口高胜率执行,600301.SH,华锡有色,box,2025-08-25,2025-08-26,2025-09-22,0.212375,29.38,31.09,27.617199999999997,27.617199999999997,fixed_pct,20,5.820285908781497,18.65214431586113,-1.6678012253233399,max_hold,29.07,21.75
both_highwin_highwin_exec,双入口高胜率执行,002463.SZ,沪电股份,box,2025-08-25,2025-08-26,2025-09-22,0.211941,187.10156517258733,259.3827066271401,175.87547126223208,175.87547126223208,fixed_pct,20,38.63203463203464,40.60606060606062,-1.2813852813852833,max_hold,187.749536,162.316683
both_highwin_highwin_exec,双入口高胜率执行,301178.SZ,天亿马,box,2025-08-26,2025-08-27,2025-08-28,0.214363,80.80527264062968,75.9569562821919,75.9569562821919,75.9569562821919,fixed_pct,2,-6.000000000000005,0.21123041718007496,-8.81886991726809,stop_loss,80.975958,70.763287
both_highwin_highwin_exec,双入口高胜率执行,603225.SH,新凤鸣,box,2025-08-26,2025-08-27,2025-09-23,0.212375,32.82674922072565,32.139727654301055,30.857144267482113,30.857144267482113,fixed_pct,20,-2.092871157619336,9.090909090909104,-4.512753433616734,max_hold,32.826749,25.870656
both_highwin_highwin_exec,双入口高胜率执行,603225.SH,新凤鸣,box,2025-12-25,2025-12-26,2026-01-26,0.211941,41.43598822498399,45.68693416723623,38.949828931484944,38.949828931484944,fixed_pct,20,10.259067357512963,16.528497409326427,-5.699481865284984,max_hold,41.414519,33.213199
both_highwin_highwin_exec,双入口高胜率执行,002430.SZ,杭氧股份,box,2025-08-27,2025-08-28,2025-09-04,0.211763,59.864981079306204,56.27308221454783,56.27308221454783,56.27308221454783,fixed_pct,6,-6.000000000000005,4.8661800486617945,-7.9480940794809385,stop_loss,59.62222,53.06766
both_highwin_highwin_exec,双入口高胜率执行,300892.SZ,品渥食品,box,2025-08-27,2025-08-28,2025-09-01,0.209287,39.86111833817345,36.14602556715957,37.469451237883035,37.469451237883035,fixed_pct,3,-9.32009167303286,6.646294881588988,-9.32009167303286,gap_stop,41.079182,33.060265
both_highwin_highwin_exec,双入口高胜率执行,688059.SH,华锐精密,box,2025-08-28,2025-08-29,2025-09-25,0.211941,143.91793976173156,160.11129643708034,135.28286337602765,135.28286337602765,fixed_pct,20,11.251798561151084,24.97841726618706,-5.928057553956833,max_hold,144.249262,111.572642
both_highwin_highwin_exec,双入口高胜率执行,688059.SH,华锐精密,box,2025-10-27,2025-10-28,2025-11-20,0.214363,171.2727021250765,160.9963399975719,160.9963399975719,160.9963399975719,fixed_pct,18,-6.000000000000005,14.097448917905965,-6.504654818038924,stop_loss,171.831808,144.953321
both_highwin_highwin_exec,双入口高胜率执行,688398.SH,赛特新材,box,2025-08-28,2025-08-29,2025-09-01,0.211941,52.593271417496375,49.43767513244659,49.43767513244659,49.43767513244659,fixed_pct,2,-5.999999999999995,0.5492184199408445,-7.055344317701739,stop_loss,52.882123,40.505929
both_highwin_highwin_exec,双入口高胜率执行,688498.SH,源杰科技,box,2025-08-28,2025-08-29,2025-09-25,0.211941,443.672741372609,536.4479576507205,417.05237689025245,417.05237689025245,fixed_pct,20,20.910731633205337,33.88272583201266,-8.082408874801905,max_hold,443.799304,298.828709
both_highwin_highwin_exec,双入口高胜率执行,301283.SZ,聚胶股份,box,2025-08-29,2025-09-01,2025-09-03,0.211941,48.32975798306282,45.429972504079046,45.429972504079046,45.429972504079046,fixed_pct,3,-6.000000000000005,3.9363113666519345,-7.3418841220698745,stop_loss,48.821392,41.340005
both_highwin_highwin_exec,双入口高胜率执行,301316.SZ,慧博云通,box,2025-08-29,2025-09-01,2025-09-04,0.211941,66.05739589317844,62.09395213958773,62.09395213958773,62.09395213958773,fixed_pct,4,-6.000000000000005,3.4556574923547467,-13.073394495412838,stop_loss,64.643323,45.169522
both_highwin_highwin_exec,双入口高胜率执行,688301.SH,奕瑞科技,box,2025-08-29,2025-09-01,2025-09-02,0.211941,341.131971749108,320.6640534441615,320.6640534441615,320.6640534441615,fixed_pct,2,-6.000000000000016,0.5917159763313862,-6.558879906658877,stop_loss,343.150504,237.53293
both_highwin_highwin_exec,双入口高胜率执行,688301.SH,奕瑞科技,box,2025-10-09,2025-10-10,2025-10-13,0.214363,353.95391684943706,316.9948733229898,332.71668183847083,332.71668183847083,fixed_pct,2,-10.4417670682731,1.2048192771084265,-10.4417670682731,gap_stop,353.129446,307.044362
both_highwin_highwin_exec,双入口高胜率执行,688380.SH,中微半导,box,2025-09-01,2025-09-02,2025-09-03,0.212375,36.17436570324877,33.92906024580574,34.00390376105384,34.00390376105384,fixed_pct,2,-6.206896551724128,0.028735632183907178,-9.109195402298853,gap_stop,36.361474,29.136996
both_highwin_highwin_exec,双入口高胜率执行,300951.SZ,博硕科技,box,2025-09-01,2025-09-02,2025-09-03,0.211941,100.32011600661914,92.15262575253291,94.30090904622199,94.30090904622199,fixed_pct,2,-8.141428239125382,0.02326122354034954,-10.653640381484086,gap_stop,100.693487,77.824514
both_highwin_highwin_exec,双入口高胜率执行,300518.SZ,新迅达,box,2025-09-02,2025-09-03,2025-09-08,0.21183,29.90176433885484,28.107658478523547,28.107658478523547,28.107658478523547,fixed_pct,4,-6.000000000000005,14.758438120450034,-6.353408338848443,stop_loss,29.565345,25.429363
both_highwin_highwin_exec,双入口高胜率执行,000009.SZ,中国宝安,box,2025-09-02,2025-09-03,2025-09-30,0.211763,22.96152488342414,29.016288037268236,21.58383339041869,21.58383339041869,fixed_pct,20,26.369168356997985,29.716024340770787,-2.6369168356998096,max_hold,22.961525,20.707309
both_highwin_highwin_exec,双入口高胜率执行,002632.SZ,道明光学,box,2025-09-02,2025-09-03,2025-09-30,0.211763,68.83415330000604,73.65359782596231,64.70410410200567,64.70410410200567,fixed_pct,20,7.001530918745025,15.557719512431433,-4.996802511481901,max_hold,68.767324,60.747811
both_highwin_highwin_exec,双入口高胜率执行,002020.SZ,京新药业,box,2025-09-03,2025-09-04,2025-09-05,0.211941,127.22370363279049,119.59028141482305,119.59028141482305,119.59028141482305,fixed_pct,2,-6.000000000000005,4.745925215723901,-6.040268456375831,stop_loss,124.723142,108.499985
both_highwin_highwin_exec,双入口高胜率执行,603444.SH,吉比特,box,2025-09-03,2025-09-04,2025-09-05,0.211941,622.9594035438661,585.581839331234,585.581839331234,585.581839331234,fixed_pct,2,-6.000000000000005,1.3771186440677985,-7.023305084745757,stop_loss,620.953263,497.311659
both_highwin_highwin_exec,双入口高胜率执行,600603.SH,广汇物流,box,2025-09-03,2025-09-04,2025-09-19,0.211763,21.930290333018736,20.61447291303761,20.61447291303761,20.61447291303761,fixed_pct,12,-6.000000000000005,5.708013172338111,-6.037321624588343,stop_loss,21.93029,19.811887
both_highwin_highwin_exec,双入口高胜率执行,600467.SH,好当家,box,2025-09-04,2025-09-05,2025-09-23,0.212375,5.417793163237788,5.092725573443521,5.092725573443521,5.092725573443521,fixed_pct,13,-6.000000000000005,7.968127490039834,-6.374501992031856,stop_loss,5.374623,5.050851
both_highwin_highwin_exec,双入口高胜率执行,000882.SZ,华联股份,box,2025-09-04,2025-09-05,2025-09-08,0.211214,3.6640600516246074,3.444216448527131,3.444216448527131,3.444216448527131,fixed_pct,2,-5.999999999999995,0.0,-9.130434782608688,stop_loss,3.695921,3.042763
both_highwin_highwin_exec,双入口高胜率执行,600706.SH,曲江文旅,box,2025-09-04,2025-09-05,2025-09-17,0.211214,13.842452321272887,13.011905181996513,13.011905181996513,13.011905181996513,fixed_pct,9,-6.000000000000005,1.3089005235601858,-6.457242582897038,stop_loss,13.975321,12.103087
both_highwin_highwin_exec,双入口高胜率执行,000688.SZ,国城矿业,box,2025-09-05,2025-09-08,2025-09-23,0.213554,15.43124908247715,14.50537413752852,14.50537413752852,14.50537413752852,fixed_pct,12,-6.000000000000005,4.2049934296977565,-6.964520367936933,stop_loss,15.238612,13.961124
both_highwin_highwin_exec,双入口高胜率执行,000688.SZ,国城矿业,box,2025-12-23,2025-12-24,2025-12-25,0.214363,28.18585574854565,26.360872282812476,26.49470440363291,26.49470440363291,fixed_pct,2,-6.474820143884896,0.3597122302158029,-8.884892086330954,gap_stop,28.266966,21.595638
both_highwin_highwin_exec,双入口高胜率执行,002445.SZ,中南文化,box,2025-09-05,2025-09-08,2025-10-13,0.212375,19.39904617864549,18.23510340792676,18.23510340792676,18.23510340792676,fixed_pct,20,-6.000000000000005,15.241635687732336,-7.80669144981413,stop_loss,19.399046,16.802891
both_highwin_highwin_exec,双入口高胜率执行,002167.SZ,东方锆业,box,2025-09-05,2025-09-08,2025-09-22,0.211941,91.49703896103897,86.00721662337662,86.00721662337662,86.00721662337662,fixed_pct,11,-6.000000000000005,7.16633793556869,-7.4950690335305765,stop_loss,89.692364,74.653403
both_highwin_highwin_exec,双入口高胜率执行,600691.SH,潞化科技,box,2025-09-08,2025-09-09,2025-10-14,0.214276,8.073529411764707,8.880882352941176,7.589117647058823,7.589117647058823,fixed_pct,20,9.999999999999986,27.037037037037038,-1.85185185185186,max_hold,8.103431,6.997059
both_highwin_highwin_exec,双入口高胜率执行,000537.SZ,绿发电力,box,2025-09-08,2025-09-09,2025-09-18,0.212375,11.325002900469913,10.645502726441718,10.645502726441718,10.645502726441718,fixed_pct,8,-6.000000000000005,0.21208907741252503,-6.574761399787898,stop_loss,11.264955,10.460316
both_highwin_highwin_exec,双入口高胜率执行,301529.SZ,福赛科技,box,2025-09-09,2025-09-10,2025-09-11,0.211941,99.56991639162578,90.0191871171248,93.59572140812823,93.59572140812823,fixed_pct,2,-9.591982820329292,0.9101135085386902,-10.727068207383184,gap_stop,99.743011,69.767161
both_highwin_highwin_exec,双入口高胜率执行,600497.SH,驰宏锌锗,box,2025-09-09,2025-09-10,2025-10-15,0.211763,21.575283617269864,24.355785094862554,20.280766600233672,20.280766600233672,fixed_pct,20,12.887438825448605,20.0652528548124,-5.872756933115831,max_hold,21.786461,19.815473
both_highwin_highwin_exec,双入口高胜率执行,601168.SH,西部矿业,box,2025-09-09,2025-09-10,2025-10-15,0.211763,26.70043316531472,32.5512374900316,25.098407175395835,25.098407175395835,fixed_pct,20,21.91276931161321,32.15974776668418,-2.4697845507094196,max_hold,26.967017,24.708073
both_highwin_highwin_exec,双入口高胜率执行,688360.SH,德马科技,box,2025-09-10,2025-09-11,2025-10-13,0.214363,68.9301076266732,64.61473534248232,64.79430116907281,64.79430116907281,fixed_pct,17,-6.260504201680672,15.546218487394947,-8.067226890756308,gap_stop,69.596239,60.617948
both_highwin_highwin_exec,双入口高胜率执行,301257.SZ,普蕊斯,box,2025-09-10,2025-09-11,2025-09-29,0.211941,63.29650658655238,59.498716191359236,59.498716191359236,59.498716191359236,fixed_pct,13,-6.000000000000005,14.661105318039613,-6.903023983315948,stop_loss,67.388669,46.360236
both_highwin_highwin_exec,双入口高胜率执行,000926.SZ,福星股份,box,2025-09-10,2025-09-11,2025-09-15,0.21183,5.656428088500801,5.317042403190753,5.317042403190753,5.317042403190753,fixed_pct,3,-6.000000000000016,5.438066465256797,-6.042296072507558,stop_loss,5.673517,4.52856
both_highwin_highwin_exec,双入口高胜率执行,002913.SZ,奥士康,box,2025-09-11,2025-09-12,2025-09-29,0.214363,97.7559429282489,91.89058635255395,91.89058635255395,91.89058635255395,fixed_pct,12,-6.000000000000016,2.596198423736684,-6.9772832637923,stop_loss,98.79831,82.279052
both_highwin_highwin_exec,双入口高胜率执行,002913.SZ,奥士康,box,2025-09-23,2025-09-24,2025-09-29,0.211941,97.03081771413115,91.20896865128327,91.20896865128327,91.20896865128327,fixed_pct,4,-6.000000000000005,1.8215787015413598,-6.282111163007931,stop_loss,98.75299,82.279052
both_highwin_highwin_exec,双入口高胜率执行,600509.SH,天富能源,box,2025-09-11,2025-09-12,2025-10-17,0.212375,9.445773785064445,10.456940169366382,8.879027357960577,8.879027357960577,fixed_pct,20,10.704960835509137,28.590078328981704,0.0,max_hold,9.322461,8.064668
both_highwin_highwin_exec,双入口高胜率执行,603216.SH,梦天家居,box,2025-09-11,2025-09-12,2025-10-17,0.211941,18.09034500712375,17.68517384170996,17.004924306696324,17.004924306696324,fixed_pct,20,-2.2397094430992803,20.33898305084747,-3.389830508474556,max_hold,18.243653,15.155592
both_highwin_highwin_exec,双入口高胜率执行,000630.SZ,铜陵有色,box,2025-09-12,2025-09-15,2025-09-18,0.214363,28.2111007190779,26.518434675933225,26.518434675933225,26.518434675933225,fixed_pct,4,-6.000000000000005,1.7021276595744705,-8.085106382978713,stop_loss,28.451195,24.489636
both_highwin_highwin_exec,双入口高胜率执行,603829.SH,洛凯股份,box,2025-09-12,2025-09-15,2025-10-17,0.214363,21.818630952762152,20.50951309559642,20.50951309559642,20.50951309559642,fixed_pct,19,-6.000000000000005,21.907090464547686,-7.872860635696821,stop_loss,21.97867,18.041714
both_highwin_highwin_exec,双入口高胜率执行,603829.SH,洛凯股份,box,2025-12-02,2025-12-03,2025-12-24,0.211941,28.188177494962158,26.496886845264427,26.496886845264427,26.496886845264427,fixed_pct,16,-6.000000000000005,28.690386071158215,-6.434519303557929,stop_loss,28.796325,19.567418
both_highwin_highwin_exec,双入口高胜率执行,000545.SZ,金浦钛业,box,2025-09-12,2025-09-15,2025-09-18,0.211941,9.016673487064084,8.475673077840238,8.475673077840238,8.475673077840238,fixed_pct,4,-6.000000000000016,6.145251396648055,-6.145251396648044,stop_loss,8.890742,7.555872
both_highwin_highwin_exec,双入口高胜率执行,603456.SH,九洲药业,box,2025-09-15,2025-09-16,2025-09-23,0.214363,83.43718831928709,78.43095702012985,78.43095702012985,78.43095702012985,fixed_pct,6,-6.000000000000016,4.415454089312587,-11.289513296537868,stop_loss,83.772109,70.924545
both_highwin_highwin_exec,双入口高胜率执行,002072.SZ,凯瑞德,box,2025-09-15,2025-09-16,2025-09-17,0.211941,8.56,8.0464,8.0464,8.0464,fixed_pct,2,-6.000000000000005,1.5186915887850372,-6.074766355140204,stop_loss,8.55,6.84
both_highwin_highwin_exec,双入口高胜率执行,600751.SH,海航科技,box,2025-09-16,2025-09-17,2025-09-29,0.214363,8.68905109489051,8.16770802919708,8.16770802919708,8.16770802919708,fixed_pct,9,-6.000000000000005,4.791666666666683,-11.041666666666671,stop_loss,8.689051,7.295182
both_highwin_highwin_exec,双入口高胜率执行,600751.SH,海航科技,box,2025-10-10,2025-10-13,2025-10-30,0.211941,8.526131386861314,8.014563503649635,8.014563503649635,8.014563503649635,fixed_pct,14,-6.000000000000005,4.670912951167705,-9.766454352441622,stop_loss,8.92438,7.349489
both_highwin_highwin_exec,双入口高胜率执行,600157.SH,永泰能源,box,2025-09-16,2025-09-17,2025-10-22,0.214276,13.228076496814921,14.16082548056469,12.434391907006026,12.434391907006026,fixed_pct,20,7.051282051282026,18.58974358974359,-2.564102564102566,max_hold,13.228076,11.956146
both_highwin_highwin_exec,双入口高胜率执行,000897.SZ,津滨发展,box,2025-09-16,2025-09-17,2025-09-22,0.212375,2.6127087707203964,2.4559462444771727,2.4559462444771727,2.4559462444771727,fixed_pct,4,-5.999999999999995,2.0000000000000018,-7.599999999999996,stop_loss,2.612709,2.340987
both_highwin_highwin_exec,双入口高胜率执行,000897.SZ,津滨发展,box,2025-11-13,2025-11-14,2025-11-19,0.212375,2.7172171215492127,2.55418409425626,2.55418409425626,2.55418409425626,fixed_pct,4,-6.000000000000005,0.7692307692307665,-6.923076923076932,stop_loss,2.696315,2.351438
both_highwin_highwin_exec,双入口高胜率执行,002139.SZ,拓邦股份,box,2025-09-17,2025-09-18,2025-10-13,0.213066,96.66687103477311,89.01129231046046,90.86685877268671,90.86685877268671,fixed_pct,12,-7.919547454431186,6.536769327467007,-9.553739786297921,gap_stop,95.755493,84.515159
both_highwin_highwin_exec,双入口高胜率执行,300938.SZ,信测标准,box,2025-09-17,2025-09-18,2025-09-22,0.212375,95.52924237655346,89.79748783396025,89.79748783396025,89.79748783396025,fixed_pct,3,-6.000000000000005,3.4166054371785437,-11.939750183688469,stop_loss,95.739814,83.561766
both_highwin_highwin_exec,双入口高胜率执行,301319.SZ,唯特偶,box,2025-09-18,2025-09-19,2025-10-24,0.211941,79.6148284900285,91.98392089827384,74.83793878062679,74.83793878062679,fixed_pct,20,15.53616661975794,40.58542077117928,-2.8708133971291905,max_hold,80.264654,60.05284
both_highwin_highwin_exec,双入口高胜率执行,301319.SZ,唯特偶,box,2025-12-08,2025-12-09,2026-01-07,0.211941,105.3837710072063,118.98529110105582,99.06074474677392,99.06074474677392,fixed_pct,20,12.906655326387417,19.26429938337233,-2.8492451626621396,max_hold,106.078412,82.281354
both_highwin_highwin_exec,双入口高胜率执行,300041.SZ,回天新材,box,2025-09-18,2025-09-19,2025-09-23,0.211763,93.06474715898607,87.4808623294469,87.4808623294469,87.4808623294469,fixed_pct,3,-6.000000000000005,0.7915567282322122,-6.068601583113454,stop_loss,93.719556,82.50595
both_highwin_highwin_exec,双入口高胜率执行,600676.SH,交运股份,box,2025-09-18,2025-09-19,2025-09-23,0.211763,7.312531863636972,6.873779951818753,6.873779951818753,6.873779951818753,fixed_pct,3,-6.000000000000005,0.3289473684210398,-8.059210526315796,stop_loss,7.372668,6.711172
both_highwin_highwin_exec,双入口高胜率执行,603969.SH,银龙股份,box,2025-09-19,2025-09-22,2025-10-17,0.21183,49.66669074588692,46.6866893011337,46.6866893011337,46.6866893011337,fixed_pct,14,-6.000000000000016,7.6775431861804355,-6.525911708253362,stop_loss,49.809685,41.659009
both_highwin_highwin_exec,双入口高胜率执行,002270.SZ,华明装备,box,2025-09-19,2025-09-22,2025-10-27,0.211763,51.09964002483961,64.66408347621548,48.03366162334923,48.03366162334923,fixed_pct,20,26.545086119554217,29.685916919959475,-4.50861195542045,max_hold,51.125526,46.567288
both_highwin_highwin_exec,双入口高胜率执行,000572.SZ,海马汽车,box,2025-09-22,2025-09-23,2025-10-28,0.211941,5.675098039215688,6.038627450980393,5.334592156862747,5.334592156862747,fixed_pct,20,6.4056939501779375,37.90035587188609,-5.516014234875466,max_hold,5.776078,4.503725
both_highwin_highwin_exec,双入口高胜率执行,002008.SZ,大族激光,box,2025-09-22,2025-09-23,2025-09-24,0.211941,82.49322578475719,76.84179520220049,77.54363223767174,77.54363223767174,fixed_pct,2,-6.850781417255414,1.948190965532004,-11.753371868978801,gap_stop,79.084707,56.796877
both_highwin_highwin_exec,双入口高胜率执行,300903.SZ,科翔股份,box,2025-09-22,2025-09-23,2025-09-26,0.211941,24.257796310388688,22.802328531765365,22.802328531765365,22.802328531765365,fixed_pct,4,-6.000000000000005,0.5970149253731405,-6.567164179104479,stop_loss,24.167282,18.645918
both_highwin_highwin_exec,双入口高胜率执行,300755.SZ,华致酒行,box,2025-09-23,2025-09-24,2025-09-25,0.211941,47.320914295911464,44.481659438156775,44.481659438156775,44.481659438156775,fixed_pct,2,-6.000000000000005,1.7123287671233056,-9.032534246575342,stop_loss,47.786831,34.254994
both_highwin_highwin_exec,双入口高胜率执行,002611.SZ,东方精工,box,2025-09-24,2025-09-25,2025-09-26,0.214363,135.46897481524823,127.34083632633333,127.34083632633333,127.34083632633333,fixed_pct,2,-6.000000000000005,0.0,-6.839378238341986,stop_loss,135.398784,114.622195
both_highwin_highwin_exec,双入口高胜率执行,000962.SZ,东方钽业,box,2025-09-24,2025-09-25,2025-10-30,0.211941,27.614793525176253,36.8085941909544,25.957905913665677,25.957905913665677,fixed_pct,20,33.293027005239814,44.29665457476821,-3.0229746070132957,max_hold,27.714968,22.416846
both_highwin_highwin_exec,双入口高胜率执行,300909.SZ,汇创达,box,2025-09-25,2025-09-26,2025-09-29,0.214363,56.59917437374711,53.20322391132228,53.20322391132228,53.20322391132228,fixed_pct,2,-6.000000000000005,0.24529844644318732,-8.967020986644869,stop_loss,55.534758,47.281676
both_highwin_highwin_exec,双入口高胜率执行,300909.SZ,汇创达,box,2025-10-31,2025-11-03,2025-11-28,0.21183,57.07739034692404,67.8295365825473,53.6527469261086,53.6527469261086,fixed_pct,20,18.837837837837856,23.459459459459463,-2.9189189189189113,max_hold,57.493901,49.364229
both_highwin_highwin_exec,双入口高胜率执行,300559.SZ,佳发教育,box,2025-09-25,2025-09-26,2025-10-10,0.211941,95.45990925227176,89.73231469713545,89.73231469713545,89.73231469713545,fixed_pct,5,-6.000000000000005,2.586206896551735,-6.219211822660087,stop_loss,99.51578,80.470823
both_highwin_highwin_exec,双入口高胜率执行,000581.SZ,威孚高科,box,2025-09-26,2025-09-29,2025-10-13,0.214276,60.28283144876455,56.55532161504563,56.66586156183867,56.66586156183867,fixed_pct,5,-6.183368869936034,1.7484008528784623,-8.528784648187637,gap_stop,60.565608,54.190281
both_highwin_highwin_exec,双入口高胜率执行,002738.SZ,中矿资源,box,2025-09-26,2025-09-29,2025-11-03,0.21183,143.47471245584563,183.67951521291704,134.8662297084949,134.8662297084949,fixed_pct,20,28.022222222222215,33.266666666666666,-0.7777777777777883,max_hold,142.071849,123.962152
both_highwin_highwin_exec,双入口高胜率执行,002738.SZ,中矿资源,box,2025-10-30,2025-10-31,2025-11-27,0.211941,178.83325825885294,203.19207610691205,168.10326276332174,168.10326276332174,fixed_pct,20,13.620966304154036,33.71367445177393,-5.865573185951156,max_hold,181.415803,134.706813
both_highwin_highwin_exec,双入口高胜率执行,002738.SZ,中矿资源,box,2025-12-26,2025-12-29,2026-01-27,0.211941,255.76758740462083,299.638966146675,240.42153216034356,240.42153216034356,fixed_pct,20,17.152829718274766,25.729244577412103,-5.83395661929692,max_hold,255.767587,191.618449
both_highwin_highwin_exec,双入口高胜率执行,300464.SZ,星徽股份,box,2025-09-26,2025-09-29,2025-11-03,0.21183,15.494549822263023,18.827531803735038,14.564876832927242,14.564876832927242,fixed_pct,20,21.510673234811172,43.51395730706076,-1.8062397372742067,max_hold,15.469107,13.128387
both_highwin_highwin_exec,双入口高胜率执行,600362.SH,江西铜业,box,2025-09-29,2025-09-30,2025-11-04,0.211941,43.91075796845349,51.362280532797115,41.27611249034628,41.27611249034628,fixed_pct,20,16.96969696969699,36.81818181818184,-0.6666666666666488,max_hold,42.926092,36.951568
both_highwin_highwin_exec,双入口高胜率执行,688525.SH,佰维存储,box,2025-09-29,2025-09-30,2025-10-13,0.211941,99.66,93.0,93.68039999999999,93.68039999999999,fixed_pct,4,-6.682721252257673,13.967489464178207,-7.184427051976716,gap_stop,95.39,62.28
both_highwin_highwin_exec,双入口高胜率执行,000029.SZ,深深房Ａ,box,2025-09-29,2025-09-30,2025-10-10,0.21183,33.96876336488182,31.562286111387362,31.930637562988913,31.930637562988913,fixed_pct,3,-7.084382871536521,7.052896725440783,-8.12342569269523,gap_stop,34.011545,28.449909
both_highwin_highwin_exec,双入口高胜率执行,000408.SZ,藏格矿业,box,2025-09-30,2025-10-09,2025-10-17,0.217132,73.6210035199882,69.2037433087889,69.2037433087889,69.2037433087889,fixed_pct,7,-6.000000000000005,4.52729693741678,-9.520639147802946,stop_loss,71.476583,63.263071
both_highwin_highwin_exec,双入口高胜率执行,002241.SZ,歌尔股份,box,2025-09-30,2025-10-09,2025-10-13,0.214363,442.5151048283196,385.8580628657713,415.9641985386204,415.9641985386204,fixed_pct,3,-12.803414243798361,8.50893571619098,-12.83008802347293,gap_stop,442.63314,357.647577
both_highwin_highwin_exec,双入口高胜率执行,603823.SH,百合花,box,2025-09-30,2025-10-09,2025-10-23,0.214363,32.542539796262496,30.589987408486746,30.589987408486746,30.589987408486746,fixed_pct,11,-6.000000000000005,8.46493998736577,-8.085912823752361,stop_loss,32.54254,26.334171
both_highwin_highwin_exec,双入口高胜率执行,603823.SH,百合花,box,2025-10-13,2025-10-14,2025-10-17,0.211941,34.84498102000311,32.75428215880292,32.75428215880292,32.75428215880292,fixed_pct,4,-6.000000000000005,1.0619469026548867,-10.560471976401175,stop_loss,34.598291,26.334171
both_highwin_highwin_exec,双入口高胜率执行,600392.SH,盛和资源,box,2025-10-09,2025-10-10,2025-10-17,0.214363,85.5239376941746,80.39250143252413,80.39250143252413,80.39250143252413,fixed_pct,6,-6.000000000000005,9.040444091990473,-6.819984139571778,stop_loss,85.523938,73.146365
both_highwin_highwin_exec,双入口高胜率执行,600201.SH,生物股份,box,2025-10-09,2025-10-10,2025-11-06,0.214276,41.141061587038045,43.762588635749616,38.67259789181576,38.67259789181576,fixed_pct,20,6.372045220966083,15.930113052415207,-1.1305241521068932,max_hold,41.141062,33.783873
both_highwin_highwin_exec,双入口高胜率执行,002811.SZ,郑中设计,box,2025-10-10,2025-10-13,2025-11-07,0.214276,23.08529245033181,24.429693840950137,21.7001749033119,21.7001749033119,fixed_pct,20,5.823627287853594,19.384359400998342,-0.9983361064891838,max_hold,23.81511,21.222336
both_highwin_highwin_exec,双入口高胜率执行,002811.SZ,郑中设计,box,2026-01-08,2026-01-09,2026-01-29,0.214276,30.959643452524862,29.10206484537337,29.10206484537337,29.10206484537337,fixed_pct,15,-6.000000000000005,6.079404466501237,-7.568238213399514,stop_loss,30.844409,24.122402
both_highwin_highwin_exec,双入口高胜率执行,002043.SZ,兔宝宝,box,2025-10-10,2025-10-13,2025-11-07,0.212375,48.710042146351455,58.88561861652479,45.787439617570364,45.787439617570364,fixed_pct,20,20.890099909173475,22.8882833787466,-0.4541326067211582,max_hold,49.904566,45.170711
both_highwin_highwin_exec,双入口高胜率执行,002043.SZ,兔宝宝,box,2025-11-20,2025-11-21,2025-12-10,0.211763,60.96497554738629,57.30707701454311,57.30707701454311,57.30707701454311,fixed_pct,14,-5.999999999999995,3.7010159651668983,-6.3134978229317795,stop_loss,61.495875,51.320299
both_highwin_highwin_exec,双入口高胜率执行,300409.SZ,道氏技术,box,2025-10-13,2025-10-14,2025-10-15,0.211941,163.36176000754,153.5600544070876,153.5600544070876,153.5600544070876,fixed_pct,2,-6.000000000000005,0.6181818181818288,-9.12727272727274,stop_loss,164.074611,139.065411
both_highwin_highwin_exec,双入口高胜率执行,301598.SZ,博科测试,box,2025-10-14,2025-10-15,2025-11-11,0.212375,70.05272919239032,69.52640491590066,65.84956544084689,65.84956544084689,fixed_pct,20,-0.7513258691808855,8.70654095462584,-2.9169121979964574,max_hold,70.17657,65.016244
both_highwin_highwin_exec,双入口高胜率执行,301181.SZ,标榜股份,box,2025-10-14,2025-10-15,2025-11-18,0.211941,49.89201990625819,48.83534862032142,46.898498711882695,46.898498711882695,fixed_pct,20,-2.1179164281625473,54.43617630223241,-2.6617057813394407,max_hold,49.89202,41.924147
both_highwin_highwin_exec,双入口高胜率执行,603909.SH,建发合诚,box,2025-10-15,2025-10-16,2025-11-12,0.214105,29.682151611837554,31.27796621462452,27.901222515127298,27.901222515127298,fixed_pct,20,5.376344086021501,20.430107526881724,-2.8673835125447966,max_hold,29.761942,25.931987
both_highwin_highwin_exec,双入口高胜率执行,300740.SZ,水羊股份,box,2025-10-15,2025-10-16,2025-10-17,0.211941,64.31001481048021,60.4514139218514,60.4514139218514,60.4514139218514,fixed_pct,2,-6.000000000000005,4.613516794819916,-7.284500202347221,stop_loss,65.142844,54.081834
both_highwin_highwin_exec,双入口高胜率执行,688388.SH,嘉元科技,box,2025-10-16,2025-10-17,2025-11-11,0.211941,56.779579105610686,53.37280435927404,53.37280435927404,53.37280435927404,fixed_pct,18,-6.000000000000005,11.654713114754124,-9.887295081967206,stop_loss,57.11409,46.075232
both_highwin_highwin_exec,双入口高胜率执行,600438.SH,通威股份,box,2025-10-16,2025-10-17,2025-10-20,0.21183,65.49869208350741,61.56877055849696,61.56877055849696,61.56877055849696,fixed_pct,2,-6.000000000000005,1.7741935483870819,-7.86290322580645,stop_loss,65.604335,53.64026
both_highwin_highwin_exec,双入口高胜率执行,001229.SZ,魅视科技,box,2025-10-16,2025-10-17,2025-11-13,0.211763,37.36290707156958,40.308181277661774,35.1211326472754,35.1211326472754,fixed_pct,20,7.88288288288288,12.10585585585584,-4.279279279279303,max_hold,37.383945,31.872074
both_highwin_highwin_exec,双入口高胜率执行,600578.SH,京能电力,box,2025-10-17,2025-10-20,2025-11-14,0.211716,18.181414087483862,18.612438990419903,17.09052924223483,17.09052924223483,fixed_pct,20,2.37068965517242,11.206896551724155,-3.2327586206896464,max_hold,18.103046,15.947921
both_highwin_highwin_exec,双入口高胜率执行,600897.SH,厦门空港,box,2025-10-17,2025-10-20,2025-11-14,0.211716,29.857352595523423,34.625823089573224,28.065911439792018,28.065911439792018,fixed_pct,20,15.970841616964893,24.254473161033797,-1.5241882041086896,max_hold,30.332221,28.076596
both_highwin_highwin_exec,双入口高胜率执行,603053.SH,成都燃气,box,2025-10-17,2025-10-20,2025-10-29,0.211716,13.371257879825253,12.568982407035737,12.568982407035737,12.568982407035737,fixed_pct,8,-6.000000000000005,3.083700440528636,-6.696035242290743,stop_loss,13.430162,12.00468
both_highwin_highwin_exec,双入口高胜率执行,300573.SZ,兴齐眼药,box,2025-10-20,2025-10-21,2025-11-17,0.214363,222.78913879324386,214.94948887317122,209.42179046564922,209.42179046564922,fixed_pct,20,-3.518865400053506,14.597270537864615,-4.749799304254743,max_hold,221.656414,189.582409
both_highwin_highwin_exec,双入口高胜率执行,600508.SH,上海能源,box,2025-10-20,2025-10-21,2025-11-17,0.212375,17.796033385519202,18.658456541894367,16.728271382388048,16.728271382388048,fixed_pct,20,4.846153846153878,13.846153846153864,-2.6153846153846083,max_hold,17.86448,16.303904
both_highwin_highwin_exec,双入口高胜率执行,301201.SZ,诚达药业,box,2025-10-20,2025-10-21,2025-10-23,0.211941,58.63761594199036,55.11935898547094,55.11935898547094,55.11935898547094,fixed_pct,3,-6.000000000000005,1.6930022573363512,-8.577878103837477,stop_loss,58.637616,45.268769
both_highwin_highwin_exec,双入口高胜率执行,603808.SH,歌力思,box,2025-10-21,2025-10-22,2025-11-18,0.212375,20.187376642081723,21.772528618596223,18.97613404355682,18.97613404355682,fixed_pct,20,7.852193995381063,9.69976905311778,-1.2702078521939941,max_hold,20.187377,17.529916
both_highwin_highwin_exec,双入口高胜率执行,002028.SZ,思源电气,box,2025-10-21,2025-10-22,2025-10-23,0.211941,240.39657441821134,225.97277995311865,225.97277995311865,225.97277995311865,fixed_pct,2,-6.000000000000005,0.0,-6.037581699346406,stop_loss,241.280385,182.202534
both_highwin_highwin_exec,双入口高胜率执行,002028.SZ,思源电气,box,2025-11-04,2025-11-05,2025-12-02,0.211941,271.03535351072844,284.8228041023612,254.77323230008471,254.77323230008471,fixed_pct,20,5.086956521739161,11.876811594202884,-4.869565217391303,max_hold,280.639432,197.030918
both_highwin_highwin_exec,双入口高胜率执行,300901.SZ,中胤时尚,box,2025-10-22,2025-10-23,2025-11-05,0.214363,19.36198169860099,18.200262796684928,18.200262796684928,18.200262796684928,fixed_pct,10,-6.000000000000005,3.86266094420602,-7.886266094420591,stop_loss,19.13346,14.407226
both_highwin_highwin_exec,双入口高胜率执行,300255.SZ,常山药业,box,2025-10-22,2025-10-23,2025-11-19,0.21183,412.9941568399055,457.99332835056464,388.2145074295111,388.2145074295111,fixed_pct,20,10.895837329752545,37.55994628812582,-3.318626510646472,max_hold,415.29165,340.741966
both_highwin_highwin_exec,双入口高胜率执行,300255.SZ,常山药业,box,2025-12-01,2025-12-02,2025-12-08,0.214363,537.4548935357603,505.2075999236147,505.2075999236147,505.2075999236147,fixed_pct,5,-6.000000000000005,0.9728773584905648,-8.60849056603773,stop_loss,536.345759,402.457379
both_highwin_highwin_exec,双入口高胜率执行,301377.SZ,鼎泰高科,box,2025-10-23,2025-10-24,2025-11-20,0.214363,95.70879422715932,113.87401716953845,89.96626657352975,89.96626657352975,fixed_pct,20,18.979680069174233,48.83268482490271,-3.8045827929096387,max_hold,97.457042,66.723057
both_highwin_highwin_exec,双入口高胜率执行,301377.SZ,鼎泰高科,box,2025-12-17,2025-12-18,2025-12-19,0.21183,126.10677912702293,118.54037237940155,118.54037237940155,118.54037237940155,fixed_pct,2,-6.000000000000005,1.7542414758688896,-8.021742711250202,stop_loss,132.919993,102.125511
both_highwin_highwin_exec,双入口高胜率执行,002192.SZ,融捷股份,box,2025-10-23,2025-10-24,2025-11-20,0.211941,65.42437540257254,101.32271471920869,61.49891287841818,61.49891287841818,fixed_pct,20,54.86997635933808,62.8368794326241,0.0,max_hold,64.991306,51.999232
both_highwin_highwin_exec,双入口高胜率执行,300585.SZ,奥联电子,box,2025-10-23,2025-10-24,2025-11-20,0.211941,39.34095530582246,40.73428080623701,36.980497987473115,36.980497987473115,fixed_pct,20,3.541666666666665,22.916666666666675,-0.9895833333333104,max_hold,39.545856,31.923546
both_highwin_highwin_exec,双入口高胜率执行,002184.SZ,海得控制,box,2025-10-24,2025-10-27,2025-10-30,0.211941,26.950091272751436,25.33308579638635,25.33308579638635,25.33308579638635,fixed_pct,4,-6.000000000000005,4.350453172205437,-8.157099697885196,stop_loss,27.340908,22.374275
both_highwin_highwin_exec,双入口高胜率执行,688125.SH,安达智能,box,2025-10-24,2025-10-27,2025-11-21,0.211941,65.20449360330808,71.20579890628771,61.292223987109594,61.292223987109594,fixed_pct,20,9.203821656050959,14.649681528662416,-4.697452229299371,max_hold,65.609426,50.232379
both_highwin_highwin_exec,双入口高胜率执行,688125.SH,安达智能,box,2025-11-25,2025-11-26,2025-12-04,0.211941,76.33494219291735,71.7548456613423,71.7548456613423,71.7548456613423,fixed_pct,7,-6.000000000000016,9.08596300326443,-6.841675734494023,stop_loss,76.729492,62.141544
both_highwin_highwin_exec,双入口高胜率执行,688256.SH,寒武纪,box,2025-10-24,2025-10-27,2025-10-28,0.21183,1560.0,1466.3999999999999,1466.3999999999999,1466.3999999999999,fixed_pct,2,-6.000000000000005,0.0006410256410349646,-6.602564102564101,stop_loss,1525.0,1190.0
both_highwin_highwin_exec,双入口高胜率执行,688611.SH,杭州柯林,box,2025-10-27,2025-10-28,2025-11-24,0.214363,123.51948341480427,131.97383320769688,116.108314409916,116.108314409916,fixed_pct,20,6.844547563805081,25.522041763341075,-3.7122969837587005,max_hold,124.064001,105.120526
both_highwin_highwin_exec,双入口高胜率执行,688699.SH,明微电子,box,2025-10-27,2025-10-28,2025-11-24,0.213724,63.56529279212506,62.18411333448367,59.75137522459755,59.75137522459755,fixed_pct,20,-2.1728515625,19.23828125000002,-4.760742187500011,max_hold,63.068689,52.764159
both_highwin_highwin_exec,双入口高胜率执行,002859.SZ,洁美科技,box,2025-10-28,2025-10-29,2025-11-03,0.214363,141.940730979288,133.4242871205307,133.4242871205307,133.4242871205307,fixed_pct,4,-6.000000000000016,2.080192945432602,-6.361169731685267,stop_loss,141.769563,125.637017
both_highwin_highwin_exec,双入口高胜率执行,002023.SZ,海特高新,box,2025-10-28,2025-10-29,2025-11-18,0.212375,37.919580147416454,35.64440533857147,35.64440533857147,35.64440533857147,fixed_pct,15,-6.000000000000005,2.9503105590062084,-6.36645962732919,stop_loss,37.949021,33.650683
both_highwin_highwin_exec,双入口高胜率执行,002062.SZ,宏润建设,box,2025-10-29,2025-10-30,2025-11-03,0.214363,59.74218483274579,56.157653742781044,56.157653742781044,56.157653742781044,fixed_pct,3,-6.000000000000005,1.335428122545168,-13.432835820895528,stop_loss,58.568929,43.081953
both_highwin_highwin_exec,双入口高胜率执行,603045.SH,福达合金,box,2025-10-29,2025-10-30,2025-11-19,0.214276,31.856554695040415,29.94516141333799,29.94516141333799,29.94516141333799,fixed_pct,15,-6.000000000000005,8.40909090909092,-7.454545454545469,stop_loss,32.015837,26.614703
both_highwin_highwin_exec,双入口高胜率执行,001301.SZ,尚太科技,box,2025-10-30,2025-10-31,2025-11-21,0.211941,97.65243522765432,91.79328911399506,91.79328911399506,91.79328911399506,fixed_pct,16,-6.000000000000005,17.792333297541084,-8.192848706109734,stop_loss,97.537094,72.130474
both_highwin_highwin_exec,双入口高胜率执行,301152.SZ,天力锂能,box,2025-10-30,2025-10-31,2025-11-27,0.211941,33.12794457274827,33.430023094688224,31.14026789838337,31.14026789838337,fixed_pct,20,0.911854103343468,31.914893617021267,-4.316109422492409,max_hold,33.530716,26.542633
both_highwin_highwin_exec,双入口高胜率执行,600082.SH,海泰发展,box,2025-10-31,2025-11-03,2025-11-28,0.214276,4.8491520810481745,4.879842917004176,4.5582029561852835,4.5582029561852835,fixed_pct,20,0.6329113924050667,19.831223628691987,-5.4852320675105375,max_hold,4.828692,4.04096
both_highwin_highwin_exec,双入口高胜率执行,002947.SZ,恒铭达,box,2025-10-31,2025-11-03,2025-11-14,0.21183,90.29375038853505,84.87612536522293,84.87612536522293,84.87612536522293,fixed_pct,10,-6.000000000000005,4.611946363266983,-6.989028850060941,stop_loss,90.770719,76.773536
both_highwin_highwin_exec,双入口高胜率执行,000807.SZ,云铝股份,box,2025-11-03,2025-11-04,2025-11-05,0.211941,34.88608928999198,32.79292393259246,32.79292393259246,32.79292393259246,fixed_pct,2,-6.000000000000005,2.207413577675954,-7.16368179925031,stop_loss,35.292924,28.271916
both_highwin_highwin_exec,双入口高胜率执行,000807.SZ,云铝股份,box,2025-12-30,2025-12-31,2026-01-29,0.211941,45.9432796063951,53.76032085504803,43.18668283001139,43.18668283001139,fixed_pct,20,17.014547754585706,20.904490828589473,-0.8222643896268367,max_hold,45.986869,36.324541
both_highwin_highwin_exec,双入口高胜率执行,000933.SZ,神火股份,box,2025-11-03,2025-11-04,2025-11-05,0.211941,75.76920189752347,71.22304978367207,71.22304978367207,71.22304978367207,fixed_pct,2,-5.999999999999995,2.316602316602312,-6.911196911196904,stop_loss,76.47131,55.846875
both_highwin_highwin_exec,双入口高胜率执行,301391.SZ,卡莱特,box,2025-11-03,2025-11-04,2025-11-17,0.211941,131.1449733529759,123.27627495179735,123.27627495179735,123.27627495179735,fixed_pct,10,-6.000000000000005,10.576086956521745,-6.163043478260866,stop_loss,131.102209,100.325905
both_highwin_highwin_exec,双入口高胜率执行,002293.SZ,罗莱生活,box,2025-11-04,2025-11-05,2025-12-02,0.211763,91.62364197070502,95.19214171061668,86.12622345246271,86.12622345246271,fixed_pct,20,3.894736842105262,5.789473684210544,-2.5263157894736765,max_hold,92.009426,76.578075
both_highwin_highwin_exec,双入口高胜率执行,002548.SZ,金新农,box,2025-11-05,2025-11-06,2025-11-20,0.214363,26.276931408211045,24.70031552371838,24.70031552371838,24.70031552371838,fixed_pct,11,-6.000000000000005,7.992565055762069,-7.0631970260223165,stop_loss,25.886196,22.125372
both_highwin_highwin_exec,双入口高胜率执行,688127.SH,蓝特光学,box,2025-11-05,2025-11-06,2025-11-10,0.214363,36.081361209150096,33.91647953660109,33.91647953660109,33.91647953660109,fixed_pct,3,-6.000000000000005,0.46122801960220006,-7.293168059959642,stop_loss,36.081361,29.539079
both_highwin_highwin_exec,双入口高胜率执行,300286.SZ,安科瑞,box,2025-11-05,2025-11-06,2025-11-12,0.214276,194.00072746992458,182.3606838217291,182.3606838217291,182.3606838217291,fixed_pct,5,-5.999999999999995,3.6666666666666625,-7.4074074074074066,stop_loss,191.773312,164.397654
both_highwin_highwin_exec,双入口高胜率执行,301081.SZ,严牌股份,box,2025-11-06,2025-11-07,2025-12-04,0.214276,15.089852195279413,14.547051756600299,14.184461063562647,14.184461063562647,fixed_pct,20,-3.597122302158262,6.744604316546776,-5.575539568345322,max_hold,15.144132,13.271471
both_highwin_highwin_exec,双入口高胜率执行,600051.SH,宁波联合,box,2025-11-06,2025-11-07,2025-11-21,0.212375,10.337112451244078,9.716885704169433,9.716885704169433,9.716885704169433,fixed_pct,11,-5.999999999999995,2.377972465581979,-6.382978723404243,stop_loss,10.311237,9.004544
both_highwin_highwin_exec,双入口高胜率执行,600969.SH,郴电国际,box,2025-11-06,2025-11-07,2025-12-04,0.212375,12.36559996402067,13.413789641560506,11.62366396617943,11.62366396617943,fixed_pct,20,8.47665847665846,15.233415233415236,-0.614250614250611,max_hold,12.411173,10.831293
both_highwin_highwin_exec,双入口高胜率执行,600273.SH,嘉化能源,box,2025-11-07,2025-11-10,2025-11-18,0.214276,13.94067030557261,13.104230087238253,13.104230087238253,13.104230087238253,fixed_pct,7,-5.999999999999995,0.9846827133479286,-6.017505470459527,stop_loss,13.925418,12.598461
both_highwin_highwin_exec,双入口高胜率执行,605117.SH,德业股份,box,2025-11-07,2025-11-10,2025-11-12,0.211941,479.51973411006276,448.59355253459603,450.748550063459,450.748550063459,fixed_pct,3,-6.449407474931645,0.9343664539653407,-9.822242479489528,gap_stop,479.792934,376.649408
both_highwin_highwin_exec,双入口高胜率执行,002851.SZ,麦格米特,box,2025-11-07,2025-11-10,2025-11-12,0.21183,201.73230032727665,189.62836230764003,189.62836230764003,189.62836230764003,fixed_pct,3,-6.000000000000005,6.299212598425208,-9.680407596109298,stop_loss,201.171673,158.260344
both_highwin_highwin_exec,双入口高胜率执行,300827.SZ,上能电气,box,2025-11-10,2025-11-11,2025-12-08,0.214363,237.15572884643046,234.40191612551533,222.92638511564462,222.92638511564462,fixed_pct,20,-1.161183301078239,36.77080453414432,-4.174730439590824,max_hold,235.18872,186.538028
both_highwin_highwin_exec,双入口高胜率执行,688357.SH,建龙微纳,box,2025-11-10,2025-11-11,2025-11-17,0.214363,73.09985215629692,68.7138610269191,68.7138610269191,68.7138610269191,fixed_pct,5,-5.999999999999995,3.6651807825656135,-7.553244180287278,stop_loss,73.57053,63.469064
both_highwin_highwin_exec,双入口高胜率执行,002459.SZ,晶澳科技,box,2025-11-10,2025-11-11,2025-11-12,0.211941,41.260626241436874,38.78498866695066,38.78498866695066,38.78498866695066,fixed_pct,2,-6.000000000000005,2.2368421052631593,-10.526315789473683,stop_loss,41.504933,34.202888
both_highwin_highwin_exec,双入口高胜率执行,603363.SH,傲农生物,box,2025-11-11,2025-11-12,2025-11-13,0.21183,7.710373164821092,7.218504531892849,7.247750774931825,7.247750774931825,fixed_pct,2,-6.379310344827593,1.379310344827589,-8.448275862068966,gap_stop,7.710373,6.500642
both_highwin_highwin_exec,双入口高胜率执行,300097.SZ,智云股份,box,2025-11-12,2025-11-13,2025-11-20,0.212375,23.869354568164265,22.437193294074408,22.437193294074408,22.437193294074408,fixed_pct,6,-6.000000000000005,1.6819571865443361,-7.492354740061158,stop_loss,23.94235,20.402094
both_highwin_highwin_exec,双入口高胜率执行,301057.SZ,汇隆新材,box,2025-11-12,2025-11-13,2025-12-10,0.211941,29.384454571633242,30.785736364789162,27.621387297335247,27.621387297335247,fixed_pct,20,4.7687861271676235,20.3757225433526,-3.287572254335258,max_hold,29.108445,23.981027
both_highwin_highwin_exec,双入口高胜率执行,002176.SZ,江特电机,box,2025-11-13,2025-11-14,2025-11-21,0.211941,95.26078427163849,89.54513721534018,89.54513721534018,89.54513721534018,fixed_pct,6,-5.999999999999995,8.151260504201673,-7.310924369747907,stop_loss,97.502214,75.728321
both_highwin_highwin_exec,双入口高胜率执行,603959.SH,百利科技,box,2025-11-14,2025-11-17,2025-11-20,0.214363,15.313764595839086,14.39493872008874,14.39493872008874,14.39493872008874,fixed_pct,4,-6.000000000000005,8.678756476683947,-7.772020725388595,stop_loss,15.135236,13.349953
both_highwin_highwin_exec,双入口高胜率执行,600665.SH,天地源,box,2025-11-14,2025-11-17,2025-11-21,0.212375,6.250144434179783,5.875135768128996,5.875135768128996,5.875135768128996,fixed_pct,5,-6.000000000000005,0.7936507936507908,-8.201058201058187,stop_loss,6.266679,5.588753
both_highwin_highwin_exec,双入口高胜率执行,002836.SZ,新宏泽,box,2025-11-14,2025-11-17,2025-12-12,0.211941,44.65834619893234,59.82077000506637,41.9788454269964,41.9788454269964,fixed_pct,20,33.95204949729311,40.757927300850724,-3.7122969837587005,max_hold,44.658346,35.298399
both_highwin_highwin_exec,双入口高胜率执行,000629.SZ,钒钛股份,box,2025-11-17,2025-11-18,2025-11-21,0.212375,5.081109068505349,4.776242524395028,4.776242524395028,4.776242524395028,fixed_pct,4,-5.999999999999995,1.1976047904191711,-10.179640718562876,stop_loss,5.126748,4.426954
both_highwin_highwin_exec,双入口高胜率执行,002753.SZ,永东股份,box,2025-11-17,2025-11-18,2025-12-11,0.212375,29.885699345356468,28.09255738463508,28.09255738463508,28.09255738463508,fixed_pct,18,-6.000000000000005,14.580645161290317,-7.6129032258064555,stop_loss,29.885699,27.109221
both_highwin_highwin_exec,双入口高胜率执行,002712.SZ,思美传媒,box,2025-11-18,2025-11-19,2025-12-11,0.212375,31.452007699238166,29.564887237283873,29.564887237283873,29.564887237283873,fixed_pct,17,-6.000000000000005,10.927152317880818,-7.284768211920534,stop_loss,31.660299,28.067272
both_highwin_highwin_exec,双入口高胜率执行,300658.SZ,延江股份,box,2025-11-18,2025-11-19,2025-11-21,0.211941,30.885767395843718,29.032621352093095,29.032621352093095,29.032621352093095,fixed_pct,3,-6.000000000000005,2.005730659025784,-7.354345749761226,stop_loss,32.124738,22.920956
both_highwin_highwin_exec,双入口高胜率执行,300672.SZ,国科微,box,2025-11-18,2025-11-19,2025-11-20,0.211941,184.2446993657345,173.19001740379042,173.19001740379042,173.19001740379042,fixed_pct,2,-6.000000000000005,0.4444444444444473,-8.533333333333315,stop_loss,184.85066,135.423948
both_highwin_highwin_exec,双入口高胜率执行,000020.SZ,深华发Ａ,box,2025-11-19,2025-11-20,2025-11-26,0.211763,15.93,14.9742,14.9742,14.9742,fixed_pct,5,-6.000000000000005,6.465787821720026,-6.089139987445069,stop_loss,16.12,14.29
both_highwin_highwin_exec,双入口高胜率执行,600938.SH,中国海油,box,2025-11-19,2025-11-20,2025-12-17,0.211763,37.61075397189827,36.37465935317104,35.35410873358437,35.35410873358437,fixed_pct,20,-3.286545703526189,1.6090380006846816,-5.5460458747004555,max_hold,38.00991,34.494765
both_highwin_highwin_exec,双入口高胜率执行,300087.SZ,荃银高科,box,2025-11-19,2025-11-20,2025-12-17,0.210661,177.8369891596955,199.53733605120595,167.16676981011375,167.16676981011375,fixed_pct,20,12.202380952380953,20.93253968253965,-0.1984126984126977,max_hold,176.60201,154.548812
both_highwin_highwin_exec,双入口高胜率执行,301185.SZ,鸥玛软件,box,2025-11-20,2025-11-21,2025-12-05,0.210661,21.331760555321665,20.017432032108694,20.051854922002363,20.051854922002363,fixed_pct,11,-6.161369193154032,6.405867970660162,-8.068459657701698,gap_stop,21.749008,19.923551
both_highwin_highwin_exec,双入口高胜率执行,600901.SH,江苏金租,box,2025-11-21,2025-11-24,2025-12-11,0.211763,13.15682043385792,12.367411207826445,12.367411207826445,12.367411207826445,fixed_pct,14,-6.000000000000005,2.6397515527950333,-6.521739130434812,stop_loss,13.17725,12.053609
both_highwin_highwin_exec,双入口高胜率执行,002291.SZ,遥望科技,box,2025-11-21,2025-11-24,2025-12-03,0.210661,12.768883347423815,12.002750346578384,12.002750346578384,12.002750346578384,fixed_pct,8,-6.000000000000016,25.40540540540539,-6.486486486486475,stop_loss,12.630841,11.043359
both_highwin_highwin_exec,双入口高胜率执行,000333.SZ,美的集团,box,2025-11-21,2025-11-24,2025-12-19,0.20977,443.37626975885786,448.1710513020517,416.77369357332634,416.77369357332634,fixed_pct,20,1.0814249363867878,5.814249363867696,-1.2595419847328038,max_hold,444.222408,412.016944
both_highwin_highwin_exec,双入口高胜率执行,600151.SH,航天机电,box,2025-11-24,2025-11-25,2025-11-27,0.211763,9.70216365496742,9.120033835669373,9.120033835669373,9.120033835669373,fixed_pct,3,-6.000000000000016,2.9279279279279313,-6.53153153153152,stop_loss,9.702164,8.653281
both_highwin_highwin_exec,双入口高胜率执行,603100.SH,川仪股份,box,2025-11-24,2025-11-25,2025-11-26,0.211763,43.47650282159363,40.86791265229801,40.86791265229801,40.86791265229801,fixed_pct,2,-5.999999999999995,0.0,-6.5500558243394185,stop_loss,43.363241,36.680771
both_highwin_highwin_exec,双入口高胜率执行,002653.SZ,海思科,box,2025-11-24,2025-11-25,2025-12-12,0.211716,194.07729821360422,182.43266032078796,182.43266032078796,182.43266032078796,fixed_pct,14,-6.000000000000005,7.053586714603655,-7.344632768361592,stop_loss,196.037675,167.329785
both_highwin_highwin_exec,双入口高胜率执行,688011.SH,新光光电,box,2025-11-25,2025-11-26,2025-12-03,0.21183,46.375706066737195,43.59316370273296,43.59316370273296,43.59316370273296,fixed_pct,6,-6.000000000000005,0.043402777777790114,-8.420138888888884,stop_loss,46.295193,37.811095
both_highwin_highwin_exec,双入口高胜率执行,688011.SH,新光光电,box,2025-12-19,2025-12-22,2026-01-20,0.211941,50.82407023372892,66.00084209758302,47.77462601970518,47.77462601970518,fixed_pct,20,29.861386138613867,48.43564356435641,-4.000000000000014,max_hold,51.327279,39.874251
both_highwin_highwin_exec,双入口高胜率执行,300448.SZ,浩云科技,box,2025-11-25,2025-11-26,2025-12-03,0.211763,61.44973862587407,57.76275430832162,57.76275430832162,57.76275430832162,fixed_pct,6,-6.000000000000005,3.8412291933418663,-7.554417413572345,stop_loss,61.764462,55.784718
both_highwin_highwin_exec,双入口高胜率执行,688367.SH,工大高科,box,2025-11-26,2025-11-27,2025-12-15,0.211941,29.573966427244873,27.799528441610178,27.799528441610178,27.799528441610178,fixed_pct,13,-6.000000000000005,19.228070175438596,-7.017543859649122,stop_loss,29.937155,22.362069
both_highwin_highwin_exec,双入口高胜率执行,603730.SH,岱美股份,box,2025-11-26,2025-11-27,2025-12-11,0.21183,55.051442249532776,51.74835571456081,51.74835571456081,51.74835571456081,fixed_pct,11,-6.000000000000005,3.260869565217406,-6.521739130434767,stop_loss,55.716315,47.60487
both_highwin_highwin_exec,双入口高胜率执行,600336.SH,澳柯玛,box,2025-11-27,2025-11-28,2025-12-25,0.211763,17.042941323395898,18.562694052870693,16.020364843992144,16.020364843992144,fixed_pct,20,8.91719745222932,22.675159235668808,-3.821656050955413,max_hold,17.173206,15.285056
both_highwin_highwin_exec,双入口高胜率执行,603036.SH,如通股份,box,2025-11-28,2025-12-01,2025-12-08,0.214363,25.34888965823425,23.827956278740192,23.827956278740192,23.827956278740192,fixed_pct,6,-6.000000000000005,0.6581834137779907,-6.274681878016663,stop_loss,25.526855,20.28801
both_highwin_highwin_exec,双入口高胜率执行,603929.SH,亚翔集成,box,2025-11-28,2025-12-01,2025-12-26,0.211941,71.83473633810915,120.44290792689634,67.5246521578226,67.5246521578226,fixed_pct,20,67.66666666666666,94.33333333333334,-3.283333333333316,max_hold,72.984092,52.343578
both_highwin_highwin_exec,双入口高胜率执行,688115.SH,思林杰,box,2025-11-28,2025-12-01,2025-12-02,0.21183,71.66738267205525,67.36733971173193,67.36733971173193,67.36733971173193,fixed_pct,2,-6.000000000000016,1.8707980122770973,-7.9216603332358915,stop_loss,71.415992,53.45201
both_highwin_highwin_exec,双入口高胜率执行,688656.SH,浩欧博,box,2025-12-01,2025-12-02,2025-12-09,0.211941,220.86949587685834,207.61732612424683,207.61732612424683,207.61732612424683,fixed_pct,6,-6.000000000000005,2.848476231101005,-7.578558225508325,stop_loss,221.403376,168.025796
both_highwin_highwin_exec,双入口高胜率执行,002290.SZ,禾盛新材,box,2025-12-01,2025-12-02,2025-12-19,0.211763,112.66234595058161,105.9026051935467,105.9026051935467,105.9026051935467,fixed_pct,14,-6.000000000000005,6.41509433962264,-6.462264150943398,stop_loss,112.662346,97.5167
both_highwin_highwin_exec,双入口高胜率执行,600128.SH,苏豪弘业,box,2025-12-02,2025-12-03,2025-12-11,0.212375,12.850060274901429,12.079056658407342,12.079056658407342,12.079056658407342,fixed_pct,7,-6.000000000000005,1.1607142857142927,-6.1607142857142865,stop_loss,12.9189,11.702733
both_highwin_highwin_exec,双入口高胜率执行,002634.SZ,棒杰股份,box,2025-12-02,2025-12-03,2025-12-08,0.211941,44.33566224784415,41.675522512973494,41.675522512973494,41.675522512973494,fixed_pct,4,-6.000000000000016,2.5117739403453854,-11.930926216640492,stop_loss,44.683666,36.609982
both_highwin_highwin_exec,双入口高胜率执行,603993.SH,洛阳钼业,box,2025-12-03,2025-12-04,2025-12-15,0.214363,67.78416448473212,62.99506590700649,63.717114615648185,63.717114615648185,fixed_pct,8,-7.065217391304324,2.0652173913043637,-7.065217391304324,gap_stop,64.910705,55.516704
both_highwin_highwin_exec,双入口高胜率执行,301276.SZ,嘉曼服饰,box,2025-12-03,2025-12-04,2025-12-05,0.211763,31.5920274482384,29.696505801344095,29.696505801344095,29.696505801344095,fixed_pct,2,-6.000000000000005,2.7960526315789602,-8.511513157894745,stop_loss,31.423156,27.396211
both_highwin_highwin_exec,双入口高胜率执行,301276.SZ,嘉曼服饰,box,2025-12-18,2025-12-19,2026-01-19,0.211763,32.865061449030904,37.2947001660742,30.893157762089047,30.893157762089047,fixed_pct,20,13.47826086956523,22.4505928853755,-0.8300395256916948,max_hold,33.098884,27.941797
both_highwin_highwin_exec,双入口高胜率执行,600066.SH,宇通客车,box,2025-12-03,2025-12-04,2025-12-31,0.211763,201.9480808523732,203.2533777738567,189.8311960012308,189.8311960012308,fixed_pct,20,0.6463527239150446,7.017543859649122,-1.7236072637734634,max_hold,201.699453,187.838443
both_highwin_highwin_exec,双入口高胜率执行,600066.SH,宇通客车,box,2025-12-15,2025-12-16,2025-12-30,0.217132,211.52025827658542,198.8290427799903,198.8290427799903,198.8290427799903,fixed_pct,11,-6.000000000000005,2.174551866000596,-6.171025565677346,stop_loss,210.090647,187.838443
both_highwin_highwin_exec,双入口高胜率执行,002631.SZ,德尔未来,box,2025-12-04,2025-12-05,2025-12-11,0.210661,25.42235370092468,23.8970124788692,23.8970124788692,23.8970124788692,fixed_pct,5,-5.999999999999995,4.940374787052826,-7.495741056218064,stop_loss,25.812134,21.827711
both_highwin_highwin_exec,双入口高胜率执行,600879.SH,航天电子,box,2025-12-04,2025-12-05,2026-01-05,0.210661,28.138608722213498,50.95876267345076,26.450292198880685,26.450292198880685,fixed_pct,20,81.0990840965862,88.59283930058284,-0.8326394671107296,max_hold,28.724342,24.31963
both_highwin_highwin_exec,双入口高胜率执行,600711.SH,盛屯矿业,box,2025-12-05,2025-12-08,2025-12-11,0.211941,67.58158316490923,63.52668817501468,63.52668817501468,63.52668817501468,fixed_pct,4,-6.000000000000005,0.9219858156028327,-6.666666666666654,stop_loss,66.76677,51.320339
both_highwin_highwin_exec,双入口高胜率执行,688270.SH,臻镭科技,box,2025-12-05,2025-12-08,2026-01-06,0.211941,154.2705724670188,271.6598442375114,145.01433811899767,145.01433811899767,fixed_pct,20,76.09310699588477,80.04115226337444,-5.478395061728403,max_hold,149.786886,110.782777
both_highwin_highwin_exec,双入口高胜率执行,300818.SZ,耐普矿机,box,2025-12-05,2025-12-08,2025-12-16,0.21183,76.71801422274466,72.11493336937997,72.11493336937997,72.11493336937997,fixed_pct,7,-6.000000000000005,4.15136966958487,-6.918949449308098,stop_loss,76.73968,64.13028
both_highwin_highwin_exec,双入口高胜率执行,300818.SZ,耐普矿机,box,2026-01-15,2026-01-16,2026-02-12,0.211941,82.22108556207738,96.30374843832251,77.28782042835273,77.28782042835273,fixed_pct,20,17.127799736495387,57.97101449275364,-2.687747035573118,max_hold,86.012572,71.756584
both_highwin_highwin_exec,双入口高胜率执行,002560.SZ,通达股份,box,2025-12-08,2025-12-09,2026-01-07,0.214276,39.10624971394684,43.709515631870175,36.759874731110024,36.759874731110024,fixed_pct,20,11.771177117711783,17.381738173817386,-0.7700770077007757,max_hold,39.149271,33.427454
both_highwin_highwin_exec,双入口高胜率执行,301213.SZ,观想科技,box,2025-12-08,2025-12-09,2025-12-16,0.211941,68.75740507527496,64.63196077075845,64.63196077075845,64.63196077075845,fixed_pct,6,-6.000000000000016,6.58823529411765,-7.029411764705895,stop_loss,68.413618,55.299154
both_highwin_highwin_exec,双入口高胜率执行,301369.SZ,联动科技,box,2025-12-09,2025-12-10,2026-01-08,0.211941,176.44028389381845,220.6779635586138,165.85386686018933,165.85386686018933,fixed_pct,20,25.072324011571844,26.238274743578494,-1.5429122468659573,max_hold,176.316542,142.61238
both_highwin_highwin_exec,双入口高胜率执行,002943.SZ,宇晶股份,box,2025-12-09,2025-12-10,2025-12-12,0.21183,65.70163551898462,61.75953738784553,61.75953738784553,61.75953738784553,fixed_pct,3,-6.000000000000005,1.8372703412073088,-6.771653543307088,stop_loss,64.408296,52.630287
both_highwin_highwin_exec,双入口高胜率执行,002943.SZ,宇晶股份,box,2025-12-31,2026-01-05,2026-01-30,0.211941,67.2708871809866,130.29962151744036,63.2346339501274,63.2346339501274,fixed_pct,20,93.69392463470906,111.7149448859267,-3.5631889259164384,max_hold,68.288314,54.113316
both_highwin_highwin_exec,双入口高胜率执行,601187.SH,厦门银行,box,2025-12-09,2025-12-10,2026-01-08,0.211763,9.679555812295781,9.098782463558035,9.098782463558035,9.098782463558035,fixed_pct,20,-6.000000000000005,3.947368421052655,-6.184210526315792,stop_loss,9.615875,8.597437
both_highwin_highwin_exec,双入口高胜率执行,000980.SZ,众泰汽车,box,2025-12-10,2025-12-11,2025-12-12,0.211941,4.253493271460843,3.9982836751731923,3.9982836751731923,3.9982836751731923,fixed_pct,2,-6.000000000000005,0.9569377990430672,-8.373205741626787,stop_loss,4.192438,3.449603
both_highwin_highwin_exec,双入口高胜率执行,300478.SZ,杭州高新,box,2025-12-10,2025-12-11,2025-12-12,0.211941,62.54886556830386,58.795933634205625,58.795933634205625,58.795933634205625,fixed_pct,2,-6.000000000000005,0.0,-7.277212457600979,stop_loss,62.105257,50.147102
both_highwin_highwin_exec,双入口高胜率执行,300478.SZ,杭州高新,box,2025-12-24,2025-12-25,2026-01-07,0.211941,64.6126116724693,60.73585497212114,60.73585497212114,60.73585497212114,fixed_pct,8,-6.000000000000005,2.0895522388059806,-14.74626865671642,stop_loss,65.191232,52.750893
both_highwin_highwin_exec,双入口高胜率执行,301061.SZ,匠心家居,box,2025-12-10,2025-12-11,2025-12-22,0.211941,328.83130657986754,309.10142818507546,309.10142818507546,309.10142818507546,fixed_pct,8,-6.000000000000005,3.684971098265888,-7.415101156069359,stop_loss,330.197477,252.444554
both_highwin_highwin_exec,双入口高胜率执行,001376.SZ,百通能源,box,2025-12-11,2025-12-12,2026-01-12,0.211716,14.15686665433365,16.895912593976462,13.307454655073629,13.307454655073629,fixed_pct,20,19.34782608695651,34.05797101449275,0.0,max_hold,14.310746,12.546267
both_highwin_highwin_exec,双入口高胜率执行,002204.SZ,大连重工,box,2025-12-11,2025-12-12,2026-01-12,0.210661,35.804910610989374,39.71267711696366,33.65661597433001,33.65661597433001,fixed_pct,20,10.914051841746254,12.96043656207364,-4.77489768076399,max_hold,36.000299,31.604062
both_highwin_highwin_exec,双入口高胜率执行,300447.SZ,全信股份,box,2025-12-11,2025-12-12,2025-12-16,0.210661,61.340851390528634,57.660400307096914,57.660400307096914,57.660400307096914,fixed_pct,3,-6.000000000000005,3.340883352208368,-6.511891279728199,stop_loss,62.174476,49.878518
both_highwin_highwin_exec,双入口高胜率执行,300054.SZ,鼎龙股份,box,2025-12-12,2025-12-15,2026-01-13,0.214276,481.66469599962903,562.9998476768991,452.7648142396513,452.7648142396513,fixed_pct,20,16.88625974724389,24.926055391234225,-2.9308954019897637,max_hold,483.736929,419.627216
both_highwin_highwin_exec,双入口高胜率执行,002384.SZ,东山精密,box,2025-12-12,2025-12-15,2025-12-19,0.211941,614.1880636316816,577.3367798137807,577.3367798137807,577.3367798137807,fixed_pct,5,-6.000000000000005,1.4814814814814836,-7.259259259259254,stop_loss,643.456779,467.920314
both_highwin_highwin_exec,双入口高胜率执行,603308.SH,应流股份,box,2025-12-12,2025-12-15,2025-12-16,0.211941,65.70687570877551,61.76446316624898,61.76446316624898,61.76446316624898,fixed_pct,2,-6.000000000000005,2.6708918062471554,-7.627885921231325,stop_loss,65.677131,52.053885
both_highwin_highwin_exec,双入口高胜率执行,600391.SH,航发科技,box,2025-12-15,2025-12-16,2026-01-14,0.212375,52.72550057712116,73.45861034103403,49.56197054249389,49.56197054249389,fixed_pct,20,39.32273669661366,62.75051831375256,-4.215618521078102,max_hold,53.199192,47.150517
both_highwin_highwin_exec,双入口高胜率执行,688307.SH,中润光学,box,2025-12-15,2025-12-16,2025-12-17,0.211941,51.08470473444042,46.685164857311065,48.019622450373994,48.019622450373994,fixed_pct,2,-8.612244897959176,0.0,-10.20408163265305,gap_stop,51.09513,37.635874
both_highwin_highwin_exec,双入口高胜率执行,002446.SZ,盛路通信,box,2025-12-16,2025-12-17,2026-01-15,0.214276,45.44320306090265,72.93783248396518,42.716610877248485,42.716610877248485,fixed_pct,20,60.503282275711136,60.503282275711136,-1.750547045951878,max_hold,46.13927,39.029447
both_highwin_highwin_exec,双入口高胜率执行,002446.SZ,盛路通信,box,2026-01-05,2026-01-06,2026-02-02,0.211941,52.8016210620116,57.674087035718884,49.6335237982909,49.6335237982909,fixed_pct,20,9.227871939736353,38.13559322033899,-2.0715630885122294,max_hold,53.547407,43.255565
both_highwin_highwin_exec,双入口高胜率执行,600115.SH,中国东航,box,2025-12-16,2025-12-17,2026-01-15,0.211716,5.661999298458998,6.034635449728695,5.322279340551457,5.322279340551457,fixed_pct,20,6.581352833638032,14.625228519195609,-0.9140767824497131,max_hold,5.589542,5.040939
both_highwin_highwin_exec,双入口高胜率执行,600426.SH,华鲁恒升,box,2025-12-17,2025-12-18,2026-01-16,0.211763,122.46960644180979,143.35363395281956,115.12143005530119,115.12143005530119,fixed_pct,20,17.052416609938746,19.12865895166782,-0.374404356705238,max_hold,122.261183,112.423597
both_highwin_highwin_exec,双入口高胜率执行,600295.SH,鄂尔多斯,box,2025-12-18,2025-12-19,2026-01-19,0.211716,37.07812005918265,47.743996297483704,34.85343285563169,34.85343285563169,fixed_pct,20,28.76595744680852,39.829787234042556,-5.191489361702118,max_hold,36.920341,33.575421
both_highwin_highwin_exec,双入口高胜率执行,300743.SZ,天地数码,box,2025-12-18,2025-12-19,2026-01-19,0.211214,48.452835987194874,51.6496257569064,45.54566582796318,45.54566582796318,fixed_pct,20,6.597735105859193,19.054652880354507,-0.0492368291481915,max_hold,48.715259,40.937994
both_highwin_highwin_exec,双入口高胜率执行,002532.SZ,天山铝业,box,2025-12-19,2025-12-22,2026-01-20,0.214363,121.33373190710321,160.2076460132625,114.05370799267702,114.05370799267702,fixed_pct,20,32.038834951456295,35.22884882108181,-2.2191400832177632,max_hold,119.566736,102.906487
both_highwin_highwin_exec,双入口高胜率执行,002532.SZ,天山铝业,box,2025-12-30,2025-12-31,2026-01-29,0.211941,135.80627135788114,172.49247601217863,127.65789507640827,127.65789507640827,fixed_pct,20,27.013630731102833,35.56381660470878,-0.8674101610904761,max_hold,136.311127,107.534334
both_highwin_highwin_exec,双入口高胜率执行,600058.SH,五矿发展,box,2025-12-22,2025-12-23,2026-02-04,0.214276,10.221915430941538,13.832077288489003,9.608600505085045,9.608600505085045,fixed_pct,20,35.3178607467205,67.30575176589302,-2.6236125126135157,max_hold,10.221915,8.654074
both_highwin_highwin_exec,双入口高胜率执行,300308.SZ,中际旭创,box,2025-12-22,2025-12-23,2026-01-09,0.211941,4122.272490574891,3798.6905891547244,3874.9361411403975,3874.9361411403975,fixed_pct,12,-7.849600000000001,5.407999999999968,-10.142400000000007,gap_stop,4072.805221,3100.014869
both_highwin_highwin_exec,双入口高胜率执行,301200.SZ,大族数控,box,2025-12-23,2025-12-24,2026-01-22,0.211941,134.3718745598967,190.97653201943203,126.30956208630289,126.30956208630289,fixed_pct,20,42.12537604683308,49.516220830961856,-3.7726644442637736,max_hold,135.453492,110.751093
both_highwin_highwin_exec,双入口高胜率执行,002497.SZ,雅化集团,box,2025-12-23,2025-12-24,2026-01-09,0.21183,166.94089686348468,156.92444305167558,156.92444305167558,156.92444305167558,fixed_pct,11,-6.000000000000016,8.722358722358713,-6.101556101556116,stop_loss,166.940897,139.937762
both_highwin_highwin_exec,双入口高胜率执行,301093.SZ,华兰股份,box,2025-12-24,2025-12-25,2025-12-26,0.214363,70.85829772747067,66.60679986382243,66.60679986382243,66.60679986382243,fixed_pct,2,-5.999999999999995,0.11753183153770941,-6.3075416258570165,stop_loss,70.705616,64.848182
both_highwin_highwin_exec,双入口高胜率执行,600721.SH,百花医药,box,2025-12-25,2025-12-26,2026-01-08,0.211941,11.35,9.92,10.668999999999999,10.668999999999999,fixed_pct,3,-12.59911894273128,11.013215859030833,-12.59911894273128,gap_stop,11.56,9.22
both_highwin_highwin_exec,双入口高胜率执行,688257.SH,新锐股份,box,2025-12-25,2025-12-26,2026-01-26,0.211941,97.22917658541405,161.4201574277533,91.3954259902892,91.3954259902892,fixed_pct,20,66.02028639618136,69.68973747016707,-0.8949880668257859,max_hold,97.287189,72.834863
both_highwin_highwin_exec,双入口高胜率执行,002407.SZ,多氟多,box,2025-12-26,2025-12-29,2025-12-30,0.214363,301.6076067005327,274.3791422067346,283.5111502985007,283.5111502985007,fixed_pct,2,-9.027777777777768,0.0,-10.083333333333345,gap_stop,309.566696,231.651398
both_highwin_highwin_exec,双入口高胜率执行,002478.SZ,常宝股份,box,2025-12-26,2025-12-29,2025-12-31,0.211941,26.499645512936944,24.909666782160727,24.909666782160727,24.909666782160727,fixed_pct,3,-6.000000000000005,0.0,-7.505518763796903,stop_loss,26.558144,21.819796
both_highwin_highwin_exec,双入口高胜率执行,000863.SZ,三湘印象,box,2025-12-29,2025-12-30,2026-01-16,0.211941,7.9238223817224,7.448393038819056,7.448393038819056,7.448393038819056,fixed_pct,12,-6.000000000000005,13.095238095238116,-6.1224489795918435,stop_loss,8.233768,5.713777
both_highwin_highwin_exec,双入口高胜率执行,688485.SH,九州一轨,box,2025-12-29,2025-12-30,2026-01-28,0.211941,18.308913971775187,24.177938061616455,17.210379133468674,17.210379133468674,fixed_pct,20,32.05555555555555,35.16666666666666,-4.833333333333345,max_hold,18.268227,15.593092
both_highwin_highwin_exec,双入口高胜率执行,300806.SZ,斯迪克,box,2025-12-30,2025-12-31,2026-01-29,0.211941,112.52535093144108,190.4387037734696,105.77382987555461,105.77382987555461,fixed_pct,20,69.24071082390955,80.29079159935377,-3.7156704361874016,max_hold,112.525351,93.074281
both_highwin_highwin_exec,双入口高胜率执行,002683.SZ,广东宏大,box,2025-12-31,2026-01-05,2026-01-06,0.211941,140.0873057550279,131.68206740972622,131.68206740972622,131.68206740972622,fixed_pct,2,-6.000000000000005,0.0,-7.238493723849359,stop_loss,140.087306,111.014794
both_highwin_highwin_exec,双入口高胜率执行,002709.SZ,天赐材料,box,2025-12-31,2026-01-05,2026-01-07,0.211941,705.1498933853661,662.8408997822442,662.8408997822442,662.8408997822442,fixed_pct,3,-5.999999999999995,1.1316872427983515,-7.407407407407418,stop_loss,672.21388,530.313346
both_highwin_highwin_exec,双入口高胜率执行,002545.SZ,东方铁塔,box,2026-01-05,2026-01-06,2026-02-02,0.214363,119.79787192056259,152.17731701876738,112.60999960532882,112.60999960532882,fixed_pct,20,27.028397565922923,51.72413793103452,-2.129817444219051,max_hold,120.101619,98.839319
both_highwin_highwin_exec,双入口高胜率执行,000561.SZ,烽火电子,box,2026-01-05,2026-01-06,2026-01-19,0.212375,12.555539033457249,11.802206691449813,11.802206691449813,11.802206691449813,fixed_pct,10,-6.000000000000005,15.869218500797455,-6.618819776714502,stop_loss,12.795836,10.973581
both_highwin_highwin_exec,双入口高胜率执行,600673.SH,东阳光,box,2026-01-06,2026-01-07,2026-02-03,0.214276,71.51225494439852,84.00814130070384,67.22151964773461,67.22151964773461,fixed_pct,20,17.473769168684438,33.97901533494756,-1.937046004842613,max_hold,70.444477,59.73784
both_highwin_highwin_exec,双入口高胜率执行,002544.SZ,普天科技,box,2026-01-06,2026-01-07,2026-01-19,0.211941,229.99827561483187,215.3462479981284,216.19837907794195,216.19837907794195,fixed_pct,9,-6.3704945515507205,17.490919251187485,-6.398435317127693,gap_stop,233.532756,188.805514
both_highwin_highwin_exec,双入口高胜率执行,002935.SZ,天奥电子,box,2026-01-07,2026-01-08,2026-01-30,0.211941,92.31241871302254,86.77367359024117,86.77367359024117,86.77367359024117,fixed_pct,17,-6.000000000000016,23.881932021466913,-7.066189624329144,stop_loss,93.22068,76.2527
both_highwin_highwin_exec,双入口高胜率执行,603179.SH,新泉股份,box,2026-01-07,2026-01-08,2026-01-09,0.211941,213.7798408383855,200.95305038808235,200.95305038808235,200.95305038808235,fixed_pct,2,-6.000000000000005,4.913824715804904,-6.857352401906858,stop_loss,212.708459,162.013814
both_highwin_highwin_exec,双入口高胜率执行,603269.SH,海鸥股份,box,2026-01-07,2026-01-08,2026-01-16,0.211941,47.44362483729633,44.59700734705855,44.59700734705855,44.59700734705855,fixed_pct,7,-6.000000000000005,2.749638205499272,-6.51230101302459,stop_loss,47.546614,41.641908
both_highwin_highwin_exec,双入口高胜率执行,688692.SH,达梦数据,box,2026-01-08,2026-01-09,2026-02-03,0.212375,417.08911367854955,392.0637668578366,392.0637668578366,392.0637668578366,fixed_pct,18,-5.999999999999995,20.50719424460432,-6.474820143884907,stop_loss,419.339595,369.829016
both_highwin_highwin_exec,双入口高胜率执行,002419.SZ,天虹股份,box,2026-01-09,2026-01-12,2026-02-03,0.214276,26.420720711797426,24.83547746908958,24.83547746908958,24.83547746908958,fixed_pct,17,-6.000000000000005,5.5276381909547645,-6.365159128978226,stop_loss,26.686256,23.278558
both_highwin_highwin_exec,双入口高胜率执行,300005.SZ,探路者,box,2026-01-09,2026-01-12,2026-02-06,0.214276,142.64008205222828,173.70175662380657,134.08167712909457,134.08167712909457,fixed_pct,20,21.77625960717333,29.2058070025619,-0.3415883859948843,max_hold,143.979997,118.887037
both_highwin_highwin_exec,双入口高胜率执行,603629.SH,利通电子,box,2026-01-09,2026-01-12,2026-02-06,0.214276,59.41167163736713,93.93577360945915,55.8469713391251,55.8469713391251,fixed_pct,20,58.1099656357388,63.16151202749138,-4.398625429553271,max_hold,59.391255,52.061774
both_highwin_highwin_exec,双入口高胜率执行,002458.SZ,益生股份,box,2026-01-12,2026-01-13,2026-02-09,0.214276,80.78317266185476,85.79912129118563,75.93618230214348,75.93618230214348,fixed_pct,20,6.209150326797408,8.38779956427016,-2.5054466230936767,max_hold,81.575165,72.159261
both_highwin_highwin_exec,双入口高胜率执行,300707.SZ,威唐工业,box,2026-01-12,2026-01-13,2026-02-09,0.214276,36.25759725185398,38.333570790650604,34.082141416742736,34.082141416742736,fixed_pct,20,5.725623582766426,35.941043083900226,-4.1383219954648665,max_hold,36.607019,31.365699
both_highwin_highwin_exec,双入口高胜率执行,601808.SH,中海油服,box,2026-01-13,2026-01-14,2026-02-10,0.214276,18.729764627101442,18.923104132929588,17.605978749475355,17.605978749475355,fixed_pct,20,1.032258064516145,12.12903225806452,-5.419354838709667,max_hold,18.476007,16.240518
both_highwin_highwin_exec,双入口高胜率执行,002922.SZ,伊戈尔,box,2026-01-13,2026-01-14,2026-02-10,0.211941,73.71195081813534,81.99977119509666,69.28923376904721,69.28923376904721,fixed_pct,20,11.243523316062154,16.99481865284973,-3.678756476683931,max_hold,72.909904,55.984702
both_highwin_highwin_exec,双入口高胜率执行,688698.SH,伟创电气,box,2026-01-13,2026-01-14,2026-01-15,0.211941,110.17306872631009,102.13568104589548,103.56268460273148,103.56268460273148,fixed_pct,2,-7.295238095238088,1.3714285714285568,-9.89523809523809,gap_stop,111.253814,78.338298
both_highwin_highwin_exec,双入口高胜率执行,301115.SZ,联检科技,box,2026-01-14,2026-01-15,2026-02-11,0.214276,18.540003472293407,20.10569974689011,17.427603263955803,17.427603263955803,fixed_pct,20,8.444962143273148,14.85148514851482,-0.9318578916715281,max_hold,18.529206,16.250848
both_highwin_highwin_exec,双入口高胜率执行,688041.SH,海光信息,box,2026-01-14,2026-01-15,2026-02-05,0.211941,254.81015436455448,239.5215451026812,239.5215451026812,239.5215451026812,fixed_pct,16,-6.000000000000005,21.48031496062992,-6.732494538212563,stop_loss,252.30218,196.835828
both_highwin_highwin_exec,双入口高胜率执行,002237.SZ,恒邦股份,box,2026-01-14,2026-01-15,2026-02-11,0.211763,62.22453296842475,73.98985421910984,58.491060990319255,58.491060990319255,fixed_pct,20,18.90784982935154,60.819112627986335,-0.8191126279863514,max_hold,62.097111,53.304975
both_highwin_highwin_exec,双入口高胜率执行,301219.SZ,腾远钴业,box,2026-01-15,2026-01-16,2026-02-02,0.214276,191.22775658536673,179.7540911902447,179.7540911902447,179.7540911902447,fixed_pct,12,-6.000000000000016,9.765360097653609,-6.1982910619829195,stop_loss,192.031779,155.150473
both_highwin_highwin_exec,双入口高胜率执行,688565.SH,力源科技,box,2026-01-15,2026-01-16,2026-02-12,0.212375,17.89539301310044,18.847729257641923,16.821669432314412,16.821669432314412,fixed_pct,20,5.3216838760921314,13.502779984114355,-2.3034154090547987,max_hold,17.724825,14.398755
both_highwin_highwin_exec,双入口高胜率执行,603306.SH,华懋科技,box,2026-01-16,2026-01-19,2026-02-13,0.214363,149.6788604888625,175.86984120138237,140.69812885953075,140.69812885953075,fixed_pct,20,17.498116051243407,23.75282592313488,-0.889223813112272,max_hold,150.919605,131.767027
both_highwin_highwin_exec,双入口高胜率执行,601778.SH,晶科科技,box,2026-01-16,2026-01-19,2026-01-27,0.214276,4.444777736311959,4.178091072133241,4.178091072133241,4.178091072133241,fixed_pct,7,-6.000000000000016,4.377880184331806,-7.603686635944696,stop_loss,4.383329,3.727878
both_highwin_highwin_exec,双入口高胜率执行,301539.SZ,宏鑫科技,box,2026-01-16,2026-01-19,2026-01-27,0.212375,23.215851638334968,21.82290054003487,21.82290054003487,21.82290054003487,fixed_pct,7,-6.000000000000005,2.183406113537112,-8.296943231441045,stop_loss,23.013093,20.123784
