strategy_id,strategy_name,symbol,signal_date,score,entry_type,signal_open,signal_high,signal_low,signal_close,base_shape_score,cup_depth_pct,handle_depth_pct,close_vs_ma60_pct,ma20_slope_pct,box_width_pct_20,box_stability_40,box_quality_60,handle_quality_10,breakout_ratio_pct,volume_ratio_20,ret_1d_pct,alpha_vs_hs300_10d_pct,amount_ma20_yuan,trend_strength_score,box_quality_score,volume_confirm_score,structure_confirm_score,name
cup_v2_trend_scored,杯柄 V2 趋势增强,000001.SZ,2024-05-17,0.560218,trend_cup,36.341145,37.121277,35.138441,37.121277,0.843241,18.09872,1.1883,8.210546,1.954213,10.595447,0.686642,0.706718,0.358281,4.387569,1.698712,2.238138,3.797473,1808922312.7,0.255974,0.471749,0.882904,0.343974,平安银行
cup_v2_trend_scored,杯柄 V2 趋势增强,000001.SZ,2025-06-26,0.564935,trend_cup,44.228479,45.806757,42.760314,45.549828,0.658323,13.811533,1.187447,11.889708,1.956821,11.118143,0.508896,0.606276,0.239543,5.258694,1.783988,2.902156,4.867226,1439397927.65,0.460698,0.462905,0.911329,0.363474,平安银行
cup_v2_trend_scored,杯柄 V2 趋势增强,000039.SZ,2025-03-21,0.639788,trend_cup,22.296373,23.639528,21.49048,23.346476,0.772494,19.0899,-0.686499,18.760223,2.81435,16.115702,0.343195,0.472962,0.18,6.104329,3.150345,4.709748,14.282564,375911083.35,0.754004,0.33934,1.0,0.226048,中集集团
cup_v2_trend_scored,杯柄 V2 趋势增强,000042.SZ,2025-07-09,0.560594,trend_cup,18.744239,19.214609,15.522206,19.097016,0.436847,22.788204,8.587258,16.635944,2.056849,17.747858,0.481771,0.517369,0.208776,8.847185,1.849036,2.01005,11.674114,55138917.1,0.736881,0.317906,0.933012,0.441416,中洲控股
cup_v2_trend_scored,杯柄 V2 趋势增强,000048.SZ,2023-02-27,0.560029,trend_cup,32.710201,33.659655,29.632135,33.368693,0.627104,24.536585,4.302671,13.875098,1.984748,11.101001,0.211803,0.462133,0.284162,6.292683,1.208989,2.013109,10.922786,60396208.4,0.574488,0.355993,0.719663,0.506573,京基智农
cup_v2_trend_scored,杯柄 V2 趋势增强,000065.SZ,2025-08-15,0.562194,trend_cup,53.883462,56.490726,47.017666,56.186545,0.464555,27.059774,10.504549,18.368342,2.92831,16.076923,0.402595,0.468031,0.202457,6.054419,2.062018,7.036424,13.590056,404670499.55,0.79002,0.28939,1.0,0.28349,北方国际
cup_v2_trend_scored,杯柄 V2 趋势增强,000070.SZ,2025-06-06,0.569497,trend_cup,16.885422,17.477028,15.480358,17.353777,0.623848,19.617225,-0.15949,13.633918,2.460484,11.424542,0.122186,0.358807,0.313162,12.280702,1.43932,2.773723,7.524262,72522151.15,0.620556,0.276297,0.79644,0.52297,特发信息
cup_v2_trend_scored,杯柄 V2 趋势增强,000301.SZ,2025-09-08,0.629017,trend_cup,11.957003,12.387025,9.603827,12.27952,0.693904,23.333333,14.649682,15.149818,2.699473,17.068467,0.384055,0.516677,0.184007,7.083333,1.590726,3.212851,7.008788,197180273.4,0.734646,0.331894,0.846909,0.48503,东方盛虹
cup_v2_trend_scored,杯柄 V2 趋势增强,000338.SZ,2025-02-21,0.59703,trend_cup,206.285565,218.387651,199.409379,216.324795,0.746655,16.402328,1.894452,12.538008,1.009328,13.602015,0.559173,0.619259,0.211311,1.387153,2.701462,6.499661,9.278605,1416854019.4,0.378277,0.469586,0.798394,0.647313,潍柴动力
cup_v2_trend_scored,杯柄 V2 趋势增强,000408.SZ,2024-01-02,0.594312,trend_cup,29.423328,30.419551,28.369186,30.060448,0.82488,15.521423,1.010509,10.486652,1.27551,10.510282,0.659214,0.620874,0.298506,4.890865,1.368602,2.407261,6.323339,199715376.7,0.297586,0.59247,0.772867,0.494021,藏格矿业
cup_v2_trend_scored,杯柄 V2 趋势增强,000411.SZ,2024-12-12,0.651698,trend_cup,14.942286,15.627356,14.153809,15.588578,0.865086,22.163121,2.925532,14.793369,1.366732,14.820847,0.544527,0.485201,0.247977,6.914894,2.71411,4.6875,4.328622,83791332.55,0.548251,0.489498,1.0,0.29534,英特集团
cup_v2_trend_scored,杯柄 V2 趋势增强,000417.SZ,2022-12-21,0.590049,trend_cup,9.253972,9.848605,9.179643,9.662782,0.744034,20.04008,1.002004,12.040794,2.086743,14.339623,0.367166,0.473276,0.270283,4.208417,1.824009,4.627767,4.793633,80175496.15,0.485331,0.449132,0.92467,0.333926,合百集团
cup_v2_trend_scored,杯柄 V2 趋势增强,000423.SZ,2022-12-26,0.681203,trend_cup,48.718459,51.021733,45.87253,50.358487,0.883654,21.618205,3.817952,12.399571,1.217709,11.155755,0.701476,0.554598,0.206543,5.587863,1.834942,2.528849,8.663589,207396501.2,0.396634,0.615834,0.928314,0.625382,东阿阿胶
cup_v2_trend_scored,杯柄 V2 趋势增强,000425.SZ,2023-01-13,0.619213,trend_cup,38.608765,39.663649,35.16281,39.593324,0.922141,20.076353,7.063197,10.986989,0.817544,11.347518,0.638743,0.604668,0.18613,3.919199,2.101078,2.925046,6.731138,198771066.35,0.268137,0.449739,1.0,0.486841,徐工机械
cup_v2_trend_scored,杯柄 V2 趋势增强,000425.SZ,2025-09-19,0.651603,trend_cup,74.42867,79.863624,68.842745,79.410711,0.813335,20.649895,1.298701,18.32593,3.31518,15.879017,0.143126,0.372663,0.259768,12.542068,1.59209,5.941591,5.761166,1001138172.9,0.840735,0.212929,0.847363,0.378184,徐工机械
cup_v2_trend_scored,杯柄 V2 趋势增强,000528.SZ,2023-03-06,0.572432,trend_cup,18.078151,18.621271,15.078057,18.362643,0.560751,11.392405,7.753165,13.488025,2.542307,14.444444,0.326259,0.534987,0.289122,12.341772,1.972233,2.601156,4.393391,109244170.45,0.622679,0.414627,0.974078,0.324987,柳工
cup_v2_trend_scored,杯柄 V2 趋势增强,000539.SZ,2024-05-28,0.571239,trend_cup,9.321299,9.725168,8.319704,9.692858,0.640746,23.58156,8.687943,12.637277,2.300308,15.03268,0.426051,0.512269,0.32404,6.382979,1.705532,3.448276,4.225014,367748124.7,0.545165,0.466892,0.885177,0.317155,粤电力Ａ
cup_v2_trend_scored,杯柄 V2 趋势增强,000552.SZ,2022-06-08,0.58294,trend_cup,21.867845,23.412043,18.928886,23.162979,0.495711,21.303258,4.761905,16.459763,2.7162,16.170213,0.164686,0.314645,0.244829,16.541353,1.936006,5.681818,7.10825,365677516.55,0.809512,0.211379,0.962002,0.460229,甘肃能化
cup_v2_trend_scored,杯柄 V2 趋势增强,000555.SZ,2023-02-03,0.606227,trend_cup,24.114644,24.746024,20.550402,24.746024,0.792671,20.441052,14.418999,9.728013,3.291791,12.921811,0.414344,0.606314,0.308862,3.053435,1.358433,2.618243,7.611916,97960665.7,0.507475,0.339801,0.769478,0.590131,神州信息
cup_v2_trend_scored,杯柄 V2 趋势增强,000555.SZ,2023-02-15,0.612958,trend_cup,25.05153,25.784746,20.550402,25.68291,0.792671,20.441052,14.418999,12.48216,2.254957,13.033175,0.215851,0.49889,0.275911,6.955047,1.827972,2.938776,6.892736,116120801.45,0.530879,0.298523,0.925991,0.499451,神州信息
cup_v2_trend_scored,杯柄 V2 趋势增强,000582.SZ,2025-04-03,0.583972,trend_cup,13.683637,14.648406,12.863584,14.600167,0.719898,13.752914,6.759907,8.855499,1.59291,10.757409,0.665492,0.710407,0.187459,5.827506,2.222933,5.581395,10.310681,218371192.7,0.246641,0.516165,1.0,0.585538,北部湾港
cup_v2_trend_scored,杯柄 V2 趋势增强,000597.SZ,2023-11-24,0.579284,trend_cup,13.131235,13.473789,12.514637,13.31393,0.52075,17.199782,0.544465,11.231239,3.015828,9.322034,0.486724,0.588363,0.338785,0.777719,2.786841,2.280702,8.324234,89397067.95,0.556492,0.533525,0.722215,0.648044,东北制药
cup_v2_trend_scored,杯柄 V2 趋势增强,000623.SZ,2022-12-12,0.572709,trend_cup,37.888224,38.881634,34.53835,38.511993,0.583899,17.106918,5.974843,14.688682,3.072041,11.467617,0.190976,0.467495,0.236781,4.842767,1.610309,2.647783,3.700566,227696775.0,0.755599,0.359826,0.853436,0.240451,吉林敖东
cup_v2_trend_scored,杯柄 V2 趋势增强,000650.SZ,2023-09-11,0.569256,trend_cup,33.773238,36.487159,32.918855,35.934323,0.626898,13.450292,4.239766,10.197791,0.583789,11.707989,0.689288,0.648956,0.279837,4.532164,2.783207,6.39881,7.771915,236731387.7,0.195073,0.635244,1.0,0.604084,仁和药业
cup_v2_trend_scored,杯柄 V2 趋势增强,000651.SZ,2023-02-23,0.58144,trend_cup,190.562411,196.297172,177.935415,194.824022,0.742464,19.70124,4.678692,9.726646,0.38595,9.354061,0.592872,0.64474,0.270081,4.368658,2.532976,2.633038,8.460744,1129928922.55,0.144169,0.554131,1.0,0.651765,格力电器
cup_v2_trend_scored,杯柄 V2 趋势增强,000651.SZ,2023-03-13,0.589901,trend_cup,192.621696,200.789591,177.935415,200.735499,0.742464,19.70124,4.678692,9.912559,2.120997,12.065184,0.531022,0.623788,0.265208,7.53548,1.542758,4.2123,6.265624,1482173736.8,0.371378,0.559853,0.830919,0.480431,格力电器
cup_v2_trend_scored,杯柄 V2 趋势增强,000690.SZ,2024-05-13,0.58153,trend_cup,11.801471,12.107209,10.843493,12.025679,0.826331,21.755027,2.74223,13.789778,2.04974,10.43771,0.201412,0.431201,0.318908,7.86106,1.317503,2.253033,3.601651,347702584.15,0.577872,0.347683,0.755834,0.248597,宝新能源
cup_v2_trend_scored,杯柄 V2 趋势增强,000690.SZ,2025-06-25,0.590388,trend_cup,9.938658,10.383341,9.471741,10.338873,0.810793,20.711297,2.517162,12.442566,1.075805,9.850107,0.669999,0.618118,0.256085,0.721856,2.202456,3.794643,6.711318,137699660.75,0.381285,0.508093,0.715232,0.509704,宝新能源
cup_v2_trend_scored,杯柄 V2 趋势增强,000725.SZ,2023-02-15,0.656575,trend_cup,5.504071,5.800133,5.315667,5.732846,0.705352,20.29703,2.227723,15.202596,3.106871,15.081206,0.071473,0.422044,0.29665,5.445545,2.214964,4.926108,6.906945,1700793728.5,0.788503,0.271232,1.0,0.487527,京东方Ａ
cup_v2_trend_scored,杯柄 V2 趋势增强,000726.SZ,2025-07-15,0.563459,trend_cup,11.025221,11.153795,10.494854,11.137724,0.747696,24.689898,0.457317,10.546109,1.530102,13.544669,0.64209,0.674626,0.231406,1.822843,2.778724,2.363368,6.515452,58700686.35,0.332713,0.423698,0.852855,0.501737,鲁泰Ａ
cup_v2_trend_scored,杯柄 V2 趋势增强,000728.SZ,2025-07-24,0.638746,trend_cup,19.344904,20.103979,18.700841,20.080977,0.961681,20.581418,1.215067,12.73152,2.286626,10.755149,0.503363,0.63994,0.265799,0.879706,2.073484,3.558719,4.57793,355980776.15,0.548691,0.420542,0.734963,0.358069,国元证券
cup_v2_trend_scored,杯柄 V2 趋势增强,000768.SZ,2024-06-05,0.585221,trend_cup,25.646515,26.991872,24.438873,26.727038,0.759362,26.181354,1.787995,12.120875,1.732736,9.22292,0.114274,0.446358,0.359621,7.407407,1.859391,3.613963,5.665805,516702967.85,0.445529,0.373339,0.936464,0.419411,中航西飞
cup_v2_trend_scored,杯柄 V2 趋势增强,000768.SZ,2025-07-17,0.595389,trend_cup,29.013263,30.851981,28.457371,30.691628,0.763516,25.424929,0.336952,13.476458,2.011529,15.453915,0.418021,0.540967,0.37181,2.159023,1.98907,5.784819,4.935781,910196634.75,0.555689,0.341373,0.874568,0.391968,中航西飞
cup_v2_trend_scored,杯柄 V2 趋势增强,000776.SZ,2025-07-18,0.640709,trend_cup,51.91607,53.802855,51.326449,53.301677,0.976967,19.4163,0.286369,10.894978,2.290455,12.946422,0.515728,0.606053,0.302492,3.550974,1.504489,2.668938,4.435781,976576009.0,0.447139,0.49077,0.818163,0.349944,广发证券
cup_v2_trend_scored,杯柄 V2 趋势增强,000778.SZ,2025-07-22,0.623445,trend_cup,11.206814,11.406426,10.43688,11.37791,0.89192,21.212121,2.917772,12.874213,2.554434,13.966307,0.487549,0.627789,0.235133,1.303687,2.13469,2.307692,4.244261,239144054.75,0.590094,0.37638,0.787961,0.320807,新兴铸管
cup_v2_trend_scored,杯柄 V2 趋势增强,000783.SZ,2025-07-24,0.626,trend_cup,21.215016,22.297713,20.57125,22.180665,0.88042,22.500275,2.766252,12.930523,1.635464,10.367454,0.467615,0.551774,0.288121,4.840941,2.052842,4.264099,3.595522,547364916.6,0.478351,0.44188,1.0,0.269044,长江证券
cup_v2_trend_scored,杯柄 V2 趋势增强,000791.SZ,2025-04-01,0.635296,trend_cup,11.103924,11.46853,10.523868,11.352519,0.806111,16.79049,2.307692,12.60891,2.771231,17.196532,0.416488,0.566437,0.205275,1.783061,1.611727,4.261796,9.361647,277266943.45,0.602454,0.371167,0.701792,0.626068,甘肃能源
cup_v2_trend_scored,杯柄 V2 趋势增强,000791.SZ,2025-04-25,0.61013,trend_cup,11.46853,11.899429,11.054205,11.84971,0.883231,19.42446,4.028777,12.80568,1.468495,12.952646,0.255318,0.511773,0.28301,2.877698,1.545004,3.473227,7.196854,363753892.8,0.450544,0.315304,0.81638,0.52761,甘肃能源
cup_v2_trend_scored,杯柄 V2 趋势增强,000799.SZ,2025-08-18,0.58905,trend_cup,55.532718,58.319228,53.426381,57.540322,0.669009,24.518119,2.248093,16.7308,1.410302,13.186606,0.215647,0.402231,0.261965,2.352756,1.540461,3.594707,6.907799,509554321.75,0.661332,0.337026,0.749248,0.472232,酒鬼酒
cup_v2_trend_scored,杯柄 V2 趋势增强,000811.SZ,2023-02-14,0.584151,trend_cup,48.754412,50.268524,40.502501,50.154966,0.732035,22.459893,17.755573,11.793905,2.84006,12.198795,0.253217,0.523273,0.374807,1.222307,1.616139,2.792863,8.001855,92068021.15,0.56578,0.312958,0.633168,0.6184,冰轮环境
cup_v2_trend_scored,杯柄 V2 趋势增强,000829.SZ,2026-01-12,0.594266,trend_cup,11.807842,12.310521,10.597307,12.207934,0.678707,18.18973,10.095735,12.837208,0.96274,13.916667,0.541944,0.583695,0.214608,3.56832,2.150118,5.030891,7.936557,350186218.35,0.389076,0.44376,1.0,0.580548,天音控股
cup_v2_trend_scored,杯柄 V2 趋势增强,000830.SZ,2025-08-21,0.614493,trend_cup,19.19554,20.37872,17.638724,20.20747,0.854566,19.165713,8.481422,18.071677,1.546868,13.445378,0.053348,0.404296,0.29681,4.846527,2.277735,5.442729,3.058419,372743532.15,0.633821,0.264358,1.0,0.194499,鲁西化工
cup_v2_trend_scored,杯柄 V2 趋势增强,000837.SZ,2025-02-19,0.566415,trend_cup,10.786981,11.566268,9.597542,11.566268,0.472756,16.281513,1.680672,16.542972,4.970686,17.730496,0.0,0.32272,0.192755,18.487395,1.758313,5.617978,5.479607,539663192.75,0.97461,0.085172,0.902771,0.324477,秦川机床
cup_v2_trend_scored,杯柄 V2 趋势增强,000863.SZ,2024-12-11,0.602112,trend_cup,5.363404,5.700301,5.228645,5.60597,0.867127,22.469136,3.241895,12.18986,0.940071,15.130024,0.497521,0.448509,0.319867,2.716049,1.781967,4.0,6.240035,135551147.1,0.350279,0.453117,0.875162,0.45109,三湘印象
cup_v2_trend_scored,杯柄 V2 趋势增强,000878.SZ,2025-07-22,0.638303,trend_cup,14.888955,15.500069,13.866728,15.488957,0.760797,21.203008,1.10935,15.620579,2.785859,14.551971,0.363946,0.534952,0.196689,6.971248,1.656815,3.182828,5.637795,731642969.4,0.771598,0.289676,0.868938,0.390579,云南铜业
cup_v2_trend_scored,杯柄 V2 趋势增强,000881.SZ,2026-01-12,0.581325,trend_cup,10.400351,10.824855,9.852964,10.713143,0.894237,20.175439,3.289474,11.932459,1.52074,15.273478,0.489827,0.569079,0.383254,5.153509,1.383404,3.007519,3.618319,283722392.1,0.408562,0.413129,0.777801,0.30362,中广核技
cup_v2_trend_scored,杯柄 V2 趋势增强,000883.SZ,2024-03-15,0.564483,trend_cup,12.928131,13.513356,12.39611,13.486754,0.489382,15.053763,-0.215054,14.662646,3.114301,13.976378,0.297306,0.500984,0.212263,9.032258,1.301438,3.469388,10.274347,138902595.0,0.759435,0.283489,0.750479,0.543349,湖北能源
cup_v2_trend_scored,杯柄 V2 趋势增强,000883.SZ,2024-04-01,0.613012,trend_cup,14.151782,14.417793,12.39611,14.231585,0.506192,15.053763,-0.215054,17.161837,3.119152,14.944649,0.198075,0.398809,0.270088,15.053763,1.531404,2.294455,7.864589,140317877.3,0.880903,0.296762,0.827135,0.545573,湖北能源
cup_v2_trend_scored,杯柄 V2 趋势增强,000902.SZ,2024-04-19,0.573739,trend_cup,26.409135,27.438062,25.311613,27.186547,0.767267,20.757967,1.160714,9.393688,1.098298,13.166667,0.664275,0.589461,0.234375,2.411714,2.674964,2.677029,7.273916,89567549.1,0.214714,0.5266,0.926464,0.538221,新洋丰
cup_v2_trend_scored,杯柄 V2 趋势增强,000915.SZ,2024-03-19,0.568828,trend_cup,50.470473,52.277675,47.511909,51.767577,0.319762,28.414162,1.54032,17.695137,3.5008,17.117368,0.003823,0.270424,0.285842,5.682832,2.031103,2.540416,9.019795,112650781.5,0.898981,0.139721,0.993701,0.601874,华特达因
cup_v2_trend_scored,杯柄 V2 趋势增强,000926.SZ,2023-07-25,0.636977,trend_cup,5.679746,5.921438,4.821742,5.861015,0.571872,14.41048,12.882096,13.552113,3.061345,15.918367,0.467865,0.570461,0.212799,5.895197,3.242335,3.632479,9.551388,92492317.75,0.691119,0.398933,1.0,0.615101,福星股份
cup_v2_trend_scored,杯柄 V2 趋势增强,000927.SZ,2025-07-22,0.625614,trend_cup,2.885863,2.937581,2.730709,2.937581,0.863131,16.666667,2.222222,10.493588,2.16037,11.603341,0.628779,0.690228,0.234507,4.109122,2.768776,2.527076,5.383143,119277148.45,0.408579,0.436363,1.0,0.421645,中国铁物
cup_v2_trend_scored,杯柄 V2 趋势增强,000948.SZ,2025-06-16,0.590754,trend_cup,30.222652,31.784585,28.418088,31.587448,0.657884,28.891099,3.402062,12.836532,1.856665,16.009501,0.390389,0.396685,0.208144,3.580308,2.109139,4.568273,8.240741,536861770.6,0.500779,0.323065,1.0,0.55467,南天信息
cup_v2_trend_scored,杯柄 V2 趋势增强,000950.SZ,2024-12-17,0.560572,trend_cup,9.93243,10.345593,9.387055,10.229907,0.519467,24.055968,3.401361,12.369316,2.063141,13.41853,0.519027,0.497693,0.315201,5.272109,2.140598,3.511706,6.027641,183432398.05,0.500632,0.461418,1.0,0.446057,重药控股
cup_v2_trend_scored,杯柄 V2 趋势增强,000951.SZ,2025-07-22,0.623093,trend_cup,58.910753,61.524226,50.067116,61.339746,0.779925,19.18407,19.086935,14.27468,2.635639,14.142929,0.52035,0.612653,0.237298,-0.869329,2.544357,3.90625,8.438711,214943703.45,0.678048,0.378205,0.516334,0.632256,中国重汽
cup_v2_trend_scored,杯柄 V2 趋势增强,000960.SZ,2025-07-18,0.615055,trend_cup,22.092542,22.992053,19.094171,22.787619,0.685791,18.621134,3.37931,14.669975,3.336102,16.59751,0.269499,0.520478,0.213797,9.202438,1.664823,3.915475,4.715493,506996640.9,0.787567,0.309326,0.871608,0.322921,锡业股份
cup_v2_trend_scored,杯柄 V2 趋势增强,000963.SZ,2025-05-23,0.603649,trend_cup,181.16183,187.555776,157.291094,184.912945,0.573851,22.605651,7.726932,16.852157,2.210345,16.136364,0.358352,0.484534,0.202767,8.477119,1.502313,2.456306,10.951583,595740351.25,0.76808,0.353721,0.817438,0.485595,华东医药
cup_v2_trend_scored,杯柄 V2 趋势增强,000963.SZ,2025-06-12,0.593407,trend_cup,187.866472,196.504011,157.291094,194.64694,0.573851,22.605651,7.726932,16.805512,3.401554,15.790347,0.170301,0.389691,0.201156,14.187459,1.206821,3.847926,5.909104,697709516.65,0.914389,0.261596,0.71894,0.375952,华东医药
cup_v2_trend_scored,杯柄 V2 趋势增强,000975.SZ,2024-03-29,0.66177,trend_cup,40.896808,42.880256,30.412869,42.714968,0.828294,20.529374,16.84958,19.653409,3.369483,15.198238,0.110318,0.355961,0.208332,16.785023,1.606254,6.914894,9.689924,527996589.15,0.773774,0.192506,0.852085,0.549746,山金国际
cup_v2_trend_scored,杯柄 V2 趋势增强,000997.SZ,2023-02-09,0.575678,trend_cup,29.23574,30.363235,28.543419,30.22477,0.701804,22.555411,0.688231,11.204105,2.81354,11.726384,0.419784,0.590046,0.202474,-0.391134,2.015264,3.173531,9.359625,107305972.7,0.529698,0.40568,0.56453,0.631282,新大陆
cup_v2_trend_scored,杯柄 V2 趋势增强,001201.SZ,2025-07-21,0.64062,trend_cup,28.694278,30.222579,28.333668,29.999344,0.939347,19.536817,2.019002,14.2166,2.599355,14.96063,0.292659,0.501959,0.2592,3.741093,1.18942,4.673457,3.357382,70500408.7,0.670286,0.420463,0.71314,0.230053,东瑞股份
cup_v2_trend_scored,杯柄 V2 趋势增强,001227.SZ,2025-07-09,0.567811,trend_cup,2.998491,3.077996,2.816764,3.066638,0.814815,19.047167,3.501946,11.693326,1.776802,9.9631,0.5696,0.637944,0.22806,2.136752,1.346601,2.272727,4.677491,263461622.4,0.427285,0.487314,0.657628,0.353716,兰州银行
cup_v2_trend_scored,杯柄 V2 趋势增强,001259.SZ,2024-01-16,0.561871,trend_cup,31.22,31.87,27.2,31.85,0.622809,11.513158,8.816628,9.660574,2.515285,15.0,0.506777,0.651363,0.253125,4.769737,1.605494,3.274968,9.763189,53337784.65,0.406665,0.399059,0.851831,0.631539,利仁科技
cup_v2_trend_scored,杯柄 V2 趋势增强,001286.SZ,2024-04-11,0.573121,trend_cup,10.337512,10.916413,10.151437,10.8027,0.503139,25.757576,0.808081,16.644652,1.047446,11.363636,0.219627,0.366493,0.289057,5.555556,2.218721,3.567889,10.196116,257913620.5,0.611189,0.325833,1.0,0.538632,陕西能源
cup_v2_trend_scored,杯柄 V2 趋势增强,001289.SZ,2023-06-26,0.624652,trend_cup,20.584954,22.648482,20.111852,22.255908,0.716427,20.262664,6.285178,16.417439,1.535292,14.133333,0.225393,0.435605,0.22091,3.705441,1.503243,6.863219,7.656831,207844089.05,0.659547,0.366752,0.817748,0.524437,龙源电力
cup_v2_trend_scored,杯柄 V2 趋势增强,001965.SZ,2023-05-04,0.608769,trend_cup,10.93259,11.403822,9.825194,11.22711,0.544857,14.057143,4.685714,11.631721,2.040119,12.603306,0.632001,0.610137,0.219645,8.914286,3.452432,3.812636,9.351632,72278612.6,0.456777,0.58726,1.0,0.642055,招商公路
cup_v2_trend_scored,杯柄 V2 趋势增强,002008.SZ,2025-03-18,0.591972,trend_cup,50.14709,53.368344,46.978072,52.706681,0.698845,18.064977,3.677258,13.615464,1.397099,12.463295,0.354165,0.47091,0.195433,8.068547,1.910416,5.691341,6.640226,1191090630.1,0.486608,0.409732,0.953472,0.449375,大族激光
cup_v2_trend_scored,杯柄 V2 趋势增强,002019.SZ,2023-04-17,0.572333,trend_cup,39.898481,40.991956,38.618316,40.671914,0.658984,17.65928,-0.277008,11.93756,2.728313,14.703969,0.379661,0.553749,0.388413,5.609418,1.323749,2.348993,6.18773,150955150.45,0.559792,0.375862,0.757916,0.494041,亿帆医药
cup_v2_trend_scored,杯柄 V2 趋势增强,002020.SZ,2025-04-01,0.634736,trend_cup,84.621378,87.892057,81.231765,86.524318,0.72289,16.129032,2.078853,13.056541,2.757229,13.328823,0.26614,0.493243,0.2817,4.301075,1.277254,2.320675,9.199567,184104197.05,0.625573,0.419815,0.742418,0.642853,京新药业
cup_v2_trend_scored,杯柄 V2 趋势增强,002022.SZ,2023-03-17,0.618771,trend_cup,18.934741,19.832388,17.840734,19.692131,0.760779,16.322009,4.072398,11.83538,2.481564,13.861386,0.484931,0.581076,0.266871,3.692762,1.804891,3.846154,11.826314,76600905.7,0.523272,0.427054,0.918297,0.463357,科华生物
cup_v2_trend_scored,杯柄 V2 趋势增强,002033.SZ,2024-04-11,0.630191,trend_cup,40.108054,42.651491,38.034174,42.338453,0.713283,26.589595,0.511771,16.865583,2.392791,14.495413,0.38822,0.435078,0.218654,4.238921,1.567292,4.038462,12.089055,294813230.45,0.791631,0.312153,0.839097,0.392687,丽江股份
cup_v2_trend_scored,杯柄 V2 趋势增强,002043.SZ,2024-04-29,0.610461,trend_cup,40.16907,42.224051,36.408066,41.875092,0.814304,19.770774,10.315186,8.794198,1.693263,13.774105,0.616671,0.649956,0.18,3.151862,2.308969,3.349282,10.040913,122431265.3,0.25578,0.501374,1.0,0.58842,兔宝宝
cup_v2_trend_scored,杯柄 V2 趋势增强,002056.SZ,2025-07-11,0.569205,trend_cup,71.347526,73.512488,64.612089,72.213511,0.613563,22.567836,5.621926,11.871794,1.157982,12.10733,0.508516,0.577678,0.295799,2.729855,2.406169,2.878684,6.081117,390985569.45,0.359847,0.569649,0.966232,0.464243,横店东磁
cup_v2_trend_scored,杯柄 V2 趋势增强,002064.SZ,2023-02-21,0.58685,trend_cup,36.536472,37.598065,33.263229,37.199967,0.729927,24.125,1.052632,13.679373,2.603627,13.529412,0.127918,0.446381,0.192194,5.125,1.946881,2.937576,3.508091,165880605.2,0.640974,0.310749,0.965627,0.20736,华峰化学
cup_v2_trend_scored,杯柄 V2 趋势增强,002065.SZ,2023-02-09,0.644205,trend_cup,43.388957,45.654519,38.239951,45.448559,0.849513,19.375,12.96875,9.051973,2.499793,10.977444,0.477308,0.62744,0.238754,3.4375,2.738864,4.08805,8.247453,137136848.1,0.370917,0.44614,1.0,0.622045,东华软件
cup_v2_trend_scored,杯柄 V2 趋势增强,002091.SZ,2024-11-20,0.562702,trend_cup,31.872984,33.020084,28.008608,32.979116,0.418714,24.34128,13.048934,16.046554,2.700648,13.09626,0.356754,0.393187,0.184374,2.381715,1.905348,2.941176,10.779597,213183533.65,0.784612,0.313103,0.874497,0.470139,江苏国泰
cup_v2_trend_scored,杯柄 V2 趋势增强,002092.SZ,2023-02-02,0.587608,trend_cup,13.355962,13.95145,12.096928,13.798325,0.600705,26.355612,8.846154,14.956649,0.936595,13.292683,0.427271,0.474528,0.243389,2.269861,2.9148,3.841229,8.731701,205293863.35,0.503555,0.405946,0.908733,0.621526,中泰化学
cup_v2_trend_scored,杯柄 V2 趋势增强,002092.SZ,2025-05-14,0.572025,trend_cup,8.499258,8.706557,8.257409,8.689282,0.566699,18.069815,0.416667,10.343315,3.795768,15.277778,0.445862,0.563521,0.191162,3.285421,1.928567,2.028398,6.667856,100402414.6,0.604655,0.315857,0.959522,0.473318,中泰化学
cup_v2_trend_scored,杯柄 V2 趋势增强,002128.SZ,2025-07-22,0.622019,trend_cup,38.251,40.933588,36.34038,40.586202,0.650149,15.876893,3.571206,13.609994,1.535263,12.095461,0.667741,0.630182,0.216373,7.063703,2.849639,6.051437,7.005976,186721660.2,0.503574,0.531376,1.0,0.522906,电投能源
cup_v2_trend_scored,杯柄 V2 趋势增强,002157.SZ,2024-05-22,0.576434,trend_cup,16.329351,17.137735,14.443122,17.02995,0.447279,26.644737,11.842105,15.518187,1.686281,14.465409,0.508024,0.526671,0.338585,3.947368,2.576089,3.947368,7.471733,104106902.1,0.628462,0.382152,1.0,0.568623,正邦科技
cup_v2_trend_scored,杯柄 V2 趋势增强,002206.SZ,2025-05-27,0.633784,trend_cup,61.162271,64.802883,57.227047,64.196114,0.534384,22.95082,0.0,15.677366,2.736778,14.04309,0.042684,0.262197,0.42133,12.177926,2.256838,4.752475,9.009145,149863087.05,0.768618,0.310069,1.0,0.641262,海利得
cup_v2_trend_scored,杯柄 V2 趋势增强,002212.SZ,2023-03-21,0.56083,trend_cup,24.403396,25.326654,22.871626,25.158789,0.887449,20.654912,8.403361,9.372862,0.135673,9.693455,0.707587,0.608374,0.282917,0.671704,1.457883,2.566296,9.465532,205038047.3,0.093229,0.664477,0.511591,0.652054,天融信
cup_v2_trend_scored,杯柄 V2 趋势增强,002215.SZ,2023-12-06,0.611569,trend_cup,43.802515,45.728443,39.259301,45.530912,0.644971,25.555556,1.851852,19.357901,3.248621,14.699571,0.0,0.326337,0.332199,13.82716,1.395963,4.180791,8.502574,164774112.6,0.775083,0.214655,0.781988,0.593937,诺普信
cup_v2_trend_scored,杯柄 V2 趋势增强,002232.SZ,2023-03-22,0.62138,trend_cup,24.555731,25.399249,22.853076,25.258662,0.82091,21.805467,6.993007,11.95089,1.514148,11.192214,0.649273,0.554703,0.222394,2.797203,1.327078,2.212389,7.310911,286363496.0,0.408762,0.596183,0.733676,0.528712,启明信息
cup_v2_trend_scored,杯柄 V2 趋势增强,002252.SZ,2023-06-16,0.654429,trend_cup,170.482991,181.405299,163.609329,178.31856,0.692854,14.950635,2.397743,14.760941,2.521421,17.890662,0.426003,0.532665,0.230067,6.377148,2.629399,4.74198,10.957712,461613098.25,0.690786,0.399612,1.0,0.505358,上海莱士
cup_v2_trend_scored,杯柄 V2 趋势增强,002252.SZ,2023-11-30,0.582339,trend_cup,180.455533,191.615283,174.282054,188.765985,0.537245,16.537468,0.0,12.84866,2.369008,13.754647,0.423169,0.551812,0.180094,2.713178,3.226363,4.467806,11.036068,293924431.15,0.565496,0.456471,0.964147,0.489276,上海莱士
cup_v2_trend_scored,杯柄 V2 趋势增强,002258.SZ,2022-06-17,0.610112,trend_cup,84.572537,88.753575,81.411265,87.155943,0.580874,23.930719,0.869205,16.237432,2.361827,17.004979,0.227059,0.377944,0.195472,5.427912,2.65027,6.169772,6.990848,303202266.0,0.752863,0.285474,1.0,0.452441,利尔化学
cup_v2_trend_scored,杯柄 V2 趋势增强,002266.SZ,2024-11-07,0.581551,trend_cup,40.520723,41.444272,35.672089,41.328828,0.738198,22.83237,10.693642,17.885956,1.36294,13.927577,0.0,0.317639,0.223072,3.468208,1.324724,3.170029,5.660374,123649837.35,0.621148,0.341868,0.758241,0.345859,浙富控股
cup_v2_trend_scored,杯柄 V2 趋势增强,002267.SZ,2024-12-04,0.641691,trend_cup,24.759261,25.914298,23.159979,25.529286,0.749344,22.766218,4.283966,13.850489,1.437193,10.628571,0.629779,0.517083,0.202159,5.507956,1.855721,2.741359,6.379235,141805187.5,0.504676,0.601489,0.93524,0.443361,陕天然气
cup_v2_trend_scored,杯柄 V2 趋势增强,002270.SZ,2023-04-12,0.594959,trend_cup,21.559113,22.085503,19.934169,22.085503,0.920849,19.522777,5.531453,8.498079,1.147641,9.533679,0.70008,0.723495,0.303017,4.663774,1.818339,3.987069,6.104312,95353230.8,0.171126,0.496999,0.92278,0.504602,华明装备
cup_v2_trend_scored,杯柄 V2 趋势增强,002271.SZ,2025-09-16,0.562785,trend_cup,342.400805,353.747974,315.73496,352.329578,0.740213,21.30549,5.871906,10.943195,1.577859,10.74579,0.682525,0.624888,0.217418,2.63895,1.274306,2.644628,6.800161,567699374.5,0.360743,0.510491,0.696304,0.50646,东方雨虹
cup_v2_trend_scored,杯柄 V2 趋势增强,002293.SZ,2025-05-19,0.65087,trend_cup,83.951976,87.923897,73.570818,87.111459,0.824341,20.111732,4.454865,16.877612,2.733341,16.324435,0.312769,0.466366,0.307448,7.821229,1.498611,4.550379,4.039512,93310892.15,0.834868,0.300279,0.816204,0.286789,罗莱生活
cup_v2_trend_scored,杯柄 V2 趋势增强,002299.SZ,2025-04-01,0.575137,trend_cup,39.094158,40.740503,38.545376,40.426913,0.81369,15.19462,0.940228,9.566203,2.407801,13.085311,0.545409,0.646999,0.229649,0.071642,1.519176,2.996005,8.736814,180188316.55,0.387986,0.484384,0.457014,0.660906,圣农发展
cup_v2_trend_scored,杯柄 V2 趋势增强,002300.SZ,2023-10-20,0.577293,trend_cup,65.474738,67.75874,56.338728,67.07354,0.663958,13.813224,13.14554,8.584458,2.413644,15.083799,0.440054,0.58677,0.318587,3.403756,1.786494,2.920561,9.855599,93201594.9,0.334175,0.477352,0.912165,0.628099,太阳电缆
cup_v2_trend_scored,杯柄 V2 趋势增强,002318.SZ,2023-07-05,0.57767,trend_cup,105.551521,109.839743,97.403899,108.553276,0.630493,15.29745,3.811252,9.96312,1.738705,11.15449,0.612156,0.649047,0.263798,3.094759,1.654769,2.784223,9.760559,61952684.65,0.3264,0.571237,0.868256,0.634359,久立特材
cup_v2_trend_scored,杯柄 V2 趋势增强,002320.SZ,2025-07-17,0.671747,trend_cup,94.257385,99.218299,90.855614,98.793078,0.886341,20.588235,1.987768,13.257223,2.526249,14.857143,0.406954,0.600778,0.210249,3.197279,2.004127,4.96988,6.388067,178040868.95,0.607849,0.353575,0.984709,0.467374,海峡股份
cup_v2_trend_scored,杯柄 V2 趋势增强,002322.SZ,2023-03-08,0.627175,trend_cup,56.032639,58.941437,54.348598,58.941437,0.818487,22.351885,4.398564,15.200479,0.878565,7.792208,0.172996,0.429079,0.422097,3.680431,1.740084,5.383212,7.639827,63046793.3,0.509847,0.320649,0.896695,0.581886,理工能科
cup_v2_trend_scored,杯柄 V2 趋势增强,002322.SZ,2023-03-27,0.588474,trend_cup,61.084762,62.00333,55.216134,61.748172,0.651834,27.065767,3.220036,15.417634,2.100974,11.522634,0.61069,0.514504,0.200182,2.023609,1.370145,2.455546,6.513357,83160714.0,0.674712,0.434823,0.651333,0.452182,理工能科
cup_v2_trend_scored,杯柄 V2 趋势增强,002330.SZ,2024-12-02,0.590095,trend_cup,9.827134,10.197969,8.178977,10.115561,0.537299,25.489531,10.986547,18.123496,2.63956,13.737374,0.313819,0.402974,0.192765,5.43124,1.657754,2.505219,11.155551,72114406.3,0.767528,0.327987,0.869251,0.446906,得利斯
cup_v2_trend_scored,杯柄 V2 趋势增强,002352.SZ,2022-12-27,0.62092,trend_cup,202.257593,213.546715,190.863293,210.145955,0.735116,21.987952,1.233672,14.340944,3.160525,14.84157,0.215462,0.393962,0.353127,6.201276,1.297482,4.425087,5.709063,1146861264.95,0.74734,0.345714,0.749161,0.407608,顺丰控股
cup_v2_trend_scored,杯柄 V2 趋势增强,002367.SZ,2024-12-02,0.621386,trend_cup,64.038177,66.592406,59.385831,66.501184,0.539913,27.814205,6.195965,17.530095,2.235772,10.821918,0.388665,0.432455,0.197587,2.780165,2.357319,4.741379,10.524124,89060462.25,0.750022,0.394943,0.972521,0.50308,康力电梯
cup_v2_trend_scored,杯柄 V2 趋势增强,002367.SZ,2025-07-16,0.594133,trend_cup,70.638547,72.256951,63.498533,72.06655,0.78413,19.594595,4.714286,10.106184,2.101022,12.121212,0.626269,0.658352,0.284013,6.757935,1.761905,2.297297,5.917809,60442553.75,0.379638,0.460098,0.903968,0.468627,康力电梯
cup_v2_trend_scored,杯柄 V2 趋势增强,002372.SZ,2024-05-17,0.645176,trend_cup,162.553463,165.808051,143.553707,165.544165,0.801881,23.747017,1.686747,15.139897,3.064549,13.899204,0.267051,0.489146,0.392392,12.291169,1.548478,2.561308,5.134132,168183513.5,0.77973,0.27284,0.832826,0.400064,伟星新材
cup_v2_trend_scored,杯柄 V2 趋势增强,002378.SZ,2023-02-28,0.61324,trend_cup,18.114687,19.490218,17.564474,19.236274,0.605904,27.43561,5.142857,18.131214,3.311258,13.449024,0.0,0.335693,0.273587,1.791713,1.632781,6.565064,8.269622,235258651.75,0.851062,0.262519,0.709891,0.561221,章源钨业
cup_v2_trend_scored,杯柄 V2 趋势增强,002410.SZ,2023-01-03,0.564096,trend_cup,766.556524,807.91611,704.389492,801.916417,0.611804,25.164873,2.474373,20.030189,1.944476,13.019434,0.226807,0.35247,0.182819,9.024644,1.660001,4.787323,7.889688,311942155.75,0.574716,0.28255,0.87,0.50969,广联达
cup_v2_trend_scored,杯柄 V2 趋势增强,002415.SZ,2023-02-20,0.630426,trend_cup,788.947165,853.597003,767.031966,848.118203,0.816299,23.777019,0.455063,12.205352,2.485376,11.168164,0.453602,0.518498,0.244867,10.068259,2.003497,5.998357,4.828811,1697778940.55,0.544303,0.427331,0.984499,0.340245,海康威视
cup_v2_trend_scored,杯柄 V2 趋势增强,002420.SZ,2025-03-17,0.594459,trend_cup,6.589393,6.833822,6.33478,6.813453,0.614104,26.676829,4.601227,15.431069,1.847998,13.818722,0.381469,0.442431,0.199855,1.981707,2.476913,3.560372,10.03068,123820663.1,0.643837,0.321561,0.872713,0.543263,毅昌科技
cup_v2_trend_scored,杯柄 V2 趋势增强,002438.SZ,2025-07-21,0.653912,trend_cup,55.672363,59.719697,53.73481,58.729392,0.762035,25.927507,0.794913,16.169445,2.61649,16.726748,0.32282,0.476159,0.324049,8.426073,2.211008,6.645817,3.608559,204544759.0,0.780919,0.366824,1.0,0.261896,江苏神通
cup_v2_trend_scored,杯柄 V2 趋势增强,002438.SZ,2025-08-06,0.595666,trend_cup,59.504413,62.173931,54.595945,61.78642,0.641769,28.649926,2.909648,16.496593,2.053396,13.03155,0.209677,0.405832,0.286808,9.877489,1.321872,3.684971,5.900489,231941032.4,0.728707,0.372318,0.757291,0.405037,江苏神通
cup_v2_trend_scored,杯柄 V2 趋势增强,002443.SZ,2025-06-19,0.573206,trend_cup,27.147631,28.091151,26.332773,27.79094,0.730611,20.374654,3.761755,9.84054,1.606054,10.475061,0.507803,0.551905,0.310191,1.567398,2.853739,2.857143,7.467768,82807311.1,0.303009,0.516867,0.820925,0.566116,金洲管道
cup_v2_trend_scored,杯柄 V2 趋势增强,002448.SZ,2023-06-02,0.6174,trend_cup,37.989728,39.321685,35.847015,39.147952,0.553947,18.459069,0.642055,16.877503,3.392063,11.634757,0.0,0.371819,0.317699,8.507223,1.481215,3.363914,10.603959,57067307.3,0.917203,0.232459,0.810405,0.517967,中原内配
cup_v2_trend_scored,杯柄 V2 趋势增强,002461.SZ,2023-02-09,0.578793,trend_cup,17.733254,18.811919,16.784029,18.61776,0.597434,23.169268,6.602641,9.59194,1.223645,10.550459,0.738395,0.64783,0.217182,3.601441,2.462734,4.987835,9.707579,73499410.8,0.241397,0.653086,1.0,0.624044,珠江啤酒
cup_v2_trend_scored,杯柄 V2 趋势增强,002461.SZ,2025-04-28,0.568579,trend_cup,23.447591,24.802045,20.98293,24.446778,0.616468,14.436959,9.047161,11.93954,0.358564,15.398389,0.675847,0.628134,0.187619,5.967276,2.499542,2.897196,8.304159,105177072.7,0.263684,0.546543,1.0,0.611131,珠江啤酒
cup_v2_trend_scored,杯柄 V2 趋势增强,002468.SZ,2025-03-03,0.700769,trend_cup,25.836385,27.18437,24.263735,26.959706,0.914687,18.556701,2.702703,14.872842,1.791292,13.636364,0.370787,0.5233,0.250026,3.092784,1.815557,4.347826,9.116061,214582985.2,0.605736,0.372745,0.921852,0.647128,申通快递
cup_v2_trend_scored,杯柄 V2 趋势增强,002469.SZ,2022-08-16,0.634759,trend_cup,57.481919,59.61747,52.321003,59.61747,0.611218,29.411765,5.769231,16.765423,2.312235,13.880597,0.397604,0.500731,0.192693,3.515718,1.875966,4.6875,8.111873,123436337.15,0.775997,0.29324,0.941989,0.566381,三维化学
cup_v2_trend_scored,杯柄 V2 趋势增强,002475.SZ,2025-02-25,0.582474,trend_cup,1517.318132,1613.437833,1439.392518,1585.288492,0.752257,21.627455,5.456595,13.231604,3.014826,15.787234,0.390928,0.50567,0.188911,-0.323764,1.197976,2.85078,8.25867,3239974766.55,0.667498,0.423727,0.300522,0.577491,立讯精密
cup_v2_trend_scored,杯柄 V2 趋势增强,002478.SZ,2023-06-05,0.595728,trend_cup,18.527512,19.409774,17.912602,19.329569,0.613703,22.526648,1.759531,17.343343,1.536828,12.92517,0.0,0.324026,0.313367,6.01173,1.469465,5.393586,9.162856,147103925.95,0.673029,0.282248,0.806488,0.612803,常宝股份
cup_v2_trend_scored,杯柄 V2 趋势增强,002489.SZ,2025-03-28,0.604622,trend_cup,43.694807,45.642208,42.355969,45.155358,0.766498,19.66759,3.601108,9.160455,0.81826,10.4,0.679555,0.600673,0.357737,2.770083,2.159443,3.055556,8.584748,136905569.05,0.166752,0.616036,0.97126,0.676345,浙江永强
cup_v2_trend_scored,杯柄 V2 趋势增强,002494.SZ,2025-11-17,0.648397,trend_cup,15.776316,16.127501,14.668732,16.100486,0.714464,18.987342,1.808318,15.243313,3.762021,15.912898,0.199141,0.437174,0.281393,7.775769,1.249673,2.054795,9.553095,53155825.55,0.872659,0.206647,0.733224,0.602229,华斯股份
cup_v2_trend_scored,杯柄 V2 趋势增强,002515.SZ,2025-03-31,0.678603,trend_cup,58.906623,61.258408,56.554838,60.922439,0.816578,22.813688,3.992395,15.69955,2.79451,11.151737,0.0,0.363263,0.417011,3.422053,1.621574,3.816794,8.165606,158549777.65,0.777066,0.251036,0.857191,0.603339,金字火腿
cup_v2_trend_scored,杯柄 V2 趋势增强,002516.SZ,2023-11-14,0.599085,trend_cup,47.339213,48.877964,45.528918,48.334876,0.838479,16.666667,2.51938,11.55212,1.590177,14.259259,0.413876,0.548622,0.477885,3.488372,2.102115,3.088803,3.623653,119734249.1,0.396112,0.423271,1.0,0.327295,旷达科技
cup_v2_trend_scored,杯柄 V2 趋势增强,002534.SZ,2025-03-26,0.613499,trend_cup,31.65777,33.483291,29.786033,33.437076,0.806475,22.172285,3.445693,15.15047,1.313635,15.52795,0.533259,0.494961,0.184362,8.389513,2.311256,4.931109,5.13163,173803040.1,0.561453,0.313805,1.0,0.338921,西子洁能
cup_v2_trend_scored,杯柄 V2 趋势增强,002539.SZ,2025-06-24,0.579913,trend_cup,60.219617,61.953516,54.951234,61.553385,0.665013,19.657143,5.828571,11.486895,1.02183,11.302476,0.582628,0.555373,0.211752,5.485714,1.983214,2.783964,8.492133,135364904.7,0.321445,0.468458,0.977738,0.614279,云图控股
cup_v2_trend_scored,杯柄 V2 趋势增强,002545.SZ,2025-03-25,0.633026,trend_cup,44.623899,48.391616,43.917452,47.68517,0.753327,14.540816,4.846939,12.074532,1.29273,10.705596,0.473262,0.584494,0.269287,3.316327,3.001707,6.860158,7.65846,150443428.15,0.387954,0.54812,1.0,0.576294,东方铁塔
cup_v2_trend_scored,杯柄 V2 趋势增强,002545.SZ,2025-06-12,0.594922,trend_cup,50.098863,52.159334,47.802911,51.335145,0.697751,18.658537,0.97561,13.719353,2.216908,15.23702,0.448147,0.500662,0.182445,6.341463,1.649317,2.588235,12.826925,119582116.65,0.594855,0.433911,0.866439,0.34288,东方铁塔
cup_v2_trend_scored,杯柄 V2 趋势增强,002572.SZ,2026-02-04,0.560232,trend_cup,325.293065,341.580339,322.578519,340.901703,0.680902,15.547945,2.328767,8.183776,1.982307,12.113232,0.619753,0.677632,0.196471,3.219178,1.482536,5.017422,8.236117,218613982.75,0.257998,0.546683,0.810845,0.621058,索菲亚
cup_v2_trend_scored,杯柄 V2 趋势增强,002588.SZ,2025-05-26,0.602304,trend_cup,88.17234,90.762714,82.393814,90.463825,0.618967,19.929245,2.476415,15.573092,2.213076,11.171961,0.204843,0.426585,0.413469,7.075472,1.178411,2.48307,9.26669,154131934.8,0.697362,0.312358,0.70947,0.660685,史丹利
cup_v2_trend_scored,杯柄 V2 趋势增强,002590.SZ,2026-01-06,0.610076,trend_cup,71.446449,75.460294,69.085363,74.704747,0.671217,18.645161,2.074967,14.269204,3.410988,17.584481,0.298196,0.506447,0.180038,2.064516,1.936852,4.491413,5.603866,301655988.75,0.774663,0.29852,0.845348,0.375913,万安科技
cup_v2_trend_scored,杯柄 V2 趋势增强,002590.SZ,2026-01-23,0.563666,trend_cup,73.099209,76.735281,70.313128,76.499172,0.809692,21.334997,1.651255,14.285714,1.719967,10.519878,0.134062,0.43609,0.300467,1.060512,1.421248,5.331599,5.298789,320135746.35,0.564202,0.352494,0.54798,0.371572,万安科技
cup_v2_trend_scored,杯柄 V2 趋势增强,002595.SZ,2024-04-11,0.5796,trend_cup,176.775481,184.039559,173.460331,182.089471,0.499366,26.435172,0.364044,17.298522,2.287544,11.470199,0.283332,0.385296,0.403122,4.592551,1.22381,2.553542,7.494645,92482317.75,0.769358,0.349106,0.724603,0.554359,豪迈科技
cup_v2_trend_scored,杯柄 V2 趋势增强,002601.SZ,2024-04-03,0.587118,trend_cup,212.388015,220.004388,196.39363,217.719476,0.645711,21.338437,5.744125,13.482551,0.552412,10.731949,0.387219,0.481582,0.230941,4.101711,3.251755,2.720739,9.004443,270011789.75,0.373638,0.42782,1.0,0.639344,龙佰集团
cup_v2_trend_scored,杯柄 V2 趋势增强,002601.SZ,2024-04-24,0.615846,trend_cup,216.305007,225.662266,209.123855,225.55346,0.776887,22.38193,1.334702,12.67427,2.263471,12.970106,0.555632,0.533946,0.220169,6.416838,1.825718,6.85567,6.373082,426464154.6,0.542616,0.362513,0.925239,0.452518,龙佰集团
cup_v2_trend_scored,杯柄 V2 趋势增强,002601.SZ,2024-05-20,0.621298,trend_cup,238.610101,250.252271,210.103103,250.034661,0.780608,24.475524,3.546454,16.939622,2.623688,16.043478,0.193539,0.441338,0.267006,14.785215,1.61186,4.979443,4.122919,632154320.55,0.824607,0.199024,0.853953,0.274655,龙佰集团
cup_v2_trend_scored,杯柄 V2 趋势增强,002606.SZ,2024-09-18,0.581995,trend_cup,35.344157,37.835561,31.881527,37.159926,0.606437,17.548959,7.926829,12.846455,1.774886,15.736607,0.504223,0.521577,0.205889,7.317073,2.440196,5.769231,11.789926,87076288.0,0.491108,0.469324,1.0,0.432917,大连电瓷
cup_v2_trend_scored,杯柄 V2 趋势增强,002637.SZ,2024-11-20,0.635289,trend_cup,44.565894,46.819484,42.174329,46.727501,0.621045,20.927835,5.463918,15.72413,1.427104,13.555992,0.27791,0.423895,0.241338,4.742268,2.625567,6.610703,8.927195,64416057.55,0.607506,0.422678,1.0,0.622915,赞宇科技
cup_v2_trend_scored,杯柄 V2 趋势增强,002641.SZ,2024-12-03,0.574557,trend_cup,30.674807,31.901799,27.44588,31.385171,0.50513,23.578947,10.526316,12.421929,1.713396,12.145749,0.626919,0.536571,0.218201,2.315789,2.143711,2.748414,9.842115,91249265.55,0.459837,0.567601,0.914474,0.586444,公元股份
cup_v2_trend_scored,杯柄 V2 趋势增强,002643.SZ,2025-12-22,0.562046,trend_cup,89.280762,91.730165,85.790361,91.179049,0.814337,15.920055,3.445899,8.403912,2.026905,13.084112,0.629873,0.642264,0.372195,2.618884,1.747962,2.760524,4.710431,333420604.8,0.275803,0.476496,0.851681,0.400507,万润股份
cup_v2_trend_scored,杯柄 V2 趋势增强,002655.SZ,2023-11-27,0.591356,trend_cup,40.737075,42.903617,36.526052,42.506926,0.7448,23.193642,11.135857,13.35648,1.214308,11.593172,0.349034,0.487783,0.318886,0.650289,2.950136,5.450416,9.038839,152119485.4,0.449371,0.399358,0.706286,0.664699,共达电声
cup_v2_trend_scored,杯柄 V2 趋势增强,002658.SZ,2025-03-31,0.621691,trend_cup,38.783657,41.291221,36.331816,41.235497,0.790257,20.723227,5.916306,11.476562,0.68072,12.010796,0.704073,0.575909,0.266839,2.920723,3.376642,5.563481,10.141282,68278221.35,0.278232,0.577685,0.99009,0.588433,雪迪龙
cup_v2_trend_scored,杯柄 V2 趋势增强,002673.SZ,2025-08-15,0.589324,trend_cup,23.181955,24.383784,22.113662,24.063296,0.686571,18.618267,0.0,13.614263,2.408698,13.033954,0.365697,0.527681,0.240502,6.509677,1.634953,3.801843,4.397882,1112153060.05,0.612991,0.427049,0.861651,0.308912,西部证券
cup_v2_trend_scored,杯柄 V2 趋势增强,002687.SZ,2023-03-02,0.567032,trend_cup,32.794351,34.203484,30.680653,33.755123,0.628519,17.892644,4.771372,9.26809,0.826613,10.299625,0.574709,0.614293,0.369389,4.771372,2.534859,2.729045,8.517324,57857227.0,0.173776,0.588192,1.0,0.678189,乔治白
cup_v2_trend_scored,杯柄 V2 趋势增强,002690.SZ,2023-03-28,0.585499,trend_cup,147.72818,156.073526,133.007196,155.347844,0.827632,19.463574,6.995288,13.117105,1.156275,14.779143,0.649311,0.573659,0.186831,8.626314,2.377439,5.56534,14.89733,71921363.3,0.428818,0.419349,1.0,0.207164,美亚光电
cup_v2_trend_scored,杯柄 V2 趋势增强,002736.SZ,2025-06-25,0.624397,trend_cup,14.751587,15.467684,14.28287,15.428624,0.788925,21.779661,0.897845,12.658743,1.252523,9.923799,0.640206,0.57204,0.204872,3.604571,2.812824,5.146406,6.892884,286581643.4,0.415384,0.473258,1.0,0.496438,国信证券
cup_v2_trend_scored,杯柄 V2 趋势增强,002760.SZ,2026-01-22,0.569495,trend_cup,23.847719,25.162322,21.495812,24.926104,0.854863,20.718463,10.287184,8.938297,0.688279,14.571429,0.658554,0.694113,0.290762,1.378446,2.880621,5.567638,10.412301,93385156.7,0.138162,0.518025,0.797306,0.604834,凤形股份
cup_v2_trend_scored,杯柄 V2 趋势增强,002766.SZ,2025-03-19,0.58096,trend_cup,13.752202,14.45796,12.139041,14.215986,0.609278,23.467862,10.014948,12.715839,1.113534,16.039052,0.555963,0.484552,0.190753,5.381166,2.464372,3.524229,8.441648,257728769.5,0.401183,0.456076,1.0,0.586487,索菱股份
cup_v2_trend_scored,杯柄 V2 趋势增强,002772.SZ,2024-12-12,0.574919,trend_cup,18.241528,18.875403,16.292947,18.828449,0.682478,23.862069,4.275862,16.307737,2.013654,13.681592,0.41271,0.461783,0.374233,10.62069,1.361057,3.617571,3.623834,83800447.7,0.713248,0.313825,0.770352,0.274503,众兴菌业
cup_v2_trend_scored,杯柄 V2 趋势增强,002773.SZ,2023-04-14,0.587807,trend_cup,38.679311,39.285254,35.063856,39.184263,0.908947,19.577836,8.390501,8.025837,1.066302,10.882957,0.634851,0.674921,0.259642,2.37467,1.539854,2.105263,8.778082,136361683.4,0.134723,0.513189,0.751785,0.679979,康弘药业
cup_v2_trend_scored,杯柄 V2 趋势增强,002810.SZ,2023-11-30,0.623355,trend_cup,67.811483,71.499116,63.201941,70.645497,0.568595,20.166718,1.4377,16.119618,3.023083,11.604585,0.0,0.347375,0.264346,7.396008,1.90411,4.179255,10.683899,117645635.65,0.828975,0.27908,0.95137,0.489855,山东赫达
cup_v2_trend_scored,杯柄 V2 趋势增强,002827.SZ,2023-02-15,0.616793,trend_cup,18.184253,19.164939,16.638425,18.865747,0.733502,20.0,7.314815,12.548961,0.692918,13.183001,0.418582,0.552622,0.365362,5.092593,2.620336,3.747715,9.304698,71313044.9,0.339335,0.474123,1.0,0.674912,高争民爆
cup_v2_trend_scored,杯柄 V2 趋势增强,002829.SZ,2023-02-28,0.578194,trend_cup,80.023954,85.647477,76.140081,84.555138,0.632814,22.814815,6.040939,14.173336,0.627722,11.100614,0.247929,0.425735,0.195219,3.209877,2.660995,5.263158,9.616861,107149029.65,0.421428,0.390772,1.0,0.568735,星网宇达
cup_v2_trend_scored,杯柄 V2 趋势增强,002891.SZ,2023-06-13,0.591794,trend_cup,63.726481,65.793844,59.385017,65.070267,0.640246,17.382329,3.037975,10.825109,2.715864,15.579666,0.391321,0.527247,0.243553,4.188989,1.787753,2.985685,8.675588,58326372.85,0.496434,0.367069,0.912584,0.630547,中宠股份
cup_v2_trend_scored,杯柄 V2 趋势增强,002895.SZ,2025-05-16,0.599097,trend_cup,27.040684,29.475032,24.926345,29.075022,0.800655,17.991968,11.197068,10.878661,0.601635,15.044591,0.639185,0.607749,0.203745,2.168675,2.405126,7.296499,9.347455,180115337.5,0.23513,0.528494,0.896084,0.637002,川恒股份
cup_v2_trend_scored,杯柄 V2 趋势增强,002899.SZ,2025-11-18,0.571765,trend_cup,25.194705,26.323592,24.640524,26.149127,0.77528,21.615106,1.030503,12.049252,1.056367,10.292398,0.322691,0.482116,0.417786,2.37043,1.568159,3.788187,7.704394,108262015.5,0.357004,0.384083,0.76069,0.598694,英派斯
cup_v2_trend_scored,杯柄 V2 趋势增强,002899.SZ,2025-12-10,0.588672,trend_cup,26.693046,27.319065,23.706627,27.031712,0.708322,22.239936,7.931447,12.473579,0.755324,13.22314,0.629893,0.535718,0.246206,4.982065,1.641157,3.415783,9.496745,96971687.75,0.342948,0.503358,0.863719,0.620535,英派斯
cup_v2_trend_scored,杯柄 V2 趋势增强,002906.SZ,2026-01-23,0.564653,trend_cup,35.941305,37.185097,35.340853,37.024262,0.830579,17.374631,2.772861,11.759026,2.322817,12.254902,0.312062,0.540715,0.308689,1.858407,1.221457,3.414196,5.474413,385695549.35,0.499187,0.355178,0.58112,0.413366,华阳集团
cup_v2_trend_scored,杯柄 V2 趋势增强,002927.SZ,2024-12-26,0.571262,trend_cup,35.857001,38.034757,32.413108,37.756206,0.414215,29.544168,8.961593,17.084267,1.764122,14.780293,0.223328,0.402774,0.18,6.045519,2.047517,4.705056,9.218651,164313609.4,0.715834,0.267749,0.999172,0.588295,泰永长征
cup_v2_trend_scored,杯柄 V2 趋势增强,002929.SZ,2023-01-03,0.621389,trend_cup,39.931034,42.090298,36.15488,41.97773,0.822174,20.181864,7.994792,10.842397,1.489538,14.101629,0.629698,0.596165,0.199411,3.612023,2.788235,4.482934,9.610932,73254047.0,0.344103,0.406653,1.0,0.613045,润建股份
cup_v2_trend_scored,杯柄 V2 趋势增强,002939.SZ,2025-07-24,0.584038,trend_cup,9.783678,10.124075,9.511156,10.069172,0.744855,19.391206,1.352875,12.290998,2.191796,10.778215,0.483537,0.58905,0.283683,4.434721,1.72073,2.68757,3.500578,309369318.75,0.512363,0.45704,0.890243,0.269911,长城证券
cup_v2_trend_scored,杯柄 V2 趋势增强,002948.SZ,2024-05-16,0.581434,trend_cup,4.668391,4.799895,4.457984,4.773594,0.794666,15.850144,2.305476,9.502262,1.606187,11.506849,0.614092,0.714604,0.286411,4.610951,1.31574,2.253521,7.261293,117881869.5,0.284232,0.525049,0.755247,0.584171,青岛银行
cup_v2_trend_scored,杯柄 V2 趋势增强,002958.SZ,2025-06-16,0.582867,trend_cup,4.181914,4.334197,4.029632,4.334197,0.727678,19.94302,1.994302,14.865214,1.806963,11.081081,0.241271,0.487439,0.267534,5.413105,1.385282,3.641457,6.062438,321162950.65,0.607271,0.297493,0.778427,0.431803,青农商行
cup_v2_trend_scored,杯柄 V2 趋势增强,002966.SZ,2024-02-07,0.571575,trend_cup,8.91545,9.359321,8.699856,9.359321,0.782007,15.767635,2.970297,12.072893,1.950537,10.97561,0.482461,0.621742,0.282678,2.074689,2.087773,4.829545,3.398691,300135651.6,0.470089,0.393124,0.884336,0.270141,苏州银行
cup_v2_trend_scored,杯柄 V2 趋势增强,002971.SZ,2023-07-11,0.583165,trend_cup,26.328275,28.38866,24.359237,28.002972,0.674369,19.640853,10.213244,9.484851,0.924071,14.193779,0.684519,0.627964,0.274116,3.217359,2.742245,6.442901,9.163609,57678562.4,0.198001,0.573878,1.0,0.676955,和远气体
cup_v2_trend_scored,杯柄 V2 趋势增强,003000.SZ,2023-02-01,0.582095,trend_cup,13.270975,13.385112,11.226892,13.312479,0.692771,22.47557,11.889251,13.155961,0.932349,16.124031,0.563431,0.562238,0.200021,4.478827,1.664647,2.969502,9.004458,69593683.7,0.402986,0.376786,0.871549,0.650232,劲仔食品
cup_v2_trend_scored,杯柄 V2 趋势增强,003816.SZ,2023-05-04,0.561875,trend_cup,3.369654,3.543571,3.228346,3.500092,0.366326,12.333333,1.0,12.123498,1.950806,12.883436,0.630645,0.643206,0.191953,7.333333,2.1636,3.870968,8.792238,379440298.35,0.472934,0.573051,1.0,0.652805,中国广核
cup_v2_trend_scored,杯柄 V2 趋势增强,300009.SZ,2025-07-30,0.654545,trend_cup,190.887016,206.559844,164.363767,202.742104,0.777568,20.744536,10.601093,14.290179,3.085803,16.245136,0.349201,0.506571,0.212469,10.273224,2.27351,5.65445,3.860311,512830646.95,0.73518,0.415526,1.0,0.254907,安科生物
cup_v2_trend_scored,杯柄 V2 趋势增强,300018.SZ,2025-03-19,0.625323,trend_cup,51.116248,52.999479,48.762211,52.595929,0.937225,20.268456,2.159244,11.488654,1.270367,12.817259,0.516701,0.530745,0.28918,4.966443,2.322829,3.30251,5.104979,122017126.9,0.35261,0.43417,1.0,0.377314,中元股份
cup_v2_trend_scored,杯柄 V2 趋势增强,300056.SZ,2023-11-20,0.601418,trend_cup,44.723212,46.57424,42.3945,46.335397,0.771092,21.846554,3.005464,15.18765,1.986943,16.157761,0.223408,0.450892,0.209444,0.910273,1.548716,3.743316,8.583923,68690715.15,0.647682,0.302239,0.571689,0.59435,中创环保
cup_v2_trend_scored,杯柄 V2 趋势增强,300086.SZ,2023-11-24,0.637887,trend_cup,34.191518,35.174033,31.538728,34.682775,0.788857,19.42029,6.956522,12.920854,2.86674,16.759777,0.446103,0.530895,0.251007,2.318841,1.847808,2.467344,6.41128,223219683.95,0.631723,0.39362,0.847458,0.463872,康芝药业
cup_v2_trend_scored,杯柄 V2 趋势增强,300087.SZ,2023-02-07,0.568554,trend_cup,219.765026,227.127339,186.511915,225.900287,0.594292,23.488372,11.627907,12.356579,2.296394,14.578834,0.509352,0.587159,0.182337,7.034884,1.688487,3.776776,10.949998,288543471.25,0.529081,0.394257,0.879496,0.505241,荃银高科
cup_v2_trend_scored,杯柄 V2 趋势增强,300098.SZ,2026-01-06,0.5933,trend_cup,94.518713,100.984162,88.053263,100.214466,0.7379,15.605096,4.666667,13.556415,2.18811,12.804878,0.410411,0.566251,0.216356,3.66242,1.964771,5.681818,3.089205,565073062.8,0.582203,0.406337,0.97159,0.21316,高新兴
cup_v2_trend_scored,杯柄 V2 趋势增强,300111.SZ,2023-01-13,0.563712,trend_cup,7.852707,8.121942,6.865509,7.987325,0.770207,19.174041,8.108108,12.777191,1.937269,15.469613,0.429207,0.529191,0.202739,5.014749,1.292875,2.890173,3.22439,76291726.6,0.507558,0.472249,0.747625,0.209949,向日葵
cup_v2_trend_scored,杯柄 V2 趋势增强,300127.SZ,2023-06-29,0.566438,trend_cup,44.711606,47.442681,43.905288,46.974497,0.679792,16.131078,2.708934,9.104165,0.529489,9.836341,0.695175,0.636338,0.185733,4.092219,2.935598,4.574406,9.259457,59782785.35,0.127529,0.596735,1.0,0.645345,银河磁体
cup_v2_trend_scored,杯柄 V2 趋势增强,300136.SZ,2023-02-09,0.575373,trend_cup,237.862033,247.19769,209.460596,246.934714,0.681234,25.917927,8.658257,10.174629,2.377733,12.819149,0.535036,0.662492,0.217835,1.403888,2.674364,4.391329,8.474218,198834609.25,0.418029,0.399003,0.800486,0.64154,信维通信
cup_v2_trend_scored,杯柄 V2 趋势增强,300137.SZ,2023-03-09,0.673163,trend_cup,30.283012,32.400061,29.638692,32.21597,0.790653,20.895522,0.770416,15.731173,2.139867,13.352273,0.094405,0.404799,0.3192,4.477612,2.674787,6.707317,9.403947,66141787.8,0.696993,0.250182,1.0,0.616664,先河环保
cup_v2_trend_scored,杯柄 V2 趋势增强,300140.SZ,2023-03-06,0.570911,trend_cup,33.989401,35.914909,28.380313,35.49632,0.568639,26.219512,17.317073,12.221266,1.599594,11.305361,0.329621,0.515267,0.309559,3.414634,2.351891,3.921569,7.662928,76868240.9,0.434464,0.429808,1.0,0.571404,节能环境
cup_v2_trend_scored,杯柄 V2 趋势增强,300146.SZ,2023-01-06,0.564249,trend_cup,709.074349,738.071066,645.700082,731.195556,0.735697,25.679348,2.173913,20.648126,2.107765,13.284731,0.103462,0.312885,0.23745,10.778986,1.353262,3.11973,6.852352,354466346.65,0.560797,0.248952,0.767754,0.438382,汤臣倍健
cup_v2_trend_scored,杯柄 V2 趋势增强,300181.SZ,2023-03-06,0.589615,trend_cup,91.856157,97.436908,82.95712,96.833584,0.702749,18.835616,5.821918,14.813711,1.808917,14.860681,0.224181,0.419114,0.22466,9.931507,1.692773,5.418719,6.883612,183707646.65,0.604654,0.271306,0.880924,0.463447,佐力药业
cup_v2_trend_scored,杯柄 V2 趋势增强,300201.SZ,2025-07-22,0.564579,trend_cup,61.874105,64.902908,55.726653,64.794736,0.537458,25.888325,6.834532,14.436931,1.695654,11.833333,0.428901,0.544826,0.321025,1.910526,2.830604,4.72028,7.502802,189462659.45,0.569564,0.3624,0.863816,0.570224,海伦哲
cup_v2_trend_scored,杯柄 V2 趋势增强,300215.SZ,2025-03-25,0.629408,trend_cup,121.191759,128.919383,118.930015,127.223075,0.926192,20.180723,2.923077,10.855641,1.708719,12.134503,0.485944,0.541699,0.223159,1.656627,1.801286,4.166667,7.715481,129339153.55,0.372237,0.492918,0.749174,0.556034,电科院
cup_v2_trend_scored,杯柄 V2 趋势增强,300221.SZ,2023-02-14,0.565433,trend_cup,24.005856,25.10086,23.458354,25.016629,0.680821,22.419929,0.713012,11.917098,1.588026,11.577181,0.238943,0.502278,0.404064,5.69395,2.114892,4.210526,6.16063,59477978.4,0.41612,0.323324,1.0,0.483836,银禧科技
cup_v2_trend_scored,杯柄 V2 趋势增强,300221.SZ,2026-01-07,0.60478,trend_cup,42.915732,45.10574,37.398597,44.642469,0.730132,22.763419,9.387755,15.988547,2.077909,17.086835,0.265555,0.445352,0.25364,5.367793,1.60111,4.125737,5.362585,373616494.7,0.703547,0.281727,0.85037,0.364624,银禧科技
cup_v2_trend_scored,杯柄 V2 趋势增强,300224.SZ,2025-07-24,0.571263,trend_cup,74.62427,81.961067,66.684448,81.106782,0.399543,27.272506,11.651132,18.716453,3.13131,17.719191,0.188899,0.393953,0.204444,7.456724,2.05175,7.6,7.920539,736297831.25,0.796055,0.228045,1.0,0.528862,正海磁材
cup_v2_trend_scored,杯柄 V2 趋势增强,300231.SZ,2023-02-09,0.604986,trend_cup,89.741672,92.454792,73.358599,92.350441,0.789987,21.604938,13.209877,12.777164,3.381942,12.514092,0.126086,0.468399,0.330324,9.259259,1.233094,2.312139,5.712065,87577911.6,0.688141,0.260757,0.727698,0.419602,银信科技
cup_v2_trend_scored,杯柄 V2 趋势增强,300242.SZ,2023-02-01,0.672372,trend_cup,18.347399,19.790453,15.92513,19.584303,0.691139,23.563218,9.649123,14.907771,2.75395,17.447917,0.498685,0.578806,0.188054,9.195402,2.773709,6.442577,9.821899,51488093.7,0.728009,0.380161,1.0,0.589475,佳云科技
cup_v2_trend_scored,杯柄 V2 趋势增强,300292.SZ,2023-03-27,0.580688,trend_cup,35.959189,36.618127,32.287963,36.429859,0.588784,22.432432,7.04607,14.944805,1.457808,11.825193,0.502693,0.508778,0.233203,4.594595,1.8018,2.110818,6.811505,157068650.6,0.568048,0.405255,0.917267,0.483018,吴通控股
cup_v2_trend_scored,杯柄 V2 趋势增强,300294.SZ,2023-01-03,0.606566,trend_cup,180.386739,186.39963,159.269465,183.753958,0.596032,20.762368,10.489321,15.75933,1.962017,15.380645,0.316669,0.467218,0.214112,3.271154,2.098971,4.485777,11.604442,241160223.15,0.676326,0.362444,1.0,0.435705,博雅生物
cup_v2_trend_scored,杯柄 V2 趋势增强,300304.SZ,2023-06-21,0.607792,trend_cup,44.703416,46.481393,41.994118,45.973399,0.735732,20.605932,3.501946,12.961727,1.638373,10.018215,0.264908,0.438817,0.260752,5.642023,2.151327,2.840909,6.846567,57471659.8,0.480448,0.390064,1.0,0.476422,云意电气
cup_v2_trend_scored,杯柄 V2 趋势增强,300315.SZ,2023-03-20,0.621323,trend_cup,47.512767,49.716968,43.716644,49.10469,0.817045,19.109948,6.544503,15.257485,0.435967,14.039409,0.475908,0.522708,0.223225,4.973822,3.127109,5.249344,12.221877,190329257.0,0.45769,0.429043,1.0,0.406004,掌趣科技
cup_v2_trend_scored,杯柄 V2 趋势增强,300315.SZ,2023-03-31,0.659804,trend_cup,50.329246,53.145724,43.716644,52.900813,0.817045,19.109948,6.544503,18.959108,3.469199,17.741935,0.231304,0.395082,0.203461,13.089005,1.612624,5.365854,11.059216,282217547.65,0.824811,0.205194,0.854208,0.455368,掌趣科技
cup_v2_trend_scored,杯柄 V2 趋势增强,300352.SZ,2023-11-22,0.650473,trend_cup,103.764383,108.779019,100.871324,108.007537,0.838692,16.451017,2.059925,11.450179,1.894086,11.524823,0.408872,0.558414,0.248077,3.512015,2.010178,4.283054,8.512548,258855808.8,0.428437,0.423713,0.986726,0.627468,北信源
cup_v2_trend_scored,杯柄 V2 趋势增强,300355.SZ,2023-05-11,0.573054,trend_cup,36.451858,37.768175,33.009183,37.66692,0.679452,14.326648,6.590258,9.896603,2.061856,12.33244,0.616723,0.700968,0.239487,6.590258,1.815473,3.047091,11.175852,147817542.05,0.363099,0.460512,0.921824,0.533899,蒙草生态
cup_v2_trend_scored,杯柄 V2 趋势增强,300369.SZ,2023-03-17,0.593711,trend_cup,105.811201,111.458895,95.512465,110.79446,0.716497,25.389408,10.436137,13.683493,1.273181,14.307004,0.564927,0.496375,0.190143,3.894081,1.919867,6.549521,11.306197,207627830.45,0.474897,0.398416,0.956622,0.458172,绿盟科技
cup_v2_trend_scored,杯柄 V2 趋势增强,300377.SZ,2023-03-21,0.56521,trend_cup,102.45203,106.541501,97.178763,106.218648,0.879241,19.795918,7.857143,8.50327,0.324209,8.787879,0.693241,0.624022,0.342543,0.714286,1.784958,3.785489,9.510644,141168007.4,0.068486,0.631661,0.625938,0.67047,赢时胜
cup_v2_trend_scored,杯柄 V2 趋势增强,300389.SZ,2023-02-13,0.57897,trend_cup,54.82908,57.504815,52.57583,56.659846,0.448262,27.954498,1.408451,18.947507,3.868168,13.387755,0.0,0.310672,0.282531,4.017849,1.366075,3.250642,9.918225,111792683.5,0.875326,0.250042,0.772025,0.54356,艾比森
cup_v2_trend_scored,杯柄 V2 趋势增强,300397.SZ,2026-01-08,0.574182,trend_cup,55.305383,58.843195,47.760458,58.373893,0.597709,24.291237,12.5,18.539697,2.298532,17.730061,0.232934,0.403842,0.20125,4.188144,1.336628,4.931862,9.605599,711083306.05,0.701778,0.221012,0.762209,0.565916,天和防务
cup_v2_trend_scored,杯柄 V2 趋势增强,300467.SZ,2023-01-03,0.569879,trend_cup,48.163998,49.650293,42.339328,49.369102,0.809479,21.039604,11.651299,10.458672,0.943438,12.621359,0.642967,0.556616,0.195,1.40264,1.834814,3.190596,9.770941,50004429.8,0.254523,0.495084,0.728601,0.589833,迅游科技
cup_v2_trend_scored,杯柄 V2 趋势增强,300469.SZ,2023-03-14,0.660775,trend_cup,48.906045,50.627439,45.586213,50.166351,0.860358,22.54902,3.071895,15.00922,1.468845,12.046005,0.359179,0.433591,0.250508,6.666667,1.3601,2.0,8.889191,74994228.95,0.573007,0.416847,0.770033,0.62524,信息发展
cup_v2_trend_scored,杯柄 V2 趋势增强,300487.SZ,2025-07-24,0.638724,trend_cup,317.140639,331.179781,284.649023,329.379891,0.799863,19.890582,6.193826,14.791349,2.600319,13.298094,0.364662,0.508212,0.271898,8.547246,1.295869,3.624009,6.597529,174315751.75,0.702337,0.34781,0.748623,0.478437,蓝晓科技
cup_v2_trend_scored,杯柄 V2 趋势增强,300493.SZ,2023-03-22,0.563686,trend_cup,30.173694,31.72504,27.497621,31.569906,0.429585,25.747724,7.802341,16.577157,1.565124,13.325183,0.372827,0.469265,0.19793,5.851756,1.882726,3.43075,9.974579,116063366.2,0.672149,0.33406,0.944242,0.553602,润欣科技
cup_v2_trend_scored,杯柄 V2 趋势增强,300498.SZ,2023-12-06,0.604847,trend_cup,40.448793,41.859315,37.337347,41.54817,0.699696,14.59854,5.362776,10.905014,1.488382,10.059465,0.526773,0.606057,0.412194,4.4317,1.801956,2.823409,9.506865,442404337.45,0.347437,0.503192,0.917319,0.687158,温氏股份
cup_v2_trend_scored,杯柄 V2 趋势增强,300511.SZ,2023-03-01,0.576779,trend_cup,22.500464,23.370482,20.730428,23.28048,0.472735,23.2,3.49162,15.293185,3.667289,15.275995,0.090224,0.388328,0.20236,3.466667,1.561677,3.604806,7.698912,118752722.8,0.863588,0.193187,0.837226,0.510208,雪榕生物
cup_v2_trend_scored,杯柄 V2 趋势增强,300601.SZ,2023-11-28,0.571806,trend_cup,73.435289,79.422937,72.791988,78.556955,0.681904,19.831281,3.540984,9.38626,0.550282,8.34891,0.653594,0.650179,0.387625,4.098361,3.309409,7.118758,7.36067,278506178.35,0.1458,0.630783,1.0,0.605883,康泰生物
cup_v2_trend_scored,杯柄 V2 趋势增强,300616.SZ,2023-02-14,0.579374,trend_cup,44.452137,47.437866,40.131174,46.547711,0.511318,28.467466,5.625818,17.182941,1.10953,15.402658,0.249035,0.443728,0.239642,7.44863,2.043729,3.719008,10.899697,92655494.75,0.628528,0.365629,0.99791,0.490347,尚品宅配
cup_v2_trend_scored,杯柄 V2 趋势增强,300636.SZ,2025-08-04,0.638065,trend_cup,33.810359,34.717755,28.686211,34.599399,0.803073,22.195122,10.853659,11.565736,1.977697,11.348315,0.46367,0.566631,0.183575,7.522388,1.994769,2.09546,6.667845,71926379.3,0.445309,0.520459,0.98159,0.471818,同和药业
cup_v2_trend_scored,杯柄 V2 趋势增强,300667.SZ,2025-12-12,0.580074,trend_cup,39.794175,41.643434,38.4599,40.917775,0.753833,15.204678,2.723505,9.298957,1.826004,14.783586,0.597128,0.617808,0.1943,2.222222,1.956772,2.461899,6.568884,123173093.55,0.300415,0.554428,0.871702,0.480408,必创科技
cup_v2_trend_scored,杯柄 V2 趋势增强,300699.SZ,2024-03-22,0.566057,trend_cup,72.947015,74.437661,65.635751,74.201051,0.53896,23.120169,1.840057,18.195409,3.503952,17.394054,0.0,0.297284,0.248982,10.18974,1.32267,2.584233,6.955101,523244898.8,0.871582,0.135266,0.757557,0.445648,光威复材
cup_v2_trend_scored,杯柄 V2 趋势增强,300726.SZ,2025-10-15,0.617001,trend_cup,42.673914,45.117077,40.567364,44.954199,0.882913,20.845684,6.529897,11.801745,3.714738,17.997616,0.362297,0.530848,0.268418,1.64357,1.432711,5.693132,4.704566,345285827.05,0.67555,0.345998,0.624683,0.34108,宏达电子
cup_v2_trend_scored,杯柄 V2 趋势增强,300739.SZ,2026-01-12,0.591231,trend_cup,48.17817,50.270654,42.436598,49.989955,0.886705,21.378568,5.885682,14.53238,2.048271,15.583756,0.29453,0.450117,0.291856,5.49273,1.257574,4.202128,3.466709,389668490.85,0.618944,0.277411,0.735858,0.235089,明阳电路
cup_v2_trend_scored,杯柄 V2 趋势增强,300750.SZ,2025-07-22,0.604149,trend_cup,535.55869,554.685786,455.282268,548.297336,0.683844,25.201907,13.153094,12.693959,3.001491,15.172414,0.452219,0.558762,0.187939,4.589901,1.538969,2.503039,5.854071,5736717534.6,0.635962,0.422287,0.829656,0.410128,宁德时代
cup_v2_trend_scored,杯柄 V2 趋势增强,300793.SZ,2022-11-29,0.618917,trend_cup,27.541336,28.433954,26.551341,28.28789,0.595722,26.358854,3.137951,16.141929,4.07067,16.09589,0.0,0.33437,0.200862,1.870251,1.624552,2.348796,8.78212,141826889.65,0.952329,0.150171,0.716965,0.57751,佳禾智能
cup_v2_trend_scored,杯柄 V2 趋势增强,300824.SZ,2025-03-31,0.596526,trend_cup,16.055482,17.074108,15.441073,16.960927,0.820521,23.282443,4.5,10.733827,2.296774,12.381853,0.455647,0.504472,0.241016,0.09542,2.321894,3.758655,8.378726,71253173.7,0.438976,0.431068,0.636927,0.601827,北鼎股份
cup_v2_trend_scored,杯柄 V2 趋势增强,300832.SZ,2023-11-06,0.581702,trend_cup,132.422407,138.833144,117.4971,138.198024,0.651219,18.926814,8.97909,14.111063,1.724234,15.36812,0.50274,0.529664,0.188574,7.057196,1.556969,4.502476,10.437625,177140814.1,0.555033,0.355199,0.835656,0.531167,新产业
cup_v2_trend_scored,杯柄 V2 趋势增强,300918.SZ,2023-02-23,0.580961,trend_cup,12.152302,12.499511,9.772902,12.336119,0.371583,28.978841,11.959522,16.891914,3.026291,16.911765,0.335326,0.441838,0.198956,11.131555,2.041101,2.199662,11.892592,53217938.95,0.872282,0.326571,0.997034,0.403202,南山智尚
cup_v2_trend_scored,杯柄 V2 趋势增强,300988.SZ,2023-11-15,0.606889,trend_cup,41.413524,43.102373,39.522747,42.80866,0.820808,18.531623,4.776648,12.003202,1.139541,15.715503,0.555985,0.581816,0.273054,3.140203,2.298138,3.875278,6.451203,64316936.95,0.364843,0.405116,1.0,0.48621,津荣天宇
cup_v2_trend_scored,杯柄 V2 趋势增强,300988.SZ,2026-02-11,0.590458,trend_cup,49.285295,52.835189,41.058558,51.952411,0.701392,15.733855,14.44227,13.653329,1.850618,13.579808,0.218823,0.460329,0.197402,8.258317,1.576276,5.411585,6.925063,141546748.4,0.545401,0.386239,0.842092,0.468683,津荣天宇
cup_v2_trend_scored,杯柄 V2 趋势增强,301035.SZ,2025-03-24,0.577848,trend_cup,60.112665,62.785054,57.41881,62.731392,0.497537,21.680702,1.726672,18.148037,2.595934,14.512821,0.19102,0.435571,0.18367,4.730335,1.723886,4.393642,9.755831,56499788.4,0.760712,0.222122,0.891295,0.557306,润丰股份
cup_v2_trend_scored,杯柄 V2 趋势增强,301035.SZ,2025-07-21,0.601975,trend_cup,66.679531,69.350605,55.615752,68.561178,0.679692,14.385731,13.618936,12.250049,1.497506,13.22314,0.569944,0.601979,0.28699,6.487591,1.699233,2.855289,8.073853,79933340.65,0.423302,0.497976,0.883078,0.617131,润丰股份
cup_v2_trend_scored,杯柄 V2 趋势增强,301059.SZ,2026-01-20,0.640557,trend_cup,26.311419,27.552901,24.188884,27.472806,0.861697,20.212766,8.206687,8.469931,1.553895,9.565217,0.711511,0.679723,0.21117,4.255319,2.903608,4.414003,9.191372,59891153.35,0.220344,0.576982,1.0,0.668929,金三江
cup_v2_trend_scored,杯柄 V2 趋势增强,301108.SZ,2026-01-21,0.634625,trend_cup,53.601677,55.299802,51.431031,54.753449,0.823657,18.108484,3.115438,11.97568,2.307544,14.656085,0.388593,0.510693,0.198011,3.143255,1.345352,2.008253,9.892951,53466146.5,0.509314,0.466889,0.765117,0.570105,洁雅股份
cup_v2_trend_scored,杯柄 V2 趋势增强,301122.SZ,2025-03-14,0.601018,trend_cup,30.895917,32.75452,29.966615,32.498625,0.658053,22.236728,3.176675,14.729026,1.781465,11.595395,0.024959,0.359134,0.213538,5.004352,2.274143,5.187446,8.15191,50301350.9,0.596518,0.258876,1.0,0.540238,采纳股份
cup_v2_trend_scored,杯柄 V2 趋势增强,301157.SZ,2026-01-14,0.607334,trend_cup,56.045346,58.688135,49.271301,57.898336,0.806805,20.619282,10.617193,10.648481,1.903284,16.103448,0.576935,0.598059,0.198828,0.59817,2.257406,3.549439,8.969633,66100961.15,0.385048,0.492585,0.699771,0.656886,华塑科技
cup_v2_trend_scored,杯柄 V2 趋势增强,301158.SZ,2025-03-18,0.681053,trend_cup,16.438303,16.959492,15.104059,16.92822,0.925322,19.410073,2.489906,12.722982,2.001171,14.373464,0.631545,0.5969,0.18178,3.789089,2.240794,3.43949,7.624598,56553159.15,0.512534,0.395772,1.0,0.550604,德石股份
cup_v2_trend_scored,杯柄 V2 趋势增强,301175.SZ,2026-01-12,0.565217,trend_cup,6.677181,6.933176,5.791868,6.911843,0.458781,14.168751,7.966102,16.122759,2.536924,16.461538,0.260719,0.511379,0.189293,9.830508,1.407574,4.347826,8.549584,266688680.25,0.76838,0.247309,0.785858,0.600852,中科环保
cup_v2_trend_scored,杯柄 V2 趋势增强,301200.SZ,2025-03-18,0.623681,trend_cup,45.82623,48.529524,42.387641,48.10781,0.670787,20.652963,5.199516,15.152665,2.400039,15.329768,0.342718,0.448958,0.184654,7.593712,1.834444,4.978764,7.463581,111032988.75,0.697375,0.312306,0.928148,0.502404,大族数控
cup_v2_trend_scored,杯柄 V2 趋势增强,301218.SZ,2023-03-27,0.564148,trend_cup,37.209618,39.9631,32.846177,39.255921,0.325072,26.313694,13.097134,16.658966,1.568206,17.808735,0.5563,0.464473,0.194478,3.861465,2.4716,5.499393,8.613761,79686795.15,0.677079,0.414075,1.0,0.595494,华是科技
cup_v2_trend_scored,杯柄 V2 趋势增强,301263.SZ,2025-02-17,0.609395,trend_cup,31.931489,33.54707,30.981147,33.280975,0.577173,19.563901,1.271956,14.47562,3.286101,16.543909,0.444369,0.527525,0.192059,6.056935,1.890392,5.291642,5.837132,95810446.75,0.770519,0.345904,0.946797,0.402284,泰恩康
cup_v2_trend_scored,杯柄 V2 趋势增强,301289.SZ,2025-03-24,0.592207,trend_cup,72.804702,73.640774,65.757801,72.990496,0.882883,20.380534,7.174972,11.884887,0.899758,10.97495,0.42808,0.540843,0.268885,0.622027,2.750455,4.622408,7.562503,119976665.5,0.328297,0.449058,0.702753,0.558064,国缆检测
cup_v2_trend_scored,杯柄 V2 趋势增强,301323.SZ,2025-02-26,0.656875,trend_cup,43.8462,46.934674,35.238978,46.084078,0.703412,20.357668,14.747673,16.269464,2.272587,14.951456,0.305323,0.427792,0.233652,11.489466,1.472458,5.567154,9.011374,67904480.55,0.743488,0.372616,0.807486,0.626191,新莱福
cup_v2_trend_scored,杯柄 V2 趋势增强,301387.SZ,2025-12-23,0.671455,trend_cup,64.269115,65.95737,58.6416,65.510055,0.860578,16.891429,1.954162,12.157844,3.139429,14.416977,0.308447,0.521252,0.209591,3.771429,1.66405,2.738176,8.645059,106419046.25,0.62342,0.334241,0.87135,0.61657,光大同创
cup_v2_trend_scored,杯柄 V2 趋势增强,301388.SZ,2023-07-10,0.565265,trend_cup,27.665381,28.932654,24.752698,28.932654,0.577022,22.132867,11.755088,13.144725,2.150123,14.447192,0.433903,0.520417,0.268542,1.163126,2.164889,4.813032,8.396005,83709256.85,0.554583,0.360516,0.770391,0.615367,欣灵电气
cup_v2_trend_scored,杯柄 V2 趋势增强,301528.SZ,2025-06-05,0.565316,trend_cup,49.275435,52.6054,45.604341,52.062143,0.443897,24.801374,1.601039,15.311992,3.05401,13.308633,0.0,0.264775,0.288584,11.488502,1.840389,6.153846,7.823026,74570539.95,0.787973,0.203548,0.93013,0.514496,多浦乐
cup_v2_trend_scored,杯柄 V2 趋势增强,301568.SZ,2025-02-26,0.564273,trend_cup,43.626408,46.77828,35.823227,46.706879,0.524369,26.684944,19.707362,18.50363,2.561911,16.964675,0.188411,0.369202,0.245157,4.615033,1.608704,6.513143,8.235459,312636276.15,0.736704,0.167174,0.852901,0.558507,思泰克
cup_v2_trend_scored,杯柄 V2 趋势增强,600000.SH,2025-05-20,0.576799,trend_cup,50.141807,51.476697,45.052538,51.184689,0.444315,13.686131,1.459854,15.05462,4.000916,14.781906,0.196963,0.446417,0.213514,11.952555,1.213771,2.25,7.494463,754613161.85,0.891923,0.286234,0.721257,0.512743,浦发银行
cup_v2_trend_scored,杯柄 V2 趋势增强,600015.SH,2023-05-04,0.591945,trend_cup,16.568625,17.407177,16.366216,17.378261,0.617291,10.229277,0.176367,11.661609,2.047316,11.461794,0.560946,0.666972,0.232226,5.996473,2.467226,4.340278,10.577279,254366512.25,0.459337,0.439178,1.0,0.568115,华夏银行
cup_v2_trend_scored,杯柄 V2 趋势增强,600027.SH,2025-04-28,0.569576,trend_cup,9.525154,9.863611,9.154463,9.718558,0.933224,19.428939,1.559792,10.598233,1.180046,16.830065,0.624654,0.618489,0.310582,-0.032203,1.299443,2.55102,8.05073,656838341.6,0.291852,0.49672,0.370789,0.626601,华电国际
cup_v2_trend_scored,杯柄 V2 趋势增强,600028.SH,2023-03-03,0.609583,trend_cup,12.626159,13.171734,11.171293,13.041835,0.631264,12.903226,7.526882,11.547293,1.475121,12.228797,0.632232,0.67817,0.185592,7.956989,3.303393,3.505155,8.681376,520167093.85,0.381462,0.55425,1.0,0.651323,中国石化
cup_v2_trend_scored,杯柄 V2 趋势增强,600028.SH,2024-08-27,0.628357,trend_cup,19.494914,20.342519,18.534295,20.286012,0.75412,14.450427,2.380952,12.923668,0.941034,11.666667,0.613439,0.621466,0.350055,6.845238,1.870758,4.208999,9.003949,732282793.0,0.391166,0.451466,0.940253,0.710087,中国石化
cup_v2_trend_scored,杯柄 V2 趋势增强,600030.SH,2025-08-15,0.58658,trend_cup,67.247253,71.465799,64.865815,70.535904,0.699671,20.080591,3.962391,12.059957,1.360579,10.060298,0.556842,0.599445,0.260541,4.432505,2.798513,4.890388,4.538221,4248615209.75,0.395626,0.556982,1.0,0.34339,中信证券
cup_v2_trend_scored,杯柄 V2 趋势增强,600035.SH,2024-04-17,0.602826,trend_cup,10.143042,10.368945,9.442743,10.368945,0.735365,20.745921,2.564103,12.938282,2.195236,10.300429,0.307561,0.43074,0.367362,6.993007,1.220642,2.684564,6.601486,81514543.05,0.548753,0.473544,0.723547,0.488005,楚天高速
cup_v2_trend_scored,杯柄 V2 趋势增强,600036.SH,2024-05-16,0.586102,trend_cup,62.639894,65.086207,54.74741,64.729081,0.814029,18.484848,7.090909,10.558741,2.396028,10.973937,0.4407,0.619342,0.320773,9.848485,1.710252,3.42368,3.473911,2605315094.2,0.441656,0.447906,0.886751,0.286611,招商银行
cup_v2_trend_scored,杯柄 V2 趋势增强,600039.SH,2023-03-01,0.611678,trend_cup,56.156965,58.544742,54.697768,58.323651,0.818501,19.342208,3.132341,14.006655,2.223575,8.912387,0.128882,0.448914,0.420325,3.288958,1.755969,3.776554,3.697688,208252077.15,0.61165,0.331713,0.90199,0.290653,四川路桥
cup_v2_trend_scored,杯柄 V2 趋势增强,600039.SH,2023-03-15,0.605863,trend_cup,58.854268,60.711428,54.697768,60.313465,0.818501,19.342208,3.132341,14.663603,1.386773,9.905317,0.205096,0.433775,0.440178,6.812843,1.173276,2.402402,6.804975,199380062.0,0.543547,0.349051,0.707759,0.52587,四川路桥
cup_v2_trend_scored,杯柄 V2 趋势增强,600059.SH,2023-02-13,0.609554,trend_cup,11.601941,12.221629,10.729787,12.175727,0.827785,18.786693,7.972441,10.674548,0.817425,12.206573,0.71071,0.696231,0.306913,3.816047,2.626945,4.53202,11.095846,178150885.3,0.250764,0.5069,1.0,0.558943,古越龙山
cup_v2_trend_scored,杯柄 V2 趋势增强,600082.SH,2025-10-31,0.583593,trend_cup,4.613856,4.890073,4.460401,4.828692,0.527415,21.854305,2.678571,13.538869,2.503232,17.364017,0.422371,0.542733,0.289989,4.19426,2.281584,6.067416,6.458494,76326579.45,0.620619,0.380287,1.0,0.482067,海泰发展
cup_v2_trend_scored,杯柄 V2 趋势增强,600085.SH,2023-04-25,0.687725,trend_cup,158.575796,167.825102,150.180272,166.715185,0.749419,26.042961,1.548507,15.906663,2.901725,15.211124,0.31263,0.484354,0.373325,3.994319,1.704394,5.076233,9.457068,577062602.35,0.801975,0.312232,0.884798,0.648806,同仁堂
cup_v2_trend_scored,杯柄 V2 趋势增强,600098.SH,2024-04-01,0.578254,trend_cup,8.294667,8.671697,7.823379,8.631301,0.589449,20.550162,1.358234,13.817289,1.290542,9.782609,0.37379,0.501778,0.375671,3.721683,2.592018,4.397394,7.052047,98344296.8,0.4845,0.393197,1.0,0.542049,广州发展
cup_v2_trend_scored,杯柄 V2 趋势增强,600108.SH,2024-11-19,0.606991,trend_cup,2.960501,3.132859,2.899669,3.12272,0.53126,23.905724,3.703704,17.251443,2.627374,13.225806,0.074308,0.367953,0.225484,3.703704,1.640715,5.841924,8.990459,153668132.2,0.814453,0.235487,0.863572,0.608918,亚盛集团
cup_v2_trend_scored,杯柄 V2 趋势增强,600129.SH,2023-03-06,0.592452,trend_cup,45.831697,49.703478,44.411598,48.846059,0.646691,25.189341,2.01005,13.941061,1.328632,12.96496,0.479156,0.466951,0.218354,2.27209,1.872427,6.639368,7.63861,169859778.5,0.496138,0.493604,0.84982,0.53014,太极集团
cup_v2_trend_scored,杯柄 V2 趋势增强,600138.SH,2025-03-25,0.573761,trend_cup,17.867563,18.645133,17.354698,18.446604,0.671757,16.681695,1.409774,10.174237,2.04492,11.268855,0.629758,0.642561,0.18569,0.541028,2.340814,2.293578,8.169449,219417026.05,0.376406,0.577731,0.692628,0.604056,中青旅
cup_v2_trend_scored,杯柄 V2 趋势增强,600161.SH,2023-10-30,0.56468,trend_cup,84.395265,86.730312,80.392327,86.305758,0.673131,17.399869,3.670058,12.564272,2.343149,12.832168,0.424114,0.569236,0.250989,2.208684,1.894136,2.632528,4.671779,256356379.25,0.546464,0.384783,0.849131,0.342989,天坛生物
cup_v2_trend_scored,杯柄 V2 趋势增强,600166.SH,2023-07-18,0.567139,trend_cup,16.213594,16.885428,15.676127,16.751061,0.883631,22.4,1.408451,12.622334,2.005814,12.732095,0.245396,0.471605,0.388487,-0.266667,2.217837,3.314917,4.160692,244812215.0,0.507523,0.343239,0.591667,0.321499,福田汽车
cup_v2_trend_scored,杯柄 V2 趋势增强,600195.SH,2025-07-16,0.582371,trend_cup,21.663045,22.776166,20.863882,22.405126,0.610774,19.946384,1.216216,11.175103,1.883706,13.392286,0.617977,0.631149,0.31711,6.081081,2.348514,3.562005,5.481167,106316327.65,0.411858,0.569662,1.0,0.439008,中牧股份
cup_v2_trend_scored,杯柄 V2 趋势增强,600222.SH,2025-06-04,0.582758,trend_cup,7.637368,7.849517,7.106995,7.756701,0.673531,21.291449,2.010969,10.655738,2.200189,14.189189,0.493182,0.529317,0.184534,2.094241,2.716365,3.174603,8.489715,89230828.7,0.422565,0.413701,0.88678,0.599418,太龙药业
cup_v2_trend_scored,杯柄 V2 趋势增强,600236.SH,2024-04-17,0.594206,trend_cup,16.36171,17.088299,15.258371,17.061389,0.72885,13.884298,6.280992,9.203652,1.38758,10.708661,0.702959,0.677874,0.263386,4.793388,2.177595,4.448105,8.664246,67260556.5,0.240317,0.494742,1.0,0.673303,桂冠电力
cup_v2_trend_scored,杯柄 V2 趋势增强,600246.SH,2022-12-02,0.560861,trend_cup,14.508444,15.677101,14.038131,15.434818,0.649342,24.413146,5.83174,15.257725,2.411435,17.181818,0.14874,0.38541,0.196143,1.690141,1.997558,6.804734,4.66466,164751178.2,0.704636,0.25694,0.818787,0.280045,万通发展
cup_v2_trend_scored,杯柄 V2 趋势增强,600269.SH,2023-09-28,0.574349,trend_cup,6.41431,6.554089,6.057097,6.523027,0.631464,16.17694,3.465347,11.404829,2.499671,13.744076,0.478247,0.626716,0.247322,3.960396,1.414904,2.189781,10.269171,121202283.4,0.501616,0.410665,0.788301,0.585688,赣粤高速
cup_v2_trend_scored,杯柄 V2 趋势增强,600276.SH,2025-05-21,0.659236,trend_cup,568.981291,592.252081,552.419198,586.381972,0.875885,19.848771,0.378072,14.501707,2.833839,15.699115,0.359518,0.516574,0.252711,5.746692,1.285661,2.736455,6.388321,2467551502.6,0.715436,0.344092,0.74522,0.459081,恒瑞医药
cup_v2_trend_scored,杯柄 V2 趋势增强,600282.SH,2025-09-29,0.603301,trend_cup,9.287447,9.561682,8.629281,9.525118,0.918118,19.60396,4.236325,12.718481,1.602872,12.850478,0.397261,0.576796,0.27742,5.705243,1.393577,2.559055,4.843124,180023778.55,0.462497,0.368821,0.781192,0.365659,南钢股份
cup_v2_trend_scored,杯柄 V2 趋势增强,600284.SH,2022-04-08,0.569523,trend_cup,17.400762,18.159445,16.593132,18.159445,0.610996,18.208092,2.023121,11.453248,1.157795,13.207547,0.627001,0.648978,0.237057,7.225434,2.651444,5.547653,,134456447.25,0.336572,0.398869,1.0,0.683362,浦东建设
cup_v2_trend_scored,杯柄 V2 趋势增强,600285.SH,2025-06-03,0.622271,trend_cup,72.131445,75.019109,68.551944,74.297193,0.821212,15.974576,2.188841,10.659777,1.134138,8.580593,0.664869,0.642444,0.409058,4.661017,2.557213,4.0,5.7099,128160986.95,0.289533,0.594239,1.0,0.486571,羚锐制药
cup_v2_trend_scored,杯柄 V2 趋势增强,600298.SH,2025-09-08,0.564879,trend_cup,116.597781,121.435379,99.083343,120.735968,0.654671,16.246719,9.393224,14.282299,3.123924,15.214783,0.223807,0.522664,0.213924,10.407022,1.30604,3.65274,3.845453,543253521.85,0.739507,0.292639,0.752013,0.258252,安琪酵母
cup_v2_trend_scored,杯柄 V2 趋势增强,600299.SH,2024-12-30,0.606915,trend_cup,13.828109,14.311287,12.033446,14.230758,0.745575,18.296796,11.804384,9.49002,2.179024,12.700965,0.607778,0.668856,0.191297,4.300169,2.01009,3.514644,7.628435,93962445.05,0.355157,0.474816,0.986697,0.571736,安迪苏
cup_v2_trend_scored,杯柄 V2 趋势增强,600309.SH,2023-02-02,0.617728,trend_cup,216.793548,224.261478,196.78218,223.680142,0.85183,18.470871,5.770878,10.447058,1.674356,10.199402,0.670552,0.645338,0.205717,4.633407,2.137185,3.18721,5.629134,918652813.7,0.345242,0.499279,1.0,0.420235,万华化学
cup_v2_trend_scored,杯柄 V2 趋势增强,600309.SH,2023-02-17,0.576394,trend_cup,221.80198,230.70089,201.388149,227.190516,0.761448,18.470871,3.853544,9.094032,2.033142,10.157007,0.534977,0.613604,0.324268,6.275494,1.674291,2.636364,4.216864,1110754672.8,0.314922,0.614993,0.874764,0.341946,万华化学
cup_v2_trend_scored,杯柄 V2 趋势增强,600323.SH,2024-05-14,0.623208,trend_cup,40.229206,41.801478,37.105625,41.382205,0.809729,21.257652,0.337838,16.032329,2.31172,14.343029,0.225563,0.414614,0.26878,9.84975,1.635365,2.279793,3.808582,150233775.1,0.735206,0.307182,0.861788,0.244931,瀚蓝环境
cup_v2_trend_scored,杯柄 V2 趋势增强,600331.SH,2023-03-07,0.570645,trend_cup,3.39,3.53,2.94,3.46,0.699367,20.615385,7.54717,14.392771,2.097683,16.713881,0.105255,0.408185,0.438559,6.461538,1.430108,2.064897,4.369278,127082840.85,0.617364,0.327573,0.793369,0.33631,宏达股份
cup_v2_trend_scored,杯柄 V2 趋势增强,600351.SH,2023-09-25,0.621738,trend_cup,18.972878,19.661132,17.344009,19.477598,0.66733,13.761029,0.65703,13.890938,2.538652,11.785298,0.205401,0.48334,0.292309,11.563732,1.473392,3.159174,9.283002,186006007.0,0.644606,0.361371,0.807797,0.637303,亚宝药业
cup_v2_trend_scored,杯柄 V2 趋势增强,600351.SH,2025-07-21,0.597159,trend_cup,15.911282,16.824022,14.455831,16.602004,0.73661,19.986728,8.006279,10.784635,1.821434,12.463343,0.655401,0.653432,0.232562,5.651491,3.064712,4.179567,4.128347,100223027.55,0.382381,0.598057,1.0,0.317753,亚宝药业
cup_v2_trend_scored,杯柄 V2 趋势增强,600356.SH,2025-07-28,0.657649,trend_cup,13.346065,13.833592,12.236763,13.833592,0.858894,20.170109,0.972053,13.059947,2.754925,13.132567,0.41642,0.584825,0.206855,11.95054,1.693404,3.771429,6.588634,62588243.0,0.625474,0.365664,0.881135,0.47741,恒丰纸业
cup_v2_trend_scored,杯柄 V2 趋势增强,600359.SH,2024-11-06,0.631409,trend_cup,6.816981,7.350659,6.293373,7.229827,0.763575,23.275862,10.201149,16.687884,1.138779,14.383562,0.149542,0.377855,0.254667,3.16092,2.849324,6.05613,5.719006,62203483.35,0.625008,0.361877,1.0,0.374789,新农开发
cup_v2_trend_scored,杯柄 V2 趋势增强,600362.SH,2023-01-18,0.621898,trend_cup,22.867824,23.504401,22.341423,23.308531,0.937451,19.019397,1.670259,10.43443,1.791199,13.541667,0.598588,0.601719,0.214558,2.586207,2.063737,3.703704,4.471757,237537849.25,0.359146,0.489387,0.948276,0.325179,江西铜业
cup_v2_trend_scored,杯柄 V2 趋势增强,600377.SH,2024-08-01,0.607544,trend_cup,27.403058,29.193966,26.375853,29.107658,0.874331,17.787743,5.306428,12.747303,0.836773,9.653067,0.425167,0.573127,0.198358,4.501191,1.522542,4.736025,10.608996,111842143.75,0.368336,0.419136,0.824181,0.532115,宁沪高速
cup_v2_trend_scored,杯柄 V2 趋势增强,600377.SH,2024-08-23,0.697335,trend_cup,30.380713,31.459574,26.375853,31.222224,0.874331,17.787743,5.306428,15.000975,2.646227,14.266118,0.489994,0.525994,0.284044,12.092827,1.419668,2.769886,9.920732,97552805.65,0.719721,0.401997,0.789889,0.597657,宁沪高速
cup_v2_trend_scored,杯柄 V2 趋势增强,600380.SH,2023-04-07,0.571263,trend_cup,23.894148,25.151735,22.115561,24.882252,0.705205,15.617892,6.671721,11.33888,0.99961,12.071429,0.633471,0.63598,0.201461,5.003791,1.826776,3.823088,6.118734,212025161.05,0.310445,0.547838,0.925592,0.453338,健康元
cup_v2_trend_scored,杯柄 V2 趋势增强,600395.SH,2025-07-22,0.600923,trend_cup,13.866102,14.502669,13.312565,14.419639,0.735929,13.359528,1.232033,11.591047,2.240153,13.931298,0.568255,0.669476,0.193201,2.357564,2.494595,4.618474,5.754464,95965033.15,0.479522,0.452432,0.919695,0.431914,盘江股份
cup_v2_trend_scored,杯柄 V2 趋势增强,600410.SH,2023-02-09,0.56794,trend_cup,11.352365,11.867481,11.174056,11.847669,0.648194,23.259762,1.398601,11.581042,2.855574,10.684474,0.19086,0.489084,0.321342,1.528014,2.138404,2.92599,7.010871,116982840.25,0.555894,0.307272,0.816002,0.519489,华胜天成
cup_v2_trend_scored,杯柄 V2 趋势增强,600426.SH,2022-11-29,0.5692,trend_cup,119.465491,125.670496,100.237637,125.172563,0.506682,16.601942,15.307443,12.317201,3.597904,16.702225,0.432815,0.56475,0.274349,5.760518,1.411028,4.97912,7.953966,371263402.1,0.689583,0.308313,0.787009,0.59504,华鲁恒升
cup_v2_trend_scored,杯柄 V2 趋势增强,600433.SH,2023-01-04,0.654851,trend_cup,19.523685,21.221397,18.391877,20.844127,0.772463,22.695035,4.411765,16.889986,0.979784,14.444444,0.400028,0.468629,0.242589,4.491726,2.99981,7.542579,6.39883,69952889.3,0.616361,0.431914,1.0,0.444846,冠豪高新
cup_v2_trend_scored,杯柄 V2 趋势增强,600433.SH,2023-02-08,0.56999,trend_cup,21.598666,22.117411,18.957781,21.692983,0.684965,26.0181,9.049774,12.888053,2.422959,14.285714,0.35793,0.467405,0.384946,4.072398,1.245795,2.222222,4.219877,95819960.4,0.574428,0.464157,0.731932,0.323826,冠豪高新
cup_v2_trend_scored,杯柄 V2 趋势增强,600483.SH,2023-03-17,0.631713,trend_cup,16.620709,17.216968,15.701477,17.018215,0.765101,21.09375,0.315457,14.07319,1.644531,10.894661,0.572032,0.512177,0.303013,7.03125,1.500577,3.31825,6.625815,157102449.7,0.542966,0.520838,0.816859,0.490884,福能股份
cup_v2_trend_scored,杯柄 V2 趋势增强,600483.SH,2024-03-25,0.565425,trend_cup,16.255911,17.309535,15.235736,16.991775,0.580891,15.451578,0.870511,14.940795,2.211825,14.492754,0.079759,0.38502,0.219245,10.554951,1.8097,4.419322,5.442637,201389703.5,0.662078,0.314922,0.9199,0.345226,福能股份
cup_v2_trend_scored,杯柄 V2 趋势增强,600513.SH,2023-03-21,0.576737,trend_cup,33.704184,34.482931,31.212193,34.420632,0.714775,12.909441,2.529183,10.452137,1.255008,8.31075,0.598903,0.641435,0.227385,6.454721,1.698059,3.271028,7.994053,78677573.0,0.293106,0.495992,0.882686,0.603128,联环药业
cup_v2_trend_scored,杯柄 V2 趋势增强,600538.SH,2026-02-03,0.631164,trend_cup,7.16,7.38,6.6,7.32,0.657423,20.447761,0.60241,14.562955,3.873186,17.115903,0.231464,0.433703,0.187792,9.253731,1.185786,3.244006,7.795658,117659063.05,0.848757,0.314227,0.711929,0.524438,国发股份
cup_v2_trend_scored,杯柄 V2 趋势增强,600549.SH,2025-07-18,0.574905,trend_cup,42.933947,44.610586,40.818188,44.391026,0.644616,18.198787,2.647989,11.556695,1.779996,11.52251,0.489878,0.573541,0.286087,5.873288,1.952805,3.058387,5.574382,704592390.15,0.420094,0.503231,0.967602,0.42229,厦门钨业
cup_v2_trend_scored,杯柄 V2 趋势增强,600558.SH,2025-03-17,0.577946,trend_cup,23.797851,24.385453,21.986081,24.140619,0.834715,18.681319,1.318681,13.686152,1.565601,12.851406,0.321989,0.456366,0.277175,8.351648,1.339065,2.708333,4.388404,110330828.15,0.511597,0.357204,0.763022,0.301374,大西洋
cup_v2_trend_scored,杯柄 V2 趋势增强,600572.SH,2022-12-07,0.566313,trend_cup,28.200807,29.877288,26.943446,29.877288,0.641112,19.027484,4.862579,15.768309,2.236456,14.059406,0.197579,0.43637,0.202261,5.496829,1.521613,5.944798,3.814351,293608196.8,0.71113,0.32806,0.823871,0.230847,康恩贝
cup_v2_trend_scored,杯柄 V2 趋势增强,600573.SH,2025-06-03,0.580152,trend_cup,12.982853,14.062975,12.619248,13.838395,0.448458,15.846539,1.584654,13.394383,2.380336,15.665399,0.519624,0.579684,0.224095,7.923269,2.024788,5.805397,10.495423,78192088.8,0.59723,0.466409,0.991596,0.549993,惠泉啤酒
cup_v2_trend_scored,杯柄 V2 趋势增强,600575.SH,2024-05-06,0.585349,trend_cup,12.405175,12.786222,11.897113,12.701545,0.636601,24.734982,0.706714,16.580311,2.966873,11.92053,0.102899,0.346349,0.23966,6.007067,1.388592,3.092784,4.167926,132409470.75,0.847543,0.27316,0.779531,0.24608,淮河能源
cup_v2_trend_scored,杯柄 V2 趋势增强,600578.SH,2023-05-29,0.562471,trend_cup,12.959567,13.675565,11.062172,13.532366,0.409479,12.464589,9.649123,14.199396,2.963615,15.445026,0.269873,0.521564,0.210864,7.082153,1.518173,4.132231,9.417267,110420459.8,0.714863,0.344813,0.822724,0.612355,京能电力
cup_v2_trend_scored,杯柄 V2 趋势增强,600578.SH,2024-04-08,0.58325,trend_cup,12.707719,13.152304,11.707403,13.078206,0.590955,20.909091,4.242424,14.827867,2.653894,13.239437,0.275402,0.436859,0.223715,6.969697,1.48286,2.023121,10.875064,120416536.85,0.711063,0.297935,0.810953,0.4857,京能电力
cup_v2_trend_scored,杯柄 V2 趋势增强,600582.SH,2023-06-29,0.647429,trend_cup,25.742898,26.649338,24.972424,26.513372,0.785369,18.144823,2.477876,12.684539,1.793987,12.82586,0.636806,0.61061,0.303631,3.539823,1.67481,3.35689,9.247315,135707985.6,0.484501,0.45906,0.874937,0.675193,天地科技
cup_v2_trend_scored,杯柄 V2 趋势增强,600612.SH,2023-12-14,0.564766,trend_cup,145.686454,147.999938,139.061474,146.359467,0.714445,19.55951,0.015122,11.831586,3.70616,16.129032,0.224798,0.476546,0.272471,1.502334,1.32769,2.640118,12.268555,95836966.8,0.676136,0.304135,0.572022,0.405736,老凤祥
cup_v2_trend_scored,杯柄 V2 趋势增强,600642.SH,2023-04-26,0.566019,trend_cup,14.416358,15.139436,14.1678,14.93607,0.517926,18.224299,2.336449,12.265406,2.113376,13.283582,0.522286,0.589911,0.315047,2.959502,1.990428,3.442879,12.086537,106892905.75,0.501139,0.500714,0.97508,0.460502,申能股份
cup_v2_trend_scored,杯柄 V2 趋势增强,600645.SH,2025-03-28,0.577273,trend_cup,22.47,24.04,21.18,23.9,0.631388,22.217538,6.901099,13.499652,1.829563,14.101498,0.539214,0.556537,0.181544,0.758853,2.588435,6.364041,9.216147,288161639.55,0.534232,0.400215,0.719857,0.627386,中源协和
cup_v2_trend_scored,杯柄 V2 趋势增强,600690.SH,2024-04-16,0.668216,trend_cup,141.075223,145.925499,129.079918,144.778122,0.885689,20.813397,1.315789,16.13524,2.537812,17.441029,0.417543,0.502468,0.2009,10.685805,1.361072,2.096359,12.007962,849331383.15,0.769184,0.325189,0.770357,0.41029,海尔智家
cup_v2_trend_scored,杯柄 V2 趋势增强,600712.SH,2023-12-06,0.580054,trend_cup,11.693559,12.013593,10.708838,11.890503,0.597396,16.263736,2.901786,14.863258,2.011494,14.227642,0.311064,0.482979,0.195549,6.153846,2.683654,2.547771,13.85854,63521381.3,0.632729,0.415824,1.0,0.265019,南宁百货
cup_v2_trend_scored,杯柄 V2 趋势增强,600713.SH,2022-07-11,0.584103,trend_cup,11.084988,11.603189,10.70197,11.535597,0.809863,17.647059,4.040404,8.650961,1.148698,13.398058,0.670399,0.603413,0.335801,2.977363,3.004349,4.918033,7.366938,79700206.65,0.179752,0.477404,0.99717,0.579114,南京医药
cup_v2_trend_scored,杯柄 V2 趋势增强,600718.SH,2023-03-24,0.650025,trend_cup,16.640779,17.278676,15.101507,17.056799,0.692582,16.293103,5.05667,14.305186,1.428443,13.483146,0.58299,0.576586,0.191328,6.034483,2.442919,5.218135,8.704883,330164512.45,0.528844,0.497106,1.0,0.629411,东软集团
cup_v2_trend_scored,杯柄 V2 趋势增强,600728.SH,2023-03-22,0.564059,trend_cup,27.146467,28.59483,25.077376,28.387921,0.567364,20.461538,6.625578,15.446106,0.461931,12.301013,0.518417,0.524587,0.238376,5.538462,2.786994,6.356589,11.326287,150815705.75,0.471414,0.420084,1.0,0.478188,佳都科技
cup_v2_trend_scored,杯柄 V2 趋势增强,600737.SH,2024-04-01,0.67218,trend_cup,11.277538,11.731902,10.601818,11.545496,0.907952,20.752688,2.150538,14.273634,1.046346,11.717974,0.421209,0.466818,0.351291,6.55914,2.103032,3.229167,6.892556,223796091.25,0.479328,0.450093,1.0,0.514033,中粮糖业
cup_v2_trend_scored,杯柄 V2 趋势增强,600739.SH,2025-07-24,0.57136,trend_cup,19.364697,19.850028,18.021949,19.850028,0.734691,23.037975,0.446828,12.810297,2.501008,11.246944,0.494638,0.564423,0.266406,3.544304,1.490578,2.420701,3.508092,188761373.8,0.579865,0.377316,0.813526,0.259134,辽宁成大
cup_v2_trend_scored,杯柄 V2 趋势增强,600750.SH,2022-12-12,0.586235,trend_cup,45.624709,47.60959,41.480721,46.699853,0.779695,18.029851,7.283582,13.255423,1.003189,12.873182,0.536625,0.544843,0.25308,4.382059,1.744241,4.567901,4.133052,287492587.15,0.417367,0.518223,0.89808,0.297114,华润江中
cup_v2_trend_scored,杯柄 V2 趋势增强,600784.SH,2025-03-25,0.583335,trend_cup,13.292007,14.120103,13.164608,14.120103,0.807358,17.182663,4.024768,10.239266,1.912568,8.421053,0.542556,0.611424,0.366582,2.941176,2.429032,5.555556,3.652866,64901572.35,0.363475,0.448144,0.992647,0.311796,鲁银投资
cup_v2_trend_scored,杯柄 V2 趋势增强,600789.SH,2023-11-23,0.568689,trend_cup,9.888005,10.172454,9.346196,10.104728,0.466168,12.712053,2.12766,10.254452,2.415424,13.049268,0.616982,0.661094,0.322767,5.815603,3.305035,3.755216,8.758234,128689644.15,0.427175,0.484847,1.0,0.693971,鲁抗医药
cup_v2_trend_scored,杯柄 V2 趋势增强,600790.SH,2022-12-01,0.562903,trend_cup,10.644762,10.894054,9.672524,10.819266,0.871201,17.574257,3.960396,10.959605,1.860064,11.212815,0.392446,0.544608,0.445584,7.425743,1.222874,2.117647,3.346839,71613249.55,0.39693,0.410875,0.724291,0.29584,轻纺城
cup_v2_trend_scored,杯柄 V2 趋势增强,600795.SH,2023-12-27,0.598679,trend_cup,12.730365,13.094089,12.154467,13.063779,0.935873,19.270724,0.496278,12.065608,1.925926,9.490741,0.367556,0.551532,0.383323,6.947891,1.273815,2.863962,3.605745,386566161.75,0.466608,0.39699,0.741272,0.298311,国电电力
cup_v2_trend_scored,杯柄 V2 趋势增强,600797.SH,2023-02-13,0.594932,trend_cup,7.170398,7.355308,6.759487,7.355308,0.614649,25.968436,1.349325,13.671844,3.329946,15.481172,0.131507,0.459895,0.231838,2.725968,1.543507,2.578797,8.721386,140515662.55,0.731346,0.20212,0.796915,0.613629,浙大网新
cup_v2_trend_scored,杯柄 V2 趋势增强,600810.SH,2024-11-19,0.658205,trend_cup,12.290686,12.962577,11.733508,12.946189,0.648417,26.337672,5.665349,18.007319,2.750741,15.044248,0.224231,0.366726,0.221448,3.179503,1.957043,3.947368,10.488813,98322297.45,0.78788,0.386379,0.969014,0.496455,神马股份
cup_v2_trend_scored,杯柄 V2 趋势增强,600812.SH,2023-11-29,0.581621,trend_cup,6.5938,6.708023,6.406889,6.64572,0.718116,17.246835,1.121795,11.233416,1.969164,10.046368,0.387804,0.555816,0.288356,1.265823,1.885222,2.073365,10.320612,81088867.55,0.42578,0.475992,0.728302,0.576415,华北制药
cup_v2_trend_scored,杯柄 V2 趋势增强,600812.SH,2025-07-11,0.636773,trend_cup,6.764591,7.284944,6.213017,7.149653,0.8006,21.068249,5.984252,12.148007,1.163537,14.714286,0.616858,0.635953,0.236898,1.928783,3.103387,6.511628,9.334677,154662499.35,0.375887,0.550755,0.866098,0.654957,华北制药
cup_v2_trend_scored,杯柄 V2 趋势增强,600814.SH,2022-12-08,0.609115,trend_cup,8.307928,8.607936,8.030997,8.538703,0.574847,22.83237,-0.578035,17.463425,3.040387,13.806971,0.0,0.327547,0.198841,6.936416,1.427676,2.351314,8.810735,57733715.1,0.854303,0.205679,0.792559,0.577344,杭州解百
cup_v2_trend_scored,杯柄 V2 趋势增强,600827.SH,2023-05-05,0.580895,trend_cup,15.696224,16.870113,15.079025,16.66438,0.702242,13.681028,5.820106,9.944509,0.349785,10.61693,0.587094,0.626839,0.249878,4.081633,2.694222,6.16808,8.924037,164673704.95,0.151751,0.582964,1.0,0.675976,百联股份
cup_v2_trend_scored,杯柄 V2 趋势增强,600846.SH,2022-08-01,0.664162,trend_cup,18.067204,18.809401,16.519192,18.491317,0.875944,18.492344,2.988792,10.889746,2.283048,12.401353,0.469515,0.582886,0.242148,2.709069,1.524594,2.227433,8.891931,59899168.95,0.445922,0.544381,0.788498,0.660261,同济科技
cup_v2_trend_scored,杯柄 V2 趋势增强,600863.SH,2023-05-29,0.581301,trend_cup,13.462439,14.012587,12.815207,13.883141,0.573507,20.833333,2.941176,15.58669,1.64076,8.545035,0.0,0.364284,0.426238,5.147059,1.57365,3.125,7.99888,424001468.65,0.626578,0.317918,0.841217,0.593858,华能蒙电
cup_v2_trend_scored,杯柄 V2 趋势增强,600869.SH,2025-07-14,0.579811,trend_cup,24.135508,25.072376,20.700324,24.893925,0.529056,24.80916,11.450382,14.001634,2.483093,17.437722,0.501918,0.516435,0.222318,6.48855,1.753986,2.762431,7.769678,201926924.9,0.643811,0.341705,0.901329,0.55353,远东股份
cup_v2_trend_scored,杯柄 V2 趋势增强,600877.SH,2025-12-26,0.602376,trend_cup,16.2,17.15,14.45,16.85,0.748433,18.382817,8.717625,14.527165,0.984949,15.74344,0.462984,0.504047,0.261637,6.443462,1.386862,3.310852,7.963773,665986670.45,0.485739,0.421161,0.778954,0.576786,电科芯片
cup_v2_trend_scored,杯柄 V2 趋势增强,600879.SH,2023-02-13,0.565466,trend_cup,16.921868,17.655607,14.353779,17.472172,0.767927,19.803371,12.078652,10.488159,1.674947,12.987013,0.325549,0.543331,0.391991,7.022472,1.888524,3.252033,4.76719,280343882.05,0.347599,0.40659,0.946175,0.385969,航天电子
cup_v2_trend_scored,杯柄 V2 趋势增强,600897.SH,2024-04-25,0.566502,trend_cup,26.130399,27.098191,25.105677,26.832523,0.845605,20.232897,3.71179,8.857154,1.689113,10.57423,0.656603,0.587519,0.264265,2.911208,1.706438,2.463768,3.151194,56158206.5,0.258759,0.594474,0.87438,0.237499,厦门空港
cup_v2_trend_scored,杯柄 V2 趋势增强,600901.SH,2025-06-10,0.657967,trend_cup,11.691792,12.258786,10.772872,12.219683,0.74113,13.129496,0.899281,15.49478,2.682799,13.23764,0.232351,0.48715,0.450367,12.410072,1.75214,4.51505,7.065299,221783525.85,0.751726,0.289724,0.900713,0.561795,江苏金租
cup_v2_trend_scored,杯柄 V2 趋势增强,600941.SH,2022-09-23,0.617058,trend_cup,68.358175,73.260651,66.507782,72.739564,0.747153,15.303103,1.774776,12.862422,0.935376,11.303527,0.453817,0.584602,0.301174,3.602854,2.385855,6.013639,10.038449,384971480.5,0.387057,0.443325,1.0,0.608619,中国移动
cup_v2_trend_scored,杯柄 V2 趋势增强,600963.SH,2023-02-20,0.634919,trend_cup,10.351391,10.935623,9.003164,10.920643,0.848892,20.192308,3.685897,19.934192,3.468298,17.671233,0.0,0.360537,0.366592,16.826923,1.682929,5.194805,5.907937,196254001.85,0.770527,0.105534,0.877643,0.418207,岳阳林纸
cup_v2_trend_scored,杯柄 V2 趋势增强,600968.SH,2024-04-02,0.603018,trend_cup,3.787566,3.960218,3.453051,3.927846,0.598556,21.791045,4.477612,16.579481,1.297721,12.80654,0.293038,0.412921,0.264108,8.656716,1.734983,4.0,9.22418,116075172.25,0.638853,0.322571,0.894994,0.615649,海油发展
cup_v2_trend_scored,杯柄 V2 趋势增强,600970.SH,2024-04-15,0.562939,trend_cup,61.221213,65.728939,55.507932,65.204785,0.539672,25.359256,10.481826,12.604662,1.272242,15.550239,0.618676,0.568685,0.241128,5.156382,1.88441,6.781116,8.805132,201509221.65,0.414845,0.43535,0.944803,0.649894,中材国际
cup_v2_trend_scored,杯柄 V2 趋势增强,600970.SH,2026-01-20,0.598987,trend_cup,60.594464,62.186063,57.468108,62.186063,0.794489,17.217899,1.653696,11.416641,2.061906,7.586837,0.388136,0.593145,0.26935,6.420233,1.356501,3.110273,7.199548,265798163.15,0.447552,0.418873,0.768834,0.544057,中材国际
cup_v2_trend_scored,杯柄 V2 趋势增强,600971.SH,2023-03-02,0.580546,trend_cup,36.134932,37.275207,34.365539,36.921329,0.867965,20.135747,1.131222,17.885839,1.961827,15.295359,0.0,0.362493,0.18,6.221719,1.291178,2.287582,15.476814,201581765.9,0.696015,0.206833,0.747059,0.144623,恒源煤电
cup_v2_trend_scored,杯柄 V2 趋势增强,600989.SH,2024-03-29,0.567057,trend_cup,17.62546,18.48194,17.40007,18.425592,0.698682,17.692308,1.025641,11.111111,1.062097,8.231707,0.299735,0.507315,0.311427,4.807692,2.037546,4.339502,7.633847,281932765.25,0.305602,0.39132,0.995849,0.567796,宝丰能源
cup_v2_trend_scored,杯柄 V2 趋势增强,600993.SH,2023-03-13,0.604011,trend_cup,79.592694,82.902954,72.972176,81.73118,0.764677,15.405831,1.851852,14.590036,3.145007,14.487633,0.209989,0.438057,0.304659,9.929078,1.227788,3.295076,3.367593,214268717.0,0.759239,0.356605,0.725929,0.228482,马应龙
cup_v2_trend_scored,杯柄 V2 趋势增强,600997.SH,2025-10-14,0.563115,trend_cup,10.956252,11.203851,10.136081,11.126477,0.697413,17.595308,3.958944,10.731795,1.233192,9.530387,0.544185,0.617669,0.30261,5.42522,1.716252,2.130682,6.154649,71914347.05,0.305915,0.525919,0.888751,0.481799,开滦股份
cup_v2_trend_scored,杯柄 V2 趋势增强,600998.SH,2022-11-17,0.577791,trend_cup,14.525724,15.019423,13.648037,14.931654,0.879388,17.574231,2.278083,13.383596,2.61661,15.266618,0.303735,0.542882,0.207202,1.521694,1.291819,2.716981,3.851439,119199487.4,0.626165,0.316734,0.562485,0.261739,九州通
cup_v2_trend_scored,杯柄 V2 趋势增强,601007.SH,2024-12-11,0.591829,trend_cup,11.264648,11.727784,10.801513,11.682964,0.774103,20.377868,2.42915,14.177252,1.215998,14.522293,0.463371,0.475562,0.194949,5.533063,1.508932,3.030303,7.430511,83959149.6,0.49518,0.333805,0.819644,0.509664,金陵饭店
cup_v2_trend_scored,杯柄 V2 趋势增强,601033.SH,2025-04-02,0.582858,trend_cup,16.228414,16.621204,15.256777,16.383463,0.653245,15.506329,3.592423,11.99171,2.067371,14.143921,0.478359,0.598207,0.331655,0.316456,1.952375,2.126289,8.312428,133335652.25,0.480183,0.523886,0.632015,0.64748,永兴股份
cup_v2_trend_scored,杯柄 V2 趋势增强,601058.SH,2023-07-11,0.604961,trend_cup,61.411213,62.47369,59.551877,62.154947,0.825231,18.739206,1.752848,12.990491,2.829816,11.532797,0.21157,0.486237,0.446794,2.456648,1.547547,2.005231,4.025675,213737908.75,0.630976,0.329058,0.764597,0.332523,赛轮轮胎
cup_v2_trend_scored,杯柄 V2 趋势增强,601058.SH,2023-09-04,0.579765,trend_cup,65.714247,66.936097,57.267549,66.776725,0.799423,22.411813,9.866221,10.330323,1.68897,10.396825,0.640178,0.625795,0.190591,5.100334,1.587105,2.112104,6.102982,365622454.45,0.340584,0.47461,0.845702,0.44635,赛轮轮胎
cup_v2_trend_scored,杯柄 V2 趋势增强,601061.SH,2025-07-11,0.562073,trend_cup,8.598293,8.959209,8.492141,8.853057,0.859915,19.679395,1.960784,8.587227,1.015349,10.637717,0.602207,0.6622,0.370953,2.205882,2.204817,3.090235,3.330782,131809941.25,0.159542,0.611456,0.900735,0.301644,中信金属
cup_v2_trend_scored,杯柄 V2 趋势增强,601128.SH,2024-05-08,0.589063,trend_cup,9.519302,9.819785,8.67795,9.771708,0.741093,16.8,1.23119,13.078956,2.322904,11.627907,0.38575,0.57606,0.208623,8.4,1.466458,2.522068,5.039122,244519674.45,0.572527,0.398484,0.805486,0.359536,常熟银行
cup_v2_trend_scored,杯柄 V2 趋势增强,601138.SH,2023-03-02,0.566524,trend_cup,10.9954,11.480654,10.146207,11.403454,0.881381,20.489297,4.564315,9.016149,0.638928,11.623439,0.670793,0.719259,0.193588,5.40265,2.604352,3.815261,3.957644,339248796.5,0.136319,0.551112,1.0,0.309714,工业富联
cup_v2_trend_scored,杯柄 V2 趋势增强,601139.SH,2024-03-18,0.56631,trend_cup,18.096736,18.898808,16.868564,18.64816,0.536986,17.977528,1.895044,10.865516,2.079696,14.986737,0.501745,0.545935,0.262247,4.494382,3.334246,6.896552,9.441157,90786579.95,0.419157,0.424186,1.0,0.632071,深圳燃气
cup_v2_trend_scored,杯柄 V2 趋势增强,601139.SH,2024-04-08,0.570171,trend_cup,18.823614,19.525426,17.921283,19.249714,0.575981,17.746479,-2.729885,13.182522,2.822724,14.120668,0.240944,0.43634,0.42044,8.169014,1.404308,2.4,6.74224,94545227.6,0.640758,0.341425,0.784769,0.515885,深圳燃气
cup_v2_trend_scored,杯柄 V2 趋势增强,601168.SH,2023-08-01,0.616946,trend_cup,15.993713,16.147745,14.79996,16.122073,0.717283,12.585616,1.284247,13.72349,3.294878,15.18283,0.350333,0.560769,0.278201,7.534247,1.587215,2.196908,5.601318,362179146.75,0.729831,0.291291,0.845738,0.418751,西部矿业
cup_v2_trend_scored,杯柄 V2 趋势增强,601211.SH,2025-07-28,0.608245,trend_cup,27.429446,27.935426,24.966421,27.682436,0.750941,24.001971,6.308526,13.363604,1.277811,10.393035,0.525592,0.595186,0.290149,3.883862,2.11259,2.869866,4.654974,2027637173.25,0.457704,0.49756,1.0,0.359964,国泰海通
cup_v2_trend_scored,杯柄 V2 趋势增强,601228.SH,2024-03-29,0.565334,trend_cup,3.606252,3.842375,3.434525,3.810176,0.561949,15.407855,-0.31348,13.358169,1.74437,14.24581,0.562352,0.578962,0.201955,7.250755,2.731735,5.654762,12.195876,98712155.75,0.515722,0.426176,1.0,0.415636,广州港
cup_v2_trend_scored,杯柄 V2 趋势增强,601233.SH,2023-02-13,0.57146,trend_cup,50.098564,51.814051,47.271188,51.401064,0.756497,25.063291,2.872063,10.041827,2.02111,13.488657,0.462642,0.613915,0.269361,2.405063,1.642029,3.254627,6.782226,263986307.55,0.366074,0.443774,0.789643,0.517954,桐昆股份
cup_v2_trend_scored,杯柄 V2 趋势增强,601279.SH,2023-11-28,0.603576,trend_cup,6.119314,6.539954,5.808841,6.449817,0.777323,15.196078,4.761905,9.427657,0.985752,11.179173,0.617838,0.63214,0.198395,5.228758,2.415402,4.376013,7.869258,55048362.85,0.202533,0.599335,1.0,0.582748,英利汽车
cup_v2_trend_scored,杯柄 V2 趋势增强,601318.SH,2023-01-11,0.607679,trend_cup,130.765234,134.727816,128.123512,133.9353,0.590344,26.025139,0.061817,16.962212,1.636391,12.588235,0.305881,0.406125,0.221173,4.471461,1.752076,3.02784,8.090469,2630445521.7,0.70245,0.323462,0.900692,0.549668,中国平安
cup_v2_trend_scored,杯柄 V2 趋势增强,601318.SH,2025-12-12,0.588992,trend_cup,191.461085,196.143557,189.747239,195.592678,0.747405,13.901007,-0.016132,10.186467,1.240672,9.268217,0.639591,0.672679,0.271216,3.097274,1.903467,2.206941,7.141093,3481658369.95,0.276554,0.518895,0.951156,0.560117,中国平安
cup_v2_trend_scored,杯柄 V2 趋势增强,601318.SH,2026-01-06,0.574819,trend_cup,221.575808,229.165697,190.145096,227.451851,0.678367,15.815827,2.003155,20.52772,4.419958,17.200855,0.047942,0.342901,0.204062,17.223975,1.787977,2.708679,3.230824,5594560025.8,0.804016,0.174787,0.912659,0.164256,中国平安
cup_v2_trend_scored,杯柄 V2 趋势增强,601319.SH,2024-08-30,0.581563,trend_cup,6.754568,6.973572,6.212819,6.91594,0.534984,11.672474,3.340792,12.801048,1.367892,11.639344,0.458103,0.568573,0.2878,7.598376,2.223355,3.092784,7.675253,334750479.75,0.437711,0.530391,1.0,0.579127,中国人保
cup_v2_trend_scored,杯柄 V2 趋势增强,601333.SH,2024-04-03,0.566245,trend_cup,3.914482,4.094163,3.760469,4.068494,0.763788,22.468354,2.980132,11.645926,1.112062,11.598746,0.477122,0.553862,0.352879,0.316456,2.007074,3.934426,8.68147,180820657.5,0.341559,0.418855,0.650248,0.67044,广深铁路
cup_v2_trend_scored,杯柄 V2 趋势增强,601336.SH,2023-01-11,0.573005,trend_cup,38.187157,39.239276,37.421979,38.796908,0.551984,26.969891,-0.256246,16.527516,1.947709,14.625229,0.282536,0.382999,0.194827,3.939782,1.242599,2.333649,7.835584,299650759.25,0.717214,0.329412,0.730866,0.516866,新华保险
cup_v2_trend_scored,杯柄 V2 趋势增强,601369.SH,2024-04-15,0.564404,trend_cup,20.620175,21.891904,19.303027,21.687519,0.411816,28.932262,2.411022,17.60601,1.730461,12.863071,0.207292,0.305666,0.283804,9.644087,2.837596,5.176211,9.478744,123666301.0,0.68264,0.289374,1.0,0.575652,陕鼓动力
cup_v2_trend_scored,杯柄 V2 趋势增强,601369.SH,2024-11-21,0.660104,trend_cup,21.908457,23.195761,21.325526,22.904295,0.679816,22.768351,1.899441,16.208489,2.09622,13.089005,0.271895,0.414,0.285224,5.363128,2.424549,4.777778,8.086682,163572926.5,0.718055,0.359206,1.0,0.570568,陕鼓动力
cup_v2_trend_scored,杯柄 V2 趋势增强,601377.SH,2025-07-24,0.595752,trend_cup,17.787128,18.94178,16.165118,18.721846,0.699665,17.665131,9.119011,12.462843,1.581059,11.030479,0.530156,0.616725,0.301245,4.608295,2.847121,5.092593,4.457305,610064290.7,0.445568,0.529863,1.0,0.353853,兴业证券
cup_v2_trend_scored,杯柄 V2 趋势增强,601377.SH,2025-08-15,0.603652,trend_cup,18.804321,19.585509,16.165118,19.278614,0.7562,17.156105,9.119011,11.832748,1.663352,10.866613,0.541012,0.582348,0.237852,8.385197,1.833108,2.37037,4.917284,782049325.5,0.420849,0.570635,0.927703,0.360739,兴业证券
cup_v2_trend_scored,杯柄 V2 趋势增强,601390.SH,2024-04-15,0.665024,trend_cup,8.971284,9.722185,8.879068,9.66949,0.859106,22.463768,2.318841,14.025322,1.803858,13.279133,0.442335,0.491282,0.300945,6.376812,2.042107,7.941176,6.984281,924319828.65,0.560222,0.377767,0.997369,0.511925,中国中铁
cup_v2_trend_scored,杯柄 V2 趋势增强,601528.SH,2023-02-21,0.666462,trend_cup,7.77974,7.973978,6.972119,7.933086,0.864482,21.560847,8.086253,14.112053,2.769669,13.231552,0.198137,0.479014,0.215186,2.645503,1.338389,3.191489,8.225766,164605066.45,0.685767,0.36634,0.718484,0.576242,瑞丰银行
cup_v2_trend_scored,杯柄 V2 趋势增强,601528.SH,2025-06-03,0.621964,trend_cup,8.23676,8.58664,7.784831,8.513748,0.666893,18.549747,2.018349,13.56431,2.650358,15.888243,0.351489,0.523922,0.188618,2.374874,2.125408,3.730018,9.807103,107363761.1,0.640423,0.330628,0.921859,0.577033,瑞丰银行
cup_v2_trend_scored,杯柄 V2 趋势增强,601555.SH,2025-06-20,0.661889,trend_cup,12.124509,12.550928,11.826016,12.465644,0.775839,18.752805,0.71599,13.161331,2.914232,14.287899,0.408807,0.516262,0.216748,4.653938,1.617794,2.573099,8.4567,522453184.85,0.65102,0.397597,0.855931,0.603342,东吴证券
cup_v2_trend_scored,杯柄 V2 趋势增强,601598.SH,2023-05-04,0.562813,trend_cup,5.332113,5.555263,5.050239,5.496539,0.59102,15.990991,3.153153,11.92602,2.109753,12.896406,0.536722,0.602489,0.229091,5.405405,1.683339,2.407002,5.728328,168822893.25,0.481831,0.502138,0.87778,0.423974,中国外运
cup_v2_trend_scored,杯柄 V2 趋势增强,601598.SH,2024-01-25,0.62232,trend_cup,6.716608,7.260864,5.974442,7.174278,0.754817,21.210752,10.885609,16.621984,0.123633,17.717206,0.572406,0.529395,0.18,4.811385,2.788401,7.01107,10.535498,131163300.25,0.494453,0.38433,1.0,0.521186,中国外运
cup_v2_trend_scored,杯柄 V2 趋势增强,601600.SH,2023-01-20,0.645494,trend_cup,5.07801,5.259368,4.433183,5.239217,0.733824,23.153693,10.750507,14.925593,2.294975,15.708812,0.470075,0.499934,0.220884,3.792415,1.944601,3.379722,10.515528,431527959.7,0.671627,0.321651,0.964867,0.527584,中国铝业
cup_v2_trend_scored,杯柄 V2 趋势增强,601600.SH,2023-02-20,0.655404,trend_cup,5.491102,5.813516,4.433183,5.722837,0.733824,23.153693,10.750507,17.290749,2.9968,16.117851,0.010236,0.341037,0.205749,13.373253,1.947509,6.367041,6.02929,635712920.95,0.858447,0.244318,0.965836,0.374181,中国铝业
cup_v2_trend_scored,杯柄 V2 趋势增强,601601.SH,2022-11-29,0.641904,trend_cup,33.479566,34.652552,31.359712,34.539493,0.562101,21.132101,-0.772025,16.545596,5.442978,17.822186,0.032109,0.360529,0.234469,7.563139,2.256081,4.221748,7.835337,610494665.2,0.974755,0.124211,1.0,0.523123,中国太保
cup_v2_trend_scored,杯柄 V2 趋势增强,601601.SH,2025-06-25,0.590722,trend_cup,56.223468,57.960454,52.962812,57.960454,0.756911,20.520631,2.523836,15.328061,1.661177,11.198738,0.270847,0.465571,0.258319,5.34478,1.622283,3.594771,4.993855,1037650538.5,0.614762,0.297459,0.857428,0.343428,中国太保
cup_v2_trend_scored,杯柄 V2 趋势增强,601607.SH,2023-03-13,0.592892,trend_cup,24.866964,26.117188,24.541905,25.917152,0.649811,11.022044,1.653307,9.683507,1.810167,10.579225,0.624765,0.682008,0.234911,3.857715,2.252204,3.909774,7.835374,282282525.15,0.319799,0.558063,1.0,0.603628,上海医药
cup_v2_trend_scored,杯柄 V2 趋势增强,601607.SH,2023-04-27,0.592185,trend_cup,27.642462,28.755161,24.891968,28.705153,0.507364,16.619718,6.525822,13.190804,2.174223,12.73913,0.508654,0.595497,0.296497,7.793427,2.272281,4.458599,8.770558,341389124.55,0.560156,0.386062,1.0,0.670615,上海医药
cup_v2_trend_scored,杯柄 V2 趋势增强,601619.SH,2023-04-10,0.615065,trend_cup,4.745593,5.160566,4.447663,5.086084,0.735719,20.652174,9.130435,15.069812,0.319452,13.814433,0.342851,0.495341,0.225,3.913043,2.290982,5.752212,10.012698,104248707.45,0.432699,0.422677,1.0,0.565383,嘉泽新能
cup_v2_trend_scored,杯柄 V2 趋势增强,601628.SH,2025-12-17,0.581608,trend_cup,59.143384,62.074383,57.690969,61.302379,0.702135,17.864054,2.885463,9.54453,0.987657,9.633221,0.749031,0.635086,0.226594,3.193833,1.791665,3.673379,7.724076,596048251.35,0.209264,0.653283,0.913888,0.581055,中国人寿
cup_v2_trend_scored,杯柄 V2 趋势增强,601668.SH,2024-05-17,0.561096,trend_cup,12.293393,12.660038,10.805245,12.638471,0.554465,17.304189,8.743169,10.496543,2.356934,12.0954,0.610145,0.69177,0.258203,6.739526,1.866578,3.533569,7.287092,1251673041.15,0.433314,0.446037,0.938859,0.571935,中国建筑
cup_v2_trend_scored,杯柄 V2 趋势增强,601688.SH,2025-07-21,0.613207,trend_cup,25.226523,26.00126,24.492561,25.919708,0.936125,20.435967,1.043383,11.047488,2.03322,10.872974,0.523324,0.625392,0.362577,3.923706,1.733377,3.136831,3.025033,1199822174.95,0.423457,0.444185,0.894459,0.266998,华泰证券
cup_v2_trend_scored,杯柄 V2 趋势增强,601700.SH,2025-07-22,0.563998,trend_cup,31.226694,32.113457,27.815641,32.050116,0.672027,18.238994,7.54717,11.873863,1.271037,10.51403,0.582842,0.565073,0.25271,6.527258,2.560604,2.016129,3.737252,86316777.7,0.374094,0.563615,1.0,0.272375,风范股份
cup_v2_trend_scored,杯柄 V2 趋势增强,601728.SH,2024-04-17,0.563748,trend_cup,6.854286,7.145481,6.215897,7.089482,0.73723,19.516129,9.756098,8.971968,1.896139,10.815047,0.680244,0.630537,0.383884,2.096774,1.720391,3.094463,5.990619,662994061.8,0.291016,0.562189,0.777227,0.497096,中国电信
cup_v2_trend_scored,杯柄 V2 趋势增强,601827.SH,2023-05-04,0.56695,trend_cup,7.94472,8.270065,7.073635,8.25957,0.578985,13.114754,7.923497,9.404323,2.335325,10.786802,0.534003,0.672004,0.24633,7.513661,1.980733,4.654255,8.367164,58391828.6,0.369934,0.43843,0.976911,0.644437,三峰环境
cup_v2_trend_scored,杯柄 V2 趋势增强,601838.SH,2024-04-25,0.643026,trend_cup,18.080715,18.998777,16.423104,18.884019,0.789279,23.95167,5.985401,11.448352,2.305634,10.671141,0.578868,0.589662,0.239349,5.259417,2.848829,4.002809,6.498128,292281610.85,0.479779,0.499146,1.0,0.48158,成都银行
cup_v2_trend_scored,杯柄 V2 趋势增强,601857.SH,2023-03-17,0.619699,trend_cup,8.098587,8.65711,7.2755,8.568922,0.605043,12.5,6.954887,12.176506,2.276576,12.733447,0.537272,0.640034,0.202131,7.169118,2.742732,6.386861,10.157602,1053878611.8,0.5166,0.519796,1.0,0.583827,中国石油
cup_v2_trend_scored,杯柄 V2 趋势增强,601857.SH,2023-03-30,0.564882,trend_cup,8.377848,8.862881,8.039795,8.818788,0.493291,16.197183,3.697183,13.168401,1.979214,11.276949,0.435007,0.59328,0.189179,5.633803,2.272354,6.951872,6.966294,1435582492.7,0.534535,0.431917,1.0,0.502546,中国石油
cup_v2_trend_scored,杯柄 V2 趋势增强,601857.SH,2025-11-19,0.570237,trend_cup,17.013038,17.788708,15.44446,17.702523,0.328854,12.418301,2.396514,16.576998,3.592912,13.565891,0.022713,0.417278,0.286738,11.873638,1.503643,4.052685,8.607024,1438579808.7,0.925614,0.225671,0.817881,0.610868,中国石油
cup_v2_trend_scored,杯柄 V2 趋势增强,601886.SH,2023-07-03,0.564642,trend_cup,22.835992,24.17023,21.912289,23.913645,0.492798,25.711035,1.499423,17.961121,2.234745,17.091295,0.343857,0.397915,0.250334,6.290736,1.754403,4.836895,6.380172,54615245.0,0.725947,0.304182,0.901468,0.428092,江河集团
cup_v2_trend_scored,杯柄 V2 趋势增强,601886.SH,2026-01-20,0.578662,trend_cup,26.757973,27.650897,22.204057,27.293727,0.654253,17.889042,10.97852,13.093525,3.286185,15.500538,0.284696,0.515748,0.32858,9.427208,1.486611,2.68757,3.728719,70780735.45,0.693747,0.366671,0.812204,0.282165,江河集团
cup_v2_trend_scored,杯柄 V2 趋势增强,601888.SH,2025-09-19,0.606641,trend_cup,165.633223,171.640287,154.635677,170.900956,0.84314,17.672595,6.273631,11.852335,1.877144,9.907121,0.506801,0.605891,0.282851,3.584932,1.763203,3.194754,4.004324,2790636175.65,0.448662,0.472404,0.904401,0.311652,中国中免
cup_v2_trend_scored,杯柄 V2 趋势增强,601898.SH,2024-08-26,0.57076,trend_cup,17.888855,18.367898,15.112822,18.285776,0.623989,18.562874,13.328313,10.903903,3.359084,17.721552,0.345768,0.569575,0.249486,4.240555,1.45193,3.08642,7.923389,228862172.8,0.581213,0.281531,0.800643,0.586494,中煤能源
cup_v2_trend_scored,杯柄 V2 趋势增强,601899.SH,2023-07-25,0.580376,trend_cup,25.762957,26.700533,24.988438,26.37442,0.689499,18.877166,2.54372,11.45861,2.020629,14.122137,0.374937,0.506002,0.293685,2.861685,1.557785,4.102977,8.111335,1368944780.75,0.444724,0.399068,0.818639,0.597956,紫金矿业
cup_v2_trend_scored,杯柄 V2 趋势增强,601928.SH,2023-03-13,0.568233,trend_cup,12.516924,13.160972,10.304761,13.076966,0.544168,26.477024,15.304948,15.213816,1.916,12.340426,0.212857,0.477477,0.210729,2.188184,1.783591,4.357542,9.98158,124527748.6,0.640268,0.325518,0.80972,0.558969,凤凰传媒
cup_v2_trend_scored,杯柄 V2 趋势增强,601949.SH,2023-04-03,0.636362,trend_cup,6.784185,7.09559,6.228104,7.006617,0.894304,19.01528,4.923599,16.16472,2.124,12.225705,0.263873,0.442288,0.223502,6.960951,1.321406,3.278689,3.297017,127796029.3,0.719096,0.389995,0.757135,0.199899,中国出版
cup_v2_trend_scored,杯柄 V2 趋势增强,601965.SH,2023-02-15,0.61485,trend_cup,37.330042,38.694681,36.486121,38.425344,0.749975,14.04878,0.878049,13.145697,2.704193,17.354988,0.392994,0.573885,0.23417,4.390244,1.411829,2.884615,10.738571,81072214.9,0.623896,0.325918,0.787276,0.533329,中国汽研
cup_v2_trend_scored,杯柄 V2 趋势增强,601988.SH,2024-08-22,0.576339,trend_cup,11.323092,11.643341,10.476719,11.597591,0.70801,12.69203,3.983229,12.128355,1.21613,10.21611,0.592557,0.638609,0.320978,6.289308,1.343208,2.424242,10.631727,758486878.9,0.381369,0.490015,0.764403,0.583566,中国银行
cup_v2_trend_scored,杯柄 V2 趋势增强,601991.SH,2024-04-02,0.56205,trend_cup,3.901595,4.02185,3.647724,4.008488,0.56461,23.426573,4.545455,15.36243,2.848795,12.292359,0.159708,0.394603,0.241675,4.895105,1.174137,2.739726,6.676437,349528253.3,0.765123,0.258442,0.708046,0.446886,大唐发电
cup_v2_trend_scored,杯柄 V2 趋势增强,601998.SH,2025-06-03,0.607963,trend_cup,15.354688,15.931209,14.201645,15.815905,0.669077,14.5917,1.07095,12.383077,2.030967,14.11339,0.498745,0.581637,0.229169,10.174029,2.006227,3.39196,10.235441,456233322.45,0.497375,0.403307,0.985409,0.571502,中信银行
cup_v2_trend_scored,杯柄 V2 趋势增强,603012.SH,2022-07-18,0.611921,trend_cup,12.720345,13.524626,12.69918,13.4188,0.804165,20.634921,2.597403,11.069295,1.527699,11.514376,0.58535,0.574039,0.280601,1.983462,1.891745,4.966887,8.119752,62559995.6,0.361479,0.498937,0.820181,0.611672,创力集团
cup_v2_trend_scored,杯柄 V2 趋势增强,603016.SH,2026-02-05,0.655854,trend_cup,36.47948,39.757346,35.762814,39.087675,0.896402,21.885087,1.74306,16.797632,1.095582,12.972813,0.137951,0.374899,0.278664,7.391866,1.857325,6.192148,5.488246,89028581.6,0.625705,0.349084,0.935775,0.363943,新宏泰
cup_v2_trend_scored,杯柄 V2 趋势增强,603049.SH,2025-11-04,0.605006,trend_cup,55.26847,58.478404,52.521508,57.408426,0.566739,18.556442,0.54549,14.292737,1.822167,15.095004,0.359324,0.509688,0.239872,8.708358,1.85242,3.333333,8.473379,296333859.85,0.577367,0.442857,0.93414,0.609887,中策橡胶
cup_v2_trend_scored,杯柄 V2 趋势增强,603057.SH,2025-04-09,0.616291,trend_cup,21.375738,22.559019,20.050026,22.427543,0.751148,18.908189,9.181141,13.064772,2.349418,11.508704,0.123775,0.45521,0.197929,1.588089,1.87192,4.705882,8.84971,61361081.55,0.575053,0.352437,0.764151,0.611909,紫燕食品
cup_v2_trend_scored,杯柄 V2 趋势增强,603060.SH,2025-08-01,0.60136,trend_cup,28.080204,30.114423,26.564511,29.595896,0.696417,21.733333,5.397727,13.528686,1.979174,14.039735,0.41758,0.563836,0.192517,0.682958,2.569017,5.848787,10.505861,81247774.85,0.554546,0.488383,0.71037,0.535774,国检集团
cup_v2_trend_scored,杯柄 V2 趋势增强,603087.SH,2025-05-29,0.603193,trend_cup,75.964903,80.409735,71.879686,79.273354,0.571002,21.247563,2.592593,17.230377,2.717281,14.883721,0.063986,0.34995,0.184279,7.426901,1.659792,4.612756,10.738601,700122546.05,0.826861,0.252503,0.869931,0.462376,甘李药业
cup_v2_trend_scored,杯柄 V2 趋势增强,603100.SH,2023-02-15,0.560176,trend_cup,40.786536,42.836226,36.387762,42.836226,0.46416,15.688623,4.589372,17.437217,4.075468,17.069892,0.207276,0.449741,0.255756,11.377246,1.740422,5.055069,16.607492,76683998.75,0.97571,0.179756,0.896807,0.189162,川仪股份
cup_v2_trend_scored,杯柄 V2 趋势增强,603109.SH,2023-06-02,0.604064,trend_cup,25.080174,26.056747,24.000025,25.686833,0.706413,15.873312,4.306785,10.090365,1.835173,12.501528,0.525788,0.594459,0.326413,2.418879,1.919303,2.298173,8.907456,60792063.5,0.345528,0.515088,0.883794,0.689598,神驰机电
cup_v2_trend_scored,杯柄 V2 趋势增强,603113.SH,2025-06-04,0.562078,trend_cup,7.32145,7.88725,7.129078,7.796722,0.492892,24.726135,0.943396,15.169244,2.042901,11.047346,0.0,0.292298,0.338041,7.824726,2.157823,6.491499,7.246407,94096569.8,0.653654,0.259499,1.0,0.492968,金能科技
cup_v2_trend_scored,杯柄 V2 趋势增强,603129.SH,2023-07-11,0.601128,trend_cup,173.974966,181.408345,162.475464,179.279984,0.6986,24.129152,0.756743,15.896256,2.158701,10.43661,0.151504,0.390172,0.224487,9.507794,1.242259,3.471246,6.235154,118079425.6,0.708519,0.360867,0.730753,0.407526,春风动力
cup_v2_trend_scored,杯柄 V2 趋势增强,603135.SH,2025-03-05,0.573276,trend_cup,14.508953,15.327775,13.287903,15.040469,0.613528,19.430815,5.515832,11.335602,1.579994,13.308341,0.33173,0.482769,0.246047,2.747792,2.656159,2.747792,9.451421,95522787.1,0.38281,0.436678,0.968474,0.61065,中重科技
cup_v2_trend_scored,杯柄 V2 趋势增强,603167.SH,2025-06-04,0.569277,trend_cup,14.227683,15.20424,13.040791,15.069025,0.528743,12.997783,3.769401,14.895567,1.466308,12.549407,0.526151,0.560764,0.181843,11.197339,2.724513,6.475584,12.199352,101408479.25,0.566376,0.438425,1.0,0.404792,渤海轮渡
cup_v2_trend_scored,杯柄 V2 趋势增强,603170.SH,2025-08-29,0.608261,trend_cup,14.781564,15.754879,14.417907,15.605138,0.798583,15.21783,0.369549,13.490808,2.353881,15.139172,0.419055,0.575432,0.225764,2.995159,1.874232,6.031977,3.024429,52931091.1,0.59928,0.395068,0.940805,0.213419,宝立食品
cup_v2_trend_scored,杯柄 V2 趋势增强,603187.SH,2026-01-19,0.574203,trend_cup,69.740012,74.040572,67.611899,73.198194,0.725426,14.70405,4.984424,9.421082,1.975116,11.976048,0.612988,0.636379,0.277341,2.866044,1.951131,5.765535,4.671253,109200224.2,0.325839,0.563535,0.950299,0.367641,海容冷链
cup_v2_trend_scored,杯柄 V2 趋势增强,603195.SH,2023-02-13,0.585511,trend_cup,158.302324,165.761596,153.69667,165.153104,0.823755,23.81877,2.664275,9.70175,0.925235,7.278481,0.59759,0.638769,0.32698,1.889968,2.126179,4.38992,7.075724,86691374.25,0.210196,0.540091,0.861246,0.563466,公牛集团
cup_v2_trend_scored,杯柄 V2 趋势增强,603198.SH,2023-08-17,0.582536,trend_cup,85.132929,89.871519,84.075764,89.784458,0.628523,24.471299,4.249292,14.209466,2.046758,14.225543,0.325069,0.436032,0.401224,1.096507,1.86759,4.927326,7.044755,214488601.55,0.600815,0.434773,0.70126,0.532732,迎驾贡酒
cup_v2_trend_scored,杯柄 V2 趋势增强,603220.SH,2023-02-24,0.660806,trend_cup,12.974044,13.624812,12.127012,13.531845,0.651237,23.298639,0.592718,16.215457,3.026963,15.314632,0.130089,0.425785,0.227684,4.883907,3.042717,5.052125,8.391411,58956870.0,0.834785,0.23832,1.0,0.579107,中贝通信
cup_v2_trend_scored,杯柄 V2 趋势增强,603223.SH,2022-08-01,0.600795,trend_cup,69.498043,72.881315,59.0099,72.542988,0.757873,19.261822,11.650485,14.870858,2.013198,15.82205,0.460566,0.551753,0.202407,4.209729,2.346429,5.020408,19.37517,56706331.95,0.633364,0.335837,1.0,0.198661,恒通股份
cup_v2_trend_scored,杯柄 V2 趋势增强,603259.SH,2025-06-12,0.563862,trend_cup,165.028081,171.978234,149.335135,171.749945,0.646539,20.563657,1.441914,12.319404,2.805744,13.166259,0.036792,0.290295,0.299828,13.351395,1.608648,4.089162,8.370895,1886699104.1,0.590685,0.171973,0.852883,0.565339,药明康德
cup_v2_trend_scored,杯柄 V2 趋势增强,603279.SH,2023-07-11,0.614126,trend_cup,49.761224,51.582739,48.391057,51.373184,0.731928,20.600188,1.57377,13.98671,3.606851,16.625,0.287744,0.480161,0.276695,3.336689,1.568409,3.039121,4.729885,97416857.3,0.783451,0.254886,0.83947,0.33279,景津装备
cup_v2_trend_scored,杯柄 V2 趋势增强,603298.SH,2023-06-16,0.700647,trend_cup,35.527514,37.875362,29.667803,37.2884,0.816808,18.860056,13.994439,16.98595,2.706325,17.735687,0.489623,0.500084,0.22376,8.097312,2.25455,4.47693,12.87632,82642158.05,0.83751,0.388051,1.0,0.351425,杭叉集团
cup_v2_trend_scored,杯柄 V2 趋势增强,603298.SH,2025-02-12,0.61206,trend_cup,46.921906,49.198315,41.718685,49.175086,0.797868,18.181818,6.116048,15.148219,2.052493,15.203022,0.478699,0.568068,0.209321,4.029484,1.547768,5.218688,4.913433,336164609.2,0.653685,0.31347,0.832589,0.348321,杭叉集团
cup_v2_trend_scored,杯柄 V2 趋势增强,603298.SH,2025-02-25,0.573168,trend_cup,49.45383,52.24127,46.759305,51.335352,0.646089,25.235743,4.912612,16.918845,2.137851,16.851934,0.297838,0.438794,0.286806,-0.763359,1.409303,3.126458,8.746084,280418033.45,0.762723,0.351864,0.316015,0.626696,杭叉集团
cup_v2_trend_scored,杯柄 V2 趋势增强,603299.SH,2024-05-09,0.579598,trend_cup,10.854849,11.251978,9.288397,11.119602,0.471044,25.515744,8.577633,17.617316,2.401042,17.45098,0.349087,0.374736,0.200391,9.446254,1.63904,3.067485,9.856155,111846612.5,0.765835,0.302703,0.863013,0.53959,苏盐井神
cup_v2_trend_scored,杯柄 V2 趋势增强,603300.SH,2023-07-26,0.56708,trend_cup,34.212444,35.494017,32.317944,34.992532,0.49667,16.378916,1.694915,10.92349,3.717143,16.169545,0.383692,0.550421,0.288485,1.969011,2.063203,2.95082,6.808725,82948680.7,0.627059,0.404551,0.871126,0.509805,海南华铁
cup_v2_trend_scored,杯柄 V2 趋势增强,603312.SH,2025-08-01,0.56804,trend_cup,40.460341,43.052479,35.303475,42.519418,0.639445,19.452736,14.179104,10.731647,1.607549,13.182811,0.479452,0.595222,0.224603,3.362473,2.633329,4.845361,6.637125,52345146.3,0.352702,0.485969,1.0,0.488971,西典新能
cup_v2_trend_scored,杯柄 V2 趋势增强,603323.SH,2024-04-23,0.605249,trend_cup,8.21554,8.522982,7.891017,8.454662,0.753278,14.947368,2.736842,10.057067,1.812623,10.621242,0.64367,0.637799,0.209399,4.210526,1.779737,2.484472,6.994714,116181850.8,0.340859,0.574709,0.909912,0.521873,苏农银行
cup_v2_trend_scored,杯柄 V2 趋势增强,603323.SH,2025-06-12,0.573231,trend_cup,11.121924,11.28253,10.031393,11.262454,0.531836,15.236427,0.875657,16.66788,3.388811,14.073791,0.099899,0.419925,0.225053,11.288967,1.273222,2.0,5.701413,283105911.55,0.90515,0.211188,0.741074,0.375103,苏农银行
cup_v2_trend_scored,杯柄 V2 趋势增强,603345.SH,2026-01-19,0.582254,trend_cup,96.673264,104.403003,88.760302,102.353191,0.631302,17.101968,7.561121,11.710803,1.754075,13.293847,0.590825,0.554677,0.190737,6.59511,1.501772,5.587714,9.43576,386569219.1,0.425415,0.515212,0.817257,0.613208,安井食品
cup_v2_trend_scored,杯柄 V2 趋势增强,603358.SH,2023-11-28,0.566725,trend_cup,62.671918,65.477652,59.141105,64.279698,0.58556,27.572428,2.291667,17.988581,3.026825,16.514203,0.022225,0.303388,0.343459,1.848152,1.223231,2.772177,7.039581,83517458.05,0.823432,0.240954,0.580429,0.481853,华达科技
cup_v2_trend_scored,杯柄 V2 趋势增强,603358.SH,2025-02-19,0.576254,trend_cup,110.639302,120.476043,95.378417,119.514798,0.632235,15.762421,14.620217,13.251754,1.449965,16.224948,0.53936,0.584392,0.195584,6.985918,2.192641,7.214717,6.665245,127238223.35,0.47301,0.383475,1.0,0.479667,华达科技
cup_v2_trend_scored,杯柄 V2 趋势增强,603379.SH,2023-12-11,0.58729,trend_cup,44.478492,47.202854,44.463923,46.940616,0.761722,21.327014,3.5703,11.889245,3.345148,17.304747,0.118814,0.416588,0.250889,1.800948,1.266649,3.868472,8.411587,132586369.4,0.634213,0.251122,0.589001,0.585283,三美股份
cup_v2_trend_scored,杯柄 V2 趋势增强,603393.SH,2024-04-03,0.609979,trend_cup,90.206786,92.973865,82.541976,91.285947,0.620625,25.304973,1.713344,13.064638,2.954549,17.291667,0.278749,0.395997,0.217465,3.190491,1.91196,2.38982,9.548195,121052115.55,0.650687,0.300029,0.953987,0.573124,新天然气
cup_v2_trend_scored,杯柄 V2 趋势增强,603444.SH,2025-05-30,0.590188,trend_cup,315.373198,336.820423,304.989917,331.989848,0.609836,19.06162,4.242721,12.101645,1.578911,9.759202,0.243571,0.456119,0.322275,4.234411,2.502839,5.440979,8.720332,222098975.2,0.425233,0.428696,1.0,0.639737,吉比特
cup_v2_trend_scored,杯柄 V2 趋势增强,603505.SH,2023-09-27,0.629221,trend_cup,73.659426,78.47429,71.052484,77.170818,0.765209,21.304791,2.053539,10.995619,2.469388,13.491525,0.336973,0.51837,0.401501,3.753562,2.190841,4.240029,6.381857,110025978.35,0.475097,0.447978,1.0,0.503682,金石资源
cup_v2_trend_scored,杯柄 V2 趋势增强,603530.SH,2025-02-21,0.646052,trend_cup,28.204142,30.0241,26.727377,29.628909,0.888554,19.169207,0.810498,14.360261,2.731293,14.513336,0.379332,0.460262,0.249713,8.574695,1.643457,5.051622,3.511672,106177476.95,0.694759,0.379365,0.864486,0.228355,神马电力
cup_v2_trend_scored,杯柄 V2 趋势增强,603565.SH,2025-09-08,0.583928,trend_cup,43.413973,44.901558,38.168281,44.627529,0.61435,11.825922,7.757805,12.017294,1.669203,10.549259,0.560535,0.625512,0.223444,7.852412,1.496486,2.98103,8.919405,193028866.25,0.431833,0.49821,0.815495,0.667366,中谷物流
cup_v2_trend_scored,杯柄 V2 趋势增强,603568.SH,2024-04-18,0.57988,trend_cup,72.933142,75.440449,70.057113,74.813622,0.597686,26.404199,0.262467,13.561314,1.129928,12.072336,0.550841,0.453961,0.234566,6.509186,2.156332,2.994924,7.544703,90733192.05,0.450203,0.451503,1.0,0.524713,伟明环保
cup_v2_trend_scored,杯柄 V2 趋势增强,603599.SH,2022-12-12,0.612746,trend_cup,101.842784,104.696786,86.671514,103.134595,0.505381,18.062827,5.59555,17.135919,1.791262,16.671449,0.573809,0.496972,0.194052,12.336387,2.798197,4.984709,11.06925,241910901.7,0.716357,0.447557,1.0,0.477265,广信股份
cup_v2_trend_scored,杯柄 V2 趋势增强,603656.SH,2023-12-06,0.617649,trend_cup,28.71959,30.364233,27.630013,29.87084,0.713526,17.116477,1.969365,10.129988,1.837588,11.103588,0.443515,0.565504,0.26804,3.196023,2.074086,2.468265,9.45202,91042888.55,0.348031,0.52873,1.0,0.637887,泰禾智能
cup_v2_trend_scored,杯柄 V2 趋势增强,603668.SH,2023-11-14,0.575994,trend_cup,24.270845,25.696864,23.515055,25.283318,0.806155,18.908588,4.571759,9.533238,1.348487,16.426193,0.561188,0.607769,0.332839,2.604167,2.025414,4.294118,5.331173,118028462.4,0.253741,0.505085,0.942325,0.426632,天马科技
cup_v2_trend_scored,杯柄 V2 趋势增强,603668.SH,2025-05-12,0.691397,trend_cup,21.266186,22.273614,17.472588,21.943052,0.771956,19.863533,13.009404,13.62741,2.720594,14.134276,0.549978,0.568089,0.221889,5.686126,1.973718,3.259259,9.77097,75918623.65,0.652708,0.475093,0.974573,0.600766,天马科技
cup_v2_trend_scored,杯柄 V2 趋势增强,603727.SH,2023-08-03,0.661365,trend_cup,14.125095,14.458589,13.049307,14.4048,0.776403,17.490494,0.655201,15.392114,2.417378,17.1875,0.426702,0.561857,0.18,3.198635,1.803409,2.291826,10.194415,56756705.95,0.712845,0.300199,0.917803,0.554883,博迈科
cup_v2_trend_scored,杯柄 V2 趋势增强,603758.SH,2023-11-28,0.660112,trend_cup,14.223466,14.731879,12.649806,14.598723,0.914611,18.563923,3.863845,13.379609,2.235509,14.133114,0.316693,0.498559,0.296549,5.604203,1.350011,2.37691,7.935678,57045817.4,0.578306,0.358573,0.76667,0.58378,秦安股份
cup_v2_trend_scored,杯柄 V2 趋势增强,603766.SH,2023-09-22,0.659322,trend_cup,17.378011,18.61027,16.77768,18.515481,0.862773,19.676053,3.804348,9.263806,2.09986,11.035654,0.659023,0.690823,0.245787,6.15942,2.935608,6.934307,8.748194,103406930.15,0.332694,0.516328,1.0,0.677557,隆鑫通用
cup_v2_trend_scored,杯柄 V2 趋势增强,603815.SH,2023-12-06,0.6213,trend_cup,8.692713,9.035437,8.059194,8.973124,0.684964,19.872326,3.362391,15.036393,2.629899,13.272311,0.268404,0.476623,0.184879,7.596513,1.579606,3.225806,11.415005,63573430.9,0.719648,0.361252,0.843202,0.443494,交建股份
cup_v2_trend_scored,杯柄 V2 趋势增强,603815.SH,2025-03-27,0.597572,trend_cup,7.603246,8.045541,6.729189,7.961294,0.487554,27.472527,9.490085,16.53778,2.067144,16.361257,0.484062,0.439586,0.207568,3.846154,2.100066,4.132231,10.807623,78836533.95,0.732714,0.360494,1.0,0.486595,交建股份
cup_v2_trend_scored,杯柄 V2 趋势增强,603867.SH,2025-08-12,0.566261,trend_cup,39.617234,40.53656,35.98302,40.349822,0.643652,20.884256,2.793946,11.829795,2.089866,11.233168,0.597583,0.641378,0.180169,2.764831,1.20787,2.893773,7.698439,114832425.5,0.474,0.477425,0.689894,0.566778,新化股份
cup_v2_trend_scored,杯柄 V2 趋势增强,603888.SH,2023-02-15,0.595046,trend_cup,52.482013,54.085333,44.198192,53.524171,0.56373,22.948249,13.538944,13.070149,2.201526,14.772727,0.433412,0.55496,0.32105,4.704652,2.502945,3.997923,7.36522,158800346.75,0.556866,0.408989,1.0,0.562447,新华网
cup_v2_trend_scored,杯柄 V2 趋势增强,603901.SH,2025-10-31,0.582978,trend_cup,53.274064,55.931338,42.987841,55.24559,0.62341,20.939819,14.783347,14.916569,2.987858,17.011494,0.271494,0.463126,0.184354,6.368829,1.706551,4.203719,4.34803,297234108.85,0.757736,0.301045,0.885517,0.27219,永创智能
cup_v2_trend_scored,杯柄 V2 趋势增强,603916.SH,2025-06-09,0.562648,trend_cup,12.5838,12.987559,10.874557,12.893349,0.525787,22.933644,2.297461,18.819249,2.490488,12.849741,0.0,0.290523,0.253607,11.525029,1.783943,4.243743,10.419415,91644549.9,0.710242,0.202473,0.911314,0.492257,苏博特
cup_v2_trend_scored,杯柄 V2 趋势增强,603993.SH,2023-07-31,0.569286,trend_cup,21.493392,22.055311,20.123715,21.668992,0.71019,17.475728,2.051282,12.653229,3.209076,15.127389,0.403529,0.542387,0.308623,1.3091,1.49664,2.321725,3.30506,608853032.05,0.659647,0.462642,0.604184,0.251063,洛阳钼业
cup_v2_trend_scored,杯柄 V2 趋势增强,605009.SH,2022-12-02,0.611486,trend_cup,70.587918,75.786372,65.682551,74.660298,0.68946,20.883267,5.503773,16.516541,1.640054,14.431101,0.152457,0.379432,0.286791,7.412339,1.92856,5.931276,6.042157,88430843.55,0.678148,0.295605,0.95952,0.409057,豪悦护理
cup_v2_trend_scored,杯柄 V2 趋势增强,605020.SH,2025-08-11,0.614754,trend_cup,38.0307,39.047953,35.225991,38.786373,0.647508,20.01619,0.858896,15.522507,2.038993,11.053219,0.330392,0.469911,0.301591,9.161554,1.592186,2.693344,7.167386,128052692.2,0.672791,0.38079,0.847395,0.520509,永和股份
cup_v2_trend_scored,杯柄 V2 趋势增强,605056.SH,2025-07-03,0.616811,trend_cup,16.740304,18.116679,15.77796,18.015969,0.734694,25.414731,4.211957,14.065041,1.483436,12.909203,0.576969,0.454942,0.2561,9.375,2.371904,7.190413,6.421049,74492590.55,0.522376,0.407948,1.0,0.447144,咸亨国际
cup_v2_trend_scored,杯柄 V2 趋势增强,605077.SH,2025-05-19,0.60597,trend_cup,45.414172,48.865534,44.062389,48.462875,0.553183,22.010708,0.0,13.75266,2.72969,17.390501,0.388644,0.481755,0.222973,3.699209,2.984085,6.848446,8.836863,68598785.15,0.660803,0.289521,1.0,0.625095,华康股份
cup_v2_trend_scored,杯柄 V2 趋势增强,605090.SH,2025-08-08,0.62458,trend_cup,44.159972,45.786919,39.325617,45.709445,0.853902,18.909479,7.372263,10.258135,2.287522,11.912014,0.523322,0.636002,0.199898,7.664234,1.785951,3.146853,7.228592,167702014.6,0.411392,0.414136,0.911984,0.536114,九丰能源
cup_v2_trend_scored,杯柄 V2 趋势增强,605177.SH,2023-07-24,0.624474,trend_cup,26.636993,28.051438,24.902491,28.041113,0.70222,16.916996,2.11039,13.152882,2.382536,15.642252,0.461035,0.534678,0.199699,8.686771,2.117375,5.88694,9.657237,60668389.2,0.584088,0.292706,1.0,0.594287,东亚药业
cup_v2_trend_scored,杯柄 V2 趋势增强,605196.SH,2023-07-31,0.686646,trend_cup,8.279378,8.471217,8.016861,8.471217,0.917086,19.553047,2.096178,15.939427,4.179278,17.633679,0.095175,0.429479,0.200818,3.452528,1.323884,2.442002,3.613381,216631435.7,0.941079,0.313526,0.757961,0.213619,华通线缆
cup_v2_trend_scored,杯柄 V2 趋势增强,605196.SH,2023-08-15,0.735684,trend_cup,8.43083,8.875089,8.016861,8.824605,0.917086,19.553047,2.096178,17.101364,2.889551,9.67008,0.0,0.391592,0.251714,7.768187,1.654046,4.42055,9.089731,228998970.35,0.855563,0.283249,0.868015,0.616682,华通线缆
cup_v2_trend_scored,杯柄 V2 趋势增强,605258.SH,2025-02-19,0.573822,trend_cup,34.745714,36.568889,32.142683,36.347579,0.545231,21.574904,1.422107,14.387105,3.385077,13.688761,0.139927,0.276993,0.276114,10.403329,1.362687,3.047505,7.435346,180545885.25,0.777974,0.255716,0.770896,0.484733,协和电子
cup_v2_trend_scored,杯柄 V2 趋势增强,605589.SH,2025-07-17,0.628365,trend_cup,30.989429,33.401266,27.655734,33.111846,0.643085,26.303706,8.478184,13.941197,2.590469,15.500642,0.429778,0.521665,0.186181,3.344279,2.011302,6.627546,7.632492,415055730.3,0.653875,0.369901,0.987101,0.533707,圣泉集团
cup_v2_trend_scored,杯柄 V2 趋势增强,688006.SH,2025-08-11,0.565189,trend_cup,30.242781,32.146793,27.645061,31.68924,0.549634,26.209345,6.021074,13.358374,1.824873,14.003673,0.565051,0.551945,0.334804,5.746054,1.923883,5.763547,4.900575,116643425.95,0.525797,0.492125,0.957961,0.380971,杭可科技
cup_v2_trend_scored,杯柄 V2 趋势增强,688016.SH,2023-11-08,0.566501,trend_cup,204.842149,212.073326,182.406958,209.601129,0.635323,21.317427,8.153527,14.379186,1.114403,13.988731,0.495319,0.512319,0.216757,5.539419,1.195984,2.276954,7.973071,118019617.95,0.4937,0.445151,0.715328,0.566087,心脉医疗
cup_v2_trend_scored,杯柄 V2 趋势增强,688016.SH,2023-12-01,0.599181,trend_cup,208.746161,216.62629,191.780707,213.206417,0.804834,21.385511,4.88403,9.711463,1.141739,11.46933,0.552534,0.578461,0.25301,5.742311,1.711481,2.136689,10.347012,157760084.0,0.237799,0.581955,0.88716,0.569493,心脉医疗
cup_v2_trend_scored,杯柄 V2 趋势增强,688066.SH,2023-03-01,0.626618,trend_cup,97.402594,104.300396,87.402286,103.005176,0.795202,21.473684,8.368421,17.948462,1.642753,16.201386,0.481369,0.471,0.209034,7.989474,1.632966,5.915755,12.943057,146710940.05,0.652652,0.38917,0.860989,0.334731,航天宏图
cup_v2_trend_scored,杯柄 V2 趋势增强,688082.SH,2025-07-25,0.602817,trend_cup,120.692501,123.764123,110.871395,123.743915,0.734867,20.417367,2.807795,13.074107,1.606724,10.417177,0.523135,0.613521,0.247119,8.294279,1.839508,2.032825,6.364477,151621808.25,0.482735,0.412307,0.929836,0.479852,盛美上海
cup_v2_trend_scored,杯柄 V2 趋势增强,688230.SH,2026-01-27,0.690639,trend_cup,161.104577,170.363461,159.890634,168.491109,0.862833,22.840355,2.850356,15.585207,4.751773,15.519324,0.0,0.361879,0.227587,2.375297,1.28599,4.000508,8.502777,162858823.55,0.9214,0.219801,0.667242,0.571454,芯导科技
cup_v2_trend_scored,杯柄 V2 趋势增强,688239.SH,2025-06-30,0.588855,trend_cup,45.355652,46.824714,39.434331,46.295322,0.605193,18.296893,10.471807,11.410717,2.393933,13.538722,0.527567,0.548492,0.180429,5.104776,2.036142,2.101576,11.194493,112593971.15,0.488726,0.479812,0.995381,0.476665,航宇科技
cup_v2_trend_scored,杯柄 V2 趋势增强,688239.SH,2025-07-17,0.563479,trend_cup,46.043861,47.857029,39.434331,47.473219,0.795117,21.909371,10.471807,11.523898,2.765446,15.403761,0.354798,0.549543,0.194807,3.013555,1.384434,3.461206,3.270464,146382712.15,0.541453,0.356258,0.778145,0.216113,航宇科技
cup_v2_trend_scored,杯柄 V2 趋势增强,688399.SH,2025-08-07,0.560779,trend_cup,97.324945,100.65457,85.904331,100.071886,0.548606,27.612289,3.551402,16.513392,3.054553,13.992722,0.04541,0.392981,0.271748,12.35514,1.354319,2.980983,4.699149,99031501.15,0.854785,0.221431,0.768106,0.307206,硕世生物
cup_v2_trend_scored,杯柄 V2 趋势增强,688523.SH,2025-08-04,0.621915,trend_cup,22.417728,23.782197,18.971179,23.640697,0.744357,21.706865,12.940631,12.807157,1.729501,11.304717,0.397885,0.551919,0.27667,8.487941,1.824009,5.407841,8.004023,74947601.0,0.483252,0.409922,0.92467,0.596282,航天环宇
cup_v2_trend_scored,杯柄 V2 趋势增强,688526.SH,2025-05-15,0.6143,trend_cup,17.616596,18.528884,15.089453,18.19333,0.770279,22.724458,10.897833,12.748974,1.573659,16.129032,0.574352,0.534655,0.256074,7.430341,1.666978,3.458557,6.628492,56070509.9,0.460539,0.494265,0.872326,0.482623,科前生物
cup_v2_trend_scored,杯柄 V2 趋势增强,688533.SH,2026-02-04,0.691634,trend_cup,33.764581,35.504597,32.967074,35.483882,0.866573,20.12987,1.576994,16.809392,2.3884,13.068845,0.261904,0.461052,0.271987,5.93692,1.948576,5.092025,6.453237,80327800.05,0.787961,0.268662,0.966192,0.455852,上声电子
cup_v2_trend_scored,杯柄 V2 趋势增强,688538.SH,2025-07-25,0.57205,trend_cup,2.53,2.59,2.27,2.58,0.76524,19.087137,5.809129,9.36065,1.473374,9.65251,0.728194,0.694354,0.286865,7.053942,2.252022,2.380952,4.255391,115004948.45,0.259763,0.554286,1.0,0.353802,和辉光电-U
cup_v2_trend_scored,杯柄 V2 趋势增强,688538.SH,2025-08-08,0.579912,trend_cup,2.56,2.68,2.27,2.67,0.76524,19.087137,5.809129,10.62008,1.944501,11.19403,0.500991,0.647505,0.271119,10.788382,2.17318,4.296875,4.026187,167368414.65,0.388623,0.447014,1.0,0.320176,和辉光电-U
cup_v2_trend_scored,杯柄 V2 趋势增强,688548.SH,2025-09-24,0.607731,trend_cup,11.64137,12.496156,10.501655,12.475804,0.765097,16.145833,9.947644,15.640377,1.486904,15.960912,0.36026,0.544328,0.195,6.970495,1.819328,6.055363,12.078687,224549201.8,0.610328,0.275745,0.923109,0.413681,广钢气体
cup_v2_trend_scored,杯柄 V2 趋势增强,688568.SH,2023-03-24,0.681519,trend_cup,76.292239,81.073085,70.172756,80.499384,0.965243,19.494935,0.6413,17.824417,2.560928,13.445065,0.241141,0.406401,0.299396,10.975441,1.271421,5.264543,5.759143,151401881.4,0.774315,0.301405,0.740474,0.398355,中科星图
cup_v2_trend_scored,杯柄 V2 趋势增强,688575.SH,2023-10-27,0.646277,trend_cup,28.191241,30.181041,26.79693,30.0358,0.762729,20.044519,1.178361,17.185951,1.680961,14.340712,0.174689,0.409393,0.282271,7.999957,2.265883,5.888377,7.096736,66522755.55,0.69979,0.242348,1.0,0.494285,亚辉龙
cup_v2_trend_scored,杯柄 V2 趋势增强,688578.SH,2023-02-13,0.602552,trend_cup,23.95,24.92,22.85,24.51,0.637885,21.052632,0.60896,15.082129,3.363178,16.653291,0.0,0.335571,0.295437,6.61157,1.648926,2.380952,12.029687,78843897.1,0.813849,0.221693,0.866309,0.395297,艾力斯
cup_v2_trend_scored,杯柄 V2 趋势增强,688779.SH,2025-07-22,0.604654,trend_cup,5.700628,6.00877,5.402757,5.926598,0.706797,25.223614,4.014599,13.478432,1.558393,10.08547,0.467246,0.539075,0.231832,3.220036,2.039559,3.776978,4.434986,115422589.65,0.499156,0.531432,0.99652,0.311942,五矿新能
