strategy_id,strategy_name,symbol,name,entry_type,signal_date,entry_date,exit_date,score,entry_price,exit_price,stop_price,final_stop_price,stop_source,hold_days,return_pct,max_favorable_excursion_pct,max_adverse_excursion_pct,exit_reason,signal_close,signal_low
cup_v2_trend_scored,杯柄 V2 趋势增强,000001.SZ,平安银行,trend_cup,2024-05-17,2024-05-20,2024-05-30,0.560218,37.153782182303566,36.14611179940644,35.138441,35.138441,signal_low,9,-2.7121609798775204,2.7121609798775204,-3.237095363079623,trend_exit_ma10,37.121277,35.138441
cup_v2_trend_scored,杯柄 V2 趋势增强,000001.SZ,平安银行,trend_cup,2025-06-26,2025-06-27,2025-07-16,0.564935,45.40301124302598,46.39402280613164,42.760314,42.760314,signal_low,14,2.182700080840738,7.760711398544862,-3.3144704931285296,trend_exit_ma10,45.549828,42.760314
cup_v2_trend_scored,杯柄 V2 趋势增强,000039.SZ,中集集团,trend_cup,2025-03-21,2025-03-24,2025-03-28,0.639788,24.49426265627386,21.978899691571762,21.49048,21.49048,signal_low,5,-10.269192422731798,1.1964107676969205,-10.767696909272184,trend_exit_ma10,23.346476,21.49048
cup_v2_trend_scored,杯柄 V2 趋势增强,000042.SZ,中洲控股,trend_cup,2025-07-09,2025-07-10,2025-07-23,0.560594,19.097016465554333,19.426275370132856,15.522206,15.522206,signal_low,10,1.724137931034475,4.92610837438423,-1.2315270935960743,trend_exit_ma10,19.097016,15.522206
cup_v2_trend_scored,杯柄 V2 趋势增强,000048.SZ,京基智农,trend_cup,2023-02-27,2023-02-28,2023-03-08,0.560029,33.33806567322406,32.802083909988944,29.632135,29.632135,signal_low,7,-1.6077170418006492,0.8727606798346388,-3.5369774919614128,trend_exit_ma10,33.368693,29.632135
cup_v2_trend_scored,杯柄 V2 趋势增强,000065.SZ,北方国际,trend_cup,2025-08-15,2025-08-18,2025-08-22,0.562194,54.752549805775544,52.97091921685745,47.017666,47.017666,signal_low,5,-3.2539682539682535,2.9365079365079483,-5.873015873015874,trend_exit_ma10,56.186545,47.017666
cup_v2_trend_scored,杯柄 V2 趋势增强,000070.SZ,特发信息,trend_cup,2025-06-06,2025-06-09,2025-06-20,0.569497,17.3784272503263,17.47702825600191,15.480358,15.480358,signal_low,10,0.5673758865248013,5.81560283687943,-1.7021276595744705,trend_exit_ma10,17.353777,15.480358
cup_v2_trend_scored,杯柄 V2 趋势增强,000301.SZ,东方盛虹,trend_cup,2025-09-08,2025-09-09,2025-09-17,0.629017,12.363135139811263,11.777827292612468,9.603827,9.603827,signal_low,7,-4.734299516908225,3.1884057971014457,-5.507246376811603,trend_exit_ma10,12.27952,9.603827
cup_v2_trend_scored,杯柄 V2 趋势增强,000338.SZ,潍柴动力,trend_cup,2025-02-21,2025-02-24,2025-03-14,0.59703,215.63717681148424,220.1754592316239,199.409379,199.409379,signal_low,15,2.104591836734704,6.951530612244894,-3.0612244897959218,trend_exit_ma10,216.324795,199.409379
cup_v2_trend_scored,杯柄 V2 趋势增强,000408.SZ,藏格矿业,trend_cup,2024-01-02,2024-01-03,2024-01-16,0.594312,29.95619188418935,30.98716677888883,28.369186,28.369186,signal_low,10,3.4416086620262965,6.651198762567678,-0.6187161639597871,trend_exit_ma10,30.060448,28.369186
cup_v2_trend_scored,杯柄 V2 趋势增强,000411.SZ,英特集团,trend_cup,2024-12-12,2024-12-13,2024-12-18,0.651698,15.511023031087312,14.412325566385295,14.153809,14.153809,signal_low,4,-7.08333333333333,1.416666666666666,-7.499999999999996,trend_exit_ma10,15.588578,14.153809
cup_v2_trend_scored,杯柄 V2 趋势增强,000417.SZ,合百集团,trend_cup,2022-12-21,2022-12-22,2022-12-23,0.590049,9.662782280560522,9.179643,9.179643,9.179643,signal_low,2,-5.000001723442493,0.5769230769230971,-6.346153846153846,stop_loss,9.662782,9.179643
cup_v2_trend_scored,杯柄 V2 趋势增强,000423.SZ,东阿阿胶,trend_cup,2022-12-26,2022-12-27,2023-01-06,0.681203,50.78055260138256,47.97079986898595,45.87253,45.87253,signal_low,8,-5.533127523153636,0.09498931370219843,-7.029209213963417,trend_exit_ma10,50.358487,45.87253
cup_v2_trend_scored,杯柄 V2 趋势增强,000425.SZ,徐工机械,trend_cup,2023-01-13,2023-01-16,2023-02-09,0.619213,39.663649146419864,40.43723095601316,35.16281,35.16281,signal_low,14,1.9503546099290725,4.964539007092195,-1.9503546099290614,trend_exit_ma10,39.593324,35.16281
cup_v2_trend_scored,杯柄 V2 趋势增强,000425.SZ,徐工机械,trend_cup,2025-09-19,2025-09-22,2025-10-20,0.651603,79.7881381337417,83.03401319500082,68.842745,68.842745,signal_low,15,4.068117313150421,14.47492904446548,-5.3926206244086945,trend_exit_ma10,79.410711,68.842745
cup_v2_trend_scored,杯柄 V2 趋势增强,000528.SZ,柳工,trend_cup,2023-03-06,2023-03-07,2023-03-13,0.572432,18.38850540589368,17.716070609053688,15.078057,15.078057,signal_low,5,-3.656821378340369,1.2658227848101333,-5.485232067510548,trend_exit_ma10,18.362643,15.078057
cup_v2_trend_scored,杯柄 V2 趋势增强,000539.SZ,粤电力Ａ,trend_cup,2024-05-28,2024-05-29,2024-05-31,0.571239,9.563620369751005,9.288989379403425,8.319704,8.319704,signal_low,3,-2.871621621621623,0.16891891891890332,-5.91216216216216,trend_exit_ma10,9.692858,8.319704
cup_v2_trend_scored,杯柄 V2 趋势增强,000552.SZ,甘肃能化,trend_cup,2022-06-08,2022-06-09,2022-06-17,0.58294,23.06335314256111,22.565224564968,18.928886,18.928886,signal_low,7,-2.1598272138228847,8.639308855291583,-3.887688984881199,trend_exit_ma10,23.162979,18.928886
cup_v2_trend_scored,杯柄 V2 趋势增强,000555.SZ,神州信息,trend_cup,2023-02-03,2023-02-06,2023-02-20,0.606227,24.908960436409533,24.78675785045822,20.550402,20.550402,signal_low,11,-0.49059689288634134,4.333605887162717,-3.4341782502044116,trend_exit_ma10,24.746024,20.550402
cup_v2_trend_scored,杯柄 V2 趋势增强,000555.SZ,神州信息,trend_cup,2023-02-15,2023-02-16,2023-02-20,0.612958,25.82547983104439,24.78675785045822,20.550402,20.550402,signal_low,3,-4.022082018927453,0.6309148264984188,-6.703470031545744,trend_exit_ma10,25.68291,20.550402
cup_v2_trend_scored,杯柄 V2 趋势增强,000582.SZ,北部湾港,trend_cup,2025-04-03,2025-04-07,2025-04-18,0.583972,13.828352316277147,14.06954450784012,12.863584,12.863584,signal_low,10,1.744186046511631,33.72093023255813,-6.7441860465116354,trend_exit_ma10,14.600167,12.863584
cup_v2_trend_scored,杯柄 V2 趋势增强,000597.SZ,东北制药,trend_cup,2023-11-24,2023-11-27,2023-12-06,0.579284,13.587973155477636,12.925702194958559,12.514637,12.514637,signal_low,8,-4.873949579831926,0.8403361344537785,-6.890756302521006,trend_exit_ma10,13.31393,12.514637
cup_v2_trend_scored,杯柄 V2 趋势增强,000623.SZ,吉林敖东,trend_cup,2022-12-12,2022-12-13,2022-12-15,0.572709,38.37337771995142,36.709992291994475,34.53835,34.53835,signal_low,3,-4.334738109572522,0.12040939193258549,-5.177603853100521,trend_exit_ma10,38.511993,34.53835
cup_v2_trend_scored,杯柄 V2 趋势增强,000650.SZ,仁和药业,trend_cup,2023-09-11,2023-09-12,2023-09-22,0.569256,35.73329196460937,34.828651661707866,32.918855,32.918855,signal_low,9,-2.5316455696202556,1.2658227848101333,-4.078762306610406,trend_exit_ma10,35.934323,32.918855
cup_v2_trend_scored,杯柄 V2 趋势增强,000651.SZ,格力电器,trend_cup,2023-02-23,2023-02-24,2023-03-27,0.58144,193.98222258105937,196.7867815552968,177.935415,177.935415,signal_low,22,1.4457814416810821,5.851618018862381,-3.68506621782122,trend_exit_ma10,194.824022,177.935415
cup_v2_trend_scored,杯柄 V2 趋势增强,000651.SZ,格力电器,trend_cup,2023-03-13,2023-03-14,2023-03-27,0.589901,200.14048701335847,196.7867815552968,177.935415,177.935415,signal_low,10,-1.6756756756756586,2.5945945945946125,-2.162162162162151,trend_exit_ma10,200.735499,177.935415
cup_v2_trend_scored,杯柄 V2 趋势增强,000690.SZ,宝新能源,trend_cup,2024-05-13,2024-05-14,2024-05-17,0.58153,12.025678790764562,11.488818130462572,10.843493,10.843493,signal_low,4,-4.464285714285721,1.0714285714285676,-5.892857142857155,trend_exit_ma10,12.025679,10.843493
cup_v2_trend_scored,杯柄 V2 趋势增强,000690.SZ,宝新能源,trend_cup,2025-06-25,2025-06-26,2025-07-16,0.590388,10.272170320861216,10.650150614053079,9.471741,9.471741,signal_low,15,3.6796536796536827,9.740259740259738,-2.5974025974025983,trend_exit_ma10,10.338873,9.471741
cup_v2_trend_scored,杯柄 V2 趋势增强,000725.SZ,京东方Ａ,trend_cup,2023-02-15,2023-02-16,2023-02-27,0.656575,5.773218590798913,5.530985642933224,5.315667,5.315667,signal_low,8,-4.1958041958041985,0.6993006993006867,-4.4289044289044455,trend_exit_ma10,5.732846,5.315667
cup_v2_trend_scored,杯柄 V2 趋势增强,000726.SZ,鲁泰Ａ,trend_cup,2025-07-15,2025-07-16,2025-07-30,0.563459,11.105580202496812,11.041293196983084,10.494854,10.494854,signal_low,11,-0.5788712011577268,1.591895803183796,-1.591895803183796,trend_exit_ma10,11.137724,10.494854
cup_v2_trend_scored,杯柄 V2 趋势增强,000728.SZ,国元证券,trend_cup,2025-07-24,2025-07-25,2025-08-01,0.638746,20.149983323939466,19.574926722228867,18.700841,18.700841,signal_low,6,-2.8538812785388057,1.598173515981749,-3.5388127853881346,trend_exit_ma10,20.080977,18.700841
cup_v2_trend_scored,杯柄 V2 趋势增强,000768.SZ,中航西飞,trend_cup,2024-06-05,2024-06-06,2024-06-17,0.585221,26.642290755064447,26.03846945365742,24.438873,24.438873,signal_low,7,-2.2664015904572565,2.902584493041749,-4.532803180914502,trend_exit_ma10,26.727038,24.438873
cup_v2_trend_scored,杯柄 V2 趋势增强,000768.SZ,中航西飞,trend_cup,2025-07-17,2025-07-18,2025-07-31,0.595389,30.55265475244188,30.46713297566808,28.457371,28.457371,signal_low,10,-0.2799160251924393,3.743876836948923,-0.9797060881735375,trend_exit_ma10,30.691628,28.457371
cup_v2_trend_scored,杯柄 V2 趋势增强,000776.SZ,广发证券,trend_cup,2025-07-18,2025-07-21,2025-08-01,0.640709,53.065829149617684,57.01628531964478,51.326449,51.326449,signal_low,10,7.4444444444444535,13.33333333333333,-0.5555555555555758,trend_exit_ma10,53.301677,51.326449
cup_v2_trend_scored,杯柄 V2 趋势增强,000778.SZ,新兴铸管,trend_cup,2025-07-22,2025-07-23,2025-08-01,0.623445,11.463458455588404,10.722040744530448,10.43688,10.43688,signal_low,8,-6.467661691542281,0.746268656716409,-7.213930348258701,trend_exit_ma10,11.37791,10.43688
cup_v2_trend_scored,杯柄 V2 趋势增强,000783.SZ,长江证券,trend_cup,2025-07-24,2025-07-25,2025-08-01,0.626,22.268451169627635,21.53689889730084,20.57125,20.57125,signal_low,6,-3.285151116951379,2.1024967148488782,-3.942181340341666,trend_exit_ma10,22.180665,20.57125
cup_v2_trend_scored,杯柄 V2 趋势增强,000791.SZ,甘肃能源,trend_cup,2025-04-01,2025-04-02,2025-04-07,0.635296,11.451957222980361,10.523868,10.523868,10.523868,signal_low,3,-8.10419743026971,3.039073806078152,-9.551374819102755,stop_loss,11.352519,10.523868
cup_v2_trend_scored,杯柄 V2 趋势增强,000791.SZ,甘肃能源,trend_cup,2025-04-25,2025-04-28,2025-04-30,0.61013,11.849709716976786,11.054205,11.054205,11.054205,signal_low,3,-6.713284426175326,6.293706293706269,-8.11188811188812,stop_loss,11.84971,11.054205
cup_v2_trend_scored,杯柄 V2 趋势增强,000799.SZ,酒鬼酒,trend_cup,2025-08-18,2025-08-19,2025-09-04,0.58905,57.79264330080785,71.52772101770448,53.426381,53.426381,signal_low,13,23.766135155656798,37.167805618830705,-0.15186028853454436,trend_exit_ma10,57.540322,53.426381
cup_v2_trend_scored,杯柄 V2 趋势增强,000811.SZ,冰轮环境,trend_cup,2023-02-14,2023-02-15,2023-02-17,0.584151,50.15496581036923,48.451589613035935,40.502501,40.502501,signal_low,3,-3.396226415094339,2.3396226415094423,-4.830188679245284,trend_exit_ma10,50.154966,40.502501
cup_v2_trend_scored,杯柄 V2 趋势增强,000829.SZ,天音控股,trend_cup,2026-01-12,2026-01-13,2026-01-15,0.594266,12.187415984739959,11.079469077036325,10.597307,10.597307,signal_low,3,-9.090909090909093,0.5050505050504972,-9.932659932659949,trend_exit_ma10,12.207934,10.597307
cup_v2_trend_scored,杯柄 V2 趋势增强,000830.SZ,鲁西化工,trend_cup,2025-08-21,2025-08-22,2025-09-11,0.614493,19.75599342958987,22.573830159893863,17.638724,17.638724,signal_low,15,14.263199369582335,22.77383766745469,-0.7092198581560294,trend_exit_ma10,20.20747,17.638724
cup_v2_trend_scored,杯柄 V2 趋势增强,000837.SZ,秦川机床,trend_cup,2025-02-19,2025-02-20,2025-03-03,0.566415,11.494491729443194,11.18687821304418,9.597542,9.597542,signal_low,8,-2.676181980374659,12.310437109723459,-3.479036574487071,trend_exit_ma10,11.566268,9.597542
cup_v2_trend_scored,杯柄 V2 趋势增强,000863.SZ,三湘印象,trend_cup,2024-12-11,2024-12-12,2024-12-24,0.602112,5.6194454645888445,5.605969576184555,5.228645,5.228645,signal_low,9,-0.23980815347720563,30.69544364508394,-1.6786570743405393,trend_exit_ma10,5.60597,5.228645
cup_v2_trend_scored,杯柄 V2 趋势增强,000878.SZ,云南铜业,trend_cup,2025-07-22,2025-07-23,2025-07-31,0.638303,15.411179356439028,14.388952607489935,13.866728,13.866728,signal_low,7,-6.633020908435483,1.5861571737563196,-6.993511175198264,trend_exit_ma10,15.488957,13.866728
cup_v2_trend_scored,杯柄 V2 趋势增强,000881.SZ,中广核技,trend_cup,2026-01-12,2026-01-13,2026-01-15,0.581325,10.612602916726537,9.852964,9.852964,9.852964,signal_low,3,-7.157894464601789,0.0,-8.210526315789469,stop_loss,10.713143,9.852964
cup_v2_trend_scored,杯柄 V2 趋势增强,000883.SZ,湖北能源,trend_cup,2024-03-15,2024-03-18,2024-03-25,0.564483,13.460153363485428,13.087738053033265,12.39611,12.39611,signal_low,6,-2.766798418972316,0.5928853754940899,-3.754940711462429,trend_exit_ma10,13.486754,12.39611
cup_v2_trend_scored,杯柄 V2 趋势增强,000883.SZ,湖北能源,trend_cup,2024-04-01,2024-04-02,2024-04-23,0.613012,14.098579609974857,14.763606950068011,12.39611,12.39611,signal_low,14,4.716981132075482,14.52830188679246,-0.18867924528300772,trend_exit_ma10,14.231585,12.39611
cup_v2_trend_scored,杯柄 V2 趋势增强,000902.SZ,新洋丰,trend_cup,2024-04-19,2024-04-22,2024-05-24,0.573739,27.27800706046909,28.82132502056915,25.311613,25.311613,signal_low,22,5.657737226472892,10.47778709136631,-6.202849958088851,trend_exit_ma10,27.186547,25.311613
cup_v2_trend_scored,杯柄 V2 趋势增强,000915.SZ,华特达因,trend_cup,2024-03-19,2024-03-20,2024-04-19,0.568828,51.73842898241982,51.27205441131068,47.511909,47.511909,signal_low,21,-0.901408450704233,4.197183098591539,-5.915492957746493,trend_exit_ma10,51.767577,47.511909
cup_v2_trend_scored,杯柄 V2 趋势增强,000926.SZ,福星股份,trend_cup,2023-07-25,2023-07-26,2023-08-08,0.636977,5.885184086262456,6.210908568989566,4.821742,4.821742,signal_low,10,5.5346524076865355,15.86093933603161,-2.2587268993839893,trend_exit_ma10,5.861015,4.821742
cup_v2_trend_scored,杯柄 V2 趋势增强,000927.SZ,中国铁物,trend_cup,2025-07-22,2025-07-23,2025-07-29,0.625614,3.009986377538984,2.8238016531551295,2.730709,2.730709,signal_low,5,-6.185567010309279,2.405498281786933,-7.560137457044669,trend_exit_ma10,2.937581,2.730709
cup_v2_trend_scored,杯柄 V2 趋势增强,000948.SZ,南天信息,trend_cup,2025-06-16,2025-06-17,2025-06-20,0.590754,31.60261239040557,28.418088,28.418088,28.418088,signal_low,4,-10.07677577747459,3.7907869481765832,-12.428023032629564,stop_loss,31.587448,28.418088
cup_v2_trend_scored,杯柄 V2 趋势增强,000950.SZ,重药控股,trend_cup,2024-12-17,2024-12-18,2024-12-25,0.560572,10.345592520283882,9.684532295345615,9.387055,9.387055,signal_low,6,-6.38977635782747,6.549520766773154,-8.4664536741214,trend_exit_ma10,10.229907,9.387055
cup_v2_trend_scored,杯柄 V2 趋势增强,000951.SZ,中国重汽,trend_cup,2025-07-22,2025-07-23,2025-07-30,0.623093,61.647213224316516,57.65013705515884,50.067116,50.067116,signal_low,6,-6.483790523690769,0.5486284289276666,-7.930174563591019,trend_exit_ma10,61.339746,50.067116
cup_v2_trend_scored,杯柄 V2 趋势增强,000960.SZ,锡业股份,trend_cup,2025-07-18,2025-07-21,2025-08-01,0.615055,22.92390834008819,24.341320032935496,19.094171,19.094171,signal_low,10,6.183115338882272,13.555291319857332,-0.6539833531509998,trend_exit_ma10,22.787619,19.094171
cup_v2_trend_scored,杯柄 V2 趋势增强,000963.SZ,华东医药,trend_cup,2025-05-23,2025-05-26,2025-06-17,0.603649,184.95557135715765,180.95644115082584,157.291094,157.291094,signal_low,16,-2.162211268894032,6.243899457406266,-4.102327725282329,trend_exit_ma10,184.912945,157.291094
cup_v2_trend_scored,杯柄 V2 趋势增强,000963.SZ,华东医药,trend_cup,2025-06-12,2025-06-13,2025-06-17,0.593407,194.81969117693924,180.95644115082584,157.291094,157.291094,signal_low,3,-7.115938816227008,0.8202172467302038,-7.670139658612285,trend_exit_ma10,194.64694,157.291094
cup_v2_trend_scored,杯柄 V2 趋势增强,000975.SZ,山金国际,trend_cup,2024-03-29,2024-04-01,2024-04-23,0.66177,43.37611778354619,42.289943903283195,30.412869,30.412869,signal_low,15,-2.5040827436037083,14.534567229178009,-3.320631464344026,trend_exit_ma10,42.714968,30.412869
cup_v2_trend_scored,杯柄 V2 趋势增强,000997.SZ,新大陆,trend_cup,2023-02-09,2023-02-10,2023-02-22,0.575678,30.48191831757307,31.43138754485633,28.543419,28.543419,signal_low,9,3.1148604802076596,7.332900713822199,0.0,trend_exit_ma10,30.22477,28.543419
cup_v2_trend_scored,杯柄 V2 趋势增强,001201.SZ,东瑞股份,trend_cup,2025-07-21,2025-07-22,2025-07-30,0.64062,29.913484474761148,29.861968715045712,28.333668,28.333668,signal_low,7,-0.1722158438576482,6.601607347875982,-0.7462686567164312,trend_exit_ma10,29.999344,28.333668
cup_v2_trend_scored,杯柄 V2 趋势增强,001227.SZ,兰州银行,trend_cup,2025-07-09,2025-07-10,2025-07-16,0.567811,3.0666383685527583,2.9871329293680566,2.816764,2.816764,signal_low,5,-2.592592592592613,2.592592592592591,-3.703703703703709,trend_exit_ma10,3.066638,2.816764
cup_v2_trend_scored,杯柄 V2 趋势增强,001259.SZ,利仁科技,trend_cup,2024-01-16,2024-01-17,2024-01-26,0.561871,31.82,30.16,27.2,27.2,signal_low,8,-5.216844751728478,4.2740414833438045,-6.976744186046513,trend_exit_ma10,31.85,27.2
cup_v2_trend_scored,杯柄 V2 趋势增强,001286.SZ,陕西能源,trend_cup,2024-04-11,2024-04-12,2024-04-22,0.573121,10.792362584378013,10.430549662487946,10.151437,10.151437,signal_low,7,-3.3524904214559337,3.3524904214559337,-3.8314176245210607,trend_exit_ma10,10.8027,10.151437
cup_v2_trend_scored,杯柄 V2 趋势增强,001289.SZ,龙源电力,trend_cup,2023-06-26,2023-06-27,2023-07-05,0.624652,22.16531456225253,21.1587153541575,20.111852,20.111852,signal_low,7,-4.541326067211626,2.6339691189827485,-5.177111716621252,trend_exit_ma10,22.255908,20.111852
cup_v2_trend_scored,杯柄 V2 趋势增强,001965.SZ,招商公路,trend_cup,2023-05-04,2023-05-05,2023-05-10,0.608769,11.215328967229352,10.614507772556351,9.825194,9.825194,signal_low,4,-5.35714285714286,9.978991596638664,-6.302521008403361,trend_exit_ma10,11.22711,9.825194
cup_v2_trend_scored,杯柄 V2 趋势增强,002008.SZ,大族激光,trend_cup,2025-03-18,2025-03-19,2025-03-26,0.591972,52.58479549863295,49.97296790764125,46.978072,46.978072,signal_low,6,-4.966887417218546,0.9271523178807861,-6.192052980132456,trend_exit_ma10,52.706681,46.978072
cup_v2_trend_scored,杯柄 V2 趋势增强,002019.SZ,亿帆医药,trend_cup,2023-04-17,2023-04-18,2023-04-25,0.572333,40.56523389204777,38.618316,38.618316,38.618316,signal_low,6,-4.7994740945631165,1.5779092702169484,-5.65417488494413,stop_loss,40.671914,38.618316
cup_v2_trend_scored,杯柄 V2 趋势增强,002020.SZ,京新药业,trend_cup,2025-04-01,2025-04-02,2025-04-07,0.634736,86.8811194900215,80.16136144596099,81.231765,81.231765,signal_low,3,-7.734428473648169,0.6844626967830392,-12.73100616016426,gap_stop,86.524318,81.231765
cup_v2_trend_scored,杯柄 V2 趋势增强,002022.SZ,科华生物,trend_cup,2023-03-17,2023-03-20,2023-03-23,0.618771,19.69213095231012,18.822535425926056,17.840734,17.840734,signal_low,4,-4.415954415954404,1.7094017094017255,-6.481481481481466,trend_exit_ma10,19.692131,17.840734
cup_v2_trend_scored,杯柄 V2 趋势增强,002033.SZ,丽江股份,trend_cup,2024-04-11,2024-04-12,2024-04-24,0.630191,41.71237592590942,40.108053774912904,38.034174,38.034174,signal_low,9,-3.8461538461538436,10.131332082551614,-6.472795497185735,trend_exit_ma10,42.338453,38.034174
cup_v2_trend_scored,杯柄 V2 趋势增强,002043.SZ,兔宝宝,trend_cup,2024-04-29,2024-04-30,2024-05-24,0.610461,41.487359967588716,45.94628183326414,36.408066,36.408066,signal_low,16,10.747663551401864,21.495327102803728,-0.6542056074766212,trend_exit_ma10,41.875092,36.408066
cup_v2_trend_scored,杯柄 V2 趋势增强,002056.SZ,横店东磁,trend_cup,2025-07-11,2025-07-14,2025-07-31,0.569205,72.50217247773618,74.18603182526158,64.612089,64.612089,signal_low,14,2.3224950232249686,9.422694094226935,-1.658925016589241,trend_exit_ma10,72.213511,64.612089
cup_v2_trend_scored,杯柄 V2 趋势增强,002064.SZ,华峰化学,trend_cup,2023-02-21,2023-02-22,2023-03-02,0.58685,36.97880227525756,35.60757874591189,33.263229,33.263229,signal_low,7,-3.7081339712918493,1.1961722488038395,-4.30622009569378,trend_exit_ma10,37.199967,33.263229
cup_v2_trend_scored,杯柄 V2 趋势增强,002065.SZ,东华软件,trend_cup,2023-02-09,2023-02-10,2023-02-28,0.644205,45.31125224033146,45.17394541536076,38.239951,38.239951,signal_low,13,-0.303030303030305,7.424242424242444,-3.3333333333333215,trend_exit_ma10,45.448559,38.239951
cup_v2_trend_scored,杯柄 V2 趋势增强,002091.SZ,江苏国泰,trend_cup,2024-11-20,2024-11-21,2024-11-26,0.562702,32.774276874573474,31.463305799590533,28.008608,28.008608,signal_low,4,-4.0000000000000036,3.875000000000006,-4.749999999999998,trend_exit_ma10,32.979116,28.008608
cup_v2_trend_scored,杯柄 V2 趋势增强,002092.SZ,中泰化学,trend_cup,2023-02-02,2023-02-03,2023-02-28,0.587608,13.798324591592921,14.393813322426158,12.096928,12.096928,signal_low,18,4.315659679408168,15.413070283600504,-2.8360049321824787,trend_exit_ma10,13.798325,12.096928
cup_v2_trend_scored,杯柄 V2 趋势增强,002092.SZ,中泰化学,trend_cup,2025-05-14,2025-05-15,2025-05-22,0.572025,8.672006879291125,8.30923368314548,8.257409,8.257409,signal_low,5,-4.183266932270913,4.780876494023922,-4.581673306772894,trend_exit_ma10,8.689282,8.257409
cup_v2_trend_scored,杯柄 V2 趋势增强,002128.SZ,电投能源,trend_cup,2025-07-22,2025-07-23,2025-08-01,0.622019,40.605501435933924,38.77207812965364,36.34038,36.34038,signal_low,8,-4.515209125475272,2.804182509505715,-5.323193916349778,trend_exit_ma10,40.586202,36.34038
cup_v2_trend_scored,杯柄 V2 趋势增强,002157.SZ,正邦科技,trend_cup,2024-05-22,2024-05-23,2024-06-20,0.576434,16.97605785470039,17.353303584804845,14.443122,14.443122,signal_low,19,2.2222222222222365,14.920634920634912,-3.1746031746031855,trend_exit_ma10,17.02995,14.443122
cup_v2_trend_scored,杯柄 V2 趋势增强,002206.SZ,海利得,trend_cup,2025-05-27,2025-05-28,2025-06-06,0.633784,63.710699139135606,61.647686024154076,57.227047,57.227047,signal_low,7,-3.238095238095229,2.285714285714291,-4.0000000000000036,trend_exit_ma10,64.196114,57.227047
cup_v2_trend_scored,杯柄 V2 趋势增强,002212.SZ,天融信,trend_cup,2023-03-21,2023-03-22,2023-04-11,0.56083,25.053873043115644,25.641401054176985,22.871626,22.871626,signal_low,14,2.345058626465679,11.390284757118941,-1.1725293132328285,trend_exit_ma10,25.158789,22.871626
cup_v2_trend_scored,杯柄 V2 趋势增强,002215.SZ,诺普信,trend_cup,2023-12-06,2023-12-07,2023-12-18,0.611569,45.58029506038434,40.740783775533124,39.259301,39.259301,signal_low,8,-10.617551462621899,4.983748645720465,-11.70097508125676,trend_exit_ma10,45.530912,39.259301
cup_v2_trend_scored,杯柄 V2 趋势增强,002232.SZ,启明信息,trend_cup,2023-03-22,2023-03-23,2023-04-14,0.62138,25.008731367394503,27.195628551301578,22.853076,22.853076,signal_low,16,8.744534665833847,27.670206121174257,-4.2473454091193075,trend_exit_ma10,25.258662,22.853076
cup_v2_trend_scored,杯柄 V2 趋势增强,002252.SZ,上海莱士,trend_cup,2023-06-16,2023-06-19,2023-07-04,0.654429,179.26832577268837,176.18158638852287,163.609329,163.609329,signal_low,10,-1.7218543046357615,3.708609271523189,-2.6490066225165587,trend_exit_ma10,178.31856,163.609329
cup_v2_trend_scored,杯柄 V2 趋势增强,002252.SZ,上海莱士,trend_cup,2023-11-30,2023-12-01,2023-12-15,0.582339,188.29110243409522,189.47830988954348,174.282054,174.282054,signal_low,11,0.6305170239596425,9.457755359394703,-0.3783102143757877,trend_exit_ma10,188.765985,174.282054
cup_v2_trend_scored,杯柄 V2 趋势增强,002258.SZ,利尔化学,trend_cup,2022-06-17,2022-06-20,2022-06-21,0.610112,86.51009123138104,81.411265,81.411265,81.411265,signal_low,2,-5.8939092062030625,0.7072691552062915,-7.8978388998035225,stop_loss,87.155943,81.411265
cup_v2_trend_scored,杯柄 V2 趋势增强,002266.SZ,浙富控股,trend_cup,2024-11-07,2024-11-08,2024-11-15,0.581551,41.67515918565051,38.90451148355741,35.672089,35.672089,signal_low,6,-6.64819944598336,1.1080332409972415,-6.64819944598336,trend_exit_ma10,41.328828,35.672089
cup_v2_trend_scored,杯柄 V2 趋势增强,002267.SZ,陕天然气,trend_cup,2024-12-04,2024-12-05,2024-12-16,0.641691,25.26273880414884,24.84668787805345,23.159979,23.159979,signal_low,8,-1.6468955694821985,1.875732708089095,-3.9010680473830717,trend_exit_ma10,25.529286,23.159979
cup_v2_trend_scored,杯柄 V2 趋势增强,002270.SZ,华明装备,trend_cup,2023-04-12,2023-04-13,2023-04-25,0.594959,22.085503301259344,22.68055313113783,19.934169,19.934169,signal_low,9,2.694300518134707,12.642487046632112,-3.0051813471502764,trend_exit_ma10,22.085503,19.934169
cup_v2_trend_scored,杯柄 V2 趋势增强,002271.SZ,东方雨虹,trend_cup,2025-09-16,2025-09-17,2025-09-24,0.562785,352.32957753097884,346.0886349338117,315.73496,315.73496,signal_low,6,-1.7713365539452575,3.6231884057970953,-4.1062801932367226,trend_exit_ma10,352.329578,315.73496
cup_v2_trend_scored,杯柄 V2 趋势增强,002293.SZ,罗莱生活,trend_cup,2025-05-19,2025-05-20,2025-05-30,0.65087,87.11145900624133,85.99296091391298,73.570818,73.570818,signal_low,9,-1.283985029166157,3.2124352331606154,-2.9058253627505026,trend_exit_ma10,87.111459,73.570818
cup_v2_trend_scored,杯柄 V2 趋势增强,002299.SZ,圣农发展,trend_cup,2025-04-01,2025-04-02,2025-04-21,0.575137,40.53144331272932,43.301483925978395,38.545376,38.545376,signal_low,13,6.83430045132174,15.925209542230823,-1.4829142488717029,trend_exit_ma10,40.426913,38.545376
cup_v2_trend_scored,杯柄 V2 趋势增强,002300.SZ,太阳电缆,trend_cup,2023-10-20,2023-10-23,2023-11-09,0.577293,68.29167432824056,65.47473792897088,56.338728,56.338728,signal_low,14,-4.124860646599782,2.6755852842809347,-8.026755852842815,trend_exit_ma10,67.07354,56.338728
cup_v2_trend_scored,杯柄 V2 趋势增强,002318.SZ,久立特材,trend_cup,2023-07-05,2023-07-06,2023-07-14,0.57767,108.492015641222,105.06143807153907,97.403899,97.403899,signal_low,7,-3.1620553359683945,2.4844720496894235,-3.6702428006775922,trend_exit_ma10,108.553276,97.403899
cup_v2_trend_scored,杯柄 V2 趋势增强,002320.SZ,海峡股份,trend_cup,2025-07-17,2025-07-18,2025-08-04,0.671747,98.50959734677728,109.99057200158153,90.855614,90.855614,signal_low,12,11.65467625899279,29.06474820143885,-1.151079136690658,trend_exit_ma10,98.793078,90.855614
cup_v2_trend_scored,杯柄 V2 趋势增强,002322.SZ,理工能科,trend_cup,2023-03-08,2023-03-09,2023-03-15,0.627175,58.839374146051576,56.491922965896876,54.348598,54.348598,signal_low,5,-3.9895923677363387,0.08673026886383273,-6.15784908933218,trend_exit_ma10,58.941437,54.348598
cup_v2_trend_scored,杯柄 V2 趋势增强,002322.SZ,理工能科,trend_cup,2023-03-27,2023-03-28,2023-04-07,0.588474,61.69714080015295,59.50278426218225,55.216134,55.216134,signal_low,8,-3.556658395368073,3.3912324234904867,-6.203473945409421,trend_exit_ma10,61.748172,55.216134
cup_v2_trend_scored,杯柄 V2 趋势增强,002330.SZ,得利斯,trend_cup,2024-12-02,2024-12-03,2024-12-18,0.590095,10.053755243022458,9.78592979597473,8.178977,8.178977,signal_low,12,-2.6639344262294973,8.811475409836067,-3.688524590163933,trend_exit_ma10,10.115561,8.178977
cup_v2_trend_scored,杯柄 V2 趋势增强,002352.SZ,顺丰控股,trend_cup,2022-12-27,2022-12-28,2022-12-30,0.62092,208.9539354948845,202.50300862725717,190.863293,190.863293,signal_low,3,-3.087248322147651,0.38590604026844666,-4.848993288590597,trend_exit_ma10,210.145955,190.863293
cup_v2_trend_scored,杯柄 V2 趋势增强,002367.SZ,康力电梯,trend_cup,2024-12-02,2024-12-03,2024-12-18,0.621386,65.95384910040225,64.85917940578976,59.385831,59.385831,signal_low,12,-1.6597510373444035,10.511756569847863,-4.011065006915637,trend_exit_ma10,66.501184,59.385831
cup_v2_trend_scored,杯柄 V2 趋势增强,002367.SZ,康力电梯,trend_cup,2025-07-16,2025-07-17,2025-07-24,0.594133,72.06655044015817,70.35294686298134,63.498533,63.498533,signal_low,6,-2.377807133421417,0.6605019815059343,-3.302509907529738,trend_exit_ma10,72.06655,63.498533
cup_v2_trend_scored,杯柄 V2 趋势增强,002372.SZ,伟星新材,trend_cup,2024-05-17,2024-05-20,2024-05-27,0.645176,164.04881389486735,158.01287209661157,143.553707,143.553707,signal_low,6,-3.6793571711673523,1.808679455126594,-6.143373615625847,trend_exit_ma10,165.544165,143.553707
cup_v2_trend_scored,杯柄 V2 趋势增强,002378.SZ,章源钨业,trend_cup,2023-02-28,2023-03-01,2023-03-07,0.61324,19.871134249429005,17.797256553535455,17.564474,17.564474,signal_low,5,-10.436634717784887,3.727369542066028,-10.436634717784887,trend_exit_ma10,19.236274,17.564474
cup_v2_trend_scored,杯柄 V2 趋势增强,002410.SZ,广联达,trend_cup,2023-01-03,2023-01-04,2023-02-07,0.564096,808.0437633995178,812.5116199112056,704.389492,704.389492,signal_low,20,0.5529225908372792,8.21484992101107,-4.89731437598736,trend_exit_ma10,801.916417,704.389492
cup_v2_trend_scored,杯柄 V2 趋势增强,002415.SZ,海康威视,trend_cup,2023-02-20,2023-02-21,2023-03-10,0.630426,848.1182027565791,828.6136756130816,767.031966,767.031966,signal_low,14,-2.2997416020671735,5.090439276485781,-4.1085271317829575,trend_exit_ma10,848.118203,767.031966
cup_v2_trend_scored,杯柄 V2 趋势增强,002420.SZ,毅昌科技,trend_cup,2025-03-17,2025-03-18,2025-03-24,0.594459,6.762530305301977,6.33478,6.33478,6.33478,signal_low,5,-6.325299643635029,10.39156626506026,-7.379518072289148,stop_loss,6.813453,6.33478
cup_v2_trend_scored,杯柄 V2 趋势增强,002438.SZ,江苏神通,trend_cup,2025-07-21,2025-07-22,2025-08-19,0.653912,58.643278224937085,60.71000168660888,53.73481,53.73481,signal_low,21,3.524229074889873,11.967694566813524,-3.010279001468419,trend_exit_ma10,58.729392,53.73481
cup_v2_trend_scored,杯柄 V2 趋势增强,002438.SZ,江苏神通,trend_cup,2025-08-06,2025-08-07,2025-08-19,0.595666,62.47532797678687,60.71000168660888,54.595945,54.595945,signal_low,9,-2.8256374913852578,5.09993108201241,-4.755341144038594,trend_exit_ma10,61.78642,54.595945
cup_v2_trend_scored,杯柄 V2 趋势增强,002443.SZ,金洲管道,trend_cup,2025-06-19,2025-06-20,2025-06-27,0.573206,28.30558708680304,27.276293010919296,26.332773,26.332773,signal_low,6,-3.6363636363636265,3.7878787878787845,-5.757575757575761,trend_exit_ma10,27.79094,26.332773
cup_v2_trend_scored,杯柄 V2 趋势增强,002448.SZ,中原内配,trend_cup,2023-06-02,2023-06-05,2023-06-08,0.6174,39.14795159583973,37.121060610848026,35.847015,35.847015,signal_low,4,-5.177514792899407,2.6627218934911268,-5.177514792899407,trend_exit_ma10,39.147952,35.847015
cup_v2_trend_scored,杯柄 V2 趋势增强,002461.SZ,珠江啤酒,trend_cup,2023-02-09,2023-02-10,2023-02-24,0.578793,18.59618630630421,18.96293243995522,16.784029,16.784029,signal_low,11,1.9721577726218076,6.032482598607913,-0.8120649651972123,trend_exit_ma10,18.61776,16.784029
cup_v2_trend_scored,杯柄 V2 趋势增强,002461.SZ,珠江啤酒,trend_cup,2025-04-28,2025-04-29,2025-05-14,0.568579,24.446778257660263,23.780653509495135,20.98293,20.98293,signal_low,9,-2.7247956403269713,2.452316076294281,-5.35876475930972,trend_exit_ma10,24.446778,20.98293
cup_v2_trend_scored,杯柄 V2 趋势增强,002468.SZ,申通快递,trend_cup,2025-03-03,2025-03-04,2025-03-25,0.700769,26.847373770942703,27.161903672861698,24.263735,24.263735,signal_low,16,1.171548117154808,8.702928870292892,-3.849372384937233,trend_exit_ma10,26.959706,24.263735
cup_v2_trend_scored,杯柄 V2 趋势增强,002469.SZ,三维化学,trend_cup,2022-08-16,2022-08-17,2022-09-01,0.634759,59.88441383501733,69.13846887044348,52.321003,52.321003,signal_low,12,15.453194650817226,70.87667161961366,-1.9316493313521588,trend_exit_ma10,59.61747,52.321003
cup_v2_trend_scored,杯柄 V2 趋势增强,002475.SZ,立讯精密,trend_cup,2025-02-25,2025-02-26,2025-03-03,0.582474,1580.4825067426582,1439.392518,1439.392518,1439.392518,signal_low,4,-8.927019953763459,0.3040834057341346,-8.992180712423991,stop_loss,1585.288492,1439.392518
cup_v2_trend_scored,杯柄 V2 趋势增强,002478.SZ,常宝股份,trend_cup,2023-06-05,2023-06-06,2023-06-09,0.595728,19.329568756188504,17.912602,17.912602,17.912602,signal_low,4,-7.3305657982403405,0.6915629322268302,-7.7455048409405425,stop_loss,19.329569,17.912602
cup_v2_trend_scored,杯柄 V2 趋势增强,002489.SZ,浙江永强,trend_cup,2025-03-28,2025-03-31,2025-04-07,0.604622,45.76392043892822,39.31315505790908,42.355969,42.355969,signal_low,5,-14.095744680851062,5.85106382978724,-14.095744680851062,gap_stop,45.155358,42.355969
cup_v2_trend_scored,杯柄 V2 趋势增强,002494.SZ,华斯股份,trend_cup,2025-11-17,2025-11-18,2025-11-20,0.648397,16.12750069078825,15.425130476449063,14.668732,14.668732,signal_low,3,-4.355108877721947,0.16750418760471675,-6.030150753768837,trend_exit_ma10,16.100486,14.668732
cup_v2_trend_scored,杯柄 V2 趋势增强,002515.SZ,金字火腿,trend_cup,2025-03-31,2025-04-01,2025-04-08,0.678603,60.922438918801646,55.99488871213386,56.554838,56.554838,signal_low,5,-8.088235294117663,4.411764705882337,-9.926470588235304,gap_stop,60.922439,56.554838
cup_v2_trend_scored,杯柄 V2 趋势增强,002516.SZ,旷达科技,trend_cup,2023-11-14,2023-11-15,2023-11-27,0.599085,48.60641977615148,47.158183805167454,45.528918,45.528918,signal_low,9,-2.9795158286778367,0.3724394785847185,-4.283054003724396,trend_exit_ma10,48.334876,45.528918
cup_v2_trend_scored,杯柄 V2 趋势增强,002534.SZ,西子洁能,trend_cup,2025-03-26,2025-03-27,2025-03-31,0.613499,33.20599694522389,29.786033,29.786033,29.786033,signal_low,3,-10.29923586051462,0.0,-12.595685455810713,stop_loss,33.437076,29.786033
cup_v2_trend_scored,杯柄 V2 趋势增强,002539.SZ,云图控股,trend_cup,2025-06-24,2025-06-25,2025-08-12,0.579913,61.35332005378231,69.73774397304919,54.951234,54.951234,signal_low,35,13.665803108808294,22.781031763910796,-1.6304347826086918,trend_exit_ma10,61.553385,54.951234
cup_v2_trend_scored,杯柄 V2 趋势增强,002545.SZ,东方铁塔,trend_cup,2025-03-25,2025-03-26,2025-03-28,0.633026,47.390816629874806,43.917452,43.917452,43.917452,signal_low,3,-7.3291934532422225,1.2422360248447228,-7.453416149068337,stop_loss,47.68517,43.917452
cup_v2_trend_scored,杯柄 V2 趋势增强,002545.SZ,东方铁塔,trend_cup,2025-06-12,2025-06-13,2025-07-30,0.594922,51.45288662672121,59.59518882052328,47.802911,47.802911,signal_low,34,15.824772384244623,21.610107600175297,-2.40274599542335,trend_exit_ma10,51.335145,47.802911
cup_v2_trend_scored,杯柄 V2 趋势增强,002572.SZ,索菲亚,trend_cup,2026-02-04,2026-02-05,2026-02-11,0.560232,342.7114001368186,331.17458072627227,322.578519,322.578519,signal_low,5,-3.3663366336633582,0.858085808580844,-3.828382838283828,trend_exit_ma10,340.901703,322.578519
cup_v2_trend_scored,杯柄 V2 趋势增强,002588.SZ,史丹利,trend_cup,2025-05-26,2025-05-27,2025-06-20,0.602304,90.46382498082939,91.09409399588579,82.393814,82.393814,signal_low,18,0.6967083419145315,12.26322213794524,-3.3039647577092546,trend_exit_ma10,90.463825,82.393814
cup_v2_trend_scored,杯柄 V2 趋势增强,002590.SZ,万安科技,trend_cup,2026-01-06,2026-01-07,2026-01-14,0.610076,75.79084628206607,71.68255741817838,69.085363,69.085363,signal_low,6,-5.42056074766355,1.869158878504673,-7.227414330218062,trend_exit_ma10,74.704747,69.085363
cup_v2_trend_scored,杯柄 V2 趋势增强,002590.SZ,万安科技,trend_cup,2026-01-23,2026-01-26,2026-01-27,0.563666,76.26306339285775,70.313128,70.313128,70.313128,signal_low,2,-7.801857318801286,0.2476780185758809,-8.916408668730636,stop_loss,76.499172,70.313128
cup_v2_trend_scored,杯柄 V2 趋势增强,002595.SZ,豪迈科技,trend_cup,2024-04-11,2024-04-12,2024-05-16,0.5796,182.0894706777012,195.2525649435591,173.460331,173.460331,signal_low,22,7.228915662650581,11.78045515394912,-0.669344042838016,trend_exit_ma10,182.089471,173.460331
cup_v2_trend_scored,杯柄 V2 趋势增强,002601.SZ,龙佰集团,trend_cup,2024-04-03,2024-04-08,2024-05-16,0.587118,217.71947618904204,235.12832985733124,196.39363,196.39363,signal_low,26,7.996001999000479,12.293853073463247,-3.9480259870065093,trend_exit_ma10,217.719476,196.39363
cup_v2_trend_scored,杯柄 V2 趋势增强,002601.SZ,龙佰集团,trend_cup,2024-04-24,2024-04-25,2024-05-16,0.615846,224.13899097922368,235.12832985733124,209.123855,209.123855,signal_low,13,4.902912621359223,9.07766990291261,-2.5242718446602086,trend_exit_ma10,225.55346,209.123855
cup_v2_trend_scored,杯柄 V2 趋势增强,002601.SZ,龙佰集团,trend_cup,2024-05-20,2024-05-21,2024-05-28,0.621298,250.03466081080387,235.23713519275805,210.103103,210.103103,signal_low,6,-5.918189730200174,0.9573542210617791,-6.092254134029595,trend_exit_ma10,250.034661,210.103103
cup_v2_trend_scored,杯柄 V2 趋势增强,002606.SZ,大连电瓷,trend_cup,2024-09-18,2024-09-19,2024-10-17,0.581995,37.159926060546965,42.691687780923836,31.881527,31.881527,signal_low,16,14.886363636363619,28.749999999999986,-4.545454545454564,trend_exit_ma10,37.159926,31.881527
cup_v2_trend_scored,杯柄 V2 趋势增强,002637.SZ,赞宇科技,trend_cup,2024-11-20,2024-11-21,2024-12-10,0.635289,48.797124518100354,48.567166344122505,42.174329,42.174329,signal_low,14,-0.47125353440150564,7.257304429783229,-7.6343072573044175,trend_exit_ma10,46.727501,42.174329
cup_v2_trend_scored,杯柄 V2 趋势增强,002641.SZ,公元股份,trend_cup,2024-12-03,2024-12-04,2024-12-17,0.574557,31.643485286606293,30.545650082785258,27.44588,27.44588,signal_low,10,-3.469387755102038,12.65306122448977,-3.673469387755124,trend_exit_ma10,31.385171,27.44588
cup_v2_trend_scored,杯柄 V2 趋势增强,002643.SZ,万润股份,trend_cup,2025-12-22,2025-12-23,2025-12-31,0.562046,90.87287397159766,91.79140032575802,85.790361,85.790361,signal_low,7,1.0107816711590445,10.377358490566024,-0.4716981132075415,trend_exit_ma10,91.179049,85.790361
cup_v2_trend_scored,杯柄 V2 趋势增强,002655.SZ,共达电声,trend_cup,2023-11-27,2023-11-28,2023-12-01,0.591356,41.896632615742945,40.309870127746855,36.526052,36.526052,signal_low,4,-3.7873270211216337,0.8011653313911182,-6.554989075018214,trend_exit_ma10,42.506926,36.526052
cup_v2_trend_scored,杯柄 V2 趋势增强,002658.SZ,雪迪龙,trend_cup,2025-03-31,2025-04-01,2025-04-07,0.621691,39.898129628591676,35.16161982631473,36.331816,36.331816,signal_low,4,-11.871508379888274,4.469273743016777,-13.966480446927376,gap_stop,41.235497,36.331816
cup_v2_trend_scored,杯柄 V2 趋势增强,002673.SZ,西部证券,trend_cup,2025-08-15,2025-08-18,2025-08-28,0.589324,25.37195507840994,24.116710985057022,22.113662,22.113662,signal_low,9,-4.947368421052656,3.0526315789473513,-7.6842105263158045,trend_exit_ma10,24.063296,22.113662
cup_v2_trend_scored,杯柄 V2 趋势增强,002687.SZ,乔治白,trend_cup,2023-03-02,2023-03-03,2023-03-07,0.567032,33.627020482211385,31.32116764914546,30.680653,30.680653,signal_low,3,-6.857142857142873,0.3809523809523707,-7.238095238095232,trend_exit_ma10,33.755123,30.680653
cup_v2_trend_scored,杯柄 V2 趋势增强,002690.SZ,美亚光电,trend_cup,2023-03-28,2023-03-29,2023-04-17,0.585499,153.79281035970794,164.41887241691725,133.007196,133.007196,signal_low,13,6.909336029659574,11.897539602291873,-2.392989551735769,trend_exit_ma10,155.347844,133.007196
cup_v2_trend_scored,杯柄 V2 趋势增强,002736.SZ,国信证券,trend_cup,2025-06-25,2025-06-26,2025-08-01,0.624397,15.545803409354876,17.329534621316032,14.28287,14.28287,signal_low,27,11.474036850921276,20.435510887772224,-4.522613065326619,trend_exit_ma10,15.428624,14.28287
cup_v2_trend_scored,杯柄 V2 趋势增强,002760.SZ,凤形股份,trend_cup,2026-01-22,2026-01-23,2026-02-03,0.569495,24.802860051663195,23.837448521701983,21.495812,21.495812,signal_low,8,-3.8923395445134346,3.6024844720497162,-4.968944099378869,trend_exit_ma10,24.926104,21.495812
cup_v2_trend_scored,杯柄 V2 趋势增强,002766.SZ,索菱股份,trend_cup,2025-03-19,2025-03-20,2025-03-24,0.58096,14.13532802107695,12.562495516591927,12.139041,12.139041,signal_low,3,-11.126961483594854,0.5706134094151327,-13.837375178316691,trend_exit_ma10,14.215986,12.139041
cup_v2_trend_scored,杯柄 V2 趋势增强,002772.SZ,众兴菌业,trend_cup,2024-12-12,2024-12-13,2024-12-25,0.574919,18.711064969316677,17.419837148347522,16.292947,16.292947,signal_low,9,-6.900878293600998,10.414052697616082,-8.406524466750309,trend_exit_ma10,18.828449,16.292947
cup_v2_trend_scored,杯柄 V2 趋势增强,002773.SZ,康弘药业,trend_cup,2023-04-14,2023-04-17,2023-04-24,0.587807,39.16406520949646,37.77039811333593,35.063856,35.063856,signal_low,6,-3.55853532748841,1.4956162970603426,-4.17741103661683,trend_exit_ma10,39.184263,35.063856
cup_v2_trend_scored,杯柄 V2 趋势增强,002810.SZ,山东赫达,trend_cup,2023-11-30,2023-12-01,2023-12-07,0.623355,70.71378695502771,67.4358905051568,63.201941,63.201941,signal_low,5,-4.635441815548036,0.2414292612264557,-6.470304200869137,trend_exit_ma10,70.645497,63.201941
cup_v2_trend_scored,杯柄 V2 趋势增强,002827.SZ,高争民爆,trend_cup,2023-02-15,2023-02-16,2023-02-23,0.616793,18.8325029004586,17.602489471832,16.638425,16.638425,signal_low,6,-6.531332744924978,5.825242718446622,-7.14916151809356,trend_exit_ma10,18.865747,16.638425
cup_v2_trend_scored,杯柄 V2 趋势增强,002829.SZ,星网宇达,trend_cup,2023-02-28,2023-03-01,2023-03-10,0.578194,84.77765166518873,82.14794641191396,76.140081,76.140081,signal_low,8,-3.1018849916487734,2.9348604151753666,-5.392507754712472,trend_exit_ma10,84.555138,76.140081
cup_v2_trend_scored,杯柄 V2 趋势增强,002891.SZ,中宠股份,trend_cup,2023-06-13,2023-06-14,2023-06-20,0.591794,65.09610901051377,62.48606255951659,59.385017,59.385017,signal_low,5,-4.009527590313622,0.35728463676061306,-5.9150456530369215,trend_exit_ma10,65.070267,59.385017
cup_v2_trend_scored,杯柄 V2 趋势增强,002895.SZ,川恒股份,trend_cup,2025-05-16,2025-05-19,2025-05-30,0.599097,28.97216185077434,28.62929603005512,24.926345,24.926345,signal_low,10,-1.1834319526627168,3.2741617357001873,-2.8796844181459558,trend_exit_ma10,29.075022,24.926345
cup_v2_trend_scored,杯柄 V2 趋势增强,002899.SZ,英派斯,trend_cup,2025-11-18,2025-11-19,2025-11-21,0.571765,25.89256224361628,24.527635260500556,24.640524,24.640524,signal_low,3,-5.2715021799445205,2.6159334126040656,-8.44233055885849,gap_stop,26.149127,24.640524
cup_v2_trend_scored,杯柄 V2 趋势增强,002899.SZ,英派斯,trend_cup,2025-12-10,2025-12-11,2025-12-16,0.588672,27.19591357335836,24.158181340258707,23.706627,23.706627,signal_low,4,-11.16981132075473,0.37735849056603765,-12.15094339622641,trend_exit_ma10,27.031712,23.706627
cup_v2_trend_scored,杯柄 V2 趋势增强,002906.SZ,华阳集团,trend_cup,2026-01-23,2026-01-26,2026-01-27,0.564653,37.09931814478714,35.340853,35.340853,35.340853,signal_low,2,-4.739885347553807,0.9248554913294793,-5.8670520231213885,stop_loss,37.024262,35.340853
cup_v2_trend_scored,杯柄 V2 趋势增强,002927.SZ,泰永长征,trend_cup,2024-12-26,2024-12-27,2025-01-13,0.571262,37.047169631139866,32.08391245567615,32.413108,32.413108,signal_low,11,-13.397129186602875,19.207108680792896,-14.42241968557758,gap_stop,37.756206,32.413108
cup_v2_trend_scored,杯柄 V2 趋势增强,002929.SZ,润建股份,trend_cup,2023-01-03,2023-01-04,2023-02-01,0.621389,41.81399406210315,47.268438221452385,36.15488,36.15488,signal_low,16,13.04454233969652,18.404307391091535,-0.6363191385217792,trend_exit_ma10,41.97773,36.15488
cup_v2_trend_scored,杯柄 V2 趋势增强,002939.SZ,长城证券,trend_cup,2025-07-24,2025-07-25,2025-08-01,0.584038,10.13505575454586,9.673872285758291,9.511156,9.511156,signal_low,6,-4.550379198266519,1.4084507042253502,-4.983748645720498,trend_exit_ma10,10.069172,9.511156
cup_v2_trend_scored,杯柄 V2 趋势增强,002948.SZ,青岛银行,trend_cup,2024-05-16,2024-05-17,2024-05-30,0.581434,4.773593758767817,4.760443362738155,4.457984,4.457984,signal_low,10,-0.2754820936639035,6.6115702479338845,-1.1019283746556585,trend_exit_ma10,4.773594,4.457984
cup_v2_trend_scored,杯柄 V2 趋势增强,002958.SZ,青农商行,trend_cup,2025-06-16,2025-06-17,2025-06-30,0.582867,4.3341970776281835,4.228770662226417,4.029632,4.029632,signal_low,10,-2.432432432432441,2.7027027027026973,-3.513513513513522,trend_exit_ma10,4.334197,4.029632
cup_v2_trend_scored,杯柄 V2 趋势增强,002966.SZ,苏州银行,trend_cup,2024-02-07,2024-02-08,2024-02-27,0.571575,9.232500514785544,8.940814372148088,8.699856,8.699856,signal_low,8,-3.1593406593406703,6.181318681318659,-4.532967032967051,trend_exit_ma10,9.359321,8.699856
cup_v2_trend_scored,杯柄 V2 趋势增强,002971.SZ,和远气体,trend_cup,2023-07-11,2023-07-12,2023-07-19,0.583165,27.607134759976862,26.53126847888953,24.359237,24.359237,signal_low,6,-3.897058823529409,0.3308823529411864,-4.9632352941176405,trend_exit_ma10,28.002972,24.359237
cup_v2_trend_scored,杯柄 V2 趋势增强,003000.SZ,劲仔食品,trend_cup,2023-02-01,2023-02-02,2023-02-17,0.582095,13.38511150466453,13.872786109873237,11.226892,11.226892,signal_low,12,3.643410852713158,8.139534883720923,-0.387596899224818,trend_exit_ma10,13.312479,11.226892
cup_v2_trend_scored,杯柄 V2 趋势增强,003816.SZ,中国广核,trend_cup,2023-05-04,2023-05-05,2023-05-17,0.561875,3.5218317975071822,3.445742838919064,3.228346,3.228346,signal_low,9,-2.1604938271604923,3.0864197530864113,-4.938271604938283,trend_exit_ma10,3.500092,3.228346
cup_v2_trend_scored,杯柄 V2 趋势增强,300009.SZ,安科生物,trend_cup,2025-07-30,2025-07-31,2025-08-22,0.654545,206.7607779045955,232.88215898097786,164.363767,164.363767,signal_low,17,12.633624878522864,26.919339164237144,-0.09718172983478324,trend_exit_ma10,202.742104,164.363767
cup_v2_trend_scored,杯柄 V2 趋势增强,300018.SZ,中元股份,trend_cup,2025-03-19,2025-03-20,2025-03-25,0.625323,53.268511585982026,49.77108405760947,48.762211,48.762211,signal_low,4,-6.565656565656564,6.186868686868685,-7.7020202020202095,trend_exit_ma10,52.595929,48.762211
cup_v2_trend_scored,杯柄 V2 趋势增强,300056.SZ,中创环保,trend_cup,2023-11-20,2023-11-21,2023-12-06,0.601418,46.514529181630806,47.58931932960173,42.3945,42.3945,signal_low,12,2.3106546854942067,18.48523748395379,0.0,trend_exit_ma10,46.335397,42.3945
cup_v2_trend_scored,杯柄 V2 趋势增强,300086.SZ,康芝药业,trend_cup,2023-11-24,2023-11-27,2023-11-29,0.637887,35.17403286624768,32.02998523574509,31.538728,31.538728,signal_low,3,-8.938547486033531,0.5586592178770777,-10.195530726256996,trend_exit_ma10,34.682775,31.538728
cup_v2_trend_scored,杯柄 V2 趋势增强,300087.SZ,荃银高科,trend_cup,2023-02-07,2023-02-08,2023-02-15,0.568554,224.059708676569,205.0404015326105,186.511915,186.511915,signal_low,6,-8.48849945235487,1.259583789704255,-9.036144578313255,trend_exit_ma10,225.900287,186.511915
cup_v2_trend_scored,杯柄 V2 趋势增强,300098.SZ,高新兴,trend_cup,2026-01-06,2026-01-07,2026-01-27,0.5933,98.82901241697296,104.83264401239654,88.053263,88.053263,signal_low,15,6.074766355140171,19.626168224299057,-3.5825545171339512,trend_exit_ma10,100.214466,88.053263
cup_v2_trend_scored,杯柄 V2 趋势增强,300111.SZ,向日葵,trend_cup,2023-01-13,2023-01-16,2023-02-17,0.563712,7.964888227068843,9.221321299507872,6.865509,6.865509,signal_low,20,15.774647887323944,19.436619718309856,0.0,trend_exit_ma10,7.987325,6.865509
cup_v2_trend_scored,杯柄 V2 趋势增强,300127.SZ,银河磁体,trend_cup,2023-06-29,2023-06-30,2023-07-20,0.566438,47.00050718658768,52.228565816639765,43.905288,43.905288,signal_low,15,11.123408965135573,38.9042612064195,-1.9922523519645852,trend_exit_ma10,46.974497,43.905288
cup_v2_trend_scored,杯柄 V2 趋势增强,300136.SZ,信维通信,trend_cup,2023-02-09,2023-02-10,2023-02-17,0.575373,245.88280903166458,237.46756850865572,209.460596,209.460596,signal_low,6,-3.4224598930481354,4.278074866310155,-3.475935828876997,trend_exit_ma10,246.934714,209.460596
cup_v2_trend_scored,杯柄 V2 趋势增强,300137.SZ,先河环保,trend_cup,2023-03-09,2023-03-10,2023-03-14,0.673163,32.26199280360431,29.638692,29.638692,29.638692,signal_low,3,-8.131242293598284,0.28530670470756636,-10.413694721825962,stop_loss,32.21597,29.638692
cup_v2_trend_scored,杯柄 V2 趋势增强,300140.SZ,节能环境,trend_cup,2023-03-06,2023-03-07,2023-03-13,0.570911,35.37074364144224,33.15222362606184,28.380313,28.380313,signal_low,5,-6.2721893491124225,4.260355029585816,-8.284023668639051,trend_exit_ma10,35.49632,28.380313
cup_v2_trend_scored,杯柄 V2 趋势增强,300146.SZ,汤臣倍健,trend_cup,2023-01-06,2023-01-09,2023-01-18,0.564249,735.0817135872053,706.383932170218,645.700082,645.700082,signal_low,8,-3.9040260268401794,1.5046766978446646,-5.124034160227731,trend_exit_ma10,731.195556,645.700082
cup_v2_trend_scored,杯柄 V2 趋势增强,300181.SZ,佐力药业,trend_cup,2023-03-06,2023-03-07,2023-03-27,0.589615,97.66315518981115,100.0764532331115,82.95712,82.95712,signal_low,15,2.4710424710424617,15.444015444015434,-6.718146718146711,trend_exit_ma10,96.833584,82.95712
cup_v2_trend_scored,杯柄 V2 趋势增强,300201.SZ,海伦哲,trend_cup,2025-07-22,2025-07-23,2025-07-28,0.564579,63.82119254757901,60.57604716380379,55.726653,55.726653,signal_low,4,-5.084745762711885,0.16949152542371504,-5.593220338983052,trend_exit_ma10,64.794736,55.726653
cup_v2_trend_scored,杯柄 V2 趋势增强,300215.SZ,电科院,trend_cup,2025-03-25,2025-03-26,2025-03-28,0.629408,125.90372445377135,118.930015,118.930015,118.930015,signal_low,3,-5.538922286871594,0.5988023952095745,-6.137724550898205,stop_loss,127.223075,118.930015
cup_v2_trend_scored,杯柄 V2 趋势增强,300221.SZ,银禧科技,trend_cup,2023-02-14,2023-02-15,2023-02-16,0.565433,24.8060511938114,23.458354,23.458354,23.458354,signal_low,2,-5.432937242940228,0.3395585738540152,-5.602716468590829,stop_loss,25.016629,23.458354
cup_v2_trend_scored,杯柄 V2 趋势增强,300221.SZ,银禧科技,trend_cup,2026-01-07,2026-01-08,2026-01-21,0.60478,44.34766028367301,45.779588535947354,37.398597,37.398597,signal_low,10,3.228869895536568,18.613485280151963,-2.9439696106362656,trend_exit_ma10,44.642469,37.398597
cup_v2_trend_scored,杯柄 V2 趋势增强,300224.SZ,正海磁材,trend_cup,2025-07-24,2025-07-25,2025-08-01,0.571263,81.15703397937045,77.99115587367365,66.684448,66.684448,signal_low,6,-3.900928792569658,8.235294117647074,-4.458204334365323,trend_exit_ma10,81.106782,66.684448
cup_v2_trend_scored,杯柄 V2 趋势增强,300231.SZ,银信科技,trend_cup,2023-02-09,2023-02-10,2023-02-17,0.604986,91.82868716648964,87.5503051507782,73.358599,73.358599,signal_low,6,-4.659090909090901,1.590909090909065,-4.886363636363655,trend_exit_ma10,92.350441,73.358599
cup_v2_trend_scored,杯柄 V2 趋势增强,300242.SZ,佳云科技,trend_cup,2023-02-01,2023-02-02,2023-02-17,0.672372,19.481227368878304,19.326614453252287,15.92513,15.92513,signal_low,12,-0.7936507936507908,4.761904761904745,-2.645502645502651,trend_exit_ma10,19.584303,15.92513
cup_v2_trend_scored,杯柄 V2 趋势增强,300292.SZ,吴通控股,trend_cup,2023-03-27,2023-03-28,2023-04-11,0.580688,35.959188666169865,35.111982650474765,32.287963,32.287963,signal_low,10,-2.3560209424083767,1.3089005235602302,-5.497382198952883,trend_exit_ma10,36.429859,32.287963
cup_v2_trend_scored,杯柄 V2 趋势增强,300294.SZ,博雅生物,trend_cup,2023-01-03,2023-01-04,2023-01-31,0.606566,178.0777888695133,174.0852290434275,159.269465,159.269465,signal_low,15,-2.242031334413852,3.1874662344678617,-3.538627768773639,trend_exit_ma10,183.753958,159.269465
cup_v2_trend_scored,杯柄 V2 趋势增强,300304.SZ,云意电气,trend_cup,2023-06-21,2023-06-26,2023-07-20,0.607792,45.550071493845174,45.888733735435096,41.994118,41.994118,signal_low,19,0.7434944237918018,18.959107806691456,-1.1152416356877248,trend_exit_ma10,45.973399,41.994118
cup_v2_trend_scored,杯柄 V2 趋势增强,300315.SZ,掌趣科技,trend_cup,2023-03-20,2023-03-21,2023-04-18,0.621323,49.104689850929184,54.00291327745579,43.716644,43.716644,signal_low,20,9.975062344139651,27.930174563591017,-0.7481296758104605,trend_exit_ma10,49.10469,43.716644
cup_v2_trend_scored,杯柄 V2 趋势增强,300315.SZ,掌趣科技,trend_cup,2023-03-31,2023-04-03,2023-04-18,0.659804,52.53344624949781,54.00291327745579,43.716644,43.716644,signal_low,11,2.7972027972027913,19.580419580419584,-0.4662004662004726,trend_exit_ma10,52.900813,43.716644
cup_v2_trend_scored,杯柄 V2 趋势增强,300352.SZ,北信源,trend_cup,2023-11-22,2023-11-23,2023-11-27,0.650473,107.04318372017401,102.99290109292419,100.871324,100.871324,signal_low,3,-3.7837837837837895,0.18018018018017834,-5.2252252252252385,trend_exit_ma10,108.007537,100.871324
cup_v2_trend_scored,杯柄 V2 趋势增强,300355.SZ,蒙草生态,trend_cup,2023-05-11,2023-05-12,2023-05-18,0.573054,37.36315476878074,35.945582501130524,33.009183,33.009183,signal_low,5,-3.794037940379391,0.5420054200542035,-4.336043360433617,trend_exit_ma10,37.66692,33.009183
cup_v2_trend_scored,杯柄 V2 趋势增强,300369.SZ,绿盟科技,trend_cup,2023-03-17,2023-03-20,2023-04-18,0.593711,114.61495859586242,128.90030126143367,95.512465,95.512465,signal_low,21,12.463768115942031,35.65217391304345,-8.550724637681173,trend_exit_ma10,110.79446,95.512465
cup_v2_trend_scored,杯柄 V2 趋势增强,300377.SZ,赢时胜,trend_cup,2023-03-21,2023-03-22,2023-04-11,0.56521,106.54150132215649,109.66241398714894,97.178763,97.178763,signal_low,14,2.929292929292915,8.484848484848474,-1.21212121212122,trend_exit_ma10,106.218648,97.178763
cup_v2_trend_scored,杯柄 V2 趋势增强,300389.SZ,艾比森,trend_cup,2023-02-13,2023-02-14,2023-03-03,0.57897,57.03538753162971,60.415262348318876,52.57583,52.57583,signal_low,14,5.9259259259259345,11.687242798353914,-2.0576131687242705,trend_exit_ma10,56.659846,52.57583
cup_v2_trend_scored,杯柄 V2 趋势增强,300397.SZ,天和防务,trend_cup,2026-01-08,2026-01-09,2026-01-16,0.574182,59.20419574584164,52.597873903470294,47.760458,47.760458,signal_low,6,-11.158536585365841,5.1219512195122,-12.195121951219502,trend_exit_ma10,58.373893,47.760458
cup_v2_trend_scored,杯柄 V2 趋势增强,300467.SZ,迅游科技,trend_cup,2023-01-03,2023-01-04,2023-01-12,0.569879,49.00757123307531,48.20416842597572,42.339328,42.339328,signal_low,7,-1.6393442622950616,8.196721311475418,-2.3770491803278615,trend_exit_ma10,49.369102,42.339328
cup_v2_trend_scored,杯柄 V2 趋势增强,300469.SZ,信息发展,trend_cup,2023-03-14,2023-03-15,2023-04-24,0.660775,50.135612051378516,69.16316806597283,45.586213,45.586213,signal_low,28,37.952176578786045,55.42611894543228,-1.7780502759043415,trend_exit_ma10,50.166351,45.586213
cup_v2_trend_scored,杯柄 V2 趋势增强,300487.SZ,蓝晓科技,trend_cup,2025-07-24,2025-07-25,2025-08-01,0.638724,330.57981808414866,302.5615286022435,284.649023,284.649023,signal_low,6,-8.47549909255898,1.415607985480949,-9.056261343012705,trend_exit_ma10,329.379891,284.649023
cup_v2_trend_scored,杯柄 V2 趋势增强,300493.SZ,润欣科技,trend_cup,2023-03-22,2023-03-23,2023-04-18,0.563686,31.026934324060065,36.766917174011176,27.497621,27.497621,signal_low,18,18.500000000000007,41.25000000000003,-2.375000000000005,trend_exit_ma10,31.569906,27.497621
cup_v2_trend_scored,杯柄 V2 趋势增强,300498.SZ,温氏股份,trend_cup,2023-12-06,2023-12-07,2023-12-14,0.604847,41.319997689703115,39.992447563126305,37.337347,37.337347,signal_low,6,-3.2128514056224966,1.9578313253011848,-5.672690763052223,trend_exit_ma10,41.54817,37.337347
cup_v2_trend_scored,杯柄 V2 趋势增强,300511.SZ,雪榕生物,trend_cup,2023-03-01,2023-03-02,2023-03-10,0.576779,23.310480737470947,21.960452895532477,20.730428,20.730428,signal_low,7,-5.79150579150578,2.9601029601029616,-6.4350064350064295,trend_exit_ma10,23.28048,20.730428
cup_v2_trend_scored,杯柄 V2 趋势增强,300601.SZ,康泰生物,trend_cup,2023-11-28,2023-11-29,2023-12-12,0.571806,78.55695462687486,72.791988,72.791988,72.791988,signal_low,10,-7.338582120777149,7.653543307086608,-8.598425196850389,stop_loss,78.556955,72.791988
cup_v2_trend_scored,杯柄 V2 趋势增强,300616.SZ,尚品宅配,trend_cup,2023-02-14,2023-02-15,2023-03-03,0.579374,45.82445973247093,46.306627256972845,40.131174,40.131174,signal_low,13,1.0522055847834944,7.972480777013358,-5.4633751517604185,trend_exit_ma10,46.547711,40.131174
cup_v2_trend_scored,杯柄 V2 趋势增强,300636.SZ,同和药业,trend_cup,2025-08-04,2025-08-05,2025-08-08,0.638065,34.59939936621563,33.218579551144316,28.686211,28.686211,signal_low,4,-3.9908779931584704,0.6841505131129022,-5.701254275940704,trend_exit_ma10,34.599399,28.686211
cup_v2_trend_scored,杯柄 V2 趋势增强,300667.SZ,必创科技,trend_cup,2025-12-12,2025-12-15,2025-12-17,0.580074,40.988000417922144,38.4599,38.4599,38.4599,signal_low,3,-6.167903757551263,1.027984009137639,-8.052541404911473,stop_loss,40.917775,38.4599
cup_v2_trend_scored,杯柄 V2 趋势增强,300699.SZ,光威复材,trend_cup,2024-03-22,2024-03-25,2024-03-27,0.566057,74.29569483784492,66.6768369595691,65.635751,65.635751,signal_low,3,-10.254777070063692,0.0,-10.350318471337571,trend_exit_ma10,74.201051,65.635751
cup_v2_trend_scored,杯柄 V2 趋势增强,300726.SZ,宏达电子,trend_cup,2025-10-15,2025-10-16,2025-10-20,0.617001,45.06278408603669,41.696648407320694,40.567364,40.567364,signal_low,3,-7.469879518072298,3.1325301204819134,-9.63855421686748,trend_exit_ma10,44.954199,40.567364
cup_v2_trend_scored,杯柄 V2 趋势增强,300739.SZ,明阳电路,trend_cup,2026-01-12,2026-01-13,2026-01-29,0.591231,50.01547326397428,46.95330143148605,42.436598,42.436598,signal_low,13,-6.122448979591855,2.9591836734693677,-7.551020408163279,trend_exit_ma10,49.989955,42.436598
cup_v2_trend_scored,杯柄 V2 趋势增强,300750.SZ,宁德时代,trend_cup,2025-07-22,2025-07-23,2025-07-31,0.604149,551.1664008043582,506.1412166187162,455.282268,455.282268,signal_low,7,-8.169072737368133,1.4019988895058288,-8.169072737368133,trend_exit_ma10,548.297336,455.282268
cup_v2_trend_scored,杯柄 V2 趋势增强,300793.SZ,佳禾智能,trend_cup,2022-11-29,2022-11-30,2022-12-07,0.618917,28.56378987559395,26.551341,26.551341,26.551341,signal_low,6,-7.045454697569619,8.238636363636376,-10.34090909090909,stop_loss,28.28789,26.551341
cup_v2_trend_scored,杯柄 V2 趋势增强,300824.SZ,北鼎股份,trend_cup,2025-03-31,2025-04-01,2025-04-07,0.596526,16.81540942529399,15.441073,15.441073,15.441073,signal_low,4,-8.173077387141658,3.2692307692307576,-19.90384615384616,stop_loss,16.960927,15.441073
cup_v2_trend_scored,杯柄 V2 趋势增强,300832.SZ,新产业,trend_cup,2023-11-06,2023-11-07,2023-11-10,0.581702,139.05146608175338,133.37508593625216,117.4971,117.4971,signal_low,4,-4.082215244076504,2.0553811019126567,-4.096488723950909,trend_exit_ma10,138.198024,117.4971
cup_v2_trend_scored,杯柄 V2 趋势增强,300918.SZ,南山智尚,trend_cup,2023-02-23,2023-02-24,2023-03-07,0.580961,12.213574359392409,12.019546004184669,9.772902,9.772902,signal_low,8,-1.5886287625418105,8.277591973244135,-1.8394648829431537,trend_exit_ma10,12.336119,9.772902
cup_v2_trend_scored,杯柄 V2 趋势增强,300988.SZ,津荣天宇,trend_cup,2023-11-15,2023-11-16,2023-11-22,0.606889,47.72835169474883,40.31210012371863,39.522747,39.522747,signal_low,5,-15.538461538461535,0.3076923076922977,-15.76923076923078,trend_exit_ma10,42.80866,39.522747
cup_v2_trend_scored,杯柄 V2 趋势增强,300988.SZ,津荣天宇,trend_cup,2026-02-11,2026-02-12,2026-02-13,0.590458,52.19658339320343,53.02301364484106,41.058558,41.058558,signal_low,2,1.5833033465275426,3.2745591939546514,-1.223461676862192,end_of_data,51.952411,41.058558
cup_v2_trend_scored,杯柄 V2 趋势增强,301035.SZ,润丰股份,trend_cup,2025-03-24,2025-03-25,2025-03-31,0.577848,62.10890754660164,59.86581757299879,57.41881,57.41881,signal_low,5,-3.6115431138759146,3.663383445654067,-4.423708311733188,trend_exit_ma10,62.731392,57.41881
cup_v2_trend_scored,杯柄 V2 趋势增强,301035.SZ,润丰股份,trend_cup,2025-07-21,2025-07-22,2025-08-01,0.601975,68.46385160842472,68.68013292767421,55.615752,55.615752,signal_low,9,0.31590586005370014,6.618227768125107,-1.2794187332175078,trend_exit_ma10,68.561178,55.615752
cup_v2_trend_scored,杯柄 V2 趋势增强,301059.SZ,金三江,trend_cup,2026-01-20,2026-01-21,2026-01-30,0.640557,27.05230362011922,27.432757927137917,24.188884,24.188884,signal_low,8,1.4063656550703074,4.515173945225759,-1.1843079200592244,trend_exit_ma10,27.472806,24.188884
cup_v2_trend_scored,杯柄 V2 趋势增强,301108.SZ,洁雅股份,trend_cup,2026-01-21,2026-01-22,2026-01-27,0.634625,54.6500844899571,51.431031,51.431031,51.431031,signal_low,4,-5.890299200815807,0.5133747635774233,-7.295325587678992,stop_loss,54.753449,51.431031
cup_v2_trend_scored,杯柄 V2 趋势增强,301122.SZ,采纳股份,trend_cup,2025-03-14,2025-03-17,2025-03-26,0.601018,31.919495373023093,31.151811307089623,29.966615,29.966615,signal_low,8,-2.4050632911392533,3.924050632911391,-3.586497890295348,trend_exit_ma10,32.498625,29.966615
cup_v2_trend_scored,杯柄 V2 趋势增强,301157.SZ,华塑科技,trend_cup,2026-01-14,2026-01-15,2026-01-21,0.607334,57.0680343298106,55.32642646878728,49.271301,49.271301,signal_low,5,-3.0518097941802713,1.419446415897796,-5.021291696238461,trend_exit_ma10,57.898336,49.271301
cup_v2_trend_scored,杯柄 V2 趋势增强,301158.SZ,德石股份,trend_cup,2025-03-18,2025-03-19,2025-04-01,0.681053,16.792711158889194,18.252040496098687,15.104059,15.104059,signal_low,10,8.69025450031038,43.26505276225945,-0.6207324643078715,trend_exit_ma10,16.92822,15.104059
cup_v2_trend_scored,杯柄 V2 趋势增强,301175.SZ,中科环保,trend_cup,2026-01-12,2026-01-13,2026-01-16,0.565217,6.96517485238562,6.463852925797374,5.791868,5.791868,signal_low,4,-7.197549770290978,0.0,-7.963246554364478,trend_exit_ma10,6.911843,5.791868
cup_v2_trend_scored,杯柄 V2 趋势增强,301200.SZ,大族数控,trend_cup,2025-03-18,2025-03-19,2025-03-21,0.623681,47.45901939048105,44.539462490178046,42.387641,42.387641,signal_low,3,-6.151742993848264,0.4784688995215447,-6.17452722715881,trend_exit_ma10,48.10781,42.387641
cup_v2_trend_scored,杯柄 V2 趋势增强,301218.SZ,华是科技,trend_cup,2023-03-27,2023-03-28,2023-03-30,0.564148,38.84967000370783,35.59965888023731,32.846177,32.846177,signal_low,3,-8.365608055770712,0.0,-9.101471727343158,trend_exit_ma10,39.255921,32.846177
cup_v2_trend_scored,杯柄 V2 趋势增强,301263.SZ,泰恩康,trend_cup,2025-02-17,2025-02-18,2025-03-14,0.609395,34.11727561898573,38.07069808625538,30.981147,30.981147,signal_low,19,11.587743732590528,22.506963788300816,-3.1754874651810705,trend_exit_ma10,33.280975,30.981147
cup_v2_trend_scored,杯柄 V2 趋势增强,301289.SZ,国缆检测,trend_cup,2025-03-24,2025-03-25,2025-04-01,0.592207,71.71647959071163,69.00919575716145,65.757801,65.757801,signal_low,6,-3.774981495188745,10.825314581791279,-8.234641006661715,trend_exit_ma10,72.990496,65.757801
cup_v2_trend_scored,杯柄 V2 趋势增强,301323.SZ,新莱福,trend_cup,2025-02-26,2025-02-27,2025-03-06,0.656875,46.03344686218858,43.64367707347839,35.238978,35.238978,signal_low,6,-5.19137703475584,3.0356357237131704,-9.3708754949406,trend_exit_ma10,46.084078,35.238978
cup_v2_trend_scored,杯柄 V2 趋势增强,301387.SZ,光大同创,trend_cup,2025-12-23,2025-12-24,2026-01-27,0.671455,65.65435004984558,84.78790349294343,58.6416,58.6416,signal_low,23,29.14285714285714,35.82417582417583,-0.9230769230769265,trend_exit_ma10,65.510055,58.6416
cup_v2_trend_scored,杯柄 V2 趋势增强,301388.SZ,欣灵电气,trend_cup,2023-07-10,2023-07-11,2023-07-19,0.565265,28.93265395894428,28.98375366568915,24.752698,24.752698,signal_low,7,0.17661603673615467,23.525256093253265,-3.744259978806075,trend_exit_ma10,28.932654,24.752698
cup_v2_trend_scored,杯柄 V2 趋势增强,301528.SZ,多浦乐,trend_cup,2025-06-05,2025-06-06,2025-06-20,0.565316,52.514857518942044,50.714060680648814,45.604341,45.604341,signal_low,11,-3.4291187739463713,11.475095785440592,-4.137931034482767,trend_exit_ma10,52.062143,45.604341
cup_v2_trend_scored,杯柄 V2 趋势增强,301568.SZ,思泰克,trend_cup,2025-02-26,2025-02-27,2025-03-03,0.564273,46.41107184923439,42.106572438162544,35.823227,35.823227,signal_low,3,-9.27472527472527,2.5934065934065886,-11.75824175824176,trend_exit_ma10,46.706879,35.823227
cup_v2_trend_scored,杯柄 V2 趋势增强,600000.SH,浦发银行,trend_cup,2025-05-20,2025-05-21,2025-05-27,0.576799,51.18468941833727,50.850966911942244,45.052538,45.052538,signal_low,5,-0.6519967400163029,2.1189894050529734,-2.281988590057038,trend_exit_ma10,51.184689,45.052538
cup_v2_trend_scored,杯柄 V2 趋势增强,600015.SH,华夏银行,trend_cup,2023-05-04,2023-05-05,2023-05-17,0.591945,17.320430198099746,17.436092503262348,16.366216,16.366216,signal_low,9,0.6677796327211993,8.514190317195315,-1.6694490818030316,trend_exit_ma10,17.378261,16.366216
cup_v2_trend_scored,杯柄 V2 趋势增强,600027.SH,华电国际,trend_cup,2025-04-28,2025-04-29,2025-04-30,0.569576,9.70244136496123,9.154463,9.154463,9.154463,signal_low,2,-5.647840005920191,0.16611295681063787,-5.813953488372081,stop_loss,9.718558,9.154463
cup_v2_trend_scored,杯柄 V2 趋势增强,600028.SH,中国石化,trend_cup,2023-03-03,2023-03-06,2023-03-27,0.609583,13.119774276597052,13.899166807880045,11.171293,11.171293,signal_low,16,5.940594059405924,17.42574257425742,-0.5940594059405946,trend_exit_ma10,13.041835,11.171293
cup_v2_trend_scored,杯柄 V2 趋势增强,600028.SH,中国石化,trend_cup,2024-08-27,2024-08-28,2024-09-04,0.628357,20.20125107048442,18.534295,18.534295,18.534295,signal_low,6,-8.251746709489549,0.8391608391608463,-9.090909090909083,stop_loss,20.286012,18.534295
cup_v2_trend_scored,杯柄 V2 趋势增强,600030.SH,中信证券,trend_cup,2025-08-15,2025-08-18,2025-09-02,0.58658,70.7400273883987,70.42250241775504,64.865815,64.865815,signal_low,12,-0.4488618146841872,5.2111281731099135,-2.6931708881051675,trend_exit_ma10,70.535904,64.865815
cup_v2_trend_scored,杯柄 V2 趋势增强,600035.SH,楚天高速,trend_cup,2024-04-17,2024-04-18,2024-04-24,0.602826,10.391535506590728,10.097861677056642,9.442743,9.442743,signal_low,5,-2.826086956521745,2.60869565217392,-4.565217391304355,trend_exit_ma10,10.368945,9.442743
cup_v2_trend_scored,杯柄 V2 趋势增强,600036.SH,招商银行,trend_cup,2024-05-16,2024-05-17,2024-05-24,0.586102,64.8183620584859,62.03277955679891,54.74741,54.74741,signal_low,6,-4.297520661157018,1.9283746556473913,-4.517906336088162,trend_exit_ma10,64.729081,54.74741
cup_v2_trend_scored,杯柄 V2 趋势增强,600039.SH,四川路桥,trend_cup,2023-03-01,2023-03-02,2023-03-22,0.611678,57.88147027655795,58.01412452470896,54.697768,54.697768,signal_low,15,0.22918258212376585,5.653170359052728,-1.4514896867837912,trend_exit_ma10,58.323651,54.697768
cup_v2_trend_scored,杯柄 V2 趋势增强,600039.SH,四川路桥,trend_cup,2023-03-15,2023-03-16,2023-03-22,0.605863,59.95972016425713,58.01412452470896,54.697768,54.697768,signal_low,5,-3.2448377581120957,1.9911504424778848,-4.867256637168138,trend_exit_ma10,60.313465,54.697768
cup_v2_trend_scored,杯柄 V2 趋势增强,600059.SH,古越龙山,trend_cup,2023-02-13,2023-02-14,2023-02-24,0.609554,12.175726500918882,12.0609694179696,10.729787,10.729787,signal_low,9,-0.9425070688030113,5.183788878416595,-1.1310084825636002,trend_exit_ma10,12.175727,10.729787
cup_v2_trend_scored,杯柄 V2 趋势增强,600082.SH,海泰发展,trend_cup,2025-10-31,2025-11-03,2025-11-19,0.583593,4.8491520810481745,5.104909047348184,4.460401,4.460401,signal_low,13,5.274261603375541,19.831223628691987,-2.1097046413502074,trend_exit_ma10,4.828692,4.460401
cup_v2_trend_scored,杯柄 V2 趋势增强,600085.SH,同仁堂,trend_cup,2023-04-25,2023-04-26,2023-05-11,0.687725,166.62980722777155,163.98308270647647,150.180272,150.180272,signal_low,9,-1.5883859948761736,9.786507258753229,-7.429547395388547,trend_exit_ma10,166.715185,150.180272
cup_v2_trend_scored,杯柄 V2 趋势增强,600098.SH,广州发展,trend_cup,2024-04-01,2024-04-02,2024-04-17,0.578254,8.68516248162151,9.048727422712643,7.823379,7.823379,signal_low,10,4.1860465116279055,10.697674418604631,-0.46511627906976605,trend_exit_ma10,8.631301,7.823379
cup_v2_trend_scored,杯柄 V2 趋势增强,600108.SH,亚盛集团,trend_cup,2024-11-19,2024-11-20,2024-11-25,0.606991,3.1328590619882797,3.0111946323965024,2.899669,2.899669,signal_low,4,-3.883495145631044,3.5598705501618255,-6.148867313915851,trend_exit_ma10,3.12272,2.899669
cup_v2_trend_scored,杯柄 V2 趋势增强,600129.SH,太极集团,trend_cup,2023-03-06,2023-03-07,2023-03-22,0.592452,48.81926497660784,48.75227915748516,44.411598,44.411598,signal_low,12,-0.13721185510428002,9.33040614709113,-4.143798024149293,trend_exit_ma10,48.846059,44.411598
cup_v2_trend_scored,杯柄 V2 趋势增强,600138.SH,中青旅,trend_cup,2025-03-25,2025-03-26,2025-03-31,0.573761,18.264620053564563,17.354698,17.354698,17.354698,signal_low,4,-4.981883285258826,1.9021739130434812,-5.978260869565199,stop_loss,18.446604,17.354698
cup_v2_trend_scored,杯柄 V2 趋势增强,600161.SH,天坛生物,trend_cup,2023-10-30,2023-10-31,2023-12-07,0.56468,86.305757814345,94.06903047789815,80.392327,80.392327,signal_low,28,8.995080815179168,15.003513703443394,-0.3162333099086534,trend_exit_ma10,86.305758,80.392327
cup_v2_trend_scored,杯柄 V2 趋势增强,600166.SH,福田汽车,trend_cup,2023-07-18,2023-07-19,2023-07-27,0.567139,16.661483356386018,16.16880508509503,15.676127,15.676127,signal_low,7,-2.9569892473118475,1.612903225806428,-3.4946236559139976,trend_exit_ma10,16.751061,15.676127
cup_v2_trend_scored,杯柄 V2 趋势增强,600195.SH,中牧股份,trend_cup,2025-07-16,2025-07-17,2025-07-30,0.582371,22.31950138057671,22.11971044750249,20.863882,20.863882,signal_low,10,-0.8951406649616467,5.626598465473132,-1.534526854219953,trend_exit_ma10,22.405126,20.863882
cup_v2_trend_scored,杯柄 V2 趋势增强,600222.SH,太龙药业,trend_cup,2025-06-04,2025-06-05,2025-06-18,0.582758,7.756701393289176,7.544552295353062,7.106995,7.106995,signal_low,10,-2.7350427350427253,5.8119658119658135,-3.4188034188034067,trend_exit_ma10,7.756701,7.106995
cup_v2_trend_scored,杯柄 V2 趋势增强,600236.SH,桂冠电力,trend_cup,2024-04-17,2024-04-18,2024-04-29,0.594206,17.034477823795378,16.6308172118571,15.258371,15.258371,signal_low,8,-2.369668246445489,1.579778830963674,-3.3175355450236976,trend_exit_ma10,17.061389,15.258371
cup_v2_trend_scored,杯柄 V2 趋势增强,600246.SH,万通发展,trend_cup,2022-12-02,2022-12-05,2022-12-12,0.560861,15.335055058567798,14.038131,14.038131,14.038131,signal_low,6,-8.457250747483936,8.085501858736066,-12.9182156133829,stop_loss,15.434818,14.038131
cup_v2_trend_scored,杯柄 V2 趋势增强,600269.SH,赣粤高速,trend_cup,2023-09-28,2023-10-09,2023-10-11,0.574349,6.507496085317112,6.212406764025882,6.057097,6.057097,signal_low,3,-4.534606205250602,0.23866348448686736,-5.011933174224348,trend_exit_ma10,6.523027,6.057097
cup_v2_trend_scored,杯柄 V2 趋势增强,600276.SH,恒瑞医药,trend_cup,2025-05-21,2025-05-22,2025-05-27,0.659236,587.0109121714347,561.9880205027756,552.419198,552.419198,signal_low,4,-4.262764311500778,0.642857142857145,-4.9079422382671485,trend_exit_ma10,586.381972,552.419198
cup_v2_trend_scored,杯柄 V2 趋势增强,600282.SH,南钢股份,trend_cup,2025-09-29,2025-09-30,2025-10-17,0.603301,9.525117696763244,9.451988194292893,8.629281,8.629281,signal_low,8,-0.7677543186180413,5.758157389635299,-2.303262955854135,trend_exit_ma10,9.525118,8.629281
cup_v2_trend_scored,杯柄 V2 趋势增强,600284.SH,浦东建设,trend_cup,2022-04-08,2022-04-11,2022-04-14,0.569523,18.232866311890326,17.30286776175364,16.593132,16.593132,signal_low,4,-5.100671140939594,4.295302013422808,-8.72483221476511,trend_exit_ma10,18.159445,16.593132
cup_v2_trend_scored,杯柄 V2 趋势增强,600285.SH,羚锐制药,trend_cup,2025-06-03,2025-06-04,2025-06-16,0.622271,74.26711282778355,71.19896964899297,68.551944,68.551944,signal_low,9,-4.131227217496969,0.6075334143377686,-4.941271769947364,trend_exit_ma10,74.297193,68.551944
cup_v2_trend_scored,杯柄 V2 趋势增强,600298.SH,安琪酵母,trend_cup,2025-09-08,2025-09-09,2025-09-17,0.564879,120.64854111720801,116.53949660089731,99.083343,99.083343,signal_low,7,-3.4057971014492705,2.415458937198056,-4.589371980676338,trend_exit_ma10,120.735968,99.083343
cup_v2_trend_scored,杯柄 V2 趋势增强,600299.SH,安迪苏,trend_cup,2024-12-30,2024-12-31,2025-01-07,0.606915,14.253766076783764,13.333426055683923,12.033446,12.033446,signal_low,5,-6.456820016142062,3.712671509281673,-7.909604519774016,trend_exit_ma10,14.230758,12.033446
cup_v2_trend_scored,杯柄 V2 趋势增强,600309.SH,万华化学,trend_cup,2023-02-02,2023-02-03,2023-02-09,0.617728,221.35479887444754,217.956220144254,196.78218,196.78218,signal_low,5,-1.5353535353535452,1.2727272727272698,-2.3737373737373835,trend_exit_ma10,223.680142,196.78218
cup_v2_trend_scored,杯柄 V2 趋势增强,600309.SH,万华化学,trend_cup,2023-02-17,2023-02-20,2023-03-07,0.576394,227.4141070052531,229.51585964103072,201.388149,201.388149,signal_low,12,0.9241962442237961,6.184249336348446,-1.1110018680562384,trend_exit_ma10,227.190516,201.388149
cup_v2_trend_scored,杯柄 V2 趋势增强,600323.SH,瀚蓝环境,trend_cup,2024-05-14,2024-05-15,2024-05-22,0.623208,41.5079869469219,39.45355122934698,37.105625,37.105625,signal_low,6,-4.949494949494959,0.9090909090909038,-5.353535353535365,trend_exit_ma10,41.382205,37.105625
cup_v2_trend_scored,杯柄 V2 趋势增强,600331.SH,宏达股份,trend_cup,2023-03-07,2023-03-08,2023-03-13,0.570645,3.43,3.4,2.94,2.94,signal_low,4,-0.8746355685131268,3.790087463556846,-2.0408163265306256,trend_exit_ma10,3.46,2.94
cup_v2_trend_scored,杯柄 V2 趋势增强,600351.SH,亚宝药业,trend_cup,2023-09-25,2023-09-26,2023-10-11,0.621738,19.431714159821176,19.156412424380967,17.344009,17.344009,signal_low,6,-1.4167650531287102,3.0696576151121535,-3.3057851239669533,trend_exit_ma10,19.477598,17.344009
cup_v2_trend_scored,杯柄 V2 趋势增强,600351.SH,亚宝药业,trend_cup,2025-07-21,2025-07-22,2025-08-13,0.597159,16.52799826889908,18.402815982983153,14.455831,14.455831,signal_low,17,11.343283582089537,29.552238805970156,-1.7910447761193882,trend_exit_ma10,16.602004,14.455831
cup_v2_trend_scored,杯柄 V2 趋势增强,600356.SH,恒丰纸业,trend_cup,2025-07-28,2025-07-29,2025-08-14,0.657649,13.818357058855229,13.605063785620416,12.236763,12.236763,signal_low,13,-1.5435501653803918,1.764057331863289,-3.4178610804851295,trend_exit_ma10,13.833592,12.236763
cup_v2_trend_scored,杯柄 V2 趋势增强,600359.SH,新农开发,trend_cup,2024-11-06,2024-11-07,2024-11-15,0.631409,7.169410131852879,6.635732130464954,6.293373,6.293373,signal_low,7,-7.4438202247191,1.2640449438202195,-7.86516853932584,trend_exit_ma10,7.229827,6.293373
cup_v2_trend_scored,杯柄 V2 趋势增强,600362.SH,江西铜业,trend_cup,2023-01-18,2023-01-19,2023-02-07,0.621898,23.11266143484357,23.47991770764299,22.341423,22.341423,signal_low,9,1.5889830508474478,5.879237288135575,-0.4237288135593098,trend_exit_ma10,23.308531,22.341423
cup_v2_trend_scored,杯柄 V2 趋势增强,600377.SH,宁沪高速,trend_cup,2024-08-01,2024-08-02,2024-08-30,0.607544,28.762422138884588,29.603933364253304,26.375853,26.375853,signal_low,21,2.925731432858214,13.203300825206288,-3.6009002250562694,trend_exit_ma10,29.107658,26.375853
cup_v2_trend_scored,杯柄 V2 趋势增强,600377.SH,宁沪高速,trend_cup,2024-08-23,2024-08-26,2024-08-30,0.697335,31.179069760456283,29.603933364253304,26.375853,26.375853,signal_low,5,-5.05190311418684,4.429065743944638,-9.134948096885797,trend_exit_ma10,31.222224,26.375853
cup_v2_trend_scored,杯柄 V2 趋势增强,600380.SH,健康元,trend_cup,2023-04-07,2023-04-10,2023-04-20,0.571263,24.88225167205413,24.199561734481527,22.115561,22.115561,signal_low,9,-2.7436823104693087,2.8158844765342916,-3.6101083032491044,trend_exit_ma10,24.882252,22.115561
cup_v2_trend_scored,杯柄 V2 趋势增强,600395.SH,盘江股份,trend_cup,2025-07-22,2025-07-23,2025-08-01,0.600923,14.613376878276311,13.893778774421794,13.312565,13.312565,signal_low,8,-4.924242424242442,0.5681818181818121,-6.060606060606066,trend_exit_ma10,14.419639,13.312565
cup_v2_trend_scored,杯柄 V2 趋势增强,600410.SH,华胜天成,trend_cup,2023-02-09,2023-02-10,2023-02-28,0.56794,11.80804494063957,12.659967646088397,11.174056,11.174056,signal_low,13,7.214765100671139,25.0,-2.181208053691286,trend_exit_ma10,11.847669,11.174056
cup_v2_trend_scored,杯柄 V2 趋势增强,600426.SH,华鲁恒升,trend_cup,2022-11-29,2022-11-30,2022-12-08,0.5692,125.28747057002573,123.02762319502374,100.237637,100.237637,signal_low,7,-1.8037297462549673,2.9654539896056376,-3.1794558239070625,trend_exit_ma10,125.172563,100.237637
cup_v2_trend_scored,杯柄 V2 趋势增强,600433.SH,冠豪高新,trend_cup,2023-01-04,2023-01-05,2023-01-11,0.654851,20.51401662532406,19.47652612933066,18.391877,18.391877,signal_low,5,-5.057471264367807,1.379310344827589,-6.2068965517241175,trend_exit_ma10,20.844127,18.391877
cup_v2_trend_scored,杯柄 V2 趋势增强,600433.SH,冠豪高新,trend_cup,2023-02-08,2023-02-09,2023-02-17,0.56999,21.598665780226256,21.127079191138346,18.957781,18.957781,signal_low,7,-2.183406113537112,1.9650655021834051,-3.275109170305679,trend_exit_ma10,21.692983,18.957781
cup_v2_trend_scored,杯柄 V2 趋势增强,600483.SH,福能股份,trend_cup,2023-03-17,2023-03-20,2023-03-24,0.631713,17.018214911301214,16.384690122632335,15.701477,15.701477,signal_low,5,-3.7226277372262917,1.0948905109489093,-5.766423357664219,trend_exit_ma10,17.018215,15.701477
cup_v2_trend_scored,杯柄 V2 趋势增强,600483.SH,福能股份,trend_cup,2024-03-25,2024-03-26,2024-04-10,0.565425,16.924878555496246,17.225913944823258,15.235736,15.235736,signal_low,10,1.7786561264822254,4.743083003952586,-1.383399209486147,trend_exit_ma10,16.991775,15.235736
cup_v2_trend_scored,杯柄 V2 趋势增强,600513.SH,联环药业,trend_cup,2023-03-21,2023-03-22,2023-03-30,0.576737,34.0468329299027,33.174635928953684,31.212193,31.212193,signal_low,7,-2.5617566331198494,3.019213174748403,-3.8426349496797685,trend_exit_ma10,34.420632,31.212193
cup_v2_trend_scored,杯柄 V2 趋势增强,600538.SH,国发股份,trend_cup,2026-02-03,2026-02-04,2026-02-10,0.631164,7.3,6.6,6.6,6.6,signal_low,5,-9.589041095890416,5.47945205479452,-10.547945205479447,stop_loss,7.32,6.6
cup_v2_trend_scored,杯柄 V2 趋势增强,600549.SH,厦门钨业,trend_cup,2025-07-18,2025-07-21,2025-08-01,0.574905,44.410986428327725,45.34910614164521,40.818188,40.818188,signal_low,10,2.112359550561793,15.01123595505618,-1.0786516853932504,trend_exit_ma10,44.391026,40.818188
cup_v2_trend_scored,杯柄 V2 趋势增强,600558.SH,大西洋,trend_cup,2025-03-17,2025-03-18,2025-03-28,0.577946,24.0916519588906,23.406117147052253,21.986081,21.986081,signal_low,9,-2.8455284552845406,26.82926829268293,-3.861788617886164,trend_exit_ma10,24.140619,21.986081
cup_v2_trend_scored,杯柄 V2 趋势增强,600572.SH,康恩贝,trend_cup,2022-12-07,2022-12-08,2022-12-15,0.566313,29.637790737226954,28.56005289223688,26.943446,26.943446,signal_low,6,-3.6363636363636487,4.8484848484848575,-4.040404040404044,trend_exit_ma10,29.877288,26.943446
cup_v2_trend_scored,杯柄 V2 趋势增强,600573.SH,惠泉啤酒,trend_cup,2025-06-03,2025-06-04,2025-06-11,0.580152,13.849089516452164,13.581732575980114,12.619248,12.619248,signal_low,6,-1.9305019305019377,8.957528957528949,-3.6293436293436288,trend_exit_ma10,13.838395,12.619248
cup_v2_trend_scored,杯柄 V2 趋势增强,600575.SH,淮河能源,trend_cup,2024-05-06,2024-05-07,2024-06-25,0.585349,12.659206144442628,16.16519278887234,11.897113,11.897113,signal_low,35,27.69515405963141,34.252472781612475,-0.6688963210702337,trend_exit_ma10,12.701545,11.897113
cup_v2_trend_scored,杯柄 V2 趋势增强,600578.SH,京能电力,trend_cup,2023-05-29,2023-05-30,2023-06-07,0.562471,13.496565824744396,13.102766821900396,11.062172,11.062172,signal_low,7,-2.917771883289122,2.652519893899208,-3.44827586206895,trend_exit_ma10,13.532366,11.062172
cup_v2_trend_scored,杯柄 V2 趋势增强,600578.SH,京能电力,trend_cup,2024-04-08,2024-04-09,2024-04-19,0.58325,12.930011445388494,12.967060188785021,11.707403,11.707403,signal_low,9,0.2865329512893755,3.151862464183375,-0.8595988538682153,trend_exit_ma10,13.078206,11.707403
cup_v2_trend_scored,杯柄 V2 趋势增强,600582.SH,天地科技,trend_cup,2023-06-29,2023-06-30,2023-07-25,0.647429,26.42272795623481,26.28676194616842,24.972424,24.972424,signal_low,18,-0.5145797598627877,3.2590051457975777,-2.572898799313905,trend_exit_ma10,26.513372,24.972424
cup_v2_trend_scored,杯柄 V2 趋势增强,600612.SH,老凤祥,trend_cup,2023-12-14,2023-12-15,2023-12-26,0.564766,146.0860554642012,143.8566972898267,139.061474,139.061474,signal_low,8,-1.5260581629714776,2.202706593723014,-2.101929167866412,trend_exit_ma10,146.359467,139.061474
cup_v2_trend_scored,杯柄 V2 趋势增强,600642.SH,申能股份,trend_cup,2023-04-26,2023-04-27,2023-05-17,0.566019,14.936070084805968,15.794724643387854,14.1678,14.1678,signal_low,12,5.748865355521926,11.800302571860822,-0.9077155824508409,trend_exit_ma10,14.93607,14.1678
cup_v2_trend_scored,杯柄 V2 趋势增强,600645.SH,中源协和,trend_cup,2025-03-28,2025-03-31,2025-04-08,0.577273,23.35,21.18,21.18,21.18,signal_low,6,-9.293361884368313,8.779443254817965,-13.70449678800858,stop_loss,23.9,21.18
cup_v2_trend_scored,杯柄 V2 趋势增强,600690.SH,海尔智家,trend_cup,2024-04-16,2024-04-17,2024-05-20,0.668216,143.10920978799982,158.80741392290795,129.079918,129.079918,signal_low,21,10.969387755102034,20.26239067055393,-0.9475218658892226,trend_exit_ma10,144.778122,129.079918
cup_v2_trend_scored,杯柄 V2 趋势增强,600712.SH,南宁百货,trend_cup,2023-12-06,2023-12-07,2023-12-21,0.580054,11.718176698511453,13.441437977704313,10.708838,10.708838,signal_low,11,14.705882352941169,57.56302521008405,-7.773109243697496,trend_exit_ma10,11.890503,10.708838
cup_v2_trend_scored,杯柄 V2 趋势增强,600713.SH,南京医药,trend_cup,2022-07-11,2022-07-12,2022-07-15,0.584103,11.513066792457778,10.70197,10.70197,10.70197,signal_low,4,-7.04501074369801,0.0,-8.21917808219178,stop_loss,11.535597,10.70197
cup_v2_trend_scored,杯柄 V2 趋势增强,600718.SH,东软集团,trend_cup,2023-03-24,2023-03-27,2023-04-17,0.650025,17.098400529772043,15.725536253658957,15.101507,15.101507,signal_low,15,-8.029197080291983,10.056772100567724,-8.921330089213297,trend_exit_ma10,17.056799,15.101507
cup_v2_trend_scored,杯柄 V2 趋势增强,600728.SH,佳都科技,trend_cup,2023-03-22,2023-03-23,2023-04-11,0.564059,28.18101197690111,29.670757103433328,25.077376,25.077376,signal_low,13,5.286343612334798,13.656387665198233,-2.05580029368575,trend_exit_ma10,28.387921,25.077376
cup_v2_trend_scored,杯柄 V2 趋势增强,600737.SH,中粮糖业,trend_cup,2024-04-01,2024-04-02,2024-04-24,0.67218,11.545496005804038,12.069761717470215,10.601818,10.601818,signal_low,15,4.540867810292637,11.70534813319879,-0.7063572149344055,trend_exit_ma10,11.545496,10.601818
cup_v2_trend_scored,杯柄 V2 趋势增强,600739.SH,辽宁成大,trend_cup,2025-07-24,2025-07-25,2025-08-01,0.57136,19.850027952359564,19.16958362302948,18.021949,18.021949,signal_low,6,-3.427926302991424,1.548492257538725,-4.244258286905267,trend_exit_ma10,19.850028,18.021949
cup_v2_trend_scored,杯柄 V2 趋势增强,600750.SH,华润江中,trend_cup,2022-12-12,2022-12-13,2022-12-16,0.586235,46.69985290811639,44.21875092362378,41.480721,41.480721,signal_low,4,-5.3128689492325964,0.8264462809917328,-6.316410861865429,trend_exit_ma10,46.699853,41.480721
cup_v2_trend_scored,杯柄 V2 趋势增强,600784.SH,鲁银投资,trend_cup,2025-03-25,2025-03-26,2025-03-28,0.583335,14.120103431513531,13.249540663555553,13.164608,13.164608,signal_low,3,-6.165413533834596,10.075187969924793,-6.466165413533853,trend_exit_ma10,14.120103,13.164608
cup_v2_trend_scored,杯柄 V2 趋势增强,600789.SH,鲁抗医药,trend_cup,2023-11-23,2023-11-24,2023-12-07,0.568689,10.375632448591224,10.497539357256134,9.346196,9.346196,signal_low,10,1.1749347258485532,17.88511749347257,-1.436031331592691,trend_exit_ma10,10.104728,9.346196
cup_v2_trend_scored,杯柄 V2 趋势增强,600790.SH,轻纺城,trend_cup,2022-12-01,2022-12-02,2022-12-13,0.562903,10.769407702373739,11.018699547336093,9.672524,9.672524,signal_low,8,2.314814814814814,7.638888888888884,-0.4629629629629761,trend_exit_ma10,10.819266,9.672524
cup_v2_trend_scored,杯柄 V2 趋势增强,600795.SH,国电电力,trend_cup,2023-12-27,2023-12-28,2024-01-11,0.598679,13.094089359851772,12.730364655411444,12.154467,12.154467,signal_low,10,-2.777777777777779,1.8518518518518379,-4.629629629629628,trend_exit_ma10,13.063779,12.154467
cup_v2_trend_scored,杯柄 V2 趋势增强,600797.SH,浙大网新,trend_cup,2023-02-13,2023-02-14,2023-02-20,0.594932,7.345034733357771,7.314216405805221,6.759487,6.759487,signal_low,5,-0.41958041958042314,7.55244755244755,-3.4965034965035002,trend_exit_ma10,7.355308,6.759487
cup_v2_trend_scored,杯柄 V2 趋势增强,600810.SH,神马股份,trend_cup,2024-11-19,2024-11-20,2024-12-13,0.658205,13.028126872182115,13.306715748694184,11.733508,11.733508,signal_low,18,2.1383647798742134,6.037735849056602,-6.792452830188678,trend_exit_ma10,12.946189,11.733508
cup_v2_trend_scored,杯柄 V2 趋势增强,600812.SH,华北制药,trend_cup,2023-11-29,2023-11-30,2023-12-06,0.581621,6.645719526181361,6.541880158584777,6.406889,6.406889,signal_low,5,-1.5625,4.062499999999991,-2.500000000000002,trend_exit_ma10,6.64572,6.406889
cup_v2_trend_scored,杯柄 V2 趋势增强,600812.SH,华北制药,trend_cup,2025-07-11,2025-07-14,2025-07-24,0.636773,7.128838543796646,7.139245607364233,6.213017,6.213017,signal_low,9,0.14598540145986938,4.087591240875921,-2.1897810218977964,trend_exit_ma10,7.149653,6.213017
cup_v2_trend_scored,杯柄 V2 趋势增强,600814.SH,杭州解百,trend_cup,2022-12-08,2022-12-09,2022-12-20,0.609115,8.55024224966723,8.030997,8.030997,8.030997,signal_low,8,-6.072871791292689,0.0,-6.882591093117396,stop_loss,8.538703,8.030997
cup_v2_trend_scored,杯柄 V2 趋势增强,600827.SH,百联股份,trend_cup,2023-05-05,2023-05-08,2023-05-19,0.580895,16.66437983390156,16.6522778877622,15.079025,15.079025,signal_low,10,-0.0726216412490821,6.608569353667382,-1.0893246187363759,trend_exit_ma10,16.66438,15.079025
cup_v2_trend_scored,杯柄 V2 趋势增强,600846.SH,同济科技,trend_cup,2022-08-01,2022-08-02,2022-08-04,0.664162,18.364082772708436,17.833941815066737,16.519192,16.519192,signal_low,3,-2.886836027713624,0.0,-5.427251732101624,trend_exit_ma10,18.491317,16.519192
cup_v2_trend_scored,杯柄 V2 趋势增强,600863.SH,华能蒙电,trend_cup,2023-05-29,2023-05-30,2023-06-01,0.581301,13.786055765452746,13.235908000164725,12.815207,12.815207,signal_low,3,-3.9906103286384997,0.7042253521126751,-4.460093896713612,trend_exit_ma10,13.883141,12.815207
cup_v2_trend_scored,杯柄 V2 趋势增强,600869.SH,远东股份,trend_cup,2025-07-14,2025-07-15,2025-07-28,0.579811,24.983150107965738,24.893924571865863,20.700324,20.700324,signal_low,10,-0.35714285714284477,8.571428571428585,-1.9642857142857073,trend_exit_ma10,24.893925,20.700324
cup_v2_trend_scored,杯柄 V2 趋势增强,600877.SH,电科芯片,trend_cup,2025-12-26,2025-12-29,2026-01-21,0.602376,16.66,20.26,14.45,14.45,signal_low,16,21.60864345738296,47.058823529411754,-2.2208883553421432,trend_exit_ma10,16.85,14.45
cup_v2_trend_scored,杯柄 V2 趋势增强,600879.SH,航天电子,trend_cup,2023-02-13,2023-02-14,2023-02-17,0.565466,17.44924297123482,16.967726410924794,14.353779,14.353779,signal_low,4,-2.759526938239154,0.6570302233902536,-4.336399474375819,trend_exit_ma10,17.472172,14.353779
cup_v2_trend_scored,杯柄 V2 趋势增强,600897.SH,厦门空港,trend_cup,2024-04-25,2024-04-26,2024-05-08,0.566502,26.756617322391424,26.168351267785653,25.105677,25.105677,signal_low,6,-2.1985815602836967,2.482269503546086,-2.4113475177305,trend_exit_ma10,26.832523,25.105677
cup_v2_trend_scored,杯柄 V2 趋势增强,600901.SH,江苏金租,trend_cup,2025-06-10,2025-06-11,2025-06-30,0.657967,12.219682605401848,12.380486308878723,10.772872,10.772872,signal_low,14,1.3159400998336013,3.8237603993344527,-2.080000000000004,trend_exit_ma10,12.219683,10.772872
cup_v2_trend_scored,杯柄 V2 趋势增强,600941.SH,中国移动,trend_cup,2022-09-23,2022-09-26,2022-10-17,0.617058,72.27164845041487,73.66475997881457,66.507782,66.507782,signal_low,11,1.9276044732195352,6.680400235432593,-3.3843437316068203,trend_exit_ma10,72.739564,66.507782
cup_v2_trend_scored,杯柄 V2 趋势增强,600963.SH,岳阳林纸,trend_cup,2023-02-20,2023-02-21,2023-03-07,0.634919,10.96558392798649,10.96558392798649,9.003164,9.003164,signal_low,11,0.0,9.97267759562841,-3.0054644808743203,trend_exit_ma10,10.920643,9.003164
cup_v2_trend_scored,杯柄 V2 趋势增强,600968.SH,海油发展,trend_cup,2024-04-02,2024-04-03,2024-04-29,0.603018,3.949427559977687,4.370268201614653,3.453051,3.453051,signal_low,17,10.655737704918034,26.77595628415299,-1.0928961748633892,trend_exit_ma10,3.927846,3.453051
cup_v2_trend_scored,杯柄 V2 趋势增强,600970.SH,中材国际,trend_cup,2024-04-15,2024-04-16,2024-05-21,0.562939,64.89029254808442,68.1400487176977,55.507932,55.507932,signal_low,23,5.0080775444264924,9.369951534733435,-4.361873990306952,trend_exit_ma10,65.204785,55.507932
cup_v2_trend_scored,杯柄 V2 趋势增强,600970.SH,中材国际,trend_cup,2026-01-20,2026-01-21,2026-02-03,0.598987,61.67447794225711,61.67447794225711,57.468108,57.468108,signal_low,10,0.0,6.820276497695854,-2.7649769585253337,trend_exit_ma10,62.186063,57.468108
cup_v2_trend_scored,杯柄 V2 趋势增强,600971.SH,恒源煤电,trend_cup,2023-03-02,2023-03-03,2023-03-08,0.580546,36.960648483100826,35.781053318746544,34.365539,34.365539,signal_low,4,-3.1914893617021267,0.10638297872340718,-4.14893617021278,trend_exit_ma10,36.921329,34.365539
cup_v2_trend_scored,杯柄 V2 趋势增强,600989.SH,宝丰能源,trend_cup,2024-03-29,2024-04-01,2024-04-23,0.567057,18.459400710019267,18.628442841063404,17.40007,17.40007,signal_low,15,0.9157509157509347,5.799755799755801,-1.7094017094016922,trend_exit_ma10,18.425592,17.40007
cup_v2_trend_scored,杯柄 V2 趋势增强,600993.SH,马应龙,trend_cup,2023-03-13,2023-03-14,2023-03-20,0.604011,81.1452938176461,77.89362319896065,72.972176,72.972176,signal_low,5,-4.0072202166064885,2.599277978339365,-5.342960288808662,trend_exit_ma10,81.73118,72.972176
cup_v2_trend_scored,杯柄 V2 趋势增强,600997.SH,开滦股份,trend_cup,2025-10-14,2025-10-15,2025-10-28,0.563115,11.12647662529184,11.049101961694538,10.136081,10.136081,signal_low,10,-0.6954102920723404,4.8678720445062496,-1.3908205841446586,trend_exit_ma10,11.126477,10.136081
cup_v2_trend_scored,杯柄 V2 趋势增强,600998.SH,九州通,trend_cup,2022-11-17,2022-11-18,2022-11-24,0.577791,14.909712022948556,14.470868401964049,13.648037,13.648037,signal_low,5,-2.94334069168507,2.207505518763786,-5.077262693156737,trend_exit_ma10,14.931654,13.648037
cup_v2_trend_scored,杯柄 V2 趋势增强,601007.SH,金陵饭店,trend_cup,2024-12-11,2024-12-12,2024-12-18,0.591829,11.653084311055009,11.264648167353176,10.801513,10.801513,signal_low,5,-3.3333333333333326,8.717948717948731,-4.102564102564088,trend_exit_ma10,11.682964,10.801513
cup_v2_trend_scored,杯柄 V2 趋势增强,601033.SH,永兴股份,trend_cup,2025-04-02,2025-04-03,2025-04-07,0.582858,16.12504854368932,15.256777,15.256777,15.256777,signal_low,2,-5.384613518134973,5.576923076923079,-5.641025641025632,stop_loss,16.383463,15.256777
cup_v2_trend_scored,杯柄 V2 趋势增强,601058.SH,赛轮轮胎,trend_cup,2023-07-11,2023-07-12,2023-07-17,0.604961,62.15494698198293,59.498752666513575,59.551877,59.551877,signal_low,4,-4.273504273504269,3.589743589743599,-4.273504273504269,gap_stop,62.154947,59.551877
cup_v2_trend_scored,杯柄 V2 趋势增强,601058.SH,赛轮轮胎,trend_cup,2023-09-04,2023-09-05,2023-09-13,0.579765,67.09546840875593,65.28925627423676,57.267549,57.267549,signal_low,7,-2.692003167062562,1.7418844022169644,-3.404592240696769,trend_exit_ma10,66.776725,57.267549
cup_v2_trend_scored,杯柄 V2 趋势增强,601061.SH,中信金属,trend_cup,2025-07-11,2025-07-14,2025-07-17,0.562073,8.916748198471709,8.661983964229659,8.492141,8.492141,signal_low,4,-2.857142857142869,0.4761904761904745,-3.333333333333355,trend_exit_ma10,8.853057,8.492141
cup_v2_trend_scored,杯柄 V2 趋势增强,601128.SH,常熟银行,trend_cup,2024-05-08,2024-05-09,2024-05-30,0.589063,9.75968841490103,10.401606878074496,8.67795,8.67795,signal_low,16,6.577243410695255,11.453201970443372,-0.24630541871919487,trend_exit_ma10,9.771708,8.67795
cup_v2_trend_scored,杯柄 V2 趋势增强,601138.SH,工业富联,trend_cup,2023-03-02,2023-03-03,2023-04-27,0.566524,11.337283440006104,17.75586219689672,10.146207,10.146207,signal_low,39,56.61478599221792,93.28793774319068,-1.6536964980544688,trend_exit_ma10,11.403454,10.146207
cup_v2_trend_scored,杯柄 V2 趋势增强,601139.SH,深圳燃气,trend_cup,2024-03-18,2024-03-19,2024-04-24,0.56631,18.547901453007555,19.199584477032143,16.868564,16.868564,signal_low,25,3.5135135135135,8.648648648648628,-3.378378378378377,trend_exit_ma10,18.64816,16.868564
cup_v2_trend_scored,杯柄 V2 趋势增强,601139.SH,深圳燃气,trend_cup,2024-04-08,2024-04-09,2024-04-24,0.570171,19.299843403805156,19.199584477032143,17.921283,17.921283,signal_low,12,-0.5194805194805086,4.415584415584406,-2.0779220779220675,trend_exit_ma10,19.249714,17.921283
cup_v2_trend_scored,杯柄 V2 趋势增强,601168.SH,西部矿业,trend_cup,2023-08-01,2023-08-02,2023-08-14,0.616946,16.173417308531636,15.54445107986652,14.79996,14.79996,signal_low,9,-3.888888888888875,0.07936507936507908,-5.476190476190467,trend_exit_ma10,16.122073,14.79996
cup_v2_trend_scored,杯柄 V2 趋势增强,601211.SH,国泰海通,trend_cup,2025-07-28,2025-07-29,2025-08-04,0.608245,27.53596778601091,26.710421363026057,24.966421,24.966421,signal_low,5,-2.9980657640232167,2.3694390715667257,-3.675048355899402,trend_exit_ma10,27.682436,24.966421
cup_v2_trend_scored,杯柄 V2 趋势增强,601228.SH,广州港,trend_cup,2024-03-29,2024-04-01,2024-04-23,0.565334,3.8101764784232,3.638450214606943,3.434525,3.434525,signal_low,15,-4.507042253521131,2.8169014084507005,-5.352112676056331,trend_exit_ma10,3.810176,3.434525
cup_v2_trend_scored,杯柄 V2 趋势增强,601233.SH,桐昆股份,trend_cup,2023-02-13,2023-02-14,2023-02-28,0.57146,51.59167317126277,51.94112415949177,47.271188,47.271188,signal_low,11,0.677339901477847,5.8497536945812945,-3.9408866995073843,trend_exit_ma10,51.401064,47.271188
cup_v2_trend_scored,杯柄 V2 趋势增强,601279.SH,英利汽车,trend_cup,2023-11-28,2023-11-29,2023-12-08,0.603576,6.399740853658537,6.099283536585367,5.808841,5.808841,signal_low,8,-4.694835680751163,20.813771517996884,-4.694835680751163,trend_exit_ma10,6.449817,5.808841
cup_v2_trend_scored,杯柄 V2 趋势增强,601318.SH,中国平安,trend_cup,2023-01-11,2023-01-12,2023-02-01,0.607679,134.46364417771113,135.65241902800523,128.123512,128.123512,signal_low,10,0.8840864440078589,5.304518664047153,-0.9626719056974542,trend_exit_ma10,133.9353,128.123512
cup_v2_trend_scored,杯柄 V2 趋势增强,601318.SH,中国平安,trend_cup,2025-12-12,2025-12-15,2025-12-31,0.588992,194.88877677357982,209.33405042890797,189.747239,189.747239,signal_low,13,7.412060301507539,13.033919597989962,-0.2512562814070418,trend_exit_ma10,195.592678,189.747239
cup_v2_trend_scored,杯柄 V2 趋势增强,601318.SH,中国平安,trend_cup,2026-01-06,2026-01-07,2026-01-09,0.574819,226.1358623712282,211.17031402916155,190.145096,190.145096,signal_low,3,-6.617945594803077,1.0962241169305775,-7.64650155636758,trend_exit_ma10,227.451851,190.145096
cup_v2_trend_scored,杯柄 V2 趋势增强,601319.SH,中国人保,trend_cup,2024-08-30,2024-09-02,2024-09-12,0.581563,6.892886515741973,6.881359949662137,6.212819,6.212819,signal_low,9,-0.16722408026755842,5.518394648829417,-1.5050167224080369,trend_exit_ma10,6.91594,6.212819
cup_v2_trend_scored,杯柄 V2 趋势增强,601333.SH,广深铁路,trend_cup,2024-04-03,2024-04-08,2024-04-23,0.566245,4.081328638163769,3.9914880706570193,3.760469,3.760469,signal_low,12,-2.2012578616352196,6.2893081761006275,-3.1446540880503138,trend_exit_ma10,4.068494,3.760469
cup_v2_trend_scored,杯柄 V2 趋势增强,601336.SH,新华保险,trend_cup,2023-01-11,2023-01-12,2023-01-31,0.573005,39.16754075335708,37.421979,37.421979,37.421979,signal_low,9,-4.456653953203505,4.822954822954828,-5.83028083028082,stop_loss,38.796908,37.421979
cup_v2_trend_scored,杯柄 V2 趋势增强,601369.SH,陕鼓动力,trend_cup,2024-04-15,2024-04-16,2024-04-24,0.564404,21.46042462569232,21.27874907330551,19.303027,19.303027,signal_low,7,-0.8465608465608288,5.185185185185182,-3.4920634920634908,trend_exit_ma10,21.687519,19.303027
cup_v2_trend_scored,杯柄 V2 趋势增强,601369.SH,陕鼓动力,trend_cup,2024-11-21,2024-11-22,2024-11-25,0.660104,22.782851685232178,21.325526,21.325526,21.325526,signal_low,2,-6.396590318747563,0.6396588486140553,-7.889125799573559,stop_loss,22.904295,21.325526
cup_v2_trend_scored,杯柄 V2 趋势增强,601377.SH,兴业证券,trend_cup,2025-07-24,2025-07-25,2025-08-01,0.595752,18.639370892650717,17.759636573233575,16.165118,16.165118,signal_low,6,-4.71976401179941,1.9174041297935096,-5.309734513274355,trend_exit_ma10,18.721846,16.165118
cup_v2_trend_scored,杯柄 V2 趋势增强,601377.SH,兴业证券,trend_cup,2025-08-15,2025-08-18,2025-08-28,0.603652,19.362312800910612,19.250714456236775,16.165118,16.165118,signal_low,9,-0.5763688760806907,3.6023054755043304,-3.1700288184438152,trend_exit_ma10,19.278614,16.165118
cup_v2_trend_scored,杯柄 V2 趋势增强,601390.SH,中国中铁,trend_cup,2024-04-15,2024-04-16,2024-04-24,0.665024,9.577273960556017,9.103021054668787,8.879068,8.879068,signal_low,7,-4.951856946354882,1.375515818431916,-6.052269601100402,trend_exit_ma10,9.66949,8.879068
cup_v2_trend_scored,杯柄 V2 趋势增强,601528.SH,瑞丰银行,trend_cup,2023-02-21,2023-02-22,2023-03-06,0.666462,7.933085501858736,7.800185873605948,6.972119,6.972119,signal_low,9,-1.675257731958757,3.7371134020618646,-2.1907216494845283,trend_exit_ma10,7.933086,6.972119
cup_v2_trend_scored,杯柄 V2 趋势增强,601528.SH,瑞丰银行,trend_cup,2025-06-03,2025-06-04,2025-06-30,0.621964,8.470012957097785,8.440856285989016,7.784831,7.784831,signal_low,19,-0.34423407917382187,6.196213425129105,-1.5490533562822595,trend_exit_ma10,8.513748,7.784831
cup_v2_trend_scored,杯柄 V2 趋势增强,601555.SH,东吴证券,trend_cup,2025-06-20,2025-06-23,2025-07-18,0.661889,12.309290339750394,12.792565018216344,11.826016,11.826016,signal_low,20,3.9260969976905313,11.778290993071593,-0.34642032332563577,trend_exit_ma10,12.465644,11.826016
cup_v2_trend_scored,杯柄 V2 趋势增强,601598.SH,中国外运,trend_cup,2023-05-04,2023-05-05,2023-05-17,0.562813,5.5082839621275905,5.731434058674337,5.050239,5.050239,signal_low,9,4.051172707889106,31.343283582089533,-1.9189765458422436,trend_exit_ma10,5.496539,5.050239
cup_v2_trend_scored,杯柄 V2 趋势增强,601598.SH,中国外运,trend_cup,2024-01-25,2024-01-26,2024-02-02,0.62232,7.137169282089745,6.5434359622625236,5.974442,5.974442,signal_low,6,-8.318890814558044,2.0797227036395194,-10.918544194107449,trend_exit_ma10,7.174278,5.974442
cup_v2_trend_scored,杯柄 V2 趋势增强,601600.SH,中国铝业,trend_cup,2023-01-20,2023-01-30,2023-02-09,0.645494,5.329895609425189,5.370197277549387,4.433183,4.433183,signal_low,9,0.7561436672967936,6.6162570888468775,-2.079395085066149,trend_exit_ma10,5.239217,4.433183
cup_v2_trend_scored,杯柄 V2 趋势增强,601600.SH,中国铝业,trend_cup,2023-02-20,2023-02-21,2023-02-27,0.655404,5.72283687363612,5.4911022819219815,4.433183,4.433183,signal_low,5,-4.049295774647888,2.2887323943661997,-4.577464788732399,trend_exit_ma10,5.722837,4.433183
cup_v2_trend_scored,杯柄 V2 趋势增强,601601.SH,中国太保,trend_cup,2022-11-29,2022-11-30,2022-12-13,0.641904,34.15791966766696,34.680817072591935,31.359712,31.359712,signal_low,10,1.530823334712439,5.544062887877521,-1.6135705419942026,trend_exit_ma10,34.539493,31.359712
cup_v2_trend_scored,杯柄 V2 趋势增强,601601.SH,中国太保,trend_cup,2025-06-25,2025-06-26,2025-07-22,0.590722,57.9604535185661,56.76568669022148,52.962812,52.962812,signal_low,19,-2.0613483087428053,4.232386961093582,-3.969505783385907,trend_exit_ma10,57.960454,52.962812
cup_v2_trend_scored,杯柄 V2 趋势增强,601607.SH,上海医药,trend_cup,2023-03-13,2023-03-14,2023-03-24,0.592892,25.792129639840688,25.11700845682983,24.541905,24.541905,signal_low,9,-2.6175472612700035,5.186621425109061,-2.8114396509936967,trend_exit_ma10,25.917152,24.541905
cup_v2_trend_scored,杯柄 V2 趋势增强,601607.SH,上海医药,trend_cup,2023-04-27,2023-04-28,2023-05-10,0.592185,28.5676278366631,28.03003133908038,24.891968,24.891968,signal_low,6,-1.8818380743982455,4.37636761487965,-2.713347921225384,trend_exit_ma10,28.705153,24.891968
cup_v2_trend_scored,杯柄 V2 趋势增强,601619.SH,嘉泽新能,trend_cup,2023-04-10,2023-04-11,2023-04-20,0.615065,5.054163065454948,4.969040319089391,4.447663,4.447663,signal_low,8,-1.684210526315788,3.7894736842105203,-3.368421052631576,trend_exit_ma10,5.086084,4.447663
cup_v2_trend_scored,杯柄 V2 趋势增强,601628.SH,中国人寿,trend_cup,2025-12-17,2025-12-18,2025-12-30,0.581608,61.25003965249031,59.62752204580182,57.690969,57.690969,signal_low,9,-2.64900662251657,1.7944883571886283,-3.8666951506088454,trend_exit_ma10,61.302379,57.690969
cup_v2_trend_scored,杯柄 V2 趋势增强,601668.SH,中国建筑,trend_cup,2024-05-17,2024-05-20,2024-05-29,0.561096,12.616903280531135,12.293392940004697,10.805245,10.805245,signal_low,8,-2.564102564102555,1.8803418803418959,-3.2478632478632252,trend_exit_ma10,12.638471,10.805245
cup_v2_trend_scored,杯柄 V2 趋势增强,601688.SH,华泰证券,trend_cup,2025-07-21,2025-07-22,2025-08-04,0.613207,25.906116543294452,26.87113977234687,24.492561,24.492561,signal_low,10,3.725078698845752,9.548793284365154,-1.364113326337879,trend_exit_ma10,25.919708,24.492561
cup_v2_trend_scored,杯柄 V2 趋势增强,601700.SH,风范股份,trend_cup,2025-07-22,2025-07-23,2025-07-29,0.563998,31.86009595804049,30.339932333799986,27.815641,27.815641,signal_low,5,-4.771371769383704,1.391650099403563,-5.765407554671976,trend_exit_ma10,32.050116,27.815641
cup_v2_trend_scored,杯柄 V2 趋势增强,601728.SH,中国电信,trend_cup,2024-04-17,2024-04-18,2024-04-24,0.563748,7.022283133154849,6.820686488183896,6.215897,6.215897,signal_low,5,-2.8708133971291905,2.551834130781505,-4.465709728867617,trend_exit_ma10,7.089482,6.215897
cup_v2_trend_scored,杯柄 V2 趋势增强,601827.SH,三峰环境,trend_cup,2023-05-04,2023-05-05,2023-05-22,0.56695,8.280560385085137,8.312045405560745,7.073635,7.073635,signal_low,12,0.3802281368821214,3.9290240811153287,-3.041825095057016,trend_exit_ma10,8.25957,7.073635
cup_v2_trend_scored,杯柄 V2 趋势增强,601838.SH,成都银行,trend_cup,2024-04-25,2024-04-26,2024-05-24,0.643026,18.76926152302021,20.044347224312343,16.423104,16.423104,signal_low,18,6.793478260869579,10.32608695652173,-2.717391304347838,trend_exit_ma10,18.884019,16.423104
cup_v2_trend_scored,杯柄 V2 趋势增强,601857.SH,中国石油,trend_cup,2023-03-17,2023-03-20,2023-03-27,0.619699,8.524827945605013,8.201472402840686,7.2755,7.2755,signal_low,6,-3.7931034482758474,3.2758620689655293,-5.1724137931034475,trend_exit_ma10,8.568922,7.2755
cup_v2_trend_scored,杯柄 V2 趋势增强,601857.SH,中国石油,trend_cup,2023-03-30,2023-03-31,2023-05-11,0.564882,8.804089550719661,11.21455814223556,8.039795,8.039795,signal_low,26,27.37896494156926,44.24040066777963,-1.5025041736227096,trend_exit_ma10,8.818788,8.039795
cup_v2_trend_scored,杯柄 V2 趋势增强,601857.SH,中国石油,trend_cup,2025-11-19,2025-11-20,2025-11-25,0.570237,17.51291438699453,16.89237805044748,15.44446,15.44446,signal_low,4,-3.543307086614178,2.7559055118110187,-4.822834645669294,trend_exit_ma10,17.702523,15.44446
cup_v2_trend_scored,杯柄 V2 趋势增强,601886.SH,江河集团,trend_cup,2023-07-03,2023-07-04,2023-07-17,0.564642,23.811011802880675,23.83667022077171,21.912289,21.912289,signal_low,10,0.10775862068965747,7.543103448275867,-1.6163793103448287,trend_exit_ma10,23.913645,21.912289
cup_v2_trend_scored,杯柄 V2 趋势增强,601886.SH,江河集团,trend_cup,2026-01-20,2026-01-21,2026-02-03,0.578662,27.144906705025065,27.769953898890776,22.204057,22.204057,signal_low,10,2.3026315789473673,8.881578947368407,-1.6447368421052544,trend_exit_ma10,27.293727,22.204057
cup_v2_trend_scored,杯柄 V2 趋势增强,601888.SH,中国中免,trend_cup,2025-09-19,2025-09-22,2025-09-24,0.606641,170.87785199809318,162.32933858012478,154.635677,154.635677,signal_low,3,-5.002704164413174,0.013520822065982152,-6.070849107625731,trend_exit_ma10,170.900956,154.635677
cup_v2_trend_scored,杯柄 V2 趋势增强,601898.SH,中煤能源,trend_cup,2024-08-26,2024-08-27,2024-09-05,0.57076,18.06678502580223,18.094158942507992,15.112822,15.112822,signal_low,8,0.15151515151516914,8.712121212121215,-0.9848484848484884,trend_exit_ma10,18.285776,15.112822
cup_v2_trend_scored,杯柄 V2 趋势增强,601899.SH,紫金矿业,trend_cup,2023-07-25,2023-07-26,2023-08-04,0.580376,26.415184154096423,26.19098120217122,24.988438,24.988438,signal_low,8,-0.8487654320987748,3.703703703703698,-3.1635802469135887,trend_exit_ma10,26.37442,24.988438
cup_v2_trend_scored,杯柄 V2 趋势增强,601928.SH,凤凰传媒,trend_cup,2023-03-13,2023-03-14,2023-04-18,0.568233,13.090966890479942,15.359134415889303,10.304761,10.304761,signal_low,25,17.32620320855616,34.4385026737968,-0.7486631016042744,trend_exit_ma10,13.076966,10.304761
cup_v2_trend_scored,杯柄 V2 趋势增强,601949.SH,中国出版,trend_cup,2023-04-03,2023-04-04,2023-04-07,0.636362,7.006617358582513,6.739698602065084,6.228104,6.228104,signal_low,3,-3.809523809523818,3.4920634920634797,-6.349206349206349,trend_exit_ma10,7.006617,6.228104
cup_v2_trend_scored,杯柄 V2 趋势增强,601965.SH,中国汽研,trend_cup,2023-02-15,2023-02-16,2023-03-10,0.61485,38.49716734096308,42.80655174480223,36.486121,36.486121,signal_low,17,11.194029850746269,22.388059701492537,-3.311567164179108,trend_exit_ma10,38.425344,36.486121
cup_v2_trend_scored,杯柄 V2 趋势增强,601988.SH,中国银行,trend_cup,2024-08-22,2024-08-23,2024-08-30,0.576339,11.597590958027098,10.957092838057159,10.476719,10.476719,signal_low,6,-5.522682445759375,2.564102564102555,-5.522682445759375,trend_exit_ma10,11.597591,10.476719
cup_v2_trend_scored,杯柄 V2 趋势增强,601991.SH,大唐发电,trend_cup,2024-04-02,2024-04-03,2024-04-19,0.56205,3.9951265887356118,4.008488216122687,3.647724,3.647724,signal_low,11,0.33444816053509463,6.020066889632081,-1.0033444816053616,trend_exit_ma10,4.008488,3.647724
cup_v2_trend_scored,杯柄 V2 趋势增强,601998.SH,中信银行,trend_cup,2025-06-03,2025-06-04,2025-06-30,0.607963,15.777469927855613,16.334773981336504,14.201645,14.201645,signal_low,19,3.5322777101096214,8.160779537149821,-1.0962241169305997,trend_exit_ma10,15.815905,14.201645
cup_v2_trend_scored,杯柄 V2 趋势增强,603012.SH,创力集团,trend_cup,2022-07-18,2022-07-19,2022-08-02,0.611921,13.439965147791453,13.058989757775318,12.69918,12.69918,signal_low,11,-2.8346456692913247,5.826771653543328,-4.566929133858267,trend_exit_ma10,13.4188,12.69918
cup_v2_trend_scored,杯柄 V2 趋势增强,603016.SH,新宏泰,trend_cup,2026-02-05,2026-02-06,2026-02-13,0.655854,39.158166429393674,39.28740130209795,35.762814,35.762814,signal_low,6,0.33003300330034513,8.010801080108031,-0.36003600360035026,end_of_data,39.087675,35.762814
cup_v2_trend_scored,杯柄 V2 趋势增强,603049.SH,中策橡胶,trend_cup,2025-11-04,2025-11-05,2025-11-18,0.605006,57.09977827050998,57.98456762749446,52.521508,52.521508,signal_low,10,1.549549549549556,10.270270270270277,-0.9009009009009028,trend_exit_ma10,57.408426,52.521508
cup_v2_trend_scored,杯柄 V2 趋势增强,603057.SH,紫燕食品,trend_cup,2025-04-09,2025-04-10,2025-04-24,0.616291,22.438499344495735,24.892710210299956,20.050026,20.050026,signal_low,11,10.9375,21.484375,-0.2929687499999889,trend_exit_ma10,22.427543,20.050026
cup_v2_trend_scored,杯柄 V2 趋势增强,603060.SH,国检集团,trend_cup,2025-08-01,2025-08-04,2025-08-14,0.60136,28.99759664089138,28.439183500626623,26.564511,26.564511,signal_low,9,-1.9257221458046758,2.75103163686381,-3.5763411279229773,trend_exit_ma10,29.595896,26.564511
cup_v2_trend_scored,杯柄 V2 趋势增强,603087.SH,甘李药业,trend_cup,2025-05-29,2025-05-30,2025-06-16,0.603193,79.04320069297809,82.02276472538149,71.879686,71.879686,signal_low,11,3.7695386905911343,9.396713104065935,-1.2738853503184822,trend_exit_ma10,79.273354,71.879686
cup_v2_trend_scored,杯柄 V2 趋势增强,603100.SH,川仪股份,trend_cup,2023-02-15,2023-02-16,2023-03-08,0.560176,42.43319690864719,44.01076759426039,36.387762,36.387762,signal_low,15,3.717774762550885,14.464043419267302,-3.663500678426057,trend_exit_ma10,42.836226,36.387762
cup_v2_trend_scored,杯柄 V2 趋势增强,603109.SH,神驰机电,trend_cup,2023-06-02,2023-06-05,2023-06-26,0.604064,25.731222344485122,24.606683587624353,24.000025,24.000025,signal_low,14,-4.3703277745831155,10.178263369752717,-4.427832087406558,trend_exit_ma10,25.686833,24.000025
cup_v2_trend_scored,杯柄 V2 趋势增强,603113.SH,金能科技,trend_cup,2025-06-04,2025-06-05,2025-06-16,0.562078,7.796721859390266,7.604349912206471,7.129078,7.129078,signal_low,8,-2.467343976777947,4.208998548621179,-3.338171262699552,trend_exit_ma10,7.796722,7.129078
cup_v2_trend_scored,杯柄 V2 趋势增强,603129.SH,春风动力,trend_cup,2023-07-11,2023-07-12,2023-07-14,0.601128,178.95172959112523,164.33910315113985,162.475464,162.475464,signal_low,3,-8.165680473372783,0.2366863905325367,-8.940828402366874,trend_exit_ma10,179.279984,162.475464
cup_v2_trend_scored,杯柄 V2 趋势增强,603135.SH,中重科技,trend_cup,2025-03-05,2025-03-06,2025-03-25,0.573276,15.05483472772002,14.796259322091242,13.287903,13.287903,signal_low,14,-1.717557251908397,11.164122137404586,-3.7213740458015288,trend_exit_ma10,15.040469,13.287903
cup_v2_trend_scored,杯柄 V2 趋势增强,603167.SH,渤海轮渡,trend_cup,2025-06-04,2025-06-05,2025-07-10,0.569277,14.873713322400048,16.57141999455278,13.040791,13.040791,signal_low,26,11.41414141414141,17.979797979797986,-4.444444444444439,trend_exit_ma10,15.069025,13.040791
cup_v2_trend_scored,杯柄 V2 趋势增强,603170.SH,宝立食品,trend_cup,2025-08-29,2025-09-01,2025-09-10,0.608261,16.000882156294164,15.135060553244685,14.417907,14.417907,signal_low,8,-5.411086680048427,0.4679144385026701,-6.28342245989304,trend_exit_ma10,15.605138,14.417907
cup_v2_trend_scored,杯柄 V2 趋势增强,603187.SH,海容冷链,trend_cup,2026-01-19,2026-01-20,2026-01-29,0.574203,73.19819392575758,70.94038411928757,67.611899,67.611899,signal_low,8,-3.084515731030235,2.652683528685995,-4.503392967304132,trend_exit_ma10,73.198194,67.611899
cup_v2_trend_scored,杯柄 V2 趋势增强,603195.SH,公牛集团,trend_cup,2023-02-13,2023-02-14,2023-02-27,0.585511,165.1531039094559,169.7167934152756,153.69667,153.69667,signal_low,10,2.763308347096949,8.353449371109134,-0.8829881844746423,trend_exit_ma10,165.153104,153.69667
cup_v2_trend_scored,杯柄 V2 趋势增强,603198.SH,迎驾贡酒,trend_cup,2023-08-17,2023-08-18,2023-09-13,0.582536,89.921268065957,94.8339791152036,84.075764,84.075764,signal_low,19,5.463347164591981,14.785615491009674,-6.224066390041482,trend_exit_ma10,89.784458,84.075764
cup_v2_trend_scored,杯柄 V2 趋势增强,603220.SH,中贝通信,trend_cup,2023-02-24,2023-02-27,2023-03-10,0.660806,13.624812066861796,13.469867274592708,12.127012,12.127012,signal_low,10,-1.1372251705837777,4.624715693707371,-1.2130401819560266,trend_exit_ma10,13.531845,12.127012
cup_v2_trend_scored,杯柄 V2 趋势增强,603223.SH,恒通股份,trend_cup,2022-08-01,2022-08-02,2022-08-22,0.600795,72.57118148906804,76.12361694657487,59.0099,59.0099,signal_low,15,4.895104895104896,10.722610722610737,-4.933954933954931,trend_exit_ma10,72.542988,59.0099
cup_v2_trend_scored,杯柄 V2 趋势增强,603259.SH,药明康德,trend_cup,2025-06-12,2025-06-13,2025-06-19,0.563862,171.74994456892225,164.69832965381957,149.335135,149.335135,signal_low,5,-4.105745089351631,3.293457391818033,-4.74080638015063,trend_exit_ma10,171.749945,149.335135
cup_v2_trend_scored,杯柄 V2 趋势增强,603279.SH,景津装备,trend_cup,2023-07-11,2023-07-12,2023-07-20,0.614126,51.21198830280208,49.50331006544072,48.391057,48.391057,signal_low,7,-3.3364809568775633,1.4793830657853446,-3.84010072395341,trend_exit_ma10,51.373184,48.391057
cup_v2_trend_scored,杯柄 V2 趋势增强,603298.SH,杭叉集团,trend_cup,2023-06-16,2023-06-19,2023-07-07,0.700647,37.304704732699534,37.84275335865193,29.667803,29.667803,signal_low,13,1.4423076923076872,10.576923076923062,-4.326923076923073,trend_exit_ma10,37.2884,29.667803
cup_v2_trend_scored,杯柄 V2 趋势增强,603298.SH,杭叉集团,trend_cup,2025-02-12,2025-02-13,2025-03-07,0.61206,49.05894309972303,50.22037641174299,41.718685,41.718685,signal_low,17,2.367424242424243,11.742424242424242,-4.687500000000022,trend_exit_ma10,49.175086,41.718685
cup_v2_trend_scored,杯柄 V2 趋势增强,603298.SH,杭叉集团,trend_cup,2025-02-25,2025-02-26,2025-03-07,0.573168,51.79992571609013,50.22037641174299,46.759305,46.759305,signal_low,8,-3.0493273542600785,5.829596412556048,-3.766816143497753,trend_exit_ma10,51.335352,46.759305
cup_v2_trend_scored,杯柄 V2 趋势增强,603299.SH,苏盐井神,trend_cup,2024-05-09,2024-05-10,2024-05-24,0.579598,11.097538995342623,11.097538995342623,9.288397,9.288397,signal_low,11,0.0,4.373757455268379,-1.6898608349900646,trend_exit_ma10,11.119602,9.288397
cup_v2_trend_scored,杯柄 V2 趋势增强,603300.SH,海南华铁,trend_cup,2023-07-26,2023-07-27,2023-08-08,0.56708,34.71392911588102,34.21244378354887,32.317944,32.317944,signal_low,9,-1.4446227929374111,3.8523274478330594,-1.605136436597121,trend_exit_ma10,34.992532,32.317944
cup_v2_trend_scored,杯柄 V2 趋势增强,603312.SH,西典新能,trend_cup,2025-08-01,2025-08-04,2025-08-25,0.56804,42.31037477606592,47.28560659261913,35.303475,35.303475,signal_low,16,11.758893280632421,19.71343873517788,-0.6916996047430679,trend_exit_ma10,42.519418,35.303475
cup_v2_trend_scored,杯柄 V2 趋势增强,603323.SH,苏农银行,trend_cup,2024-04-23,2024-04-24,2024-05-07,0.605249,8.437581413967765,8.164299424851398,7.891017,7.891017,signal_low,7,-3.238866396761153,0.8097165991902688,-5.465587044534437,trend_exit_ma10,8.454662,7.891017
cup_v2_trend_scored,杯柄 V2 趋势增强,603323.SH,苏农银行,trend_cup,2025-06-12,2025-06-13,2025-06-30,0.573231,11.262453884770798,11.262453884770798,10.031393,10.031393,signal_low,12,0.0,6.417112299465222,-1.782531194295911,trend_exit_ma10,11.262454,10.031393
cup_v2_trend_scored,杯柄 V2 趋势增强,603345.SH,安井食品,trend_cup,2026-01-19,2026-01-20,2026-02-02,0.582254,102.0783554459741,99.65064495073665,88.760302,88.760302,signal_low,10,-2.378281355171652,3.6571684989903597,-2.4455912048463313,trend_exit_ma10,102.353191,88.760302
cup_v2_trend_scored,杯柄 V2 趋势增强,603358.SH,华达科技,trend_cup,2023-11-28,2023-11-29,2023-12-15,0.566725,64.02749733206,69.95421791228023,59.141105,59.141105,signal_low,13,9.256523879862154,16.29739044805516,0.0,trend_exit_ma10,64.279698,59.141105
cup_v2_trend_scored,杯柄 V2 趋势增强,603358.SH,华达科技,trend_cup,2025-02-19,2025-02-20,2025-03-24,0.576254,120.37991805246409,122.71894760205947,95.378417,95.378417,signal_low,23,1.9430396593026256,7.13335107798776,-1.2509981368112877,trend_exit_ma10,119.514798,95.378417
cup_v2_trend_scored,杯柄 V2 趋势增强,603379.SH,三美股份,trend_cup,2023-12-11,2023-12-12,2023-12-26,0.58729,46.98432213544258,46.32872694285501,44.463923,44.463923,signal_low,11,-1.3953488372092981,5.457364341085258,-2.2325581395348792,trend_exit_ma10,46.940616,44.463923
cup_v2_trend_scored,杯柄 V2 趋势增强,603393.SH,新天然气,trend_cup,2024-04-03,2024-04-08,2024-05-13,0.609979,91.14759266522783,93.52728087688831,82.541976,82.541976,signal_low,23,2.610807528840331,6.253794778384947,-5.2216150576806175,trend_exit_ma10,91.285947,82.541976
cup_v2_trend_scored,杯柄 V2 趋势增强,603444.SH,吉比特,trend_cup,2025-05-30,2025-06-03,2025-06-24,0.590188,335.8965428006651,373.31370189064097,304.989917,304.989917,signal_low,16,11.139489194499031,18.10216110019647,-0.5108055009823254,trend_exit_ma10,331.989848,304.989917
cup_v2_trend_scored,杯柄 V2 趋势增强,603505.SH,金石资源,trend_cup,2023-09-27,2023-09-28,2023-10-20,0.629221,77.59644158954102,82.70392077541412,71.052484,71.052484,signal_low,11,6.58210490229687,19.986287281453528,-1.9540623928693934,trend_exit_ma10,77.170818,71.052484
cup_v2_trend_scored,杯柄 V2 趋势增强,603530.SH,神马电力,trend_cup,2025-02-21,2025-02-24,2025-03-04,0.646052,29.618509481139103,28.651332029683367,26.727377,26.727377,signal_low,7,-3.2654494382022503,1.8258426966292207,-5.196629213483151,trend_exit_ma10,29.628909,26.727377
cup_v2_trend_scored,杯柄 V2 趋势增强,603565.SH,中谷物流,trend_cup,2025-09-08,2025-09-09,2025-09-18,0.583928,44.62752908540489,43.60970824661496,38.168281,38.168281,signal_low,8,-2.28070175438595,2.1929824561403466,-3.2456140350877294,trend_exit_ma10,44.627529,38.168281
cup_v2_trend_scored,杯柄 V2 趋势增强,603568.SH,伟明环保,trend_cup,2024-04-18,2024-04-19,2024-05-16,0.57988,74.81362217438554,78.3164778207959,70.057113,70.057113,signal_low,17,4.682109413504176,10.79349433218335,-2.4642681123706267,trend_exit_ma10,74.813622,70.057113
cup_v2_trend_scored,杯柄 V2 趋势增强,603599.SH,广信股份,trend_cup,2022-12-12,2022-12-13,2022-12-16,0.612746,103.94573265344933,95.47759231813387,86.671514,86.671514,signal_low,4,-8.146693586304188,0.5780346820809079,-10.404624277456653,trend_exit_ma10,103.134595,86.671514
cup_v2_trend_scored,杯柄 V2 趋势增强,603656.SH,泰禾智能,trend_cup,2023-12-06,2023-12-07,2023-12-18,0.617649,29.624143684589708,28.596241405457516,27.630013,27.630013,signal_low,8,-3.4698126301179855,5.343511450381677,-5.204718945176956,trend_exit_ma10,29.87084,27.630013
cup_v2_trend_scored,杯柄 V2 趋势增强,603668.SH,天马科技,trend_cup,2023-11-14,2023-11-15,2023-12-08,0.575994,25.32609892731141,25.51148140819826,23.515055,23.515055,signal_low,18,0.7319819819819884,8.277027027027017,-1.3513513513513598,trend_exit_ma10,25.283318,23.515055
cup_v2_trend_scored,杯柄 V2 趋势增强,603668.SH,天马科技,trend_cup,2025-05-12,2025-05-13,2025-05-23,0.691397,22.006016043254615,21.266185747093694,17.472588,17.472588,signal_low,9,-3.3619456366237532,0.42918454935620964,-3.719599427753928,trend_exit_ma10,21.943052,17.472588
cup_v2_trend_scored,杯柄 V2 趋势增强,603727.SH,博迈科,trend_cup,2023-08-03,2023-08-04,2023-08-14,0.661365,14.39404210327263,13.952969064233633,13.049307,13.049307,signal_low,7,-3.064275037369213,2.0926756352765308,-5.156950672645744,trend_exit_ma10,14.4048,13.049307
cup_v2_trend_scored,杯柄 V2 趋势增强,603758.SH,秦安股份,trend_cup,2023-11-28,2023-11-29,2023-12-04,0.660112,15.02240062040139,14.247675689131697,12.649806,12.649806,signal_low,4,-5.157131345688959,3.0620467365028103,-6.526994359387583,trend_exit_ma10,14.598723,12.649806
cup_v2_trend_scored,杯柄 V2 趋势增强,603766.SH,隆鑫通用,trend_cup,2023-09-22,2023-09-25,2023-10-18,0.659322,18.45228792106239,17.97834216966524,16.77768,16.77768,signal_low,12,-2.568493150684925,3.253424657534265,-3.9383561643835607,trend_exit_ma10,18.515481,16.77768
cup_v2_trend_scored,杯柄 V2 趋势增强,603815.SH,交建股份,trend_cup,2023-12-06,2023-12-07,2023-12-18,0.6213,8.962737958518268,8.73425564671363,8.059194,8.059194,signal_low,8,-2.549246813441497,1.5063731170335881,-3.82387022016224,trend_exit_ma10,8.973124,8.059194
cup_v2_trend_scored,杯柄 V2 趋势增强,603815.SH,交建股份,trend_cup,2025-03-27,2025-03-28,2025-04-08,0.597572,7.908639969474241,7.624308039812718,6.729189,6.729189,signal_low,7,-3.595206391478023,4.527296937416758,-7.456724367509981,trend_exit_ma10,7.961294,6.729189
cup_v2_trend_scored,杯柄 V2 趋势增强,603867.SH,新化股份,trend_cup,2025-08-12,2025-08-13,2025-08-22,0.566261,40.86694340088645,40.65147621248107,35.98302,35.98302,signal_low,8,-0.5272407732864637,7.978910369068548,-1.7223198594024547,trend_exit_ma10,40.349822,35.98302
cup_v2_trend_scored,杯柄 V2 趋势增强,603888.SH,新华网,trend_cup,2023-02-15,2023-02-16,2023-02-28,0.595046,52.909564988579,51.894128892838594,44.198192,44.198192,signal_low,9,-1.9191919191919204,7.070707070707072,-5.707070707070705,trend_exit_ma10,53.524171,44.198192
cup_v2_trend_scored,杯柄 V2 趋势增强,603901.SH,永创智能,trend_cup,2025-10-31,2025-11-03,2025-11-10,0.582978,55.28844926252414,53.188345375808105,42.987841,42.987841,signal_low,6,-3.7984496124030986,5.891472868217051,-4.341085271317835,trend_exit_ma10,55.24559,42.987841
cup_v2_trend_scored,杯柄 V2 趋势增强,603916.SH,苏博特,trend_cup,2025-06-09,2025-06-10,2025-06-19,0.562648,12.785679643275516,11.823073466654368,10.874557,10.874557,signal_low,8,-7.528783791539939,1.9418010675543496,-8.486483384032617,trend_exit_ma10,12.893349,10.874557
cup_v2_trend_scored,杯柄 V2 趋势增强,603993.SH,洛阳钼业,trend_cup,2023-07-31,2023-08-01,2023-08-11,0.569286,22.090430922138655,20.896353574996027,20.123715,20.123715,signal_low,9,-5.405405405405395,3.020667726550097,-5.882352941176472,trend_exit_ma10,21.668992,20.123715
cup_v2_trend_scored,杯柄 V2 趋势增强,605009.SH,豪悦护理,trend_cup,2022-12-02,2022-12-05,2022-12-16,0.611486,75.90977772447906,77.49862289936654,65.682551,65.682551,signal_low,10,2.09307051412313,8.351960983539918,-2.093070514123152,trend_exit_ma10,74.660298,65.682551
cup_v2_trend_scored,杯柄 V2 趋势增强,605020.SH,永和股份,trend_cup,2025-08-11,2025-08-12,2025-08-28,0.614754,39.06248473870518,43.305879658237146,35.225991,35.225991,signal_low,13,10.863095238095255,22.76785714285716,-1.4136904761904656,trend_exit_ma10,38.786373,35.225991
cup_v2_trend_scored,杯柄 V2 趋势增强,605056.SH,咸亨国际,trend_cup,2025-07-03,2025-07-04,2025-07-11,0.616811,17.892878228644275,16.9529146444003,15.77796,15.77796,signal_low,6,-5.253283302063783,2.001250781738584,-6.879299562226382,trend_exit_ma10,18.015969,15.77796
cup_v2_trend_scored,杯柄 V2 趋势增强,605077.SH,华康股份,trend_cup,2025-05-19,2025-05-20,2025-05-30,0.60597,47.542511896519024,46.593387339601215,44.062389,44.062389,signal_low,9,-1.9963702359346747,3.2062915910465506,-3.206291591046595,trend_exit_ma10,48.462875,44.062389
cup_v2_trend_scored,杯柄 V2 趋势增强,605090.SH,九丰能源,trend_cup,2025-08-08,2025-08-11,2025-08-20,0.62458,45.70944498530515,45.60098189550951,39.325617,39.325617,signal_low,8,-0.2372881355932055,8.067796610169498,-2.8474576271186436,trend_exit_ma10,45.709445,39.325617
cup_v2_trend_scored,杯柄 V2 趋势增强,605177.SH,东亚药业,trend_cup,2023-07-24,2023-07-25,2023-08-07,0.624474,28.041113130575145,28.195979366568746,24.902491,24.902491,signal_low,10,0.5522827687776122,8.910162002945498,-2.20913107511046,trend_exit_ma10,28.041113,24.902491
cup_v2_trend_scored,杯柄 V2 趋势增强,605196.SH,华通线缆,trend_cup,2023-07-31,2023-08-01,2023-08-07,0.686646,8.420732916600874,8.309668093959857,8.016861,8.016861,signal_low,5,-1.318944844124681,0.9592326139088669,-2.5179856115107757,trend_exit_ma10,8.471217,8.016861
cup_v2_trend_scored,杯柄 V2 趋势增强,605196.SH,华通线缆,trend_cup,2023-08-15,2023-08-16,2023-08-18,0.735684,8.75392738452393,8.077441646619544,8.016861,8.016861,signal_low,3,-7.727797001153391,0.9227220299884875,-8.189158016147625,trend_exit_ma10,8.824605,8.016861
cup_v2_trend_scored,杯柄 V2 趋势增强,605258.SH,协和电子,trend_cup,2025-02-19,2025-02-20,2025-02-28,0.573822,35.92603515463443,32.65907390560636,32.142683,32.142683,signal_low,7,-9.09357582868876,1.349369316515081,-9.298914637723676,trend_exit_ma10,36.347579,32.142683
cup_v2_trend_scored,杯柄 V2 趋势增强,605589.SH,圣泉集团,trend_cup,2025-07-17,2025-07-18,2025-08-08,0.628365,33.551335989241416,33.12256492228625,27.655734,27.655734,signal_low,16,-1.2779552715655007,7.507987220447254,-3.4824281150159897,trend_exit_ma10,33.111846,27.655734
cup_v2_trend_scored,杯柄 V2 趋势增强,688006.SH,杭可科技,trend_cup,2025-08-11,2025-08-12,2025-08-28,0.565189,31.630200431486585,31.659719983919143,27.645061,27.645061,signal_low,13,0.09332711152589823,3.546430237984133,-3.68642090527298,trend_exit_ma10,31.68924,27.645061
cup_v2_trend_scored,杯柄 V2 趋势增强,688016.SH,心脉医疗,trend_cup,2023-11-08,2023-11-09,2023-11-16,0.566501,209.93075515707818,193.99538331075829,182.406958,182.406958,signal_low,6,-7.5907752698724185,2.836113837095189,-8.64573110893032,trend_exit_ma10,209.601129,182.406958
cup_v2_trend_scored,杯柄 V2 趋势增强,688016.SH,心脉医疗,trend_cup,2023-12-01,2023-12-04,2023-12-06,0.599181,212.19693602727236,200.05226672745906,191.780707,191.780707,signal_low,3,-5.72330097087378,0.0,-6.3009708737864045,trend_exit_ma10,213.206417,191.780707
cup_v2_trend_scored,杯柄 V2 趋势增强,688066.SH,航天宏图,trend_cup,2023-03-01,2023-03-02,2023-03-08,0.626618,102.25214041487284,97.86445528513016,87.402286,87.402286,signal_low,5,-4.291044776119401,1.7772977219167263,-5.665750196386499,trend_exit_ma10,103.005176,87.402286
cup_v2_trend_scored,杯柄 V2 趋势增强,688082.SH,盛美上海,trend_cup,2025-07-25,2025-07-28,2025-08-07,0.602817,123.82474697239806,119.74922380692956,110.871395,110.871395,signal_low,9,-3.291364016578191,6.062831497348009,-3.832735515722041,trend_exit_ma10,123.743915,110.871395
cup_v2_trend_scored,杯柄 V2 趋势增强,688230.SH,芯导科技,trend_cup,2026-01-27,2026-01-28,2026-01-29,0.690639,168.57340978097835,159.890634,159.890634,159.890634,signal_low,2,-5.150738655793685,1.0618820944708673,-5.834248748932014,stop_loss,168.491109,159.890634
cup_v2_trend_scored,杯柄 V2 趋势增强,688239.SH,航宇科技,trend_cup,2025-06-30,2025-07-01,2025-07-07,0.588855,46.29532242077774,43.82041524733994,39.434331,39.434331,signal_low,5,-5.345911949685522,0.14293882218412435,-6.34648370497427,trend_exit_ma10,46.295322,39.434331
cup_v2_trend_scored,杯柄 V2 趋势增强,688239.SH,航宇科技,trend_cup,2025-07-17,2025-07-18,2025-08-11,0.563479,47.38057583372907,50.199587747858764,39.434331,39.434331,signal_low,17,5.949720670391079,12.34636871508381,-2.8491620111731564,trend_exit_ma10,47.473219,39.434331
cup_v2_trend_scored,杯柄 V2 趋势增强,688399.SH,硕世生物,trend_cup,2025-08-07,2025-08-08,2025-08-22,0.560779,100.53803338229685,105.81548934887874,85.904331,85.904331,signal_low,11,5.249213445934764,12.932604735883423,-6.424904785560526,trend_exit_ma10,100.071886,85.904331
cup_v2_trend_scored,杯柄 V2 趋势增强,688523.SH,航天环宇,trend_cup,2025-08-04,2025-08-05,2025-08-19,0.621915,24.024769560557342,24.873772775991423,18.971179,18.971179,signal_low,11,3.533866217921733,15.902397980647876,-2.482120319730763,trend_exit_ma10,23.640697,18.971179
cup_v2_trend_scored,杯柄 V2 趋势增强,688526.SH,科前生物,trend_cup,2025-05-15,2025-05-16,2025-05-23,0.6143,18.119927204132324,17.710970513761282,15.089453,15.089453,signal_low,6,-2.256944444444442,7.407407407407396,-2.48842592592593,trend_exit_ma10,18.19333,15.089453
cup_v2_trend_scored,杯柄 V2 趋势增强,688533.SH,上声电子,trend_cup,2026-02-04,2026-02-05,2026-02-09,0.691634,35.00744944002329,33.59886567557264,32.967074,32.967074,signal_low,3,-4.023668639053268,0.44378698224853963,-4.881656804733736,trend_exit_ma10,35.483882,32.967074
cup_v2_trend_scored,杯柄 V2 趋势增强,688538.SH,和辉光电-U,trend_cup,2025-07-25,2025-07-28,2025-08-05,0.57205,2.58,2.56,2.27,2.27,signal_low,7,-0.7751937984496138,1.9379844961240345,-2.3255813953488413,trend_exit_ma10,2.58,2.27
cup_v2_trend_scored,杯柄 V2 趋势增强,688538.SH,和辉光电-U,trend_cup,2025-08-08,2025-08-11,2025-09-04,0.579912,2.67,2.64,2.27,2.27,signal_low,19,-1.1235955056179692,8.614232209737827,-4.868913857677903,trend_exit_ma10,2.67,2.27
cup_v2_trend_scored,杯柄 V2 趋势增强,688548.SH,广钢气体,trend_cup,2025-09-24,2025-09-25,2025-10-16,0.607731,12.353691432804434,12.392417738236423,10.501655,10.501655,signal_low,10,0.31347962382446415,7.667597981748964,-3.7067545304777627,trend_exit_ma10,12.475804,10.501655
cup_v2_trend_scored,杯柄 V2 趋势增强,688568.SH,中科星图,trend_cup,2023-03-24,2023-03-27,2023-04-21,0.681519,80.29808510844987,84.54548945988705,70.172756,70.172756,signal_low,19,5.289546252193533,11.30609175231887,-5.841062923038343,trend_exit_ma10,80.499384,70.172756
cup_v2_trend_scored,杯柄 V2 趋势增强,688575.SH,亚辉龙,trend_cup,2023-10-27,2023-10-30,2023-11-17,0.646277,30.12294427941605,32.86799561442552,26.79693,26.79693,signal_low,15,9.112825458052075,17.791706846673083,0.0,trend_exit_ma10,30.0358,26.79693
cup_v2_trend_scored,杯柄 V2 趋势增强,688578.SH,艾力斯,trend_cup,2023-02-13,2023-02-14,2023-02-16,0.602552,24.55,23.4,22.85,22.85,signal_low,3,-4.684317718940944,3.258655804480659,-5.539714867617107,trend_exit_ma10,24.51,22.85
cup_v2_trend_scored,杯柄 V2 趋势增强,688779.SH,五矿新能,trend_cup,2025-07-22,2025-07-23,2025-08-01,0.604654,5.9265983843742465,5.782798770195322,5.402757,5.402757,signal_low,8,-2.426343154246091,2.5996533795493937,-2.9462738301559765,trend_exit_ma10,5.926598,5.402757
