strategy_id,strategy_name,symbol,signal_date,score,entry_type,signal_open,signal_high,signal_low,signal_close,strategy_family,entry_variant,mcst_mode,base_start_date,base_end_date,first_breakout_date,handle_low_date,handle_prep_date,throwback_hold_date,second_breakout_date,base_length_days,base_width_pct,base_drift_pct,breakout_leg_pct,washout_count,base_dryup_count,base_dryup_tail_count,first_breakout_ratio_pct,first_breakout_vol_ratio,handle_length_days,handle_depth_pct,handle_bottom_dryup_flag,handle_volume_contraction_ratio,handle_range_contraction_ratio,handle_volume_contract_share,handle_range_contract_share,rim_approach_distance_pct,pullback_depth_pct,pullback_stability,pullback_vol_ratio_vs_breakout,throwback_reclaim_ratio,throwback_close_strength,throwback_day_pct,second_breakout_vol_ratio,second_breakout_day_pct,mcst_value_first,mcst_value_signal,mcst_distance_first_pct,mcst_distance_signal_pct,mcst_distance_second_pct,mcst_slope_first_pct,mcst_slope_signal_pct,mcst_slope_second_pct,rs_rating_120,ret_120d_pct,close_vs_ma120_pct,rsi14,name
cup_v3_handle_breakout_confirm,杯柄 V3 柄部确认突破,000001.SZ,2024-04-29,0.597129,bottom_staging_handle_breakout_confirm,10.56,10.9,10.45,10.81,cup_v3_bottom_staging,handle_breakout_confirm,rolling_1m,2023-11-30,2024-04-16,2024-04-17,2024-04-22,2024-04-29,2024-04-29,2024-04-29,90,15.202186,11.366229,16.065574,3,27,12,0.749455,1.864524,7,1.626794,True,0.547629,0.565885,0.5,0.5,0.0,1.626794,0.578296,0.896591,2.117647,0.763158,1.9811,1.531568,1.9811,10.427539,10.520778,1.845699,2.749058,2.749058,-0.481706,0.294502,0.294502,79.0,3.34608,8.575016,61.319796,平安银行
cup_v3_handle_breakout_confirm,杯柄 V3 柄部确认突破,000099.SZ,2023-06-14,0.636897,bottom_staging_handle_breakout_confirm,9.84,9.89,8.29,9.52,cup_v3_bottom_staging,handle_breakout_confirm,rolling_1m,2023-01-11,2023-05-29,2023-05-30,2023-06-06,,,2023-06-14,90,9.77027,9.647711,13.378378,3,24,9,3.286963,1.680882,10,1.206273,True,0.648611,0.943153,0.75,0.5,0.0,1.206273,0.575618,0.61787,,,,2.127196,-5.6492,8.178026,9.515686,2.591989,0.045341,0.045341,0.994656,13.825442,13.825442,84.0,24.444444,20.667983,60.086083,中信海直
cup_v3_handle_breakout_confirm,杯柄 V3 柄部确认突破,000155.SZ,2024-11-06,0.463288,bottom_staging_handle_breakout_confirm,11.83,12.1,11.27,11.87,cup_v3_bottom_staging,handle_breakout_confirm,rolling_1m,2024-06-12,2024-10-24,2024-10-25,2024-10-30,2024-10-31,2024-10-31,2024-11-06,90,23.536401,1.700053,26.701231,3,20,6,2.561861,1.271151,7,4.081633,False,0.685433,1.469822,1.0,0.5,0.0,4.081633,0.544309,0.594881,1.043478,0.805556,2.5305,1.120538,0.3381,11.343549,11.558803,3.406788,2.692296,2.692296,1.891682,0.967898,0.967898,28.0,-3.964401,11.792175,61.271151,川能动力
cup_v3_handle_breakout_confirm,杯柄 V3 柄部确认突破,000166.SZ,2023-03-01,0.53235,bottom_staging_handle_breakout_confirm,4.22,4.26,4.16,4.25,cup_v3_bottom_staging,handle_breakout_confirm,rolling_1m,2022-09-30,2023-02-17,2023-02-20,2023-02-28,2023-03-01,2023-03-01,2023-03-01,90,6.345178,6.451613,7.360406,3,25,10,0.954654,1.470147,6,1.682692,False,0.702353,1.29349,0.6,0.4,0.0,1.682692,0.827802,0.510827,1.285714,0.833333,0.7109,1.151989,0.7109,4.196018,4.21136,0.809864,0.91752,0.91752,0.558889,0.131861,0.131861,50.0,2.657005,4.222013,58.593277,申万宏源
cup_v3_handle_breakout_confirm,杯柄 V3 柄部确认突破,000403.SZ,2024-05-06,0.606984,bottom_staging_handle_breakout_confirm,29.5,30.34,28.41,30.34,cup_v3_bottom_staging,handle_breakout_confirm,rolling_1m,2023-11-28,2024-04-12,2024-04-15,2024-04-29,2024-05-06,2024-05-06,2024-05-06,90,15.734559,0.0,18.289027,4,27,12,2.207178,1.527341,11,4.153467,False,1.239922,1.108885,0.666667,0.555556,0.0,4.153467,0.664077,0.66563,1.635593,1.0,3.5848,2.110845,3.5848,28.358163,29.335478,4.343853,3.424257,3.424257,0.803974,1.968509,1.968509,93.0,27.962885,11.840852,62.559404,派林生物
cup_v3_handle_breakout_confirm,杯柄 V3 柄部确认突破,000429.SZ,2022-05-30,0.544315,bottom_staging_handle_breakout_confirm,8.26,8.45,7.86,8.38,cup_v3_bottom_staging,handle_breakout_confirm,rolling_1m,2021-12-23,2022-05-12,2022-05-13,2022-05-19,2022-05-27,2022-05-27,2022-05-30,90,9.063609,7.707635,10.565111,1,29,9,1.376721,1.258392,10,3.053435,False,1.41807,1.696888,0.333333,0.333333,0.0,3.053435,0.598538,0.632496,1.708333,1.0,0.9768,1.344519,1.3301,7.948311,8.016506,1.908448,4.534319,4.534319,-0.143818,0.501147,0.501147,91.0,20.57554,9.991797,63.611125,粤高速Ａ
cup_v3_handle_breakout_confirm,杯柄 V3 柄部确认突破,000547.SZ,2025-08-06,0.569752,bottom_staging_handle_breakout_confirm,8.34,8.61,8.01,8.53,cup_v3_bottom_staging,handle_breakout_confirm,rolling_1m,2025-03-13,2025-07-23,2025-07-24,2025-08-04,,,2025-08-06,90,16.410554,5.35493,18.440128,1,46,17,1.743462,1.970049,8,1.997503,False,1.06344,1.752604,0.333333,0.666667,0.0,1.997503,0.641579,0.603278,,,,1.66978,2.0335,8.078088,8.10423,1.137799,5.253675,5.253675,0.986114,0.844975,0.844975,63.0,16.689466,13.089977,66.698317,航天发展
cup_v3_handle_breakout_confirm,杯柄 V3 柄部确认突破,000581.SZ,2024-03-26,0.52998,bottom_staging_handle_breakout_confirm,16.92,17.39,16.91,17.32,cup_v3_bottom_staging,handle_breakout_confirm,rolling_1m,2023-10-17,2024-02-28,2024-02-29,2024-03-05,2024-03-18,2024-03-18,2024-03-26,90,13.645237,2.563265,16.122518,2,16,5,2.179837,1.239678,17,2.010645,True,0.710777,0.823414,0.5,0.5,0.0,2.010645,0.706038,0.75949,1.382353,0.962963,1.5187,1.049121,2.3036,16.641802,17.119763,3.654639,1.169622,1.169622,1.614986,0.388286,0.388286,78.0,2.485207,7.051249,57.577515,威孚高科
cup_v3_handle_breakout_confirm,杯柄 V3 柄部确认突破,000581.SZ,2024-04-12,0.557985,bottom_staging_handle_breakout_confirm,17.31,17.97,16.88,17.75,cup_v3_bottom_staging,handle_breakout_confirm,rolling_1m,2023-11-16,2024-03-29,2024-04-01,2024-04-10,2024-04-11,2024-04-11,2024-04-12,90,16.129249,5.017598,16.593739,2,24,10,0.399977,1.393905,6,2.606635,False,1.218059,1.785704,0.75,0.5,0.0,2.606635,0.764741,0.685652,0.886364,0.698113,1.5882,1.945977,2.7794,17.147638,17.214213,1.005164,3.11247,3.11247,0.281565,0.355784,0.355784,82.0,3.922717,9.551559,62.234267,威孚高科
cup_v3_handle_breakout_confirm,杯柄 V3 柄部确认突破,000651.SZ,2023-02-28,0.4972,bottom_staging_handle_breakout_confirm,35.35,35.74,34.54,35.52,cup_v3_bottom_staging,handle_breakout_confirm,rolling_1m,2022-09-30,2023-02-17,2023-02-20,2023-02-27,2023-02-28,2023-02-28,2023-02-28,90,15.146893,10.099119,16.552822,2,27,8,1.220987,2.013231,5,1.766068,False,0.921167,1.183315,0.5,0.5,0.0,1.766068,0.56957,0.876105,1.606557,0.728395,0.8804,1.056581,0.8804,34.789082,35.256239,1.037445,0.748126,0.748126,0.202861,1.086161,1.086161,79.0,17.810945,7.887283,54.753232,格力电器
cup_v3_handle_breakout_confirm,杯柄 V3 柄部确认突破,000651.SZ,2023-04-11,0.53874,bottom_staging_handle_breakout_confirm,37.95,39.4,36.5,39.4,cup_v3_bottom_staging,handle_breakout_confirm,rolling_1m,2022-11-16,2023-03-29,2023-03-30,2023-04-06,2023-04-07,2023-04-07,2023-04-11,90,15.118306,15.672422,15.909091,2,23,6,0.686932,1.453269,6,2.0,False,0.768941,0.764455,1.0,0.333333,0.0,2.0,0.785601,0.528761,1.082192,0.7,1.4694,2.574749,4.3709,36.881154,37.285387,0.945865,5.671424,5.671424,0.302819,1.045942,1.045942,73.0,21.642482,16.352611,68.470486,格力电器
cup_v3_handle_breakout_confirm,杯柄 V3 柄部确认突破,000729.SZ,2024-05-06,0.521931,bottom_staging_handle_breakout_confirm,10.05,10.22,9.27,10.14,cup_v3_bottom_staging,handle_breakout_confirm,rolling_1m,2023-11-30,2024-04-16,2024-04-17,2024-04-25,2024-04-26,2024-04-26,2024-05-06,90,15.590743,0.0,18.270402,2,25,7,2.31823,1.969333,9,4.746494,False,1.104798,1.418032,0.6,0.4,0.0,4.746494,0.476477,0.74903,1.136364,0.78125,2.8421,1.094111,2.5278,9.357885,9.628411,3.762767,5.313331,5.313331,2.092932,1.276625,1.276625,69.0,-0.976562,11.153741,66.982553,燕京啤酒
cup_v3_handle_breakout_confirm,杯柄 V3 柄部确认突破,000738.SZ,2022-07-04,0.471457,bottom_staging_handle_breakout_confirm,28.08,28.88,27.53,28.7,cup_v3_bottom_staging,handle_breakout_confirm,rolling_1m,2022-02-09,2022-06-22,2022-06-23,2022-07-01,,,2022-07-04,90,22.965897,11.218547,26.257797,3,19,8,2.677084,1.273433,6,0.72648,False,0.657428,1.067969,0.8,0.8,0.0,0.72648,0.601993,0.656982,,,,1.058178,3.2374,26.918714,27.40397,3.013837,4.729352,4.729352,0.73743,0.702418,0.702418,72.0,-2.974983,15.173931,62.671818,航发控制
cup_v3_handle_breakout_confirm,杯柄 V3 柄部确认突破,000777.SZ,2023-06-28,0.490102,bottom_staging_handle_breakout_confirm,13.29,13.35,12.61,13.32,cup_v3_bottom_staging,handle_breakout_confirm,rolling_1m,2023-02-06,2023-06-15,2023-06-16,2023-06-27,,,2023-06-28,90,11.48981,9.100947,14.107519,3,25,10,2.347936,1.272185,5,3.013481,False,1.231693,2.438363,0.5,0.25,0.0,3.013481,0.522449,0.74959,,,,1.328545,0.2257,12.6556,12.714276,2.642306,4.764126,4.764126,-0.075902,0.268699,0.268699,85.0,28.820116,12.735659,62.321008,中核科技
cup_v3_handle_breakout_confirm,杯柄 V3 柄部确认突破,000848.SZ,2023-03-06,0.554285,bottom_staging_handle_breakout_confirm,9.26,9.42,8.94,9.35,cup_v3_bottom_staging,handle_breakout_confirm,rolling_1m,2022-09-23,2023-02-10,2023-02-13,2023-02-20,2023-02-22,2023-02-22,2023-03-06,90,12.057093,10.523275,13.935145,3,29,12,1.675978,1.475269,14,1.789709,False,0.784547,1.17031,1.0,0.75,0.0,1.789709,0.615889,0.789499,1.25,0.6,1.2182,1.00348,1.3001,9.06009,9.102615,0.440499,2.71774,2.71774,0.976744,0.667298,0.667298,60.0,9.741784,9.990295,62.448478,承德露露
cup_v3_handle_breakout_confirm,杯柄 V3 柄部确认突破,000869.SZ,2023-02-03,0.636875,bottom_staging_handle_breakout_confirm,31.99,32.1,29.84,31.31,cup_v3_bottom_staging,handle_breakout_confirm,rolling_1m,2022-09-01,2023-01-13,2023-01-16,2023-01-19,2023-02-02,2023-02-02,2023-02-03,90,9.157143,0.070693,10.25,4,29,5,1.001178,1.588744,8,3.451743,True,0.709869,0.700477,0.5,1.0,0.0,3.451743,0.811707,0.478984,1.815534,0.701571,4.2064,1.233848,-1.2614,30.363899,30.527805,1.666787,2.562237,2.562237,-0.471434,0.639183,0.639183,75.0,16.350799,5.591528,60.231937,张裕Ａ
cup_v3_handle_breakout_confirm,杯柄 V3 柄部确认突破,000890.SZ,2025-09-29,0.550375,bottom_staging_handle_breakout_confirm,4.49,4.88,4.05,4.56,cup_v3_bottom_staging,handle_breakout_confirm,rolling_1m,2025-05-06,2025-09-09,2025-09-10,2025-09-23,,,2025-09-29,90,18.138889,13.154487,20.277778,4,42,15,1.810487,1.909667,12,6.91358,False,1.430363,1.851707,0.625,0.5,0.0,6.91358,0.33765,0.726391,,,,2.016179,2.7027,4.142037,4.288074,4.537944,6.341452,6.341452,-2.553758,2.759587,2.759587,80.0,63.44086,17.475311,60.570031,法尔胜
cup_v3_handle_breakout_confirm,杯柄 V3 柄部确认突破,000893.SZ,2025-09-08,0.55622,bottom_staging_handle_breakout_confirm,33.25,35.35,32.1,35.15,cup_v3_bottom_staging,handle_breakout_confirm,rolling_1m,2025-04-15,2025-08-22,2025-08-25,2025-09-04,,,2025-09-08,90,14.366177,13.139159,15.143305,4,26,6,0.679509,1.426161,9,0.623053,False,0.755974,0.799393,0.714286,0.428571,0.0,0.623053,0.422902,0.831496,,,,1.353219,5.8416,31.792298,32.663334,1.596933,7.61302,7.61302,0.076476,1.26221,1.26221,82.0,34.57121,18.7811,63.58354,亚钾国际
cup_v3_handle_breakout_confirm,杯柄 V3 柄部确认突破,000917.SZ,2023-01-16,0.579286,bottom_staging_handle_breakout_confirm,5.32,5.33,5.09,5.21,cup_v3_bottom_staging,handle_breakout_confirm,rolling_1m,2022-08-18,2022-12-29,2022-12-30,2023-01-12,2023-01-13,2023-01-13,2023-01-16,90,13.79234,0.0,14.677884,4,20,10,0.77821,1.553999,9,1.768173,False,0.881483,1.334616,0.857143,0.571429,0.0,1.768173,0.66866,0.741081,2.777778,0.6,4.0936,2.415165,-2.4345,5.109625,5.172968,1.377303,0.715878,0.715878,0.114795,0.956546,0.956546,66.0,2.156863,5.683086,54.362529,电广传媒
cup_v3_handle_breakout_confirm,杯柄 V3 柄部确认突破,000920.SZ,2024-01-02,0.571677,bottom_staging_handle_breakout_confirm,9.94,10.15,9.42,10.03,cup_v3_bottom_staging,handle_breakout_confirm,rolling_1m,2023-08-01,2023-12-12,2023-12-13,2023-12-21,2023-12-27,2023-12-27,2024-01-02,90,11.158063,0.971552,11.58063,4,42,18,0.38015,1.229566,12,3.715499,False,1.093168,1.392402,0.6,0.2,0.0,3.715499,0.704102,0.697011,0.857143,0.617647,1.6736,1.763053,1.007,9.761505,9.73001,0.087025,3.083138,3.083138,1.12521,0.547494,0.547494,60.0,-0.693069,6.517045,66.414484,沃顿科技
cup_v3_handle_breakout_confirm,杯柄 V3 柄部确认突破,000931.SZ,2025-07-21,0.566505,bottom_staging_handle_breakout_confirm,5.6,5.86,5.05,5.71,cup_v3_bottom_staging,handle_breakout_confirm,rolling_1m,2025-02-11,2025-06-23,2025-06-24,2025-07-09,2025-07-10,2025-07-10,2025-07-21,90,11.698274,7.98788,12.934157,3,29,10,1.106448,1.896158,18,4.950495,False,0.659071,1.706903,0.7,0.6,0.0,4.950495,0.474069,0.4738,1.8,0.8,1.1029,1.614318,2.1467,5.230969,5.439442,1.31965,4.974009,4.974009,-0.011574,1.583351,1.583351,69.0,25.494505,14.146732,65.983123,中关村
cup_v3_handle_breakout_confirm,杯柄 V3 柄部确认突破,000988.SZ,2025-07-28,0.542767,bottom_staging_handle_breakout_confirm,48.77,50.83,47.41,50.42,cup_v3_bottom_staging,handle_breakout_confirm,rolling_1m,2025-03-04,2025-07-14,2025-07-15,2025-07-25,,,2025-07-28,90,20.195838,3.76328,25.706399,3,29,5,4.584651,2.16919,8,1.813963,True,0.806659,0.73798,0.571429,0.571429,0.0,1.813963,0.571962,0.513049,,,,1.987591,5.371,46.172659,47.679656,4.542387,5.747407,5.747407,1.614832,1.483352,1.483352,60.0,19.478673,16.38339,65.692567,华工科技
cup_v3_handle_breakout_confirm,杯柄 V3 柄部确认突破,000997.SZ,2023-03-22,0.487433,bottom_staging_handle_breakout_confirm,16.58,16.9,15.75,16.86,cup_v3_bottom_staging,handle_breakout_confirm,rolling_1m,2022-10-28,2023-03-10,2023-03-13,2023-03-16,2023-03-17,2023-03-17,2023-03-22,90,21.450266,15.462477,25.588459,4,32,10,3.407315,1.578478,6,5.015873,False,0.896349,0.966262,1.0,0.5,0.0,5.015873,0.634921,0.554622,0.797468,0.774194,2.3111,1.268493,1.9964,16.081451,16.192757,2.851415,4.120628,4.120628,1.279889,0.594261,0.594261,86.0,33.386076,19.336782,62.578018,新大陆
cup_v3_handle_breakout_confirm,杯柄 V3 柄部确认突破,000997.SZ,2023-04-03,0.523463,bottom_staging_handle_breakout_confirm,16.79,17.34,16.12,17.27,cup_v3_bottom_staging,handle_breakout_confirm,rolling_1m,2022-11-07,2023-03-20,2023-03-21,2023-03-31,,,2023-04-03,90,22.755172,16.499062,25.25574,3,32,9,2.037037,1.512202,8,2.543424,False,0.975787,1.304599,0.571429,0.285714,0.0,2.543424,0.621894,0.694593,,,,1.571066,3.1661,16.14279,16.494234,2.398653,4.703257,4.703257,0.260738,0.927486,0.927486,85.0,42.609414,19.675691,64.02129,新大陆
cup_v3_handle_breakout_confirm,杯柄 V3 柄部确认突破,000999.SZ,2022-06-22,0.487534,bottom_staging_handle_breakout_confirm,42.75,45.5,40.05,44.49,cup_v3_bottom_staging,handle_breakout_confirm,rolling_1m,2022-01-17,2022-06-06,2022-06-07,2022-06-17,,,2022-06-22,90,21.047148,11.431125,22.167231,2,33,14,0.925328,1.292591,10,5.393258,False,1.114496,1.380753,0.571429,0.714286,0.0,5.393258,0.540505,0.810138,,,,1.907863,6.7418,40.700587,41.767101,3.708579,6.519242,6.519242,3.918691,1.256215,1.256215,98.0,63.927782,17.966021,63.432881,华润三九
cup_v3_handle_breakout_confirm,杯柄 V3 柄部确认突破,001208.SZ,2025-08-21,0.48631,bottom_staging_handle_breakout_confirm,12.77,12.99,12.11,12.72,cup_v3_bottom_staging,handle_breakout_confirm,rolling_1m,2025-03-25,2025-08-04,2025-08-05,2025-08-18,,,2025-08-21,90,18.306889,14.379379,25.326371,1,41,14,5.933282,1.294004,11,3.055326,False,0.675496,1.190588,0.625,0.625,0.0,3.055326,0.559843,0.575477,,,,1.069851,0.0,12.1894,12.515213,2.384041,1.636303,1.636303,1.871174,0.043903,0.043903,65.0,19.774011,16.261711,59.452529,华菱线缆
cup_v3_handle_breakout_confirm,杯柄 V3 柄部确认突破,001296.SZ,2026-01-22,0.492518,bottom_staging_handle_breakout_confirm,28.65,29.6,27.39,29.25,cup_v3_bottom_staging,handle_breakout_confirm,rolling_1m,2025-08-26,2026-01-08,2026-01-09,2026-01-14,2026-01-19,2026-01-19,2026-01-22,90,22.061065,11.414112,23.045429,3,40,11,0.806452,1.484,8,3.139832,False,0.606617,1.155521,1.0,0.5,0.0,3.139832,0.355418,0.760272,1.639535,0.984733,3.5971,1.036481,2.0586,27.830823,27.895381,1.506161,4.856071,4.856071,0.92163,-0.565527,-0.565527,81.0,44.017725,18.741543,58.814634,长江材料
cup_v3_handle_breakout_confirm,杯柄 V3 柄部确认突破,001366.SZ,2025-07-15,0.642904,bottom_staging_handle_breakout_confirm,12.81,12.81,12.02,12.36,cup_v3_bottom_staging,handle_breakout_confirm,rolling_1m,2025-02-11,2025-06-23,2025-06-24,2025-06-27,2025-06-30,2025-06-30,2025-07-15,90,10.046211,7.30973,12.754159,4,34,9,2.460737,1.989042,14,1.497504,True,0.534109,0.705766,1.0,1.0,0.0,1.497504,0.758028,0.377378,1.055556,0.777778,0.5766,1.214408,-3.2864,11.850554,12.155831,2.94877,1.679597,1.679597,0.232854,1.205945,1.205945,59.0,20.233463,8.452764,53.809219,播恩集团
cup_v3_handle_breakout_confirm,杯柄 V3 柄部确认突破,001965.SZ,2024-01-26,0.513133,bottom_staging_handle_breakout_confirm,9.98,10.22,9.66,10.16,cup_v3_bottom_staging,handle_breakout_confirm,rolling_1m,2023-08-18,2023-12-29,2024-01-02,2024-01-18,2024-01-25,2024-01-25,2024-01-26,90,7.044229,2.560554,8.414239,3,18,5,1.279855,2.108028,17,4.037267,False,0.9132,1.054651,0.545455,0.727273,0.0,4.037267,0.728949,0.601503,0.794872,0.791667,1.0132,1.282538,1.9057,9.871541,9.948374,1.807814,2.127245,2.127245,0.146143,-0.10944,-0.10944,92.0,10.917031,5.21592,58.423458,招商公路
cup_v3_handle_breakout_confirm,杯柄 V3 柄部确认突破,001965.SZ,2024-03-05,0.516543,bottom_staging_handle_breakout_confirm,10.64,11.1,10.2,11.01,cup_v3_bottom_staging,handle_breakout_confirm,rolling_1m,2023-09-27,2024-02-08,2024-02-19,2024-02-27,,,2024-03-05,90,9.633225,6.485882,14.563107,0,18,5,4.496704,1.756086,10,4.117647,False,1.695935,1.196074,0.6,0.8,0.0,4.117647,0.300838,0.752513,,,,1.114097,2.8011,10.231097,10.513802,3.801184,4.719495,4.719495,1.17413,0.914914,0.914914,91.0,13.38826,11.534143,60.532429,招商公路
cup_v3_handle_breakout_confirm,杯柄 V3 柄部确认突破,002009.SZ,2023-12-12,0.516455,bottom_staging_handle_breakout_confirm,15.37,16.17,14.11,15.97,cup_v3_bottom_staging,handle_breakout_confirm,rolling_1m,2023-07-21,2023-12-01,2023-12-04,2023-12-06,2023-12-07,2023-12-07,2023-12-12,90,19.45545,10.135101,25.432016,4,44,14,5.003175,1.473962,5,5.457123,True,0.839091,0.888345,1.0,1.0,0.0,5.457123,0.631179,0.557354,0.766234,0.660714,2.7972,2.007575,4.1748,14.287834,14.759142,4.144545,8.20412,8.20412,1.362483,2.68118,2.68118,81.0,11.60028,20.15951,70.864401,天奇股份
cup_v3_handle_breakout_confirm,杯柄 V3 柄部确认突破,002020.SZ,2022-10-12,0.497916,bottom_staging_handle_breakout_confirm,9.51,9.87,9.37,9.87,cup_v3_bottom_staging,handle_breakout_confirm,rolling_1m,2022-05-20,2022-09-26,2022-09-27,2022-10-11,2022-10-12,2022-10-12,2022-10-12,90,9.323013,6.517158,10.790203,4,31,6,1.342069,1.332259,5,2.347919,False,1.204149,1.449109,0.5,0.75,0.0,2.347919,0.623826,0.835043,2.272727,1.0,2.7055,1.155856,2.7055,9.493518,9.548065,1.016299,3.371735,3.371735,0.412268,0.433086,0.433086,81.0,11.023622,9.717462,62.900421,京新药业
cup_v3_handle_breakout_confirm,杯柄 V3 柄部确认突破,002021.SZ,2022-08-22,0.554492,bottom_staging_handle_breakout_confirm,1.96,2.06,1.88,2.06,cup_v3_bottom_staging,handle_breakout_confirm,rolling_1m,2022-03-23,2022-08-03,2022-08-04,2022-08-08,2022-08-11,2022-08-11,2022-08-22,90,15.853659,10.394685,18.902439,4,32,5,2.631579,1.297811,11,3.723404,True,0.938744,0.928571,1.0,1.0,0.0,3.723404,0.731959,0.634707,1.0,0.8,1.5625,1.38396,5.102,1.904629,1.948081,2.382132,5.745105,5.745105,0.022042,1.37516,1.37516,80.0,11.956522,15.040953,65.795405,中捷资源
cup_v3_handle_breakout_confirm,杯柄 V3 柄部确认突破,002026.SZ,2025-03-05,0.469256,bottom_staging_handle_breakout_confirm,10.94,11.39,10.65,11.37,cup_v3_bottom_staging,handle_breakout_confirm,rolling_1m,2024-09-30,2025-02-18,2025-02-19,2025-03-04,,,2025-03-05,90,18.576023,15.463461,20.771875,2,29,14,1.851852,2.177937,9,2.253521,False,1.014407,1.243413,0.75,0.625,0.0,2.253521,0.437069,0.597093,,,,1.209086,3.6463,10.398027,10.860549,4.731408,4.690841,4.690841,2.561926,1.345744,1.345744,62.0,43.379571,18.056277,63.298466,山东威达
cup_v3_handle_breakout_confirm,杯柄 V3 柄部确认突破,002035.SZ,2023-03-03,0.619494,bottom_staging_handle_breakout_confirm,6.25,6.52,6.2,6.48,cup_v3_bottom_staging,handle_breakout_confirm,rolling_1m,2022-09-30,2023-02-17,2023-02-20,2023-02-28,2023-03-03,2023-03-03,2023-03-03,90,9.253783,0.0,10.453992,4,35,5,1.098551,2.192775,8,2.419355,False,0.545977,0.966773,0.8,0.6,0.0,2.419355,0.699563,0.443614,1.866667,0.866667,3.5144,1.805708,3.5144,6.090827,6.226361,4.255142,4.073631,4.073631,1.547869,1.076434,1.076434,66.0,11.724138,7.868161,66.196507,华帝股份
cup_v3_handle_breakout_confirm,杯柄 V3 柄部确认突破,002057.SZ,2025-07-21,0.494284,bottom_staging_handle_breakout_confirm,9.28,9.56,9.1,9.53,cup_v3_bottom_staging,handle_breakout_confirm,rolling_1m,2025-02-28,2025-07-10,2025-07-11,2025-07-17,2025-07-21,2025-07-21,2025-07-21,90,25.440634,10.355314,26.929908,2,38,11,1.187235,1.388446,5,2.087912,True,0.607108,0.667366,0.666667,0.666667,0.0,2.087912,0.634318,0.582637,2.263158,0.916667,2.3631,1.067174,2.3631,9.167965,9.315211,1.331102,2.305792,2.305792,1.056388,1.303428,1.303428,77.0,31.811895,15.876828,65.587582,中钢天源
cup_v3_handle_breakout_confirm,杯柄 V3 柄部确认突破,002081.SZ,2023-02-21,0.54329,bottom_staging_handle_breakout_confirm,5.56,5.66,5.35,5.65,cup_v3_bottom_staging,handle_breakout_confirm,rolling_1m,2022-09-22,2023-02-09,2023-02-10,2023-02-16,2023-02-20,2023-02-20,2023-02-21,90,19.893072,17.747093,22.076186,2,27,8,1.820884,1.897001,6,2.429907,False,0.757181,0.937169,0.666667,0.333333,0.0,2.429907,0.545383,0.541164,1.538462,0.809524,3.5448,1.461721,1.8018,5.388588,5.463505,1.696401,3.413468,3.413468,1.374915,0.846945,0.846945,76.0,13.0,13.497497,63.45925,金螳螂
cup_v3_handle_breakout_confirm,杯柄 V3 柄部确认突破,002152.SZ,2023-03-13,0.527841,bottom_staging_handle_breakout_confirm,11.0,11.48,10.82,11.46,cup_v3_bottom_staging,handle_breakout_confirm,rolling_1m,2022-10-18,2023-02-28,2023-03-01,2023-03-07,,,2023-03-13,90,15.758755,17.035414,20.514483,3,22,5,4.10831,1.949658,7,3.049908,False,0.678913,0.975218,1.0,0.333333,0.0,3.049908,0.575665,0.573512,,,,1.463964,4.0872,10.752743,10.92294,3.694473,4.91681,4.91681,0.868618,0.601447,0.601447,86.0,25.657895,17.338885,63.403528,广电运通
cup_v3_handle_breakout_confirm,杯柄 V3 柄部确认突破,002160.SZ,2025-08-20,0.537573,bottom_staging_handle_breakout_confirm,4.51,4.63,4.46,4.62,cup_v3_bottom_staging,handle_breakout_confirm,rolling_1m,2025-03-25,2025-08-04,2025-08-05,2025-08-18,,,2025-08-20,90,20.065789,16.48099,22.807018,2,29,6,2.283105,1.280045,10,0.44843,False,1.192587,1.061734,0.5,0.625,0.0,0.44843,0.670142,0.745583,,,,1.370427,2.6667,4.394875,4.479233,1.93692,3.142661,3.142661,0.136168,0.664309,0.664309,65.0,19.379845,14.097551,61.292426,常铝股份
cup_v3_handle_breakout_confirm,杯柄 V3 柄部确认突破,002162.SZ,2023-01-20,0.490907,bottom_staging_handle_breakout_confirm,5.23,5.45,4.75,5.2,cup_v3_bottom_staging,handle_breakout_confirm,rolling_1m,2022-08-30,2023-01-11,2023-01-12,2023-01-17,,,2023-01-20,90,22.905028,9.263548,23.920772,4,37,10,0.826446,1.292079,5,2.736842,False,0.933446,1.319238,1.0,0.0,0.0,2.736842,0.5209,0.590543,,,,1.3482,1.5625,4.787298,4.86227,1.936423,6.94593,6.94593,-0.106013,1.451413,1.451413,75.0,7.883817,17.242546,59.386171,悦心健康
cup_v3_handle_breakout_confirm,杯柄 V3 柄部确认突破,002162.SZ,2023-09-20,0.60015,bottom_staging_handle_breakout_confirm,4.51,4.76,4.45,4.6,cup_v3_bottom_staging,handle_breakout_confirm,rolling_1m,2023-04-24,2023-09-01,2023-09-04,2023-09-11,,,2023-09-20,90,15.685779,8.513425,16.190957,4,34,8,0.436681,1.235515,11,3.370787,False,0.970529,1.07837,0.5,0.25,0.0,3.370787,0.766994,0.479017,,,,1.726185,1.5453,4.470371,4.504457,2.899742,2.121073,2.121073,-0.679121,0.420454,0.420454,81.0,5.263158,7.188629,56.153612,悦心健康
cup_v3_handle_breakout_confirm,杯柄 V3 柄部确认突破,002175.SZ,2023-11-15,0.585938,bottom_staging_handle_breakout_confirm,3.15,3.21,3.07,3.17,cup_v3_bottom_staging,handle_breakout_confirm,rolling_1m,2023-06-21,2023-11-03,2023-11-06,2023-11-10,2023-11-13,2023-11-13,2023-11-15,90,9.579357,5.35386,11.346766,3,50,10,1.612903,1.483996,6,2.605863,True,0.575677,0.710424,0.666667,0.666667,0.0,2.605863,0.741723,0.551445,1.125,1.0,1.9355,1.16537,0.9554,3.075294,3.090753,2.429243,2.563999,2.563999,0.411715,0.254332,0.254332,86.0,17.843866,6.962097,58.280269,东方智造
cup_v3_handle_breakout_confirm,杯柄 V3 柄部确认突破,002193.SZ,2022-08-30,0.607621,bottom_staging_handle_breakout_confirm,7.19,7.48,6.65,7.28,cup_v3_bottom_staging,handle_breakout_confirm,rolling_1m,2022-03-30,2022-08-10,2022-08-11,2022-08-29,,,2022-08-30,90,17.424512,9.502515,20.248668,3,44,12,2.405082,2.035476,12,1.804511,False,1.093976,1.940593,0.545455,0.545455,0.0,1.804511,0.48775,0.48017,,,,1.596871,1.1111,6.591977,6.82269,2.700598,6.702781,6.702781,1.160077,1.481859,1.481859,89.0,22.558923,18.745667,67.947348,如意集团
cup_v3_handle_breakout_confirm,杯柄 V3 柄部确认突破,002194.SZ,2023-04-04,0.518226,bottom_staging_handle_breakout_confirm,11.42,11.58,10.81,11.43,cup_v3_bottom_staging,handle_breakout_confirm,rolling_1m,2022-11-08,2023-03-21,2023-03-22,2023-03-31,2023-04-03,2023-04-03,2023-04-04,90,17.986315,2.309307,20.343217,4,35,8,1.997607,1.229532,8,2.497687,False,0.845695,1.226593,0.833333,0.666667,0.0,2.497687,0.590357,0.835599,1.777778,0.888889,1.8034,1.246369,1.24,10.801136,10.948604,2.581801,4.396867,4.396867,-0.096579,0.285897,0.285897,78.0,36.55914,12.872167,61.536076,武汉凡谷
cup_v3_handle_breakout_confirm,杯柄 V3 柄部确认突破,002204.SZ,2025-08-15,0.518847,bottom_staging_handle_breakout_confirm,6.53,6.64,6.36,6.64,cup_v3_bottom_staging,handle_breakout_confirm,rolling_1m,2025-03-26,2025-08-05,2025-08-06,2025-08-08,2025-08-15,2025-08-15,2025-08-15,90,12.342877,3.014643,14.350559,4,44,13,1.787102,1.413441,6,2.987421,False,1.108083,1.367554,0.0,0.0,0.0,2.987421,0.617967,0.763236,1.473684,1.0,1.5291,1.172351,1.5291,6.418552,6.488487,2.047938,2.335105,2.335105,-1.245896,0.737835,0.737835,81.0,34.685598,9.581505,60.806773,大连重工
cup_v3_handle_breakout_confirm,杯柄 V3 柄部确认突破,002204.SZ,2025-12-23,0.597491,bottom_staging_handle_breakout_confirm,7.65,7.71,6.98,7.43,cup_v3_bottom_staging,handle_breakout_confirm,rolling_1m,2025-07-24,2025-12-04,2025-12-05,2025-12-17,,,2025-12-23,90,11.704043,5.975763,16.221968,2,40,13,4.044549,1.269876,11,1.719198,False,0.765174,1.327895,0.714286,0.428571,0.0,1.719198,0.501339,0.8254,,,,1.724756,-2.8758,6.937775,7.250191,2.338281,2.480062,2.480062,0.674327,3.871754,3.871754,74.0,24.455611,13.255002,57.677857,大连重工
cup_v3_handle_breakout_confirm,杯柄 V3 柄部确认突破,002252.SZ,2023-05-26,0.595443,bottom_staging_handle_breakout_confirm,6.38,6.82,6.37,6.78,cup_v3_bottom_staging,handle_breakout_confirm,rolling_1m,2022-12-14,2023-04-27,2023-04-28,2023-05-15,,,2023-05-26,90,11.206306,8.350168,12.577108,3,33,7,1.232666,2.004881,16,2.978056,True,0.576484,0.772936,0.714286,0.571429,0.0,2.978056,0.538357,0.48056,,,,2.085809,6.2696,6.44665,6.530067,1.913389,3.827424,3.827424,0.156084,0.26911,0.26911,85.0,24.632353,8.994454,63.104021,上海莱士
cup_v3_handle_breakout_confirm,杯柄 V3 柄部确认突破,002252.SZ,2023-06-06,0.606063,bottom_staging_handle_breakout_confirm,7.18,7.22,6.6,7.04,cup_v3_bottom_staging,handle_breakout_confirm,rolling_1m,2023-01-09,2023-05-25,2023-05-26,2023-06-02,,,2023-06-06,90,6.504065,3.045311,10.243902,4,36,9,3.51145,2.085809,6,2.727273,True,0.412735,0.380678,0.75,1.0,0.0,2.727273,0.596635,0.57155,,,,1.679651,-0.7052,6.530067,6.748429,3.827424,4.32058,4.32058,0.26911,1.993998,1.993998,88.0,25.714286,11.839231,65.755229,上海莱士
cup_v3_handle_breakout_confirm,杯柄 V3 柄部确认突破,002270.SZ,2023-09-11,0.472809,bottom_staging_handle_breakout_confirm,12.16,12.4,11.77,12.39,cup_v3_bottom_staging,handle_breakout_confirm,rolling_1m,2023-04-18,2023-08-28,2023-08-29,2023-09-06,2023-09-08,2023-09-08,2023-09-11,90,20.985054,15.720353,22.279065,3,30,13,1.069563,1.393689,8,3.568394,False,1.117586,1.17518,0.6,0.4,0.0,3.568394,0.77067,0.57184,1.02381,0.794118,1.9215,1.000991,1.5574,11.919448,11.909663,2.269837,4.033168,4.033168,-0.413502,-0.241312,-0.241312,96.0,40.317101,14.999072,60.467462,华明装备
cup_v3_handle_breakout_confirm,杯柄 V3 柄部确认突破,002272.SZ,2025-07-25,0.500545,bottom_staging_handle_breakout_confirm,11.5,11.93,10.84,11.75,cup_v3_bottom_staging,handle_breakout_confirm,rolling_1m,2025-03-06,2025-07-16,2025-07-17,2025-07-21,,,2025-07-25,90,23.001776,1.960537,23.778863,3,43,16,0.631769,1.381504,5,2.859779,False,1.13739,1.158425,0.0,0.0,0.0,2.859779,0.558761,0.909351,,,,1.58527,2.8897,10.939065,11.102339,1.928269,5.833558,5.833558,0.720752,1.259713,1.259713,84.0,43.292683,15.294041,68.050842,川润股份
cup_v3_handle_breakout_confirm,杯柄 V3 柄部确认突破,002276.SZ,2025-02-18,0.558212,bottom_staging_handle_breakout_confirm,9.18,9.49,8.57,9.03,cup_v3_bottom_staging,handle_breakout_confirm,rolling_1m,2024-09-12,2025-01-27,2025-02-05,2025-02-17,,,2025-02-18,90,22.635465,14.425587,23.415517,4,30,11,0.636075,1.61931,8,3.383897,False,0.987025,1.90296,0.428571,0.428571,0.0,3.383897,0.475251,0.72237,,,,2.21005,-1.0953,8.400991,8.634958,5.463746,4.574916,4.574916,-2.912961,2.298417,2.298417,69.0,39.783282,15.399361,59.764643,万马股份
cup_v3_handle_breakout_confirm,杯柄 V3 柄部确认突破,002338.SZ,2025-08-05,0.579431,bottom_staging_handle_breakout_confirm,48.5,50.8,46.68,49.89,cup_v3_bottom_staging,handle_breakout_confirm,rolling_1m,2025-03-13,2025-07-23,2025-07-24,2025-08-01,,,2025-08-05,90,19.083004,9.845404,22.300488,4,46,13,2.701883,1.536336,7,1.542416,True,0.62344,0.705477,0.8,1.0,0.0,1.542416,0.384518,0.812483,,,,1.527732,2.4015,46.047553,47.070333,2.937066,5.990328,5.990328,0.805856,1.157101,1.157101,71.0,22.489565,16.148408,62.391316,奥普光电
cup_v3_handle_breakout_confirm,杯柄 V3 柄部确认突破,002371.SZ,2024-07-31,0.565117,bottom_staging_handle_breakout_confirm,334.0,344.28,324.3,342.6,cup_v3_bottom_staging,handle_breakout_confirm,rolling_1m,2024-02-29,2024-07-11,2024-07-12,2024-07-26,,,2024-07-31,90,11.641924,8.867803,12.910653,2,22,10,1.136427,1.867355,12,1.316682,False,0.724441,0.953754,0.555556,0.444444,0.0,1.316682,0.303297,0.60991,,,,1.06414,1.9521,322.384179,333.094019,1.918773,2.853843,2.853843,-0.639261,0.869691,0.869691,97.0,41.745966,12.960447,58.254769,北方华创
cup_v3_handle_breakout_confirm,杯柄 V3 柄部确认突破,002381.SZ,2023-06-28,0.597447,bottom_staging_handle_breakout_confirm,7.56,7.59,7.28,7.55,cup_v3_bottom_staging,handle_breakout_confirm,rolling_1m,2023-01-16,2023-06-01,2023-06-02,2023-06-07,2023-06-27,2023-06-27,2023-06-28,90,8.745753,9.137456,10.651499,2,36,7,1.752479,1.558828,15,2.884615,False,1.306183,1.741574,0.5,0.5,0.0,2.884615,0.627057,0.748087,1.238095,0.875,2.8649,1.210047,0.1326,7.379415,7.414738,1.498556,1.824235,1.824235,1.324447,0.106468,0.106468,80.0,21.970921,7.391778,60.189783,双箭股份
cup_v3_handle_breakout_confirm,杯柄 V3 柄部确认突破,002386.SZ,2025-10-29,0.483467,bottom_staging_handle_breakout_confirm,5.39,5.48,5.29,5.46,cup_v3_bottom_staging,handle_breakout_confirm,rolling_1m,2025-06-09,2025-10-20,2025-10-21,2025-10-23,,,2025-10-29,90,13.362888,11.070215,14.418408,4,19,6,0.931099,1.400244,5,2.457467,False,1.410501,3.010145,0.0,0.0,0.0,2.457467,0.480147,0.733774,,,,1.086855,1.8657,5.304739,5.317847,2.172791,2.673137,2.673137,-0.217395,0.696373,0.696373,60.0,24.657534,8.453479,55.969353,天原股份
cup_v3_handle_breakout_confirm,杯柄 V3 柄部确认突破,002404.SZ,2023-02-02,0.644458,bottom_staging_handle_breakout_confirm,7.12,7.21,6.88,7.11,cup_v3_bottom_staging,handle_breakout_confirm,rolling_1m,2022-09-01,2023-01-13,2023-01-16,2023-01-20,2023-02-01,2023-02-01,2023-02-02,90,14.819137,0.0,16.51942,3,41,14,1.480836,1.448839,7,1.598837,True,0.648656,0.521547,0.666667,0.666667,0.0,1.598837,0.733384,0.542629,2.0,0.777778,0.7092,1.097355,0.1408,6.616475,6.784185,5.645371,4.802569,4.802569,-2.074563,2.345698,2.345698,82.0,22.164948,9.042111,63.655667,嘉欣丝绸
cup_v3_handle_breakout_confirm,杯柄 V3 柄部确认突破,002443.SZ,2023-09-26,0.623026,bottom_staging_handle_breakout_confirm,6.77,6.97,6.62,6.92,cup_v3_bottom_staging,handle_breakout_confirm,rolling_1m,2023-04-24,2023-09-01,2023-09-04,2023-09-11,2023-09-14,2023-09-14,2023-09-26,90,6.416203,0.0,6.98825,3,27,5,0.537556,1.802971,15,4.531722,False,0.877349,1.28111,0.5,0.5,0.0,4.531722,0.732848,0.464123,0.666667,1.0,1.1869,1.515282,1.7647,6.700878,6.775342,3.270049,2.135072,2.135072,-1.738967,0.861041,0.861041,83.0,6.625578,3.551476,58.190414,金洲管道
cup_v3_handle_breakout_confirm,杯柄 V3 柄部确认突破,002480.SZ,2025-07-21,0.500093,bottom_staging_handle_breakout_confirm,6.35,6.8,6.24,6.73,cup_v3_bottom_staging,handle_breakout_confirm,rolling_1m,2025-02-11,2025-07-07,2025-07-08,2025-07-15,,,2025-07-21,90,23.333333,16.48659,28.431373,2,32,11,4.133545,1.38266,8,4.967949,True,0.640545,0.873511,1.0,0.5,0.0,4.967949,0.579086,0.627734,,,,1.847449,5.9843,6.436015,6.266227,1.771053,7.401157,7.401157,0.230207,0.686676,0.686676,73.0,44.731183,19.481595,65.12248,新筑股份
cup_v3_handle_breakout_confirm,杯柄 V3 柄部确认突破,002486.SZ,2025-11-04,0.63447,bottom_staging_handle_breakout_confirm,3.2,3.23,2.83,3.18,cup_v3_bottom_staging,handle_breakout_confirm,rolling_1m,2025-06-09,2025-10-20,2025-10-21,2025-10-29,,,2025-11-04,90,9.696037,6.877615,10.811851,3,21,9,1.017187,1.573801,9,1.766784,False,0.859909,1.205366,0.6,0.6,0.0,1.766784,0.715131,0.547674,,,,2.325071,-1.548,2.793459,2.96332,3.097995,7.312081,7.312081,-0.468405,7.02864,7.02864,76.0,34.745763,17.639805,71.316945,嘉麟杰
cup_v3_handle_breakout_confirm,杯柄 V3 柄部确认突破,002492.SZ,2023-02-06,0.623643,bottom_staging_handle_breakout_confirm,6.9,7.25,6.43,7.1,cup_v3_bottom_staging,handle_breakout_confirm,rolling_1m,2022-08-23,2023-01-04,2023-01-05,2023-01-13,,,2023-02-06,90,15.504571,4.677011,19.376232,2,37,12,3.351955,1.540188,16,3.576983,True,0.667795,0.678637,0.8,0.8,0.0,3.576983,0.577732,0.420262,,,,1.762764,2.3055,6.545017,6.685603,1.756805,6.198349,6.198349,-0.197772,2.730331,2.730331,87.0,26.785714,16.47937,66.754581,恒基达鑫
cup_v3_handle_breakout_confirm,杯柄 V3 柄部确认突破,002526.SZ,2022-07-13,0.482632,bottom_staging_handle_breakout_confirm,2.74,3.11,2.4,3.02,cup_v3_bottom_staging,handle_breakout_confirm,rolling_1m,2022-02-18,2022-07-01,2022-07-04,2022-07-06,,,2022-07-13,90,14.209763,0.0,21.314645,3,17,5,6.220906,1.547531,6,4.583333,False,1.073293,1.167693,0.0,0.0,0.0,4.583333,0.525229,0.619786,,,,2.473599,6.338,2.463191,2.64601,1.900331,14.134105,14.134105,0.467748,7.176016,7.176016,94.0,26.359833,33.850416,73.486779,山东矿机
cup_v3_handle_breakout_confirm,杯柄 V3 柄部确认突破,002533.SZ,2026-02-12,0.56589,bottom_staging_handle_breakout_confirm,14.35,15.0,13.5,14.85,cup_v3_bottom_staging,handle_breakout_confirm,rolling_1m,2025-09-17,2026-01-30,2026-02-02,2026-02-06,2026-02-09,2026-02-09,2026-02-12,90,17.699872,12.762315,19.110731,2,26,5,1.198692,1.742819,7,3.185185,False,0.686463,1.260671,0.666667,0.333333,0.0,3.185185,0.342927,0.548745,1.674419,0.777778,2.9689,1.295809,3.9916,13.533677,13.989009,2.928418,6.154764,6.154764,1.244615,2.014453,2.014453,76.0,26.923077,18.595226,66.444628,金杯电工
cup_v3_handle_breakout_confirm,杯柄 V3 柄部确认突破,002559.SZ,2025-03-21,0.638538,bottom_staging_handle_breakout_confirm,12.99,13.12,10.26,12.1,cup_v3_bottom_staging,handle_breakout_confirm,rolling_1m,2024-10-21,2025-03-04,2025-03-05,2025-03-14,2025-03-17,2025-03-17,2025-03-21,90,18.572915,7.183662,20.388574,3,33,5,1.531259,1.719009,11,1.461988,True,0.813584,0.825341,0.833333,0.5,0.0,1.461988,0.400559,0.672027,2.266667,0.727273,0.6648,2.117059,-7.7744,10.084677,11.283317,3.225916,7.237966,7.237966,1.465886,8.890357,8.890357,83.0,78.994083,27.94868,64.617439,亚威股份
cup_v3_handle_breakout_confirm,杯柄 V3 柄部确认突破,002692.SZ,2022-06-14,0.546865,bottom_staging_handle_breakout_confirm,3.78,3.84,3.64,3.82,cup_v3_bottom_staging,handle_breakout_confirm,rolling_1m,2021-12-30,2022-05-19,2022-05-20,2022-06-06,2022-06-08,2022-06-08,2022-06-14,90,16.490683,5.569871,18.322981,2,38,14,1.572914,1.229257,15,4.67033,True,0.827117,0.79469,0.666667,0.555556,0.0,4.67033,0.54213,0.730235,0.941176,0.736842,3.2609,1.400423,1.0582,3.665009,3.746455,3.956075,1.963046,1.963046,-2.613208,1.203971,1.203971,92.0,21.269841,9.267735,55.704868,远程股份
cup_v3_handle_breakout_confirm,杯柄 V3 柄部确认突破,002767.SZ,2025-03-20,0.478802,bottom_staging_handle_breakout_confirm,16.11,17.19,15.17,16.55,cup_v3_bottom_staging,handle_breakout_confirm,rolling_1m,2024-10-08,2025-02-19,2025-02-20,2025-03-04,2025-03-18,2025-03-18,2025-03-20,90,23.717949,13.061677,27.255461,3,27,10,2.859336,1.560439,19,5.998682,False,1.221343,2.318237,0.571429,0.571429,0.0,5.998682,0.497534,0.484233,1.065934,0.71875,1.0645,1.507292,2.35,15.563735,15.953845,3.3171,3.736745,3.736745,0.935018,1.40691,1.40691,62.0,51.418115,15.771372,60.905792,先锋电子
cup_v3_handle_breakout_confirm,杯柄 V3 柄部确认突破,002785.SZ,2023-11-07,0.616789,bottom_staging_handle_breakout_confirm,26.09,27.33,24.56,26.86,cup_v3_bottom_staging,handle_breakout_confirm,rolling_1m,2023-06-05,2023-10-18,2023-10-19,2023-10-24,2023-11-06,2023-11-06,2023-11-07,90,14.467694,13.819421,17.636238,3,21,6,2.768069,1.654048,12,4.153094,True,0.758652,0.731607,1.0,1.0,0.0,4.153094,0.60064,0.538151,1.5,0.78,1.0457,1.274138,2.9513,24.92347,25.630601,2.634185,4.796608,4.796608,1.72752,0.659411,0.659411,88.0,21.154714,15.577007,61.474313,万里石
cup_v3_handle_breakout_confirm,杯柄 V3 柄部确认突破,002807.SZ,2022-07-12,0.57102,bottom_staging_handle_breakout_confirm,4.65,4.78,4.34,4.74,cup_v3_bottom_staging,handle_breakout_confirm,rolling_1m,2022-02-16,2022-06-29,2022-06-30,2022-07-06,2022-07-07,2022-07-07,2022-07-12,90,14.435696,8.17652,18.897638,3,35,10,3.899083,1.900581,7,4.37788,False,0.980557,0.759831,0.666667,1.0,0.0,4.37788,0.697449,0.399369,1.052632,0.64,2.7149,1.460396,2.82,4.33892,4.437646,4.40385,6.81339,6.81339,1.12812,1.460043,1.460043,93.0,20.918367,14.742193,68.003547,江阴银行
cup_v3_handle_breakout_confirm,杯柄 V3 柄部确认突破,002826.SZ,2022-11-14,0.517566,bottom_staging_handle_breakout_confirm,11.5,12.78,10.73,12.4,cup_v3_bottom_staging,handle_breakout_confirm,rolling_1m,2022-06-23,2022-11-03,2022-11-04,2022-11-08,,,2022-11-14,90,18.080594,2.415207,18.875928,3,28,5,0.673552,2.152961,5,4.473439,True,0.916275,0.890549,1.0,1.0,0.0,4.473439,0.485187,0.547832,,,,1.874199,0.813,11.019361,11.744402,1.730035,5.582213,5.582213,10.451238,6.24318,6.24318,83.0,26.272912,21.112477,64.144962,易明医药
cup_v3_handle_breakout_confirm,杯柄 V3 柄部确认突破,002884.SZ,2024-03-06,0.580934,bottom_staging_handle_breakout_confirm,18.23,18.73,17.38,18.67,cup_v3_bottom_staging,handle_breakout_confirm,rolling_1m,2023-09-26,2024-02-07,2024-02-08,2024-02-29,,,2024-03-06,90,10.436244,4.487231,13.26156,4,26,9,2.558323,1.794374,12,4.718067,False,1.37802,1.290693,0.875,0.75,0.0,4.718067,0.342795,0.711682,,,,1.014673,2.4136,17.391113,17.903274,4.651153,4.282603,4.282603,-2.050175,0.963899,0.963899,91.0,15.675341,9.640258,58.363357,凌霄泵业
cup_v3_handle_breakout_confirm,杯柄 V3 柄部确认突破,002932.SZ,2025-07-21,0.555345,bottom_staging_handle_breakout_confirm,20.96,22.65,19.88,21.86,cup_v3_bottom_staging,handle_breakout_confirm,rolling_1m,2025-02-20,2025-07-02,2025-07-03,2025-07-07,2025-07-14,2025-07-14,2025-07-21,90,15.385505,5.135973,19.639348,2,29,13,3.686636,1.435657,11,4.124748,False,1.227425,0.97657,0.0,1.0,0.0,4.124748,0.579412,0.810161,1.231707,0.795699,3.6725,2.207961,4.5433,20.316958,20.488403,1.88533,6.694506,6.694506,0.737589,2.347899,2.347899,65.0,22.327924,14.999167,67.836167,明德生物
cup_v3_handle_breakout_confirm,杯柄 V3 柄部确认突破,002955.SZ,2026-01-05,0.60958,bottom_staging_handle_breakout_confirm,30.25,31.11,29.2,30.51,cup_v3_bottom_staging,handle_breakout_confirm,rolling_1m,2025-08-08,2025-12-19,2025-12-22,2025-12-29,2025-12-31,2025-12-31,2026-01-05,90,13.327493,8.80303,14.192123,3,29,14,0.762948,1.728853,7,2.671233,False,1.793291,1.408779,0.5,0.75,0.0,2.671233,0.66995,0.553825,1.371795,0.75,2.16,1.170875,0.7929,28.757544,29.501532,4.250905,3.418357,3.418357,0.899027,1.650392,1.650392,72.0,25.503908,11.054153,62.795877,鸿合科技
cup_v3_handle_breakout_confirm,杯柄 V3 柄部确认突破,002958.SZ,2024-04-25,0.555452,bottom_staging_handle_breakout_confirm,2.72,2.79,2.71,2.79,cup_v3_bottom_staging,handle_breakout_confirm,rolling_1m,2023-11-30,2024-04-16,2024-04-17,2024-04-24,2024-04-25,2024-04-25,2024-04-25,90,5.791506,2.269289,6.177606,3,30,15,0.364964,1.937298,5,1.476015,True,0.695872,0.883795,1.0,0.75,0.0,1.476015,0.699048,0.61019,2.0,1.0,2.5735,1.141473,2.5735,2.707813,2.727845,1.55799,2.278538,2.278538,-0.301098,0.543704,0.543704,82.0,4.104478,4.091531,58.864492,青农商行
cup_v3_handle_breakout_confirm,杯柄 V3 柄部确认突破,002966.SZ,2022-11-25,0.591219,bottom_staging_handle_breakout_confirm,7.24,7.49,6.95,7.47,cup_v3_bottom_staging,handle_breakout_confirm,rolling_1m,2022-06-30,2022-11-10,2022-11-11,2022-11-21,2022-11-22,2022-11-22,2022-11-25,90,15.747258,14.354328,18.186283,3,24,7,2.107198,1.481348,9,3.884892,False,0.54013,0.788445,0.6,0.4,0.0,3.884892,0.666248,0.692115,0.925926,0.608696,1.6949,1.953702,2.751,7.045841,7.076403,2.471798,5.562098,5.562098,0.102882,0.439159,0.439159,87.0,27.692308,14.246387,66.411619,苏州银行
cup_v3_handle_breakout_confirm,杯柄 V3 柄部确认突破,002966.SZ,2024-05-16,0.522864,bottom_staging_handle_breakout_confirm,7.6,7.98,7.32,7.9,cup_v3_bottom_staging,handle_breakout_confirm,rolling_1m,2023-12-12,2024-04-26,2024-04-29,2024-05-07,2024-05-13,2024-05-13,2024-05-16,90,14.210034,13.137702,18.105329,2,23,7,3.410641,2.191185,9,3.551913,False,1.111372,0.780581,0.5,0.5,0.0,3.551913,0.619246,0.504567,0.730769,0.722222,0.5355,1.537034,4.0843,7.286567,7.440447,4.027047,6.176415,6.176415,0.729503,1.260768,1.260768,94.0,28.455285,14.394662,68.250552,苏州银行
cup_v3_handle_breakout_confirm,杯柄 V3 柄部确认突破,002971.SZ,2024-01-19,0.59528,bottom_staging_handle_breakout_confirm,27.42,28.79,26.0,28.23,cup_v3_bottom_staging,handle_breakout_confirm,rolling_1m,2023-08-17,2023-12-28,2023-12-29,2024-01-10,2024-01-11,2024-01-11,2024-01-19,90,21.312639,12.290262,22.926829,2,39,15,1.330604,1.844761,13,6.615385,False,0.795826,1.21078,0.666667,0.5,0.0,6.615385,0.510312,0.496025,0.918605,0.859155,3.6842,1.968317,2.954,26.616094,26.932187,4.147512,4.818817,4.818817,-1.764736,1.285979,1.285979,90.0,8.285386,12.838004,60.342862,和远气体
cup_v3_handle_breakout_confirm,杯柄 V3 柄部确认突破,002971.SZ,2025-07-10,0.578123,bottom_staging_handle_breakout_confirm,24.08,24.65,21.74,23.27,cup_v3_bottom_staging,handle_breakout_confirm,rolling_1m,2025-02-11,2025-06-23,2025-06-24,2025-07-09,,,2025-07-10,90,20.539044,14.898638,23.460278,3,28,11,2.423475,1.928336,11,0.50598,False,1.714104,2.013056,0.5,0.6,0.0,0.50598,0.449512,0.722485,,,,2.107455,-0.8944,21.478423,22.489688,1.730001,3.469641,3.469641,0.074887,1.873884,1.873884,76.0,30.510376,18.060899,61.167292,和远气体
cup_v3_handle_breakout_confirm,杯柄 V3 柄部确认突破,002984.SZ,2024-04-12,0.536881,bottom_staging_handle_breakout_confirm,31.39,32.75,30.3,32.18,cup_v3_bottom_staging,handle_breakout_confirm,rolling_1m,2023-11-14,2024-03-27,2024-03-28,2024-04-10,2024-04-12,2024-04-12,2024-04-12,90,12.05166,7.346976,13.645357,3,18,6,1.422288,1.419462,8,4.257426,False,0.790338,1.28597,0.5,0.333333,0.0,4.257426,0.613252,0.664553,1.457364,0.61745,3.2403,1.332265,3.2403,31.075277,31.079353,1.656373,3.541408,3.541408,-0.091092,-0.39684,-0.39684,79.0,1.482182,7.857486,57.866245,森麒麟
cup_v3_handle_breakout_confirm,杯柄 V3 柄部确认突破,003022.SZ,2025-07-08,0.628752,bottom_staging_handle_breakout_confirm,15.52,16.09,15.48,16.0,cup_v3_bottom_staging,handle_breakout_confirm,rolling_1m,2025-02-11,2025-06-23,2025-06-24,2025-07-04,2025-07-08,2025-07-08,2025-07-08,90,12.310238,4.364084,13.245557,3,29,6,0.832799,1.932492,9,1.679587,False,0.996753,1.369816,0.857143,0.571429,0.0,1.679587,0.714472,0.641439,2.0,0.844828,2.8939,1.742476,2.8939,15.328533,15.57993,2.684322,2.696225,2.696225,0.046226,0.691769,0.691769,57.0,19.402985,8.298973,62.156352,联泓新科
cup_v3_handle_breakout_confirm,杯柄 V3 柄部确认突破,003023.SZ,2025-07-16,0.61022,bottom_staging_handle_breakout_confirm,19.87,20.69,19.65,20.29,cup_v3_bottom_staging,handle_breakout_confirm,rolling_1m,2025-02-10,2025-06-20,2025-06-23,2025-06-25,2025-06-27,2025-06-27,2025-07-16,90,8.847978,8.773418,11.408647,2,20,6,2.352519,1.577894,16,1.628499,False,0.921041,1.45026,1.0,0.0,0.0,1.628499,0.681785,0.683704,1.96875,0.863636,1.5523,1.742921,2.1652,19.652775,19.974619,1.614146,1.578906,1.578906,0.620659,-0.152554,-0.152554,54.0,13.288666,7.699249,58.045111,彩虹集团
cup_v3_handle_breakout_confirm,杯柄 V3 柄部确认突破,300001.SZ,2023-04-20,0.553197,bottom_staging_handle_breakout_confirm,21.0,21.29,17.15,20.95,cup_v3_bottom_staging,handle_breakout_confirm,rolling_1m,2022-11-07,2023-03-20,2023-03-21,2023-04-06,,,2023-04-20,90,13.510734,6.463799,14.346317,3,27,12,0.736127,1.870216,20,3.731778,True,0.729518,0.813359,0.7,0.6,0.0,3.731778,0.596597,0.583504,,,,2.432282,-1.4118,17.359151,19.084013,2.481969,9.777752,9.777752,-3.260561,8.487848,8.487848,82.0,34.122919,24.855354,76.480005,特锐德
cup_v3_handle_breakout_confirm,杯柄 V3 柄部确认突破,300045.SZ,2023-03-13,0.560817,bottom_staging_handle_breakout_confirm,8.46,9.06,8.1,8.9,cup_v3_bottom_staging,handle_breakout_confirm,rolling_1m,2022-10-11,2023-02-21,2023-02-22,2023-03-07,,,2023-03-13,90,20.475902,14.739529,27.614429,2,23,6,5.925274,1.473086,12,3.950617,False,0.76832,1.043524,0.75,0.5,0.0,3.950617,0.439321,0.572511,,,,1.527238,4.4601,8.106665,8.337864,3.865149,6.741966,6.741966,0.527556,1.196871,1.196871,72.0,11.949686,21.172239,67.376901,华力创通
cup_v3_handle_breakout_confirm,杯柄 V3 柄部确认突破,300050.SZ,2023-04-19,0.584967,bottom_staging_handle_breakout_confirm,4.4,4.55,4.31,4.46,cup_v3_bottom_staging,handle_breakout_confirm,rolling_1m,2022-11-17,2023-03-30,2023-03-31,2023-04-18,,,2023-04-19,90,17.163774,15.048802,18.492408,4,28,7,1.133997,1.508381,11,1.392111,False,1.200859,1.070064,0.5,0.7,0.0,1.392111,0.510244,0.813576,,,,1.291244,1.3636,4.31512,4.421729,1.271807,0.865513,0.865513,0.821837,1.098766,1.098766,76.0,24.233983,10.770759,53.693472,世纪鼎利
cup_v3_handle_breakout_confirm,杯柄 V3 柄部确认突破,300092.SZ,2025-07-01,0.557579,bottom_staging_handle_breakout_confirm,14.39,14.97,13.33,14.28,cup_v3_bottom_staging,handle_breakout_confirm,rolling_1m,2025-02-10,2025-06-20,2025-06-23,2025-06-27,2025-07-08,2025-07-08,2025-07-01,90,14.993063,9.304148,21.661464,4,31,8,5.798959,1.672375,5,5.251313,False,0.687383,1.295244,1.0,0.666667,0.0,5.251313,0.685365,0.697297,0.757143,0.966667,0.8734,1.551471,2.219,13.50436,13.732277,3.892375,3.988581,3.988581,4.568782,1.326251,1.326251,75.0,18.703242,16.156584,60.760938,科新机电
cup_v3_handle_breakout_confirm,杯柄 V3 柄部确认突破,300126.SZ,2023-11-13,0.606603,bottom_staging_handle_breakout_confirm,7.05,7.24,6.98,7.24,cup_v3_bottom_staging,handle_breakout_confirm,rolling_1m,2023-06-20,2023-11-02,2023-11-03,2023-11-10,2023-11-13,2023-11-13,2023-11-13,90,12.15311,3.905522,12.91866,4,35,19,0.682594,1.644287,5,1.432665,False,0.740766,1.371549,0.75,0.5,0.0,1.432665,0.750171,0.5828,2.6,1.0,2.4045,1.021474,2.4045,6.859415,6.838007,3.215803,5.878797,5.878797,-2.030646,-0.030375,-0.030375,88.0,21.273032,10.101509,60.540398,锐奇股份
cup_v3_handle_breakout_confirm,杯柄 V3 柄部确认突破,300148.SZ,2023-04-17,0.52537,bottom_staging_handle_breakout_confirm,4.75,4.81,3.69,4.66,cup_v3_bottom_staging,handle_breakout_confirm,rolling_1m,2022-11-17,2023-03-30,2023-03-31,2023-04-07,,,2023-04-17,90,13.341419,10.520095,18.556701,3,40,11,4.601391,1.523671,9,5.96206,False,0.81798,1.232,0.666667,0.333333,0.0,5.96206,0.354191,0.849909,,,,2.098264,-6.6132,3.735869,4.228896,4.661058,10.194254,10.194254,1.964265,11.227433,11.227433,91.0,49.358974,32.186082,66.396042,天舟文化
cup_v3_handle_breakout_confirm,杯柄 V3 柄部确认突破,300163.SZ,2023-09-28,0.508388,bottom_staging_handle_breakout_confirm,3.49,3.6,3.32,3.58,cup_v3_bottom_staging,handle_breakout_confirm,rolling_1m,2023-04-26,2023-09-15,2023-09-18,2023-09-27,2023-09-28,2023-09-28,2023-09-28,90,9.270468,6.387849,10.226187,4,22,8,0.874636,1.301653,7,4.216867,False,1.380665,1.719163,0.5,0.5,0.0,4.216867,0.625866,0.903021,1.857143,0.857143,3.4682,2.015374,3.4682,3.387855,3.446312,2.129519,3.879165,3.879165,0.282481,1.158929,1.158929,88.0,4.373178,9.182403,62.469409,先锋新材
cup_v3_handle_breakout_confirm,杯柄 V3 柄部确认突破,300166.SZ,2023-03-01,0.509704,bottom_staging_handle_breakout_confirm,9.64,10.27,9.18,10.16,cup_v3_bottom_staging,handle_breakout_confirm,rolling_1m,2022-09-30,2023-02-17,2023-02-20,2023-02-22,,,2023-03-01,90,17.032618,17.918583,23.23899,4,26,5,5.303112,1.594513,6,5.77342,False,0.873876,0.951412,1.0,1.0,0.0,5.77342,0.579666,0.606914,,,,1.38051,4.3121,9.336092,9.547033,4.004971,6.420499,6.420499,4.288694,1.723745,1.723745,81.0,19.6702,19.418189,62.254671,东方国信
cup_v3_handle_breakout_confirm,杯柄 V3 柄部确认突破,300166.SZ,2023-03-22,0.536992,bottom_staging_handle_breakout_confirm,10.3,10.87,9.69,10.8,cup_v3_bottom_staging,handle_breakout_confirm,rolling_1m,2022-10-27,2023-03-09,2023-03-10,2023-03-16,2023-03-17,2023-03-17,2023-03-22,90,20.242965,10.028805,24.705591,3,29,7,3.71134,1.586393,7,3.818369,True,0.584239,0.744302,1.0,0.666667,0.0,3.818369,0.341491,0.542209,1.216216,0.785714,3.681,1.551224,4.8544,9.759902,9.945113,3.07481,8.596047,8.596047,1.307475,1.151434,1.151434,89.0,39.175258,23.598077,64.0882,东方国信
cup_v3_handle_breakout_confirm,杯柄 V3 柄部确认突破,300182.SZ,2023-03-17,0.464921,bottom_staging_handle_breakout_confirm,5.65,5.93,5.32,5.83,cup_v3_bottom_staging,handle_breakout_confirm,rolling_1m,2022-10-26,2023-03-08,2023-03-09,2023-03-13,,,2023-03-17,90,20.342419,13.356067,26.830367,3,27,10,5.391239,2.151088,5,5.827068,False,1.015367,1.799437,1.0,0.0,0.0,5.827068,0.620589,0.557557,,,,2.035263,4.2934,5.404742,5.491223,4.167786,6.169422,6.169422,1.366804,1.318115,1.318115,77.0,17.540323,20.315751,63.70365,捷成股份
cup_v3_handle_breakout_confirm,杯柄 V3 柄部确认突破,300228.SZ,2025-07-10,0.532131,bottom_staging_handle_breakout_confirm,7.97,8.36,7.66,8.2,cup_v3_bottom_staging,handle_breakout_confirm,rolling_1m,2025-02-19,2025-07-01,2025-07-02,2025-07-07,2025-07-08,2025-07-08,2025-07-10,90,18.514116,5.597689,20.356612,2,29,7,1.554664,1.630906,5,5.744125,False,0.732007,1.54461,1.0,0.5,0.0,5.744125,0.602822,0.418825,0.545455,0.882353,1.1524,1.266117,2.8858,7.806924,7.890735,3.754047,3.919343,3.919343,0.909915,0.875276,0.875276,50.0,12.947658,10.517094,61.672708,富瑞特装
cup_v3_handle_breakout_confirm,杯柄 V3 柄部确认突破,300233.SZ,2025-09-09,0.584209,bottom_staging_handle_breakout_confirm,20.83,22.47,18.48,21.36,cup_v3_bottom_staging,handle_breakout_confirm,rolling_1m,2025-04-14,2025-08-21,2025-08-22,2025-09-05,,,2025-09-09,90,17.726286,12.441324,19.302949,4,34,5,1.339262,1.638188,11,1.136364,True,0.680327,0.884584,0.777778,0.555556,0.0,1.136364,0.344413,0.575838,,,,1.157546,2.5444,18.438328,19.264852,1.36494,10.875496,10.875496,0.223773,2.191469,2.191469,49.0,6.427504,22.053074,68.592134,金城医药
cup_v3_handle_breakout_confirm,杯柄 V3 柄部确认突破,300242.SZ,2023-01-18,0.570211,bottom_staging_handle_breakout_confirm,3.34,3.42,3.3,3.42,cup_v3_bottom_staging,handle_breakout_confirm,rolling_1m,2022-08-18,2022-12-29,2022-12-30,2023-01-12,2023-01-18,2023-01-18,2023-01-18,90,16.683974,0.0,17.687781,4,21,7,0.860279,2.071688,11,3.030303,False,0.613977,0.666589,0.714286,0.428571,0.0,3.030303,0.442816,0.587018,1.2,1.0,3.3233,1.017156,3.3233,3.273137,3.341159,3.875891,2.359691,2.359691,0.293282,0.464167,0.464167,70.0,5.555556,6.797127,57.692458,佳云科技
cup_v3_handle_breakout_confirm,杯柄 V3 柄部确认突破,300252.SZ,2025-08-06,0.536358,bottom_staging_handle_breakout_confirm,12.12,12.49,11.6,12.34,cup_v3_bottom_staging,handle_breakout_confirm,rolling_1m,2025-03-17,2025-07-25,2025-07-28,2025-08-01,2025-08-04,2025-08-04,2025-08-06,90,21.220991,1.240945,24.189839,3,30,7,2.44912,1.948822,6,2.413793,False,0.98723,1.288329,0.666667,0.333333,0.0,2.413793,0.632404,0.55849,1.464286,0.975,2.5619,1.377415,0.982,11.423827,11.678016,3.993168,5.668633,5.668633,0.786789,1.873942,1.873942,52.0,10.474485,14.648498,67.01327,金信诺
cup_v3_handle_breakout_confirm,杯柄 V3 柄部确认突破,300270.SZ,2023-04-07,0.490551,bottom_staging_handle_breakout_confirm,7.02,7.3,6.83,7.3,cup_v3_bottom_staging,handle_breakout_confirm,rolling_1m,2022-11-03,2023-03-16,2023-03-17,2023-03-31,,,2023-04-07,90,25.94925,16.289802,30.209298,4,26,11,3.382353,1.304359,13,2.928258,False,0.567405,1.016917,0.555556,0.333333,0.0,2.928258,0.55029,0.642514,,,,1.070474,4.1369,6.808811,7.066729,3.248575,3.30098,3.30098,1.496494,0.957926,0.957926,83.0,40.115163,19.512129,60.202104,中威电子
cup_v3_handle_breakout_confirm,杯柄 V3 柄部确认突破,300272.SZ,2026-01-05,0.577392,bottom_staging_handle_breakout_confirm,7.49,7.85,7.32,7.64,cup_v3_bottom_staging,handle_breakout_confirm,rolling_1m,2025-08-07,2025-12-18,2025-12-19,2025-12-30,,,2026-01-05,90,14.643963,5.843653,15.634675,3,35,13,0.864164,1.750331,8,2.04918,False,0.593277,1.068641,0.666667,0.166667,0.0,2.04918,0.421939,0.738573,,,,1.169058,2.139,7.320507,7.463679,2.04211,2.362393,2.362393,-3.386784,0.573906,0.573906,58.0,13.690476,9.437296,57.273845,开能健康
cup_v3_handle_breakout_confirm,杯柄 V3 柄部确认突破,300321.SZ,2023-09-11,0.543908,bottom_staging_handle_breakout_confirm,17.86,17.92,17.3,17.66,cup_v3_bottom_staging,handle_breakout_confirm,rolling_1m,2023-04-18,2023-08-28,2023-08-29,2023-09-04,2023-09-18,2023-09-18,2023-09-11,90,10.701777,8.284558,14.08743,2,21,7,3.058355,1.35776,8,1.676301,False,1.094206,1.257535,0.666667,0.666667,0.0,1.676301,0.68749,0.751058,1.793103,0.693333,2.9463,1.077844,-0.451,16.975194,17.340778,3.621791,1.840874,1.840874,0.018924,1.507396,1.507396,78.0,6.578153,7.082763,58.098968,同大股份
cup_v3_handle_breakout_confirm,杯柄 V3 柄部确认突破,300373.SZ,2024-03-11,0.504723,bottom_staging_handle_breakout_confirm,40.57,41.69,38.43,41.66,cup_v3_bottom_staging,handle_breakout_confirm,rolling_1m,2023-10-17,2024-02-28,2024-02-29,2024-03-08,,,2024-03-11,90,14.056724,0.957697,14.80476,4,23,6,0.655846,1.321095,6,3.434817,False,1.016118,1.419967,0.6,0.6,0.0,3.434817,0.395412,0.823862,,,,1.08863,1.6098,38.038998,39.128484,4.498022,6.469753,6.469753,1.366989,2.183352,2.183352,89.0,11.420166,12.488946,60.6782,扬杰科技
cup_v3_handle_breakout_confirm,杯柄 V3 柄部确认突破,300408.SZ,2023-01-17,0.536343,bottom_staging_handle_breakout_confirm,32.3,34.0,30.94,33.48,cup_v3_bottom_staging,handle_breakout_confirm,rolling_1m,2022-08-25,2023-01-06,2023-01-09,2023-01-13,2023-01-16,2023-01-16,2023-01-17,90,20.315428,12.384884,24.960962,4,30,7,3.861129,1.872471,5,3.458306,False,0.692034,1.108504,0.333333,0.333333,0.0,3.458306,0.697671,0.350735,1.280374,0.815385,3.3259,1.352024,3.6212,30.663549,31.066336,4.391047,7.769389,7.769389,-0.231687,1.059072,1.059072,91.0,26.435045,16.619498,66.862009,三环集团
cup_v3_handle_breakout_confirm,杯柄 V3 柄部确认突破,300469.SZ,2023-03-14,0.62219,bottom_staging_handle_breakout_confirm,15.91,16.47,14.83,16.32,cup_v3_bottom_staging,handle_breakout_confirm,rolling_1m,2022-10-11,2023-02-21,2023-02-22,2023-02-27,,,2023-03-14,90,20.644796,8.73961,23.626374,2,38,15,2.471368,1.894865,13,3.169252,True,0.48659,0.667216,1.0,0.5,0.0,3.169252,0.582763,0.589127,,,,1.3601,2.0,14.828872,15.535336,3.177098,5.050832,5.050832,1.242421,0.966769,0.966769,86.0,23.917995,17.579251,67.294356,信息发展
cup_v3_handle_breakout_confirm,杯柄 V3 柄部确认突破,300478.SZ,2023-09-18,0.568925,bottom_staging_handle_breakout_confirm,10.82,11.2,10.65,11.05,cup_v3_bottom_staging,handle_breakout_confirm,rolling_1m,2023-04-18,2023-08-28,2023-08-29,2023-09-14,2023-09-18,2023-09-18,2023-09-18,90,14.450251,11.921049,16.135224,4,38,7,1.472233,1.318749,13,1.870907,True,0.598615,0.771914,0.727273,0.636364,0.0,1.870907,0.593818,0.891734,1.8,0.727273,2.5046,1.146058,2.5046,10.597552,10.942356,2.759583,0.983738,0.983738,-0.357553,0.609017,0.609017,84.0,7.910156,9.361727,57.390305,杭州高新
cup_v3_handle_breakout_confirm,杯柄 V3 柄部确认突破,300504.SZ,2023-04-03,0.497705,bottom_staging_handle_breakout_confirm,20.26,20.83,19.5,20.83,cup_v3_bottom_staging,handle_breakout_confirm,rolling_1m,2022-11-08,2023-03-21,2023-03-22,2023-03-31,,,2023-04-03,90,15.941764,11.124458,22.746101,2,22,5,5.868754,1.9238,7,3.333333,False,0.800517,1.411499,0.666667,0.5,0.0,3.333333,0.528433,0.551145,,,,1.140153,2.8642,19.188337,19.670474,5.011705,5.894756,5.894756,0.735841,1.339041,1.339041,82.0,39.331104,18.522874,61.102767,天邑股份
cup_v3_handle_breakout_confirm,杯柄 V3 柄部确认突破,300512.SZ,2023-04-07,0.597571,bottom_staging_handle_breakout_confirm,7.97,8.19,7.93,8.18,cup_v3_bottom_staging,handle_breakout_confirm,rolling_1m,2022-11-07,2023-03-20,2023-03-21,2023-04-06,2023-04-07,2023-04-07,2023-04-07,90,13.467251,4.994668,15.009195,2,47,12,1.358933,1.974301,11,2.522068,False,0.876635,1.384809,0.6,0.4,0.0,2.522068,0.728075,0.610223,1.25,0.954545,2.25,1.223423,2.25,7.907774,8.025154,2.81022,1.929505,1.929505,-0.708705,0.405111,0.405111,61.0,17.867435,7.896588,57.839022,中亚股份
cup_v3_handle_breakout_confirm,杯柄 V3 柄部确认突破,300541.SZ,2023-04-03,0.538177,bottom_staging_handle_breakout_confirm,14.76,15.06,14.1,15.03,cup_v3_bottom_staging,handle_breakout_confirm,rolling_1m,2022-11-03,2023-03-16,2023-03-17,2023-03-31,,,2023-04-03,90,19.225413,7.31272,25.848564,3,37,8,5.55515,1.865302,10,2.553191,False,0.679412,1.089696,0.666667,0.666667,0.0,2.553191,0.388467,0.725912,,,,1.187022,0.8725,13.652812,14.415626,5.912246,4.261865,4.261865,-0.8781,1.448889,1.448889,87.0,47.787611,17.994177,61.361455,先进数通
cup_v3_handle_breakout_confirm,杯柄 V3 柄部确认突破,300545.SZ,2023-03-30,0.58492,bottom_staging_handle_breakout_confirm,21.26,22.2,19.83,21.62,cup_v3_bottom_staging,handle_breakout_confirm,rolling_1m,2022-11-01,2023-03-14,2023-03-15,2023-03-17,2023-03-22,2023-03-22,2023-03-30,90,20.910786,6.111446,22.4809,3,32,8,1.298572,1.601287,10,2.672718,False,0.973147,1.198902,1.0,0.0,0.0,2.672718,0.671442,0.58235,1.773585,0.691176,1.416,1.293054,2.5617,20.23245,20.460659,0.630422,5.666197,5.666197,-0.505127,1.091027,1.091027,63.0,16.738661,17.099592,63.808871,联得装备
cup_v3_handle_breakout_confirm,杯柄 V3 柄部确认突破,300562.SZ,2023-04-06,0.585388,bottom_staging_handle_breakout_confirm,10.87,11.49,10.71,11.34,cup_v3_bottom_staging,handle_breakout_confirm,rolling_1m,2022-11-09,2023-03-22,2023-03-23,2023-03-31,2023-04-03,2023-04-03,2023-04-06,90,13.985507,6.155703,15.838509,4,41,14,1.625647,1.804146,8,4.481793,True,0.542748,0.707573,1.0,0.6,0.0,4.481793,0.485837,0.579277,0.9375,0.843137,2.1978,2.144814,4.4199,10.996496,10.874675,1.759692,4.278977,4.278977,0.148927,-0.022728,-0.022728,79.0,37.621359,10.802602,58.791363,乐心医疗
cup_v3_handle_breakout_confirm,杯柄 V3 柄部确认突破,300667.SZ,2026-01-08,0.652911,bottom_staging_handle_breakout_confirm,17.75,18.58,16.93,18.4,cup_v3_bottom_staging,handle_breakout_confirm,rolling_1m,2025-08-06,2025-12-17,2025-12-18,2025-12-24,2025-12-25,2025-12-25,2026-01-08,90,10.849272,0.0,11.887199,4,20,9,0.936341,1.451413,12,1.240402,True,0.702688,0.776595,1.0,0.666667,0.0,1.240402,0.532296,0.62027,4.142857,0.746032,1.8307,1.354828,3.3708,16.770427,17.420926,2.203719,5.6201,5.6201,1.418246,1.416195,1.416195,62.0,17.797695,12.982786,66.603399,必创科技
cup_v3_handle_breakout_confirm,杯柄 V3 柄部确认突破,300701.SZ,2023-03-22,0.580959,bottom_staging_handle_breakout_confirm,9.96,9.96,9.15,9.92,cup_v3_bottom_staging,handle_breakout_confirm,rolling_1m,2022-10-26,2023-03-08,2023-03-09,2023-03-14,2023-03-20,2023-03-20,2023-03-22,90,14.422018,6.823547,17.431193,2,20,5,2.629891,1.500166,8,4.918033,False,0.947695,1.795052,0.5,0.0,0.0,4.918033,0.580336,0.646858,1.377778,0.877551,3.0591,1.668983,-0.6012,9.386743,9.545912,2.271894,3.918828,3.918828,0.899101,1.653391,1.653391,71.0,18.518519,13.225852,63.417925,森霸传感
cup_v3_handle_breakout_confirm,杯柄 V3 柄部确认突破,300796.SZ,2022-04-12,0.558145,bottom_staging_handle_breakout_confirm,18.89,19.69,17.9,19.66,cup_v3_bottom_staging,handle_breakout_confirm,rolling_1m,2021-11-15,2022-03-28,2022-03-29,2022-04-08,2022-04-15,2022-04-15,2022-04-12,90,11.136487,6.925715,14.429954,3,23,5,2.963444,1.821717,7,6.368715,False,0.971641,1.856647,0.6,0.4,0.0,6.368715,0.60466,0.488612,1.324561,0.858491,0.7265,1.518642,4.0762,18.436539,18.668664,3.273181,5.310162,5.310162,0.473504,1.057363,1.057363,85.0,18.078078,13.020442,62.973983,贝斯美
cup_v3_handle_breakout_confirm,杯柄 V3 柄部确认突破,300800.SZ,2023-07-18,0.68762,bottom_staging_handle_breakout_confirm,14.8,14.8,13.67,14.38,cup_v3_bottom_staging,handle_breakout_confirm,rolling_1m,2023-02-15,2023-06-28,2023-06-29,2023-07-10,,,2023-07-18,90,10.273537,0.0,10.607506,4,32,7,0.302855,1.852142,12,1.755669,True,0.782539,0.847691,0.833333,0.666667,0.0,1.755669,0.583781,0.559081,,,,2.29009,-5.2701,13.594605,14.120708,2.320001,1.836254,1.836254,0.145149,3.333983,3.333983,81.0,20.435511,8.129108,56.817242,力合科技
cup_v3_handle_breakout_confirm,杯柄 V3 柄部确认突破,300802.SZ,2023-03-13,0.551861,bottom_staging_handle_breakout_confirm,23.1,23.32,22.17,23.16,cup_v3_bottom_staging,handle_breakout_confirm,rolling_1m,2022-10-18,2023-02-28,2023-03-01,2023-03-08,2023-03-20,2023-03-20,2023-03-13,90,17.400386,0.0,17.917385,3,35,8,0.440372,2.022681,7,1.849346,True,0.666192,0.920235,0.5,0.5,0.0,1.849346,0.564656,0.739023,2.682927,0.716049,1.262,1.085647,-0.7287,21.939324,22.818609,2.92022,1.496106,1.496106,0.979325,2.784552,2.784552,69.0,9.919317,10.777178,58.589943,矩子科技
cup_v3_handle_breakout_confirm,杯柄 V3 柄部确认突破,300823.SZ,2023-06-29,0.607833,bottom_staging_handle_breakout_confirm,20.18,20.69,18.3,20.52,cup_v3_bottom_staging,handle_breakout_confirm,rolling_1m,2023-01-20,2023-06-07,2023-06-08,2023-06-12,,,2023-06-29,90,10.31502,7.310469,12.200499,4,30,5,1.709177,1.652338,12,5.68306,False,0.93181,1.105841,1.0,0.0,0.0,5.68306,0.674315,0.681928,,,,1.408263,0.7859,18.94437,20.407737,2.088379,0.550103,0.550103,1.33574,0.070019,0.070019,82.0,25.351252,13.45165,57.196009,建科智能
cup_v3_handle_breakout_confirm,杯柄 V3 柄部确认突破,300823.SZ,2023-07-26,0.565154,bottom_staging_handle_breakout_confirm,20.74,21.3,20.24,21.28,cup_v3_bottom_staging,handle_breakout_confirm,rolling_1m,2023-02-15,2023-06-28,2023-06-29,2023-07-06,,,2023-07-26,90,11.711137,10.004815,19.025522,3,30,5,6.547588,1.408263,18,1.383399,False,0.607493,0.97682,1.0,0.5,0.0,1.383399,0.746381,0.450633,,,,1.651734,2.6037,20.407737,20.521143,0.550103,3.697927,3.697927,0.070019,-0.54868,-0.54868,88.0,22.228604,13.610984,61.393925,建科智能
cup_v3_handle_breakout_confirm,杯柄 V3 柄部确认突破,300834.SZ,2025-08-06,0.683029,bottom_staging_handle_breakout_confirm,23.1,23.94,22.64,23.78,cup_v3_bottom_staging,handle_breakout_confirm,rolling_1m,2025-03-07,2025-07-17,2025-07-18,2025-07-31,2025-08-06,2025-08-06,2025-08-06,90,17.802718,9.515022,18.358731,2,44,19,0.471987,1.798963,12,1.545936,False,0.590617,1.190147,0.75,0.5,0.0,1.545936,0.749052,0.575072,3.257143,0.813953,2.6327,2.05936,2.6327,22.628443,22.962628,1.597798,3.559574,3.559574,-3.758041,0.618358,0.618358,68.0,20.10101,11.296588,61.430962,星辉环材
cup_v3_handle_breakout_confirm,杯柄 V3 柄部确认突破,300868.SZ,2023-07-17,0.73002,bottom_staging_handle_breakout_confirm,18.46,18.95,18.01,18.83,cup_v3_bottom_staging,handle_breakout_confirm,rolling_1m,2023-02-16,2023-06-29,2023-06-30,2023-07-10,2023-07-11,2023-07-11,2023-07-17,90,8.730737,5.274287,10.423492,4,26,6,1.556833,1.705296,10,1.054969,False,0.707435,1.019261,0.6,0.4,0.0,1.054969,0.716835,0.535572,2.736842,0.693548,2.2627,1.696581,2.0043,17.647502,17.960705,3.130746,4.839981,4.839981,-0.880881,0.990391,0.990391,81.0,21.093248,9.74899,62.861513,杰美特
cup_v3_handle_breakout_confirm,杯柄 V3 柄部确认突破,300890.SZ,2025-10-28,0.486472,bottom_staging_handle_breakout_confirm,34.35,35.78,32.84,35.15,cup_v3_bottom_staging,handle_breakout_confirm,rolling_1m,2025-06-06,2025-10-17,2025-10-20,2025-10-23,2025-10-28,2025-10-28,2025-10-28,90,13.355875,7.76456,16.213018,3,25,8,2.520507,2.054614,5,4.658952,False,0.71207,1.129085,0.5,0.5,0.0,4.658952,0.507839,0.551091,1.509804,0.633721,2.2099,1.212506,2.2099,33.133784,33.46174,3.730983,5.045345,5.045345,-1.4455,0.813389,0.813389,78.0,43.527971,14.190111,62.236885,翔丰华
cup_v3_handle_breakout_confirm,杯柄 V3 柄部确认突破,300970.SZ,2025-07-24,0.56086,bottom_staging_handle_breakout_confirm,15.16,15.51,14.43,15.51,cup_v3_bottom_staging,handle_breakout_confirm,rolling_1m,2025-02-17,2025-06-27,2025-06-30,2025-07-15,2025-07-17,2025-07-17,2025-07-24,90,18.519734,13.989525,18.97924,4,41,16,0.387704,1.346318,17,0.4851,True,0.608479,0.699499,0.8,0.5,0.0,0.4851,0.683057,0.74418,8.571429,0.8,1.144,1.216906,2.3087,14.164734,14.830679,2.366906,4.580512,4.580512,-0.943292,2.109374,2.109374,78.0,35.222319,15.847852,66.175285,华绿生物
cup_v3_handle_breakout_confirm,杯柄 V3 柄部确认突破,300973.SZ,2023-02-22,0.528536,bottom_staging_handle_breakout_confirm,95.09,101.0,92.77,99.0,cup_v3_bottom_staging,handle_breakout_confirm,rolling_1m,2022-09-23,2023-02-10,2023-02-13,2023-02-21,2023-02-22,2023-02-22,2023-02-22,90,17.005161,11.10059,19.148202,4,17,6,1.831579,1.874066,6,4.279401,True,0.564727,0.843356,0.6,0.6,0.0,4.279401,0.5062,0.652763,1.56927,0.724518,3.8498,1.201697,3.8498,92.78689,93.830787,4.260418,5.50908,5.50908,-0.661269,0.330061,0.330061,90.0,27.725455,13.491763,62.331948,立高食品
cup_v3_handle_breakout_confirm,杯柄 V3 柄部确认突破,300991.SZ,2023-02-06,0.611105,bottom_staging_handle_breakout_confirm,14.05,15.17,13.62,15.0,cup_v3_bottom_staging,handle_breakout_confirm,rolling_1m,2022-08-23,2023-01-04,2023-01-05,2023-01-19,,,2023-02-06,90,15.271061,0.0,18.181047,4,31,5,2.524472,1.514213,16,2.276065,True,0.473124,0.41811,0.777778,0.666667,0.0,2.276065,0.307806,0.536542,,,,1.882967,6.383,13.427567,14.087382,3.741803,6.478263,6.478263,0.506674,2.037328,2.037328,56.0,4.384134,14.631428,63.900268,创益通
cup_v3_handle_breakout_confirm,杯柄 V3 柄部确认突破,301028.SZ,2026-01-16,0.484408,bottom_staging_handle_breakout_confirm,15.31,16.31,14.84,16.03,cup_v3_bottom_staging,handle_breakout_confirm,rolling_1m,2025-08-25,2026-01-07,2026-01-08,2026-01-14,,,2026-01-16,90,15.330499,8.611436,21.298802,3,37,11,5.174956,1.440811,5,5.727763,True,0.739643,0.663097,0.666667,1.0,0.0,5.727763,0.357258,0.837222,,,,1.73838,5.8086,15.027259,15.221332,4.410262,5.312726,5.312726,0.527431,0.967023,0.967023,59.0,15.158046,15.102231,62.567686,鼎熔岩
cup_v3_handle_breakout_confirm,杯柄 V3 柄部确认突破,301053.SZ,2023-11-13,0.621495,bottom_staging_handle_breakout_confirm,26.41,27.08,25.83,26.95,cup_v3_bottom_staging,handle_breakout_confirm,rolling_1m,2023-06-20,2023-11-02,2023-11-03,2023-11-10,2023-11-13,2023-11-13,2023-11-13,90,8.329542,0.0,10.922702,4,47,18,2.393769,1.705531,5,3.832753,False,0.620499,1.068219,1.0,0.75,0.0,3.832753,0.754583,0.640198,1.131313,0.831169,2.8233,1.357894,2.8233,25.409335,25.454462,5.55176,5.875346,5.875346,-1.785815,0.742541,0.742541,89.0,22.056159,7.310307,60.360545,远信工业
cup_v3_handle_breakout_confirm,杯柄 V3 柄部确认突破,301061.SZ,2023-06-28,0.617717,bottom_staging_handle_breakout_confirm,37.67,38.12,35.33,37.83,cup_v3_bottom_staging,handle_breakout_confirm,rolling_1m,2023-01-13,2023-05-31,2023-06-01,2023-06-12,,,2023-06-28,90,15.715778,11.222203,18.317123,4,27,9,2.248047,1.549686,16,2.604019,True,0.603582,0.900939,0.5,0.5,0.0,2.604019,0.509427,0.551166,,,,1.539482,0.1854,34.710328,36.271416,4.435775,4.297003,4.297003,2.460636,0.940934,0.940934,85.0,30.089409,14.036234,62.612651,匠心家居
cup_v3_handle_breakout_confirm,杯柄 V3 柄部确认突破,301065.SZ,2025-06-03,0.506438,bottom_staging_handle_breakout_confirm,22.07,23.4,21.5,22.99,cup_v3_bottom_staging,handle_breakout_confirm,rolling_1m,2024-12-23,2025-05-12,2025-05-13,2025-05-29,,,2025-06-03,90,17.080528,14.883771,20.657151,3,27,9,3.05484,1.386179,13,4.186047,False,0.913169,1.145505,0.636364,0.545455,0.0,4.186047,0.524424,0.709533,,,,1.163605,3.9801,22.019464,22.201509,1.728182,3.551519,3.551519,1.167318,1.021168,1.021168,66.0,5.993545,12.965571,57.397334,本立科技
cup_v3_handle_breakout_confirm,杯柄 V3 柄部确认突破,301087.SZ,2025-12-11,0.522523,bottom_staging_handle_breakout_confirm,45.68,47.37,43.2,45.47,cup_v3_bottom_staging,handle_breakout_confirm,rolling_1m,2025-07-22,2025-12-02,2025-12-03,2025-12-08,2025-12-09,2025-12-09,2025-12-11,90,16.348687,14.730487,19.714749,3,35,15,2.893082,1.804906,5,4.143519,True,0.856137,0.636227,0.5,0.5,0.0,4.143519,0.75686,0.508517,0.553073,0.683673,0.9365,2.433938,-1.1951,43.577099,44.320042,3.242301,2.594667,2.594667,-1.323711,1.604071,1.604071,82.0,38.797314,14.456884,60.892749,可孚医疗
cup_v3_handle_breakout_confirm,杯柄 V3 柄部确认突破,301118.SZ,2025-08-07,0.579644,bottom_staging_handle_breakout_confirm,23.93,24.65,22.98,24.45,cup_v3_bottom_staging,handle_breakout_confirm,rolling_1m,2025-03-11,2025-07-21,2025-07-22,2025-08-04,2025-08-05,2025-08-05,2025-08-07,90,21.62781,16.555394,23.803081,3,41,15,1.788465,1.561339,11,3.524804,False,1.173603,1.531877,0.875,0.875,0.0,3.524804,0.630193,0.670415,0.950617,1.0,1.2793,1.261217,2.2157,23.095677,23.478963,3.006289,4.135776,4.135776,-7.360964,0.752667,0.752667,74.0,26.618332,12.942155,60.918179,恒光股份
cup_v3_handle_breakout_confirm,杯柄 V3 柄部确认突破,301168.SZ,2025-11-10,0.554574,bottom_staging_handle_breakout_confirm,45.07,46.28,43.2,45.45,cup_v3_bottom_staging,handle_breakout_confirm,rolling_1m,2025-06-12,2025-10-23,2025-10-24,2025-11-03,,,2025-11-10,90,23.707875,17.658726,24.917402,2,33,12,0.977728,1.290815,10,0.648148,False,0.821529,1.102706,0.4,0.4,0.0,0.648148,0.680822,0.791263,,,,1.563543,0.309,42.492421,42.526137,2.32413,6.87545,6.87545,0.205589,1.018062,1.018062,83.0,47.134995,16.8741,64.972356,通灵股份
cup_v3_handle_breakout_confirm,杯柄 V3 柄部确认突破,301180.SZ,2026-01-16,0.616264,bottom_staging_handle_breakout_confirm,18.0,18.89,17.26,18.58,cup_v3_bottom_staging,handle_breakout_confirm,rolling_1m,2025-08-20,2025-12-31,2026-01-05,2026-01-14,2026-01-15,2026-01-15,2026-01-16,90,15.619924,4.956243,18.164591,4,29,15,2.20089,1.481541,8,1.158749,False,0.741236,1.167955,0.666667,0.833333,0.0,1.158749,0.451598,0.841282,3.3,0.828125,1.6449,1.775894,3.683,16.722821,17.383536,4.408222,6.882743,6.882743,-1.22578,2.174466,2.174466,70.0,25.795531,15.437784,64.541855,万祥科技
cup_v3_handle_breakout_confirm,杯柄 V3 柄部确认突破,301290.SZ,2025-07-21,0.550138,bottom_staging_handle_breakout_confirm,26.32,26.75,25.22,26.71,cup_v3_bottom_staging,handle_breakout_confirm,rolling_1m,2025-02-24,2025-07-04,2025-07-07,2025-07-15,2025-07-16,2025-07-16,2025-07-21,90,14.357358,3.304386,15.080774,3,29,14,0.632592,1.308197,9,2.815226,False,1.165855,1.6715,0.4,0.4,0.0,2.815226,0.780455,0.624072,1.380282,0.878049,2.3438,1.094203,1.4818,25.625269,25.428195,1.189181,5.04088,5.04088,-2.228917,0.899374,0.899374,58.0,18.029165,10.3605,63.45463,东星医疗
cup_v3_handle_breakout_confirm,杯柄 V3 柄部确认突破,301386.SZ,2025-08-08,0.580669,bottom_staging_handle_breakout_confirm,23.63,24.3,22.73,24.11,cup_v3_bottom_staging,handle_breakout_confirm,rolling_1m,2025-03-20,2025-07-30,2025-07-31,2025-08-04,2025-08-05,2025-08-05,2025-08-08,90,15.836533,7.394322,17.195393,3,34,12,1.173084,1.505355,5,2.067752,False,1.079638,2.137938,0.0,0.0,0.0,2.067752,0.736671,0.458169,1.87234,0.861111,0.9837,1.876732,2.4214,23.097467,23.125423,0.443914,4.257554,4.257554,0.693391,-0.055411,-0.055411,64.0,18.476658,12.124759,66.917324,未来电器
cup_v3_handle_breakout_confirm,杯柄 V3 柄部确认突破,301559.SZ,2025-08-26,0.531994,bottom_staging_handle_breakout_confirm,17.77,19.19,17.57,18.76,cup_v3_bottom_staging,handle_breakout_confirm,rolling_1m,2025-04-07,2025-08-14,2025-08-15,2025-08-25,,,2025-08-26,90,15.512058,13.61017,17.50952,3,41,7,1.729223,1.419877,6,0.11383,False,0.874371,0.787386,0.4,0.4,0.0,0.11383,0.51043,0.889191,,,,2.210704,5.157,17.199945,17.729532,2.267771,5.812157,5.812157,0.691416,1.789154,1.789154,66.0,23.097113,15.001481,66.768323,中集环科
cup_v3_handle_breakout_confirm,杯柄 V3 柄部确认突破,600007.SH,2023-07-24,0.655959,bottom_staging_handle_breakout_confirm,19.58,19.64,18.75,19.53,cup_v3_bottom_staging,handle_breakout_confirm,rolling_1m,2023-02-20,2023-07-03,2023-07-04,2023-07-17,2023-07-18,2023-07-18,2023-07-24,90,10.458652,5.86726,11.825342,4,33,17,1.237286,1.889715,13,2.986667,True,0.677356,0.893291,0.625,0.625,0.0,2.986667,0.774149,0.360514,0.982143,0.886364,2.0624,1.118284,0.2052,18.913602,18.963567,2.095835,2.986955,2.986955,-0.309835,1.057184,1.057184,78.0,12.629758,7.80228,62.9022,中国国贸
cup_v3_handle_breakout_confirm,杯柄 V3 柄部确认突破,600008.SH,2023-02-21,0.560483,bottom_staging_handle_breakout_confirm,2.93,2.95,2.88,2.94,cup_v3_bottom_staging,handle_breakout_confirm,rolling_1m,2022-09-19,2023-02-06,2023-02-07,2023-02-20,2023-02-21,2023-02-21,2023-02-21,90,8.249347,8.619394,9.742441,2,22,7,1.37931,1.777841,9,2.083333,False,0.884106,1.538178,0.75,0.625,0.0,2.083333,0.812111,0.623481,1.0,0.666667,0.6849,1.024513,0.6849,2.894633,2.919349,1.567269,0.707367,0.707367,0.7735,0.352876,0.352876,58.0,3.157895,4.249158,58.145054,首创环保
cup_v3_handle_breakout_confirm,杯柄 V3 柄部确认突破,600015.SH,2024-01-05,0.633944,bottom_staging_handle_breakout_confirm,5.8,5.98,5.68,5.9,cup_v3_bottom_staging,handle_breakout_confirm,rolling_1m,2023-07-28,2023-12-08,2023-12-11,2023-12-18,2024-01-05,2024-01-05,2024-01-05,90,3.97482,0.513779,4.856115,4,16,5,0.847604,1.855604,17,2.640845,False,0.967175,1.113631,0.75,0.25,0.0,2.640845,0.759415,0.359748,1.466667,0.6,1.7241,1.635081,1.7241,5.73802,5.761248,1.602985,2.408362,2.408362,1.046334,-0.328134,-0.328134,84.0,9.461967,4.197327,62.832622,华夏银行
cup_v3_handle_breakout_confirm,杯柄 V3 柄部确认突破,600017.SH,2024-05-06,0.547642,bottom_staging_handle_breakout_confirm,2.84,2.89,2.78,2.87,cup_v3_bottom_staging,handle_breakout_confirm,rolling_1m,2023-11-30,2024-04-16,2024-04-17,2024-04-26,2024-04-29,2024-04-29,2024-05-06,90,5.655431,0.0,7.490637,3,21,10,1.736973,1.414262,9,3.23741,True,0.810904,0.671112,0.833333,0.666667,0.0,3.23741,0.745031,0.729656,0.555556,0.8,0.7117,1.050932,1.773,2.805149,2.833296,2.311857,1.29546,1.29546,0.699287,0.428549,0.428549,73.0,1.056338,3.336534,59.19348,日照港
cup_v3_handle_breakout_confirm,杯柄 V3 柄部确认突破,600017.SH,2024-12-02,0.547819,bottom_staging_handle_breakout_confirm,3.26,3.35,3.11,3.32,cup_v3_bottom_staging,handle_breakout_confirm,rolling_1m,2024-07-04,2024-11-15,2024-11-18,2024-11-27,2024-11-28,2024-11-28,2024-12-02,90,18.503197,16.511057,20.722076,2,16,5,1.872421,1.647778,9,3.215434,False,1.020317,1.240848,0.666667,0.5,0.0,3.215434,0.583959,0.548426,1.5,0.666667,1.2422,1.210887,1.8405,3.137338,3.214691,2.31603,3.275879,3.275879,1.590926,1.120433,1.120433,49.0,19.855596,15.783661,64.242392,日照港
cup_v3_handle_breakout_confirm,杯柄 V3 柄部确认突破,600018.SH,2024-08-19,0.53257,bottom_staging_handle_breakout_confirm,6.27,6.37,5.94,6.37,cup_v3_bottom_staging,handle_breakout_confirm,rolling_1m,2024-03-20,2024-07-31,2024-08-01,2024-08-06,2024-08-15,2024-08-15,2024-08-19,90,10.818232,12.438424,13.490756,3,14,5,2.411629,1.392153,11,4.377104,False,1.237874,1.296939,0.5,0.5,0.0,4.377104,0.688596,0.612719,1.038462,0.944444,2.4752,1.005206,1.5949,6.075163,6.130367,2.054874,3.90895,3.90895,1.050582,0.523912,0.523912,91.0,14.568345,11.300398,68.22672,上港集团
cup_v3_handle_breakout_confirm,杯柄 V3 柄部确认突破,600020.SH,2024-10-28,0.502651,bottom_staging_handle_breakout_confirm,4.01,4.15,3.93,4.14,cup_v3_bottom_staging,handle_breakout_confirm,rolling_1m,2024-05-27,2024-10-09,2024-10-10,2024-10-16,2024-11-05,2024-11-05,2024-10-28,90,12.314286,6.686534,16.285714,3,23,7,3.535996,1.456363,11,3.562341,False,0.960074,1.027078,0.666667,0.666667,0.0,3.562341,0.369879,0.867524,1.285714,0.8,1.7327,1.028256,3.2419,3.960088,4.049316,2.775492,2.239477,2.239477,4.284059,0.826914,0.826914,53.0,10.695187,10.179641,58.363985,中原高速
cup_v3_handle_breakout_confirm,杯柄 V3 柄部确认突破,600030.SH,2023-01-13,0.572066,bottom_staging_handle_breakout_confirm,20.46,20.75,20.19,20.75,cup_v3_bottom_staging,handle_breakout_confirm,rolling_1m,2022-08-23,2023-01-04,2023-01-05,2023-01-11,2023-01-13,2023-01-13,2023-01-13,90,14.373693,2.463441,15.486751,3,21,8,0.973176,1.44185,5,1.238237,False,0.800699,1.13043,0.333333,0.333333,0.0,1.238237,0.778478,0.763561,2.24,1.0,1.4174,1.567342,1.4174,20.179432,20.176349,1.291257,2.843187,2.843187,-0.718592,0.101227,0.101227,71.0,3.853854,7.828617,62.197154,中信证券
cup_v3_handle_breakout_confirm,杯柄 V3 柄部确认突破,600033.SH,2024-07-04,0.516564,bottom_staging_handle_breakout_confirm,3.48,3.52,3.36,3.5,cup_v3_bottom_staging,handle_breakout_confirm,rolling_1m,2024-01-18,2024-06-06,2024-06-07,2024-06-24,2024-06-25,2024-06-25,2024-07-04,90,9.720885,9.274367,11.966635,3,27,14,2.046784,2.038955,17,3.869048,False,0.767844,0.940979,0.666667,0.333333,0.0,3.869048,0.728822,0.517735,0.615385,0.6,1.1765,1.03514,0.5747,3.405734,3.418298,2.474249,2.390141,2.390141,0.257594,0.20416,0.20416,92.0,10.410095,5.403167,58.336084,福建高速
cup_v3_handle_breakout_confirm,杯柄 V3 柄部确认突破,600036.SH,2024-04-15,0.592682,bottom_staging_handle_breakout_confirm,32.1,33.0,32.03,32.83,cup_v3_bottom_staging,handle_breakout_confirm,rolling_1m,2023-11-10,2024-03-25,2024-03-26,2024-04-08,2024-04-10,2024-04-10,2024-04-15,90,16.161983,5.156407,17.779636,1,22,12,1.392583,2.071621,11,1.155167,False,0.7844,1.074861,0.833333,0.5,0.0,1.155167,0.798456,0.461585,1.243243,0.612245,0.5571,1.317894,2.2105,31.657037,32.001081,2.346911,2.590286,2.590286,-0.903903,0.544852,0.544852,80.0,0.95326,8.385606,61.361872,招商银行
cup_v3_handle_breakout_confirm,杯柄 V3 柄部确认突破,600039.SH,2023-04-17,0.511543,bottom_staging_handle_breakout_confirm,14.77,15.33,13.58,15.17,cup_v3_bottom_staging,handle_breakout_confirm,rolling_1m,2022-11-17,2023-03-30,2023-03-31,2023-04-04,,,2023-04-17,90,22.835377,15.520149,28.205128,2,28,10,4.371502,1.915576,9,1.620029,False,1.469282,3.274455,0.0,0.0,0.0,1.620029,0.496398,0.834838,,,,1.251279,2.7778,13.314646,13.771338,3.645264,10.156325,10.156325,0.709434,1.881892,1.881892,86.0,38.665448,25.642742,84.419057,四川路桥
cup_v3_handle_breakout_confirm,杯柄 V3 柄部确认突破,600057.SH,2025-07-04,0.490636,bottom_staging_handle_breakout_confirm,7.13,7.26,6.75,7.21,cup_v3_bottom_staging,handle_breakout_confirm,rolling_1m,2025-01-22,2025-06-11,2025-06-12,2025-06-17,2025-06-20,2025-06-20,2025-07-04,90,18.027211,13.146623,21.598639,2,26,10,3.025937,2.084005,15,5.925926,False,1.009481,1.583679,0.5,0.5,0.0,5.925926,0.579202,0.594144,0.65,0.894737,2.3358,1.118104,1.264,6.896231,6.984613,3.67982,3.226906,3.226906,0.700009,0.872094,0.872094,62.0,15.175719,13.468852,65.136496,厦门象屿
cup_v3_handle_breakout_confirm,杯柄 V3 柄部确认突破,600076.SH,2025-08-21,0.586019,bottom_staging_handle_breakout_confirm,2.93,2.96,2.42,2.77,cup_v3_bottom_staging,handle_breakout_confirm,rolling_1m,2025-03-25,2025-08-04,2025-08-05,2025-08-07,,,2025-08-21,90,23.451777,17.160534,25.380711,3,29,6,1.5625,1.740132,11,2.066116,False,0.959255,0.916667,1.0,1.0,0.0,2.066116,0.821138,0.633657,,,,2.173353,-5.4608,2.430093,2.680938,1.642193,3.322034,3.322034,-0.200345,9.30759,9.30759,51.0,11.24498,21.278459,63.10812,康欣新材
cup_v3_handle_breakout_confirm,杯柄 V3 柄部确认突破,600098.SH,2023-04-14,0.595146,bottom_staging_handle_breakout_confirm,6.1,6.29,5.96,6.26,cup_v3_bottom_staging,handle_breakout_confirm,rolling_1m,2022-11-21,2023-04-03,2023-04-04,2023-04-11,2023-04-14,2023-04-14,2023-04-14,90,8.303249,3.65514,9.205776,2,20,6,0.833333,1.391911,6,1.510067,False,1.533875,1.313339,0.666667,0.666667,0.0,1.510067,0.820256,0.697032,3.333333,0.857143,2.623,1.796327,2.623,5.974521,6.007508,1.263349,4.202944,4.202944,-0.104112,0.652778,0.652778,61.0,11.985689,8.877455,67.717228,广州发展
cup_v3_handle_breakout_confirm,杯柄 V3 柄部确认突破,600105.SH,2025-05-07,0.545884,bottom_staging_handle_breakout_confirm,7.1,7.45,6.21,7.24,cup_v3_bottom_staging,handle_breakout_confirm,rolling_1m,2024-12-06,2025-04-22,2025-04-23,2025-04-28,,,2025-05-07,90,23.839071,1.543247,26.501201,2,39,12,2.149669,1.729628,6,1.771337,True,0.675193,0.741128,1.0,0.5,0.0,1.771337,0.531929,0.612711,,,,2.497825,4.1727,6.158796,6.038475,2.61746,19.897828,19.897828,-0.899772,0.112318,0.112318,92.0,43.936382,28.720646,70.014928,永鼎股份
cup_v3_handle_breakout_confirm,杯柄 V3 柄部确认突破,600133.SH,2023-03-01,0.536159,bottom_staging_handle_breakout_confirm,5.99,6.03,5.87,6.03,cup_v3_bottom_staging,handle_breakout_confirm,rolling_1m,2022-09-30,2023-02-17,2023-02-20,2023-02-24,2023-02-28,2023-02-28,2023-03-01,90,11.169712,11.070621,12.827274,3,22,7,1.49102,1.875102,6,2.044293,False,0.568835,1.555242,1.0,0.666667,0.0,2.044293,0.782115,0.545022,1.0,1.0,1.0118,1.028626,0.6678,5.864599,5.933982,2.138275,1.618102,1.618102,1.432409,0.627779,0.627779,58.0,5.41958,6.374221,61.740051,东湖高新
cup_v3_handle_breakout_confirm,杯柄 V3 柄部确认突破,600162.SH,2024-10-28,0.463165,bottom_staging_handle_breakout_confirm,1.63,1.74,1.54,1.72,cup_v3_bottom_staging,handle_breakout_confirm,rolling_1m,2024-05-31,2024-10-15,2024-10-16,2024-10-18,2024-10-23,2024-10-23,2024-10-28,90,20.153846,0.0,24.615385,3,37,6,3.713188,1.243117,7,5.194805,True,0.943167,0.831224,1.0,1.0,0.0,5.194805,0.571183,0.750131,0.625,0.75,0.6329,1.369701,5.5215,1.569706,1.604578,3.204061,7.193313,7.193313,2.010029,1.670497,1.670497,58.0,13.157895,18.436908,69.731628,香江控股
cup_v3_handle_breakout_confirm,杯柄 V3 柄部确认突破,600179.SH,2024-10-28,0.525781,bottom_staging_handle_breakout_confirm,2.55,2.71,2.39,2.69,cup_v3_bottom_staging,handle_breakout_confirm,rolling_1m,2024-05-21,2024-10-17,2024-10-18,2024-10-22,2024-10-23,2024-10-23,2024-10-28,90,16.587678,1.880342,18.009479,3,34,5,1.219512,1.383623,5,4.1841,False,1.004347,0.802459,1.0,1.0,0.0,4.1841,0.677813,0.78005,0.9,0.714286,1.6393,1.387877,5.4902,2.434333,2.484161,2.286733,8.286053,8.286053,1.172533,1.739613,1.739613,72.0,20.089286,18.973905,68.398512,安通控股
cup_v3_handle_breakout_confirm,杯柄 V3 柄部确认突破,600191.SH,2023-12-01,0.624007,bottom_staging_handle_breakout_confirm,6.6,6.84,6.47,6.72,cup_v3_bottom_staging,handle_breakout_confirm,rolling_1m,2023-07-12,2023-11-22,2023-11-23,2023-11-30,2023-12-04,2023-12-04,2023-12-01,90,9.380235,5.336708,9.715243,4,38,10,0.306279,1.998551,5,1.236476,False,0.668793,1.016753,0.75,0.5,0.0,1.236476,0.735317,0.649466,4.0,0.791667,1.0417,1.776749,1.6641,6.391568,6.477501,2.478768,3.743716,3.743716,0.255673,1.117871,1.117871,85.0,18.309859,8.116805,65.463274,华资实业
cup_v3_handle_breakout_confirm,杯柄 V3 柄部确认突破,600191.SH,2024-10-31,0.536436,bottom_staging_handle_breakout_confirm,5.74,6.23,5.58,6.11,cup_v3_bottom_staging,handle_breakout_confirm,rolling_1m,2024-06-05,2024-10-18,2024-10-21,2024-10-24,,,2024-10-31,90,14.600257,15.595289,21.205643,2,34,9,5.76385,1.374467,7,1.612903,True,0.622902,0.585642,1.0,1.0,0.0,1.612903,0.719,0.468914,,,,1.505166,6.0764,5.554325,5.730592,2.082607,6.620748,6.620748,1.21177,2.50952,2.50952,67.0,12.316176,21.727292,67.795213,华资实业
cup_v3_handle_breakout_confirm,杯柄 V3 柄部确认突破,600198.SH,2023-03-17,0.517597,bottom_staging_handle_breakout_confirm,7.16,7.34,7.09,7.33,cup_v3_bottom_staging,handle_breakout_confirm,rolling_1m,2022-10-25,2023-03-07,2023-03-08,2023-03-16,,,2023-03-17,90,15.992678,13.015975,21.48444,2,29,7,4.734577,1.479973,6,2.961918,False,1.13484,1.00498,0.8,0.4,0.0,2.961918,0.708951,0.674056,,,,1.321163,2.9494,7.053398,7.143876,3.496217,2.605361,2.605361,1.904464,0.761875,0.761875,74.0,14.890282,14.29611,61.115544,大唐电信
cup_v3_handle_breakout_confirm,杯柄 V3 柄部确认突破,600226.SH,2023-04-04,0.524218,bottom_staging_handle_breakout_confirm,2.9,2.98,2.71,2.95,cup_v3_bottom_staging,handle_breakout_confirm,rolling_1m,2022-11-02,2023-03-15,2023-03-16,2023-03-30,,,2023-04-04,90,17.948718,11.281637,20.08547,3,25,8,1.811594,2.047927,12,3.690037,False,2.0404,2.490311,0.555556,0.444444,0.0,3.690037,0.476082,0.705373,,,,1.365228,1.7241,2.758841,2.848093,1.854369,3.578069,3.578069,-0.070883,0.860976,0.860976,45.0,11.742424,15.614488,61.814875,亨通股份
cup_v3_handle_breakout_confirm,杯柄 V3 柄部确认突破,600267.SH,2025-05-30,0.585448,bottom_staging_handle_breakout_confirm,9.06,9.32,8.86,9.23,cup_v3_bottom_staging,handle_breakout_confirm,rolling_1m,2024-12-30,2025-05-19,2025-05-20,2025-05-26,2025-05-30,2025-05-30,2025-05-30,90,10.986436,10.112546,11.713933,3,26,13,0.655483,1.782872,7,2.257336,False,1.20653,1.694182,0.333333,0.0,0.0,2.257336,0.684388,0.709674,1.85,0.653846,1.5402,1.387298,1.5402,8.919888,8.961637,1.570782,2.994579,2.994579,-0.209101,0.190753,0.190753,70.0,9.489917,6.775151,60.008035,海正药业
cup_v3_handle_breakout_confirm,杯柄 V3 柄部确认突破,600273.SH,2025-06-27,0.549468,bottom_staging_handle_breakout_confirm,8.49,8.62,8.31,8.59,cup_v3_bottom_staging,handle_breakout_confirm,rolling_1m,2025-01-14,2025-06-03,2025-06-04,2025-06-12,2025-06-24,2025-06-24,2025-06-27,90,10.327784,7.571355,10.691988,2,27,15,0.330111,1.968033,16,2.406739,False,1.038774,1.150501,0.6,0.6,0.0,2.406739,0.852305,0.463347,0.9,0.954545,2.2892,1.079581,1.0588,8.420947,8.390262,1.057517,2.380591,2.380591,-0.476619,0.150065,0.150065,54.0,6.049383,6.099594,60.967137,嘉化能源
cup_v3_handle_breakout_confirm,杯柄 V3 柄部确认突破,600285.SH,2025-05-14,0.61865,bottom_staging_handle_breakout_confirm,23.36,24.08,22.79,23.88,cup_v3_bottom_staging,handle_breakout_confirm,rolling_1m,2024-12-11,2025-04-25,2025-04-28,2025-04-30,2025-05-13,2025-05-13,2025-05-14,90,10.858796,2.036869,12.953063,4,32,10,1.88913,1.816762,8,1.053093,False,0.911799,1.797881,1.0,0.0,0.0,1.053093,0.671215,0.509954,2.625,0.921569,1.079,1.289968,1.9641,22.32728,22.943384,3.147358,4.08229,4.08229,1.599999,1.629626,1.629626,67.0,5.105634,10.310846,64.600308,羚锐制药
cup_v3_handle_breakout_confirm,杯柄 V3 柄部确认突破,600336.SH,2024-01-05,0.596788,bottom_staging_handle_breakout_confirm,6.07,6.35,5.85,6.32,cup_v3_bottom_staging,handle_breakout_confirm,rolling_1m,2023-08-09,2023-12-20,2023-12-21,2023-12-25,,,2024-01-05,90,8.263227,5.068844,13.105253,3,31,5,4.472457,1.785612,9,3.418803,False,1.224826,1.583238,0.0,0.0,0.0,3.418803,0.449246,0.809511,,,,1.862984,3.268,5.864814,6.024043,3.157578,4.912933,4.912933,2.795812,1.426724,1.426724,85.0,10.10453,12.036873,64.434439,澳柯玛
cup_v3_handle_breakout_confirm,杯柄 V3 柄部确认突破,600350.SH,2022-06-07,0.578482,bottom_staging_handle_breakout_confirm,5.81,5.93,5.72,5.9,cup_v3_bottom_staging,handle_breakout_confirm,rolling_1m,2022-01-05,2022-05-24,2022-05-25,2022-06-06,,,2022-06-07,90,9.773563,4.552846,11.863751,4,19,7,1.90409,1.427017,7,1.048951,False,0.966795,1.512687,0.833333,0.5,0.0,1.048951,0.660461,0.688196,,,,1.286513,2.6087,5.607625,5.698852,3.073944,3.529627,3.529627,-0.299084,1.322861,1.322861,89.0,15.913556,8.469175,59.46232,山东高速
cup_v3_handle_breakout_confirm,杯柄 V3 柄部确认突破,600352.SH,2023-02-20,0.572362,bottom_staging_handle_breakout_confirm,10.02,10.24,9.86,10.22,cup_v3_bottom_staging,handle_breakout_confirm,rolling_1m,2022-09-02,2023-01-16,2023-01-17,2023-02-07,2023-02-14,2023-02-14,2023-02-20,90,9.791209,4.290034,10.43956,1,29,16,0.590531,1.961971,18,1.926978,False,0.781037,0.726711,0.444444,0.555556,0.0,1.926978,0.768475,0.636439,2.105263,0.866667,2.7027,1.600457,2.0979,9.903959,10.068866,1.47457,1.501002,1.501002,-0.62141,0.756065,0.756065,65.0,5.144033,5.982699,59.323054,浙江龙盛
cup_v3_handle_breakout_confirm,杯柄 V3 柄部确认突破,600369.SH,2022-11-29,0.529825,bottom_staging_handle_breakout_confirm,3.93,4.05,3.83,4.03,cup_v3_bottom_staging,handle_breakout_confirm,rolling_1m,2022-07-01,2022-11-11,2022-11-14,2022-11-28,2022-11-29,2022-11-29,2022-11-29,90,6.57112,0.0,7.084911,4,36,14,0.482111,1.283054,10,3.394256,True,0.522936,0.702723,0.777778,0.555556,0.0,3.394256,0.496086,0.673558,1.538462,0.846154,2.8061,1.058212,2.8061,3.901865,3.941121,1.48994,2.25516,2.25516,0.590148,0.754302,0.754302,64.0,4.947917,4.150066,58.866751,西南证券
cup_v3_handle_breakout_confirm,杯柄 V3 柄部确认突破,600377.SH,2024-08-22,0.554212,bottom_staging_handle_breakout_confirm,13.91,14.16,12.85,14.08,cup_v3_bottom_staging,handle_breakout_confirm,rolling_1m,2024-03-20,2024-07-31,2024-08-01,2024-08-06,2024-08-08,2024-08-08,2024-08-22,90,14.465739,12.685185,18.053732,2,18,5,3.134557,1.522542,14,4.980545,False,1.044875,1.234185,0.5,0.5,0.0,4.980545,0.462666,0.613139,0.765625,0.775,1.5221,1.188621,1.2221,12.992529,13.256366,3.828903,6.213122,6.213122,-0.222425,1.463511,1.463511,93.0,17.824268,15.02015,67.576493,宁沪高速
cup_v3_handle_breakout_confirm,杯柄 V3 柄部确认突破,600420.SH,2023-01-30,0.629954,bottom_staging_handle_breakout_confirm,9.88,10.17,9.68,10.03,cup_v3_bottom_staging,handle_breakout_confirm,rolling_1m,2022-08-31,2023-01-12,2023-01-13,2023-01-19,2023-02-01,2023-02-01,2023-01-30,90,13.195733,3.342556,13.636364,3,27,12,0.389264,1.692134,5,1.239669,True,0.449743,0.360883,1.0,1.0,0.0,1.239669,0.533328,0.66568,2.583333,0.833333,0.6042,1.178354,2.2426,9.565268,9.54615,2.454002,5.068539,5.068539,-1.040895,-0.622996,-0.622996,72.0,6.702128,9.110688,60.906005,国药现代
cup_v3_handle_breakout_confirm,杯柄 V3 柄部确认突破,600420.SH,2023-03-15,0.560369,bottom_staging_handle_breakout_confirm,10.17,10.45,10.02,10.33,cup_v3_bottom_staging,handle_breakout_confirm,rolling_1m,2022-10-17,2023-02-27,2023-02-28,2023-03-13,2023-03-15,2023-03-15,2023-03-15,90,13.637894,12.77497,15.950163,4,27,12,2.034769,1.371522,10,3.093812,False,1.430204,1.886682,0.75,0.375,0.0,3.093812,0.683937,0.743536,1.0,0.612903,2.5819,1.353215,2.5819,10.11864,10.281099,2.088816,0.475638,0.475638,0.656516,0.456053,0.456053,77.0,14.01766,8.799831,55.502314,国药现代
cup_v3_handle_breakout_confirm,杯柄 V3 柄部确认突破,600448.SH,2022-04-13,0.594895,bottom_staging_handle_breakout_confirm,3.61,3.92,3.47,3.78,cup_v3_bottom_staging,handle_breakout_confirm,rolling_1m,2021-11-10,2022-03-23,2022-03-24,2022-04-12,,,2022-04-13,90,10.605096,9.843684,12.420382,3,16,5,1.641232,1.449932,11,1.729107,True,0.557241,0.89104,0.7,0.6,0.0,1.729107,0.370637,0.581695,,,,1.214051,3.5616,3.49331,3.582707,1.0503,5.5068,5.5068,0.532684,0.659063,0.659063,86.0,17.391304,14.216649,62.358502,华纺股份
cup_v3_handle_breakout_confirm,杯柄 V3 柄部确认突破,600455.SH,2023-01-30,0.620044,bottom_staging_handle_breakout_confirm,24.18,24.37,22.8,24.37,cup_v3_bottom_staging,handle_breakout_confirm,rolling_1m,2022-08-22,2023-01-03,2023-01-04,2023-01-12,,,2023-01-30,90,14.041131,5.330149,20.565553,3,19,5,5.721113,1.907956,12,2.850877,True,0.566192,0.6499,1.0,0.6,0.0,2.850877,0.48014,0.431518,,,,1.200986,0.7858,22.537946,23.531291,4.046749,3.56423,3.56423,0.540424,2.617389,2.617389,84.0,15.992385,13.738546,60.670065,博通股份
cup_v3_handle_breakout_confirm,杯柄 V3 柄部确认突破,600461.SH,2023-06-05,0.487264,bottom_staging_handle_breakout_confirm,8.19,8.49,8.07,8.47,cup_v3_bottom_staging,handle_breakout_confirm,rolling_1m,2023-01-09,2023-05-25,2023-05-26,2023-06-01,2023-06-05,2023-06-05,2023-06-05,90,16.27543,17.216397,18.509034,2,22,10,1.920959,1.363995,5,3.221809,False,1.045397,0.911788,0.666667,0.333333,0.0,3.221809,0.685566,0.502725,1.538462,0.944444,3.5452,1.175151,3.5452,8.065646,8.281622,3.277529,2.274656,2.274656,1.411304,2.201869,2.201869,79.0,14.925373,15.710383,64.115172,洪城环境
cup_v3_handle_breakout_confirm,杯柄 V3 柄部确认突破,600489.SH,2025-06-12,0.659323,bottom_staging_handle_breakout_confirm,14.38,14.68,13.69,14.67,cup_v3_bottom_staging,handle_breakout_confirm,rolling_1m,2025-01-06,2025-05-23,2025-05-26,2025-05-29,2025-06-12,2025-06-12,2025-06-12,90,13.865513,7.032349,15.572654,2,22,11,1.499261,1.747584,11,5.332359,True,0.683876,0.385784,0.5,0.5,0.0,5.332359,0.687249,0.414991,1.342466,0.972222,2.5874,1.183961,2.5874,13.913459,13.969026,3.640657,5.018058,5.018058,-2.575458,0.749346,0.749346,80.0,15.149137,10.122734,62.325605,中金黄金
cup_v3_handle_breakout_confirm,杯柄 V3 柄部确认突破,600531.SH,2025-08-25,0.575407,bottom_staging_handle_breakout_confirm,8.75,9.07,8.4,8.97,cup_v3_bottom_staging,handle_breakout_confirm,rolling_1m,2025-03-21,2025-07-31,2025-08-01,2025-08-19,2025-08-20,2025-08-20,2025-08-25,90,23.219907,17.586503,27.567081,2,25,5,3.527981,1.698567,15,1.309524,False,1.011927,0.976891,0.636364,0.636364,0.0,1.309524,0.559131,0.526855,2.0,0.72973,1.771,1.385359,3.9397,8.230167,8.549751,3.400093,4.91534,4.91534,1.300818,0.898648,0.898648,79.0,38.639876,18.371566,63.448131,豫光金铅
cup_v3_handle_breakout_confirm,杯柄 V3 柄部确认突破,600538.SH,2024-01-03,0.535273,bottom_staging_handle_breakout_confirm,4.93,4.99,4.52,4.84,cup_v3_bottom_staging,handle_breakout_confirm,rolling_1m,2023-07-28,2023-12-08,2023-12-11,2023-12-21,,,2024-01-03,90,8.189856,5.159149,8.887855,3,19,10,0.645161,1.264797,15,3.539823,False,0.864763,1.604227,0.714286,0.571429,0.0,3.539823,0.719827,0.711721,,,,2.568971,-1.626,4.6387,4.739735,0.890336,2.115417,2.115417,0.326717,1.578929,1.578929,83.0,10.755149,8.2431,60.454862,国发股份
cup_v3_handle_breakout_confirm,杯柄 V3 柄部确认突破,600543.SH,2023-12-29,0.610087,bottom_staging_handle_breakout_confirm,5.91,6.07,5.79,6.04,cup_v3_bottom_staging,handle_breakout_confirm,rolling_1m,2023-08-09,2023-12-20,2023-12-21,2023-12-25,2023-12-28,2023-12-28,2023-12-29,90,7.541284,5.500363,8.807339,4,35,14,1.177274,1.636243,5,2.417962,True,0.848517,0.875641,1.0,1.0,0.0,2.417962,0.843741,0.55931,0.785714,0.642857,1.2007,1.532827,2.3729,5.818326,5.837729,1.919345,3.464889,3.464889,-0.975559,0.329379,0.329379,80.0,7.47331,6.844347,66.145352,莫高股份
cup_v3_handle_breakout_confirm,杯柄 V3 柄部确认突破,600548.SH,2023-03-01,0.566567,bottom_staging_handle_breakout_confirm,9.13,9.19,9.01,9.19,cup_v3_bottom_staging,handle_breakout_confirm,rolling_1m,2022-10-10,2023-02-20,2023-02-21,2023-02-27,2023-03-01,2023-03-01,2023-03-01,90,12.692067,13.212152,13.554029,1,26,6,0.764882,1.709816,5,0.887902,False,0.79074,1.112328,0.333333,0.666667,0.0,0.887902,0.889207,0.488952,2.25,1.0,0.989,1.199773,0.989,9.013301,9.018984,0.850958,1.896174,1.896174,-0.062588,0.034365,0.034365,64.0,8.372642,7.020166,63.675313,深高速
cup_v3_handle_breakout_confirm,杯柄 V3 柄部确认突破,600548.SH,2024-05-22,0.52483,bottom_staging_handle_breakout_confirm,10.67,11.19,10.34,11.0,cup_v3_bottom_staging,handle_breakout_confirm,rolling_1m,2023-12-21,2024-05-10,2024-05-13,2024-05-17,2024-05-20,2024-05-20,2024-05-22,90,15.983927,12.763805,18.874874,2,28,7,2.492542,1.327832,6,2.998066,False,0.917582,0.87652,1.0,0.333333,0.0,2.998066,0.759633,0.588342,0.580645,0.882353,1.1538,2.011567,3.6758,10.384845,10.466084,2.553288,5.101397,5.101397,1.12778,0.391681,0.391681,90.0,16.156283,15.469401,69.448635,深高速
cup_v3_handle_breakout_confirm,杯柄 V3 柄部确认突破,600557.SH,2025-07-30,0.611663,bottom_staging_handle_breakout_confirm,16.58,17.04,15.45,16.65,cup_v3_bottom_staging,handle_breakout_confirm,rolling_1m,2025-02-28,2025-07-10,2025-07-11,2025-07-29,,,2025-07-30,90,21.542678,5.903922,25.371966,2,32,12,3.15057,1.518852,12,3.624595,False,1.381106,1.372105,0.545455,0.545455,0.0,3.624595,0.43043,0.683936,,,,1.796064,0.4222,15.566101,15.992601,2.851702,4.110646,4.110646,-0.473806,1.936438,1.936438,71.0,26.136364,17.342354,62.961788,康缘药业
cup_v3_handle_breakout_confirm,杯柄 V3 柄部确认突破,600573.SH,2022-12-22,0.611736,bottom_staging_handle_breakout_confirm,10.82,11.2,10.49,11.02,cup_v3_bottom_staging,handle_breakout_confirm,rolling_1m,2022-07-21,2022-12-01,2022-12-02,2022-12-20,,,2022-12-22,90,15.957918,11.285129,19.601329,4,30,11,3.142011,1.712024,13,2.955195,False,0.681387,1.15273,0.636364,0.636364,0.0,2.955195,0.435383,0.557052,,,,1.07605,2.1316,10.34877,10.739098,4.360229,2.615693,2.615693,1.866698,1.548301,1.548301,82.0,8.678501,11.949206,56.78391,惠泉啤酒
cup_v3_handle_breakout_confirm,杯柄 V3 柄部确认突破,600573.SH,2024-10-25,0.620341,bottom_staging_handle_breakout_confirm,10.37,10.86,9.98,10.8,cup_v3_bottom_staging,handle_breakout_confirm,rolling_1m,2024-05-27,2024-10-09,2024-10-10,2024-10-16,,,2024-10-25,90,10.820344,0.0,16.509273,1,28,7,5.13347,1.58317,10,2.60521,True,0.685676,0.924916,1.0,0.666667,0.0,2.60521,0.744779,0.59634,,,,1.988595,4.4487,9.948423,10.211387,2.930883,5.764282,5.764282,6.913703,1.49101,1.49101,63.0,14.893617,13.864996,68.201103,惠泉啤酒
cup_v3_handle_breakout_confirm,杯柄 V3 柄部确认突破,600595.SH,2025-08-11,0.501451,bottom_staging_handle_breakout_confirm,5.09,5.37,4.51,5.34,cup_v3_bottom_staging,handle_breakout_confirm,rolling_1m,2025-03-10,2025-07-18,2025-07-21,2025-07-31,,,2025-08-11,90,27.177897,9.338212,33.915985,2,32,8,5.29816,1.27602,14,5.321508,False,0.781068,0.828457,0.714286,0.428571,0.0,5.321508,0.506773,0.573751,,,,1.539541,5.7426,4.56756,4.747614,3.994249,12.477552,12.477552,1.013982,2.578319,2.578319,88.0,48.333333,30.363137,74.893238,中孚实业
cup_v3_handle_breakout_confirm,杯柄 V3 柄部确认突破,600600.SH,2022-08-02,0.492951,bottom_staging_handle_breakout_confirm,107.43,108.92,98.02,106.28,cup_v3_bottom_staging,handle_breakout_confirm,rolling_1m,2022-03-11,2022-07-22,2022-07-25,2022-07-29,,,2022-08-02,90,22.709671,17.070947,25.153022,3,21,8,1.991164,1.456401,5,2.213834,False,1.337384,0.981408,0.333333,0.333333,0.0,2.213834,0.603534,0.665591,,,,1.236866,-1.6472,98.958735,99.609722,1.24422,6.696412,6.696412,0.815967,0.642216,0.642216,86.0,15.975557,17.435491,65.547828,青岛啤酒
cup_v3_handle_breakout_confirm,杯柄 V3 柄部确认突破,600663.SH,2024-10-31,0.47908,bottom_staging_handle_breakout_confirm,10.73,11.0,9.65,10.84,cup_v3_bottom_staging,handle_breakout_confirm,rolling_1m,2024-05-31,2024-10-15,2024-10-16,2024-10-18,2024-10-25,2024-10-25,2024-10-31,90,27.942118,0.0,30.746574,3,22,5,2.191973,1.251749,10,5.803109,False,1.087766,1.449704,0.0,0.0,0.0,5.803109,0.397601,0.786173,1.142857,0.769231,2.0833,1.012521,1.9755,9.847176,10.353464,3.684551,4.699255,4.699255,2.851395,2.620584,2.620584,73.0,17.062635,18.171825,64.793297,陆家嘴
cup_v3_handle_breakout_confirm,杯柄 V3 柄部确认突破,600664.SH,2022-12-15,0.537033,bottom_staging_handle_breakout_confirm,3.65,3.74,3.05,3.63,cup_v3_bottom_staging,handle_breakout_confirm,rolling_1m,2022-07-22,2022-12-02,2022-12-05,2022-12-07,,,2022-12-15,90,13.245283,6.82243,18.867925,2,26,7,4.965012,1.951493,7,3.278689,False,1.379482,1.180925,0.0,0.0,0.0,3.278689,0.321776,0.635249,,,,1.404201,0.554,3.045947,3.351856,3.416113,8.298197,8.298197,1.135229,9.012756,9.012756,84.0,21.812081,25.240792,67.809024,哈药股份
cup_v3_handle_breakout_confirm,杯柄 V3 柄部确认突破,600664.SH,2023-11-23,0.521023,bottom_staging_handle_breakout_confirm,3.65,3.72,3.54,3.71,cup_v3_bottom_staging,handle_breakout_confirm,rolling_1m,2023-06-13,2023-10-26,2023-10-27,2023-11-10,,,2023-11-23,90,7.196262,3.22841,11.52648,4,22,5,4.039523,2.177609,18,1.129944,False,0.740552,1.453019,0.888889,0.444444,0.0,1.129944,0.691332,0.506994,,,,1.174995,1.6438,3.42722,3.607171,4.457826,2.850672,2.850672,0.103858,1.792421,1.792421,55.0,0.542005,9.544549,66.100652,哈药股份
cup_v3_handle_breakout_confirm,杯柄 V3 柄部确认突破,600674.SH,2023-02-28,0.525986,bottom_staging_handle_breakout_confirm,12.75,12.99,12.61,12.98,cup_v3_bottom_staging,handle_breakout_confirm,rolling_1m,2022-09-30,2023-02-17,2023-02-20,2023-02-27,2023-02-28,2023-02-28,2023-02-28,90,11.623371,5.289855,13.662559,2,27,8,1.826847,1.318311,5,1.665345,False,1.184035,0.995773,0.25,0.5,0.0,1.665345,0.829567,0.640804,1.761905,0.958333,1.8838,1.877266,1.8838,12.577699,12.667543,1.92643,2.466596,2.466596,0.851703,0.438712,0.438712,33.0,-3.851852,6.930285,67.282434,川投能源
cup_v3_handle_breakout_confirm,杯柄 V3 柄部确认突破,600678.SH,2025-07-11,0.561988,bottom_staging_handle_breakout_confirm,8.91,9.8,8.32,9.46,cup_v3_bottom_staging,handle_breakout_confirm,rolling_1m,2025-02-12,2025-06-24,2025-06-25,2025-07-02,2025-07-03,2025-07-03,2025-07-11,90,25.699482,1.711328,27.46114,4,43,15,1.401484,1.871515,11,3.485577,False,0.952992,1.882034,0.75,0.25,0.0,3.485577,0.697447,0.501585,1.689655,0.612245,2.6807,2.445797,6.1728,8.450438,8.539968,1.888214,10.773251,10.773251,0.580416,2.489291,2.489291,87.0,46.666667,23.745054,70.383591,四川金顶
cup_v3_handle_breakout_confirm,杯柄 V3 柄部确认突破,600724.SH,2026-01-08,0.59692,bottom_staging_handle_breakout_confirm,5.63,5.9,5.56,5.87,cup_v3_bottom_staging,handle_breakout_confirm,rolling_1m,2025-08-08,2025-12-19,2025-12-22,2026-01-07,2026-01-08,2026-01-08,2026-01-08,90,17.634724,15.387852,20.57035,3,33,13,2.495544,1.638034,10,3.417266,True,0.915726,0.842767,0.666667,0.666667,0.0,3.417266,0.665931,0.347773,1.631579,0.90625,4.078,1.157336,4.078,5.554078,5.587477,3.527529,5.056352,5.056352,0.405955,-0.48406,-0.48406,69.0,23.839662,13.185718,62.332017,宁波富达
cup_v3_handle_breakout_confirm,杯柄 V3 柄部确认突破,600729.SH,2023-02-28,0.537238,bottom_staging_handle_breakout_confirm,25.82,26.62,25.02,26.2,cup_v3_bottom_staging,handle_breakout_confirm,rolling_1m,2022-09-16,2023-02-17,2023-02-20,2023-02-22,,,2023-02-28,90,20.882061,15.895468,25.569871,4,30,17,3.878003,1.902868,5,1.278977,False,0.872559,1.218391,1.0,0.0,0.0,1.278977,0.819491,0.346563,,,,1.110552,1.4717,24.421037,24.791832,3.762996,5.67997,5.67997,0.420303,1.334261,1.334261,74.0,14.16122,16.168222,70.542594,重庆百货
cup_v3_handle_breakout_confirm,杯柄 V3 柄部确认突破,600738.SH,2023-04-06,0.581369,bottom_staging_handle_breakout_confirm,7.55,7.85,7.3,7.79,cup_v3_bottom_staging,handle_breakout_confirm,rolling_1m,2022-11-11,2023-03-24,2023-03-27,2023-03-31,,,2023-04-06,90,8.719021,4.907677,10.928635,4,29,7,2.032409,1.545356,6,1.780822,True,0.813924,0.829093,1.0,0.666667,0.0,1.780822,0.669336,0.46345,,,,1.087436,3.5904,7.26503,7.36217,2.270741,5.8112,5.8112,2.56937,1.057346,1.057346,72.0,29.833333,11.34669,64.000638,丽尚国潮
cup_v3_handle_breakout_confirm,杯柄 V3 柄部确认突破,600756.SH,2023-01-19,0.574383,bottom_staging_handle_breakout_confirm,15.0,15.43,13.77,15.07,cup_v3_bottom_staging,handle_breakout_confirm,rolling_1m,2022-08-22,2023-01-03,2023-01-04,2023-01-13,2023-01-16,2023-01-16,2023-01-19,90,25.656253,12.349774,26.258714,4,36,18,0.479452,1.409662,10,6.535948,False,1.1013,1.612822,0.833333,0.666667,0.0,6.535948,0.617531,0.560375,0.555556,0.740741,2.6619,1.875542,-0.1325,14.35374,14.200982,2.20333,6.119421,6.119421,-2.099869,1.19951,1.19951,84.0,15.214067,13.823185,60.936839,浪潮软件
cup_v3_handle_breakout_confirm,杯柄 V3 柄部确认突破,600760.SH,2022-08-04,0.541244,bottom_staging_handle_breakout_confirm,64.61,65.12,59.8,63.4,cup_v3_bottom_staging,handle_breakout_confirm,rolling_1m,2022-03-15,2022-07-26,2022-07-27,2022-08-03,,,2022-08-04,90,15.894245,4.136767,18.008581,3,25,7,1.824367,1.834581,5,2.107023,False,2.44154,2.449493,0.5,0.25,0.0,2.107023,0.322119,0.840651,,,,1.40281,-1.7054,60.03508,60.556244,1.707201,4.696058,4.696058,0.067146,0.774879,0.774879,89.0,19.554969,13.155856,61.126778,中航沈飞
cup_v3_handle_breakout_confirm,杯柄 V3 柄部确认突破,600831.SH,2023-03-24,0.572165,bottom_staging_handle_breakout_confirm,6.52,6.69,6.26,6.66,cup_v3_bottom_staging,handle_breakout_confirm,rolling_1m,2022-10-25,2023-03-07,2023-03-08,2023-03-16,2023-03-17,2023-03-17,2023-03-24,90,14.048531,17.602105,19.50374,4,23,9,4.783235,1.563985,11,4.632588,True,0.902835,0.725941,0.6,0.6,0.0,4.632588,0.536191,0.666906,0.551724,0.769231,2.0668,1.25853,2.3041,6.293929,6.418849,4.068539,3.756915,3.756915,1.287921,1.025251,1.025251,76.0,23.10536,14.662841,59.890867,广电网络
cup_v3_handle_breakout_confirm,杯柄 V3 柄部确认突破,600871.SH,2023-04-13,0.572219,bottom_staging_handle_breakout_confirm,2.23,2.3,2.17,2.27,cup_v3_bottom_staging,handle_breakout_confirm,rolling_1m,2022-11-21,2023-04-03,2023-04-04,2023-04-11,2023-04-12,2023-04-12,2023-04-13,90,10.255102,5.478548,13.77551,3,21,7,3.192966,1.96832,5,2.764977,True,0.87244,0.621928,0.666667,1.0,0.0,2.764977,0.567048,0.455918,0.833333,0.8,1.3699,1.387732,2.2523,2.167705,2.176335,2.87379,4.303776,4.303776,-0.023495,0.90758,0.90758,75.0,21.390374,10.749715,61.13525,石化油服
cup_v3_handle_breakout_confirm,杯柄 V3 柄部确认突破,600900.SH,2022-07-11,0.558702,bottom_staging_handle_breakout_confirm,24.48,24.99,23.89,24.69,cup_v3_bottom_staging,handle_breakout_confirm,rolling_1m,2022-02-17,2022-06-30,2022-07-01,2022-07-08,2022-07-18,2022-07-18,2022-07-11,90,8.684932,0.559557,11.050228,3,17,5,2.176288,2.148903,5,1.799916,True,0.676544,0.780146,0.75,0.5,0.0,1.799916,0.799882,0.36814,2.465116,0.763158,2.6749,1.178315,2.0248,23.555982,23.67985,3.243415,4.265861,4.265861,-0.221888,0.397649,0.397649,87.0,11.416968,7.183556,64.567326,长江电力
cup_v3_handle_breakout_confirm,杯柄 V3 柄部确认突破,600900.SH,2023-12-12,0.550619,bottom_staging_handle_breakout_confirm,22.73,23.01,22.35,22.98,cup_v3_bottom_staging,handle_breakout_confirm,rolling_1m,2023-07-19,2023-11-29,2023-11-30,2023-12-11,2023-12-12,2023-12-12,2023-12-12,90,4.788954,4.164874,5.430867,2,19,5,0.612578,1.851667,7,2.147651,False,1.464272,1.514634,0.5,0.5,0.0,2.147651,0.842716,0.645612,1.3125,0.896552,0.7011,1.007596,0.7011,22.570926,22.630768,1.147823,1.543174,1.543174,0.258878,0.157356,0.157356,66.0,3.141831,3.27355,61.564426,长江电力
cup_v3_handle_breakout_confirm,杯柄 V3 柄部确认突破,600900.SH,2025-06-25,0.541199,bottom_staging_handle_breakout_confirm,30.48,30.95,30.06,30.88,cup_v3_bottom_staging,handle_breakout_confirm,rolling_1m,2025-01-23,2025-06-12,2025-06-13,2025-06-17,2025-06-25,2025-06-25,2025-06-25,90,10.760165,7.131886,12.066757,1,20,8,1.179658,1.624919,7,1.862941,False,1.527402,1.986306,0.0,0.0,0.0,1.862941,0.822979,0.624378,1.464286,0.872727,0.981,1.193387,0.981,30.294569,30.33367,1.074222,1.801067,1.801067,0.465857,-0.00919,-0.00919,53.0,4.430166,6.616642,62.540536,长江电力
cup_v3_handle_breakout_confirm,杯柄 V3 柄部确认突破,600901.SH,2023-04-25,0.546581,bottom_staging_handle_breakout_confirm,6.56,6.58,6.08,6.29,cup_v3_bottom_staging,handle_breakout_confirm,rolling_1m,2022-11-28,2023-04-11,2023-04-12,2023-04-21,,,2023-04-25,90,12.082497,6.284441,13.159336,4,22,5,0.960756,1.201483,8,1.973684,False,1.197356,1.675194,0.5,0.666667,0.0,1.973684,0.646781,0.769556,,,,2.099383,-2.6316,6.056871,6.172409,2.363084,1.905112,1.905112,0.249675,1.280093,1.280093,85.0,31.041667,7.825491,55.661609,江苏金租
cup_v3_handle_breakout_confirm,杯柄 V3 柄部确认突破,600928.SH,2024-04-29,0.595849,bottom_staging_handle_breakout_confirm,3.52,3.62,3.46,3.61,cup_v3_bottom_staging,handle_breakout_confirm,rolling_1m,2023-11-30,2024-04-16,2024-04-17,2024-04-26,2024-04-29,2024-04-29,2024-04-29,90,5.136678,2.474757,6.939021,3,30,16,1.714286,1.822243,7,2.890173,False,0.776619,0.956475,0.5,0.5,0.0,2.890173,0.699164,0.62021,1.5,0.909091,2.5568,1.437914,2.5568,3.461161,3.500788,2.855648,3.119648,3.119648,0.107188,0.461851,0.461851,80.0,4.034582,5.222249,59.802206,西安银行
cup_v3_handle_breakout_confirm,杯柄 V3 柄部确认突破,600938.SH,2026-01-21,0.567543,bottom_staging_handle_breakout_confirm,29.63,30.59,29.11,30.56,cup_v3_bottom_staging,handle_breakout_confirm,rolling_1m,2025-08-28,2026-01-12,2026-01-13,2026-01-16,,,2026-01-21,90,11.114514,9.836359,13.442322,3,22,6,2.094962,1.67126,5,1.786328,False,0.78682,1.418987,1.0,0.5,0.0,1.786328,0.594677,0.690446,,,,1.235364,3.1039,28.713194,29.129128,3.192978,4.912169,4.912169,0.269907,1.159673,1.159673,60.0,17.267843,11.539971,62.451544,中国海油
cup_v3_handle_breakout_confirm,杯柄 V3 柄部确认突破,600941.SH,2023-03-01,0.460617,bottom_staging_handle_breakout_confirm,80.52,85.95,77.28,84.61,cup_v3_bottom_staging,handle_breakout_confirm,rolling_1m,2022-09-30,2023-02-17,2023-02-20,2023-02-27,,,2023-03-01,90,15.600718,11.032483,21.788198,4,19,5,5.352458,2.156679,6,4.451346,True,0.641003,0.814156,0.75,0.75,0.0,4.451346,0.69172,0.41401,,,,2.566798,4.9752,76.860368,78.705379,5.021615,7.502182,7.502182,1.224764,1.738217,1.738217,90.0,32.575995,19.503118,69.642713,中国移动
cup_v3_handle_breakout_confirm,杯柄 V3 柄部确认突破,600959.SH,2023-04-19,0.519801,bottom_staging_handle_breakout_confirm,3.42,3.52,3.38,3.47,cup_v3_bottom_staging,handle_breakout_confirm,rolling_1m,2022-11-25,2023-04-10,2023-04-11,2023-04-18,2023-04-20,2023-04-20,2023-04-19,90,13.63174,9.518623,16.310614,2,16,5,2.357505,1.350175,5,1.47929,True,0.666065,0.709948,1.0,0.75,0.0,1.47929,0.560382,0.81728,2.6,0.777778,1.1527,1.045901,1.462,3.330779,3.396722,2.978901,2.157327,2.157327,1.122266,1.452319,1.452319,73.0,20.905923,11.791237,59.813483,江苏有线
cup_v3_handle_breakout_confirm,杯柄 V3 柄部确认突破,600962.SH,2023-02-02,0.468303,bottom_staging_handle_breakout_confirm,14.4,14.68,13.2,14.65,cup_v3_bottom_staging,handle_breakout_confirm,rolling_1m,2022-08-30,2023-01-11,2023-01-12,2023-01-19,,,2023-02-02,90,27.621336,14.937125,31.859683,4,36,13,3.321033,1.290091,9,3.939394,True,0.673511,0.860237,0.75,0.75,0.0,3.939394,0.488572,0.559661,,,,1.065926,1.244,13.530843,13.499813,1.39797,8.520025,8.520025,-1.053965,1.535004,1.535004,89.0,30.803571,21.132778,67.35057,国投中鲁
cup_v3_handle_breakout_confirm,杯柄 V3 柄部确认突破,600968.SH,2022-11-07,0.484808,bottom_staging_handle_breakout_confirm,2.99,3.13,2.86,3.09,cup_v3_bottom_staging,handle_breakout_confirm,rolling_1m,2022-05-25,2022-09-29,2022-09-30,2022-10-25,,,2022-11-07,90,14.596774,3.597472,16.129032,4,19,5,1.337087,1.276679,20,0.699301,True,0.81578,0.933095,0.636364,0.636364,0.0,0.699301,0.439929,0.770103,,,,1.05006,4.0404,2.853514,2.992369,0.928175,3.262653,3.262653,0.723625,1.626922,1.626922,79.0,27.160494,14.426786,61.497549,海油发展
cup_v3_handle_breakout_confirm,杯柄 V3 柄部确认突破,600981.SH,2025-09-10,0.532114,bottom_staging_handle_breakout_confirm,3.12,3.25,3.04,3.18,cup_v3_bottom_staging,handle_breakout_confirm,rolling_1m,2025-04-08,2025-08-15,2025-08-18,2025-08-28,,,2025-09-10,90,17.96875,16.99974,20.3125,3,27,5,1.986755,1.417691,16,1.315789,False,0.857784,1.3544,0.714286,0.428571,0.0,1.315789,0.571769,0.742233,,,,1.097144,2.2508,3.017353,3.148385,2.076216,1.004172,1.004172,0.759835,0.99311,0.99311,74.0,21.83908,13.368984,56.745033,苏豪汇鸿
cup_v3_handle_breakout_confirm,杯柄 V3 柄部确认突破,601058.SH,2023-08-24,0.607553,bottom_staging_handle_breakout_confirm,11.44,11.87,11.29,11.73,cup_v3_bottom_staging,handle_breakout_confirm,rolling_1m,2023-03-23,2023-08-03,2023-08-04,2023-08-17,2023-08-24,2023-08-24,2023-08-24,90,15.669747,7.003596,17.802376,4,23,10,1.843723,1.354979,13,2.745793,False,1.210532,1.476953,0.625,0.5,0.0,2.745793,0.711172,0.685603,1.419355,0.695652,2.6247,1.7833,2.6247,11.431983,11.515694,1.469706,1.86099,1.86099,-0.029211,1.090838,1.090838,84.0,5.770965,8.752086,57.984516,赛轮轮胎
cup_v3_handle_breakout_confirm,杯柄 V3 柄部确认突破,601077.SH,2024-04-15,0.58558,bottom_staging_handle_breakout_confirm,4.57,4.68,4.53,4.65,cup_v3_bottom_staging,handle_breakout_confirm,rolling_1m,2023-11-09,2024-03-22,2024-03-25,2024-04-11,2024-04-15,2024-04-15,2024-04-15,90,10.891089,11.719008,13.366337,2,27,10,2.232143,1.46228,12,1.103753,False,0.942949,1.106542,0.7,0.6,0.0,1.103753,0.677697,0.745966,2.4,0.785714,2.1978,1.137183,2.1978,4.495126,4.599872,1.888126,1.089769,1.089769,0.327478,0.446607,0.446607,86.0,7.638889,8.598342,55.829708,渝农商行
cup_v3_handle_breakout_confirm,杯柄 V3 柄部确认突破,601098.SH,2023-04-20,0.517531,bottom_staging_handle_breakout_confirm,11.96,12.77,11.46,12.73,cup_v3_bottom_staging,handle_breakout_confirm,rolling_1m,2022-11-25,2023-04-10,2023-04-11,2023-04-18,,,2023-04-20,90,16.779696,15.992241,22.17427,3,17,6,4.619446,1.670956,6,3.752182,True,0.569342,0.632955,0.75,0.75,0.0,3.752182,0.308872,0.835752,,,,1.446069,6.0833,11.492701,11.854814,3.456971,7.382535,7.382535,2.079123,1.453809,1.453809,83.0,35.138004,23.639248,67.20195,中南传媒
cup_v3_handle_breakout_confirm,杯柄 V3 柄部确认突破,601179.SH,2023-04-14,0.509433,bottom_staging_handle_breakout_confirm,5.52,5.72,5.32,5.69,cup_v3_bottom_staging,handle_breakout_confirm,rolling_1m,2022-11-21,2023-04-03,2023-04-04,2023-04-11,2023-04-13,2023-04-13,2023-04-14,90,14.44206,8.733683,17.811159,2,29,9,2.943934,1.361157,6,3.195489,True,0.608507,0.806101,1.0,0.666667,0.0,3.195489,0.54839,0.521887,1.352941,0.761905,1.6484,1.113773,2.5225,5.437387,5.505826,0.967612,3.345075,3.345075,0.315094,0.878464,0.878464,77.0,25.607064,15.291098,65.875923,中国西电
cup_v3_handle_breakout_confirm,杯柄 V3 柄部确认突破,601187.SH,2025-05-22,0.587012,bottom_staging_handle_breakout_confirm,6.1,6.3,5.94,6.26,cup_v3_bottom_staging,handle_breakout_confirm,rolling_1m,2024-12-23,2025-05-12,2025-05-13,2025-05-20,2025-05-21,2025-05-21,2025-05-22,90,9.499072,7.469181,11.131725,3,22,5,1.49102,2.171628,6,0.841751,True,0.53712,0.798216,0.75,0.5,0.0,0.841751,0.601008,0.534356,3.0,1.0,2.1812,1.657111,2.7915,5.894207,5.987853,1.625197,4.544989,4.544989,0.002083,0.817673,0.817673,73.0,10.600707,10.232292,63.324148,厦门银行
cup_v3_handle_breakout_confirm,杯柄 V3 柄部确认突破,601187.SH,2025-12-09,0.534331,bottom_staging_handle_breakout_confirm,7.36,7.68,7.09,7.55,cup_v3_bottom_staging,handle_breakout_confirm,rolling_1m,2025-07-18,2025-11-28,2025-12-01,2025-12-05,2025-12-08,2025-12-08,2025-12-09,90,14.259,0.0,17.188717,3,31,13,2.564103,1.498087,5,6.06488,False,0.848445,1.082586,0.333333,0.666667,0.0,6.06488,0.441657,0.747135,0.860465,0.682927,3.3241,1.625649,1.2064,7.260664,7.306471,3.571801,3.333057,3.333057,1.3574,0.316128,0.316128,62.0,18.153365,8.594031,60.333666,厦门银行
cup_v3_handle_breakout_confirm,杯柄 V3 柄部确认突破,601218.SH,2024-01-16,0.649717,bottom_staging_handle_breakout_confirm,4.0,4.05,3.91,4.03,cup_v3_bottom_staging,handle_breakout_confirm,rolling_1m,2023-08-16,2023-12-27,2023-12-28,2024-01-10,2024-01-11,2024-01-11,2024-01-16,90,8.839779,4.978277,9.944751,2,17,5,1.015228,1.698349,11,1.790281,False,0.82242,1.631183,0.714286,0.571429,0.0,1.790281,0.688036,0.64818,1.571429,1.0,1.2594,1.171204,0.4988,3.887379,3.947237,2.382601,2.096725,2.096725,-0.647334,0.681155,0.681155,84.0,8.042895,5.955041,58.887687,吉鑫科技
cup_v3_handle_breakout_confirm,杯柄 V3 柄部确认突破,601326.SH,2022-07-18,0.535393,bottom_staging_handle_breakout_confirm,2.92,3.05,2.9,3.04,cup_v3_bottom_staging,handle_breakout_confirm,rolling_1m,2022-02-23,2022-07-06,2022-07-07,2022-07-15,2022-07-18,2022-07-18,2022-07-18,90,9.78342,1.866289,10.530246,4,29,11,0.680272,1.415562,6,2.068966,False,1.081786,1.058708,0.4,0.6,0.0,2.068966,0.676521,0.828161,2.333333,0.928571,4.4674,2.388323,4.4674,2.917181,2.920943,1.467812,4.075981,4.075981,-0.722282,0.278153,0.278153,85.0,9.352518,7.836472,62.5266,秦港股份
cup_v3_handle_breakout_confirm,杯柄 V3 柄部确认突破,601328.SH,2023-03-01,0.597229,bottom_staging_handle_breakout_confirm,4.9,4.92,4.86,4.92,cup_v3_bottom_staging,handle_breakout_confirm,rolling_1m,2022-09-30,2023-02-17,2023-02-20,2023-02-27,2023-02-28,2023-02-28,2023-03-01,90,7.505519,6.095432,8.609272,1,19,5,1.026694,1.685594,6,1.234568,True,0.878526,0.764864,0.75,0.75,0.0,1.234568,0.911952,0.492463,0.666667,1.0,0.823,1.323462,0.4082,4.862748,4.869459,1.177362,1.037909,1.037909,0.219714,0.045548,0.045548,63.0,7.894737,4.730988,61.985044,交通银行
cup_v3_handle_breakout_confirm,杯柄 V3 柄部确认突破,601368.SH,2022-04-18,0.563578,bottom_staging_handle_breakout_confirm,5.78,5.99,5.53,5.95,cup_v3_bottom_staging,handle_breakout_confirm,rolling_1m,2021-11-17,2022-03-30,2022-03-31,2022-04-12,,,2022-04-18,90,10.892259,6.213517,12.861926,3,34,12,1.776199,1.292107,9,3.616637,False,0.886018,1.264794,0.8,0.4,0.0,3.616637,0.5862,0.484272,,,,1.482984,2.7634,5.692365,5.597437,0.661157,6.298652,6.298652,-0.192616,-0.720423,-0.720423,88.0,19.238477,11.423221,62.257309,绿城水务
cup_v3_handle_breakout_confirm,杯柄 V3 柄部确认突破,601390.SH,2023-03-01,0.596811,bottom_staging_handle_breakout_confirm,6.03,6.19,5.95,6.18,cup_v3_bottom_staging,handle_breakout_confirm,rolling_1m,2022-09-30,2023-02-17,2023-02-20,2023-02-28,2023-03-01,2023-03-01,2023-03-01,90,14.489128,10.532947,16.798153,3,27,7,2.016807,1.824486,6,2.016807,True,0.751641,0.928407,0.6,0.6,0.0,2.016807,0.730579,0.426777,1.916667,0.947368,2.3179,1.430383,2.3179,5.827179,5.945918,4.167046,3.936852,3.936852,1.184009,1.244864,1.244864,65.0,8.994709,9.858529,64.852415,中国中铁
cup_v3_handle_breakout_confirm,杯柄 V3 柄部确认突破,601599.SH,2022-04-06,0.567864,bottom_staging_handle_breakout_confirm,3.52,3.75,3.34,3.69,cup_v3_bottom_staging,handle_breakout_confirm,rolling_1m,2021-11-04,2022-03-17,2022-03-18,2022-03-28,,,2022-04-06,90,23.758485,17.308585,27.188282,4,40,17,2.771363,1.89374,10,6.586826,False,0.763394,1.441205,0.8,0.4,0.0,6.586826,0.467449,0.460137,,,,1.788661,4.5326,3.457558,3.448425,2.962843,7.00537,7.00537,-2.853763,0.730966,0.730966,82.0,17.515924,16.926327,61.832316,浙文影业
cup_v3_handle_breakout_confirm,杯柄 V3 柄部确认突破,601607.SH,2023-04-13,0.553691,bottom_staging_handle_breakout_confirm,21.1,21.6,20.89,21.5,cup_v3_bottom_staging,handle_breakout_confirm,rolling_1m,2022-11-21,2023-04-03,2023-04-04,2023-04-11,,,2023-04-13,90,12.498625,7.472206,16.019364,2,33,7,3.129584,1.439371,5,0.957396,False,1.026816,1.136769,0.666667,0.666667,0.0,0.957396,0.802405,0.5088,,,,1.10059,2.0408,20.574405,20.844745,2.506,3.143502,3.143502,0.82618,1.069217,1.069217,77.0,23.421355,12.514391,67.057551,上海医药
cup_v3_handle_breakout_confirm,杯柄 V3 柄部确认突破,601608.SH,2024-04-11,0.542393,bottom_staging_handle_breakout_confirm,4.43,4.72,4.37,4.66,cup_v3_bottom_staging,handle_breakout_confirm,rolling_1m,2023-11-16,2024-03-29,2024-04-01,2024-04-03,,,2024-04-11,90,15.706948,11.025954,20.843471,3,23,9,4.439252,1.843266,5,2.28833,True,0.879273,0.898202,1.0,1.0,0.0,2.28833,0.722911,0.660004,,,,1.984421,4.4843,4.286817,4.367745,4.27318,6.691206,6.691206,0.619579,1.553281,1.553281,94.0,26.975477,19.349469,73.184796,中信重工
cup_v3_handle_breakout_confirm,杯柄 V3 柄部确认突破,601618.SH,2023-03-01,0.601124,bottom_staging_handle_breakout_confirm,3.41,3.48,3.36,3.48,cup_v3_bottom_staging,handle_breakout_confirm,rolling_1m,2022-09-30,2023-02-17,2023-02-20,2023-02-28,2023-03-01,2023-03-01,2023-03-01,90,13.06516,11.377641,14.029255,4,29,5,0.85269,1.817864,6,2.083333,False,0.742036,1.148409,0.8,0.6,0.0,2.083333,0.721564,0.502634,1.714286,1.0,2.0528,1.709409,2.0528,3.361755,3.403373,2.030027,2.251512,2.251512,0.981174,0.579454,0.579454,64.0,8.411215,7.909765,61.241933,中国中冶
cup_v3_handle_breakout_confirm,杯柄 V3 柄部确认突破,601619.SH,2025-05-09,0.614505,bottom_staging_handle_breakout_confirm,3.75,3.92,3.61,3.85,cup_v3_bottom_staging,handle_breakout_confirm,rolling_1m,2024-12-10,2025-04-24,2025-04-25,2025-04-30,2025-05-06,2025-05-06,2025-05-09,90,12.992611,6.141732,16.37931,3,28,12,2.997275,1.6503,6,4.709141,True,0.835803,0.800832,1.0,0.5,0.0,4.709141,0.535773,0.544297,0.882353,0.933333,3.8674,1.82157,2.9412,3.615543,3.651343,4.548599,5.440655,5.440655,-3.295724,0.875683,0.875683,76.0,11.918605,12.384149,60.023489,嘉泽新能
cup_v3_handle_breakout_confirm,杯柄 V3 柄部确认突破,601669.SH,2024-08-15,0.53613,bottom_staging_handle_breakout_confirm,5.46,5.55,5.35,5.55,cup_v3_bottom_staging,handle_breakout_confirm,rolling_1m,2024-03-18,2024-07-29,2024-07-30,2024-08-13,2024-08-19,2024-08-19,2024-08-15,90,10.265628,7.269597,10.844817,2,20,5,0.525267,1.224464,11,3.738318,False,0.700093,1.382166,0.666667,0.444444,0.0,3.738318,0.677547,0.749167,1.1,0.875,1.0889,1.077767,1.0929,5.462953,5.450146,1.593404,1.832134,1.832134,-0.828146,0.062305,0.062305,80.0,8.823529,5.128569,56.98907,中国电建
cup_v3_handle_breakout_confirm,杯柄 V3 柄部确认突破,601702.SH,2023-11-14,0.532192,bottom_staging_handle_breakout_confirm,17.89,17.89,16.0,17.15,cup_v3_bottom_staging,handle_breakout_confirm,rolling_1m,2023-06-21,2023-11-03,2023-11-06,2023-11-10,,,2023-11-14,90,12.713749,11.325903,15.668011,3,43,13,2.62103,1.557407,5,4.0,False,0.98752,1.110226,0.666667,0.333333,0.0,4.0,0.711823,0.761573,,,,1.67509,-0.9815,16.174198,16.399888,2.879906,4.573887,4.573887,1.843443,1.171197,1.171197,94.0,34.404389,14.706768,62.884426,华峰铝业
cup_v3_handle_breakout_confirm,杯柄 V3 柄部确认突破,601718.SH,2023-04-12,0.578673,bottom_staging_handle_breakout_confirm,3.21,3.32,3.16,3.28,cup_v3_bottom_staging,handle_breakout_confirm,rolling_1m,2022-11-04,2023-03-17,2023-03-20,2023-03-30,2023-03-31,2023-03-31,2023-04-12,90,8.234093,4.498574,9.901327,3,19,6,1.540396,1.477478,15,2.21519,False,0.674902,1.094959,0.571429,0.428571,0.0,2.21519,0.6249,0.707342,1.0,0.75,0.6231,1.469373,2.1807,3.183736,3.23081,1.453147,1.522541,1.522541,0.332612,0.366249,0.366249,47.0,4.792332,6.200421,57.866397,际华集团
cup_v3_handle_breakout_confirm,杯柄 V3 柄部确认突破,601816.SH,2024-06-25,0.609723,bottom_staging_handle_breakout_confirm,5.24,5.28,5.09,5.25,cup_v3_bottom_staging,handle_breakout_confirm,rolling_1m,2024-01-18,2024-06-06,2024-06-07,2024-06-14,2024-06-24,2024-06-24,2024-06-25,90,4.697581,4.616843,5.645161,4,24,8,0.905065,1.577688,10,2.946955,True,0.790954,0.789187,0.666667,0.666667,0.0,2.946955,0.855301,0.500933,1.0,0.7,0.7692,1.125779,0.1908,5.173882,5.161251,1.277924,1.719523,1.719523,-0.47188,0.015003,0.015003,90.0,8.695652,4.092659,59.156487,京沪高铁
cup_v3_handle_breakout_confirm,杯柄 V3 柄部确认突破,601857.SH,2023-03-01,0.601832,bottom_staging_handle_breakout_confirm,5.22,5.29,5.19,5.28,cup_v3_bottom_staging,handle_breakout_confirm,rolling_1m,2022-09-30,2023-02-17,2023-02-20,2023-02-28,2023-03-01,2023-03-01,2023-03-01,90,4.44668,0.116294,5.432596,3,20,5,0.943941,1.60221,6,0.963391,True,0.724277,0.725992,0.6,0.8,0.0,0.963391,0.875323,0.553457,1.8,0.875,0.956,1.351683,0.956,5.160625,5.195255,1.53808,1.6312,1.6312,0.712182,0.378776,0.378776,34.0,-3.649635,2.454642,65.030368,中国石油
cup_v3_handle_breakout_confirm,杯柄 V3 柄部确认突破,601868.SH,2023-04-27,0.626699,bottom_staging_handle_breakout_confirm,2.62,2.76,2.57,2.7,cup_v3_bottom_staging,handle_breakout_confirm,rolling_1m,2022-11-29,2023-04-12,2023-04-13,2023-04-26,,,2023-04-27,90,9.170306,1.455644,13.537118,3,36,11,4.0,1.880145,9,1.167315,False,0.648283,1.068584,0.625,0.5,0.0,1.167315,0.585204,0.593743,,,,1.260631,3.4483,2.519329,2.594808,3.202065,4.053961,4.053961,0.548031,1.752928,1.752928,76.0,15.879828,11.913233,63.836961,中国能建
cup_v3_handle_breakout_confirm,杯柄 V3 柄部确认突破,601888.SH,2025-09-18,0.618717,bottom_staging_handle_breakout_confirm,71.17,74.0,69.63,71.68,cup_v3_bottom_staging,handle_breakout_confirm,rolling_1m,2025-04-28,2025-09-04,2025-09-05,2025-09-11,,,2025-09-18,90,11.704407,8.326327,16.170605,2,37,8,3.99823,1.526958,8,1.2351,True,0.748509,0.819222,0.666667,0.666667,0.0,1.2351,0.752763,0.597657,,,,1.909111,0.7449,68.031299,70.027313,3.614074,2.36006,2.36006,0.980821,1.788642,1.788642,57.0,14.890207,11.791701,62.336919,中国中免
cup_v3_handle_breakout_confirm,杯柄 V3 柄部确认突破,601899.SH,2025-06-11,0.594635,bottom_staging_handle_breakout_confirm,18.27,18.71,17.63,18.66,cup_v3_bottom_staging,handle_breakout_confirm,rolling_1m,2024-12-31,2025-05-20,2025-05-21,2025-06-09,2025-06-10,2025-06-10,2025-06-11,90,14.385298,10.846904,17.173638,3,18,14,2.437673,1.792839,13,4.878049,False,1.336877,0.971131,0.545455,0.545455,0.0,4.878049,0.575477,0.547001,0.744186,0.770833,1.6694,1.020022,2.1346,17.880396,18.03027,3.409341,3.492625,3.492625,0.470457,0.468257,0.468257,82.0,17.506297,10.485025,61.256605,紫金矿业
cup_v3_handle_breakout_confirm,杯柄 V3 柄部确认突破,601916.SH,2024-05-20,0.554737,bottom_staging_handle_breakout_confirm,3.01,3.04,2.95,3.04,cup_v3_bottom_staging,handle_breakout_confirm,rolling_1m,2023-12-13,2024-04-29,2024-04-30,2024-05-09,2024-05-16,2024-05-16,2024-05-20,90,18.340611,17.952798,19.094879,3,23,5,0.63737,1.2183,10,1.694915,False,0.903149,1.011106,0.666667,0.666667,0.0,1.694915,0.814982,0.681292,0.8,0.75,1.0135,1.545832,0.9967,2.977697,2.977961,0.749006,2.08328,2.08328,-0.142625,0.106814,0.106814,91.0,21.6,10.787172,62.238796,浙商银行
cup_v3_handle_breakout_confirm,杯柄 V3 柄部确认突破,601939.SH,2024-06-20,0.539242,bottom_staging_handle_breakout_confirm,7.19,7.24,7.03,7.23,cup_v3_bottom_staging,handle_breakout_confirm,rolling_1m,2024-01-18,2024-06-06,2024-06-07,2024-06-18,2024-06-19,2024-06-19,2024-06-20,90,5.783417,4.829014,6.226025,2,18,5,0.41841,1.308836,7,2.418208,False,0.991206,0.876699,0.6,0.6,0.0,2.418208,0.838775,0.630156,0.941176,0.909091,1.2676,1.209807,0.5563,7.09717,7.112339,1.448888,1.654321,1.654321,-0.038623,0.084797,0.084797,90.0,12.616822,4.352846,60.661978,建设银行
cup_v3_handle_breakout_confirm,杯柄 V3 柄部确认突破,601985.SH,2023-08-07,0.559223,bottom_staging_handle_breakout_confirm,7.31,7.51,7.12,7.46,cup_v3_bottom_staging,handle_breakout_confirm,rolling_1m,2023-03-15,2023-07-26,2023-07-27,2023-08-02,2023-08-03,2023-08-03,2023-08-07,90,8.671308,9.557558,9.564165,2,33,10,0.821613,1.434405,6,1.685393,False,1.417394,1.630212,0.666667,0.666667,0.0,1.685393,0.744804,0.805117,1.833333,0.952381,2.2284,1.532276,2.052,7.195477,7.258093,0.618768,2.781819,2.781819,0.999434,0.60048,0.60048,91.0,23.920266,9.644073,63.547566,中国核电
cup_v3_handle_breakout_confirm,杯柄 V3 柄部确认突破,601996.SH,2025-11-10,0.527208,bottom_staging_handle_breakout_confirm,2.5,2.58,2.34,2.55,cup_v3_bottom_staging,handle_breakout_confirm,rolling_1m,2025-06-09,2025-10-20,2025-10-21,2025-10-30,2025-10-31,2025-10-31,2025-11-10,90,10.699398,8.338538,13.015285,2,17,6,2.09205,1.208848,13,4.273504,False,0.905045,1.389828,0.666667,0.5,0.0,4.273504,0.509892,0.706814,0.8,0.636364,2.5424,1.100337,2.4096,2.361954,2.412604,3.304307,5.694929,5.694929,-0.772479,1.984275,1.984275,58.0,20.853081,11.540424,65.046483,丰林集团
cup_v3_handle_breakout_confirm,杯柄 V3 柄部确认突破,601997.SH,2023-03-03,0.618864,bottom_staging_handle_breakout_confirm,5.65,5.72,5.6,5.71,cup_v3_bottom_staging,handle_breakout_confirm,rolling_1m,2022-09-30,2023-02-17,2023-02-20,2023-02-28,2023-03-03,2023-03-03,2023-03-03,90,6.076618,3.880114,6.435176,2,23,5,0.338018,1.520772,8,0.714286,False,0.644805,1.076515,0.8,0.6,0.0,0.714286,0.879148,0.569446,2.75,0.875,1.0619,1.520092,1.0619,5.581617,5.612653,1.045994,1.734412,1.734412,0.453893,0.291321,0.291321,42.0,2.146691,3.557718,63.423299,贵阳银行
cup_v3_handle_breakout_confirm,杯柄 V3 柄部确认突破,603038.SH,2023-07-25,0.603633,bottom_staging_handle_breakout_confirm,9.23,9.63,8.8,9.6,cup_v3_bottom_staging,handle_breakout_confirm,rolling_1m,2023-02-24,2023-07-07,2023-07-10,2023-07-13,2023-07-14,2023-07-14,2023-07-25,90,16.880259,7.386686,19.093851,2,33,14,1.893897,1.4526,10,4.545455,True,0.801031,0.862521,1.0,1.0,0.0,4.545455,0.652352,0.549645,1.0,0.703704,3.4871,1.737349,4.1215,9.091457,9.016172,1.193898,6.475339,6.475339,-0.752376,0.877167,0.877167,87.0,21.36536,13.982665,64.700603,华立股份
cup_v3_handle_breakout_confirm,杯柄 V3 柄部确认突破,603089.SH,2023-10-20,0.532602,bottom_staging_handle_breakout_confirm,9.61,10.06,9.42,9.89,cup_v3_bottom_staging,handle_breakout_confirm,rolling_1m,2023-05-23,2023-09-27,2023-09-28,2023-10-19,2023-10-20,2023-10-20,2023-10-20,90,13.13625,13.326413,15.746811,3,18,7,2.307449,1.504875,9,3.078556,False,0.946785,0.974954,0.75,0.625,0.0,3.078556,0.492865,0.881395,1.62069,0.630435,2.5934,1.368914,2.5934,9.494236,9.674767,2.272575,2.224683,2.224683,1.925673,0.818413,0.818413,90.0,11.877828,11.305979,56.478807,正裕工业
cup_v3_handle_breakout_confirm,杯柄 V3 柄部确认突破,603111.SH,2023-06-28,0.682609,bottom_staging_handle_breakout_confirm,4.99,4.99,4.68,4.95,cup_v3_bottom_staging,handle_breakout_confirm,rolling_1m,2023-02-01,2023-06-12,2023-06-13,2023-06-15,2023-06-20,2023-06-20,2023-06-28,90,7.388393,3.504161,7.8125,4,34,16,0.394928,1.694177,8,3.205128,False,1.004258,1.422594,1.0,0.0,0.0,3.205128,0.826048,0.510926,1.066667,0.8,2.5424,1.778107,-1.0,4.765492,4.828846,1.353643,2.508962,2.508962,-0.135339,1.204375,1.204375,77.0,18.990385,7.749238,59.74399,康尼机电
cup_v3_handle_breakout_confirm,杯柄 V3 柄部确认突破,603111.SH,2024-01-03,0.494023,bottom_staging_handle_breakout_confirm,5.78,5.82,5.4,5.77,cup_v3_bottom_staging,handle_breakout_confirm,rolling_1m,2023-08-04,2023-12-15,2023-12-18,2023-12-21,2023-12-29,2023-12-29,2024-01-03,90,23.338554,17.446145,23.741329,3,32,17,0.32656,1.229814,10,2.407407,False,1.393146,1.927221,0.0,0.0,0.0,2.407407,0.757873,0.681317,1.307692,0.928571,1.4572,2.52503,-1.8707,5.523096,5.592324,0.125005,3.177145,3.177145,0.694224,1.155901,1.155901,88.0,15.4,16.520539,64.208749,康尼机电
cup_v3_handle_breakout_confirm,杯柄 V3 柄部确认突破,603121.SH,2024-11-04,0.593041,bottom_staging_handle_breakout_confirm,8.46,8.98,8.06,8.8,cup_v3_bottom_staging,handle_breakout_confirm,rolling_1m,2024-06-03,2024-10-16,2024-10-17,2024-10-30,,,2024-11-04,90,14.573529,3.525296,21.176471,3,40,17,5.76306,1.662049,11,2.233251,True,0.879239,0.905241,0.625,0.75,0.0,2.233251,0.570494,0.47315,,,,1.496912,5.0119,7.884755,8.39824,4.50547,4.783857,4.783857,1.356688,3.419929,3.419929,46.0,2.206736,16.996643,64.276144,华培动力
cup_v3_handle_breakout_confirm,杯柄 V3 柄部确认突破,603159.SH,2025-07-15,0.543523,bottom_staging_handle_breakout_confirm,16.7,17.28,15.81,17.0,cup_v3_bottom_staging,handle_breakout_confirm,rolling_1m,2025-02-10,2025-06-20,2025-06-23,2025-07-03,,,2025-07-15,90,20.785027,1.897331,27.756308,4,14,6,5.771644,1.54171,15,6.641366,False,0.826953,1.184643,0.428571,0.428571,0.0,6.641366,0.532202,0.58227,,,,1.487918,0.7109,16.0533,16.63522,5.025135,2.192817,2.192817,1.314723,0.639419,0.639419,40.0,11.256545,12.677301,62.823737,上海亚虹
cup_v3_handle_breakout_confirm,杯柄 V3 柄部确认突破,603179.SH,2023-07-25,0.518214,bottom_staging_handle_breakout_confirm,47.0,50.2,44.62,48.36,cup_v3_bottom_staging,handle_breakout_confirm,rolling_1m,2023-03-03,2023-07-14,2023-07-17,2023-07-24,,,2023-07-25,90,15.704157,15.190508,19.718495,3,28,6,3.469485,1.336243,5,1.792918,True,0.653433,0.656091,0.75,0.75,0.0,1.792918,0.442746,0.774097,,,,1.9839,4.2241,44.358074,45.452839,2.393985,6.395994,6.395994,1.662608,1.844825,1.844825,76.0,11.479945,16.300555,64.380064,新泉股份
cup_v3_handle_breakout_confirm,杯柄 V3 柄部确认突破,603186.SH,2023-02-02,0.564886,bottom_staging_handle_breakout_confirm,24.35,25.3,23.14,25.3,cup_v3_bottom_staging,handle_breakout_confirm,rolling_1m,2022-08-26,2023-01-09,2023-01-10,2023-01-19,2023-01-20,2023-01-20,2023-02-02,90,17.56157,0.0,18.312607,4,35,10,0.638845,1.222028,11,4.840104,False,0.8091,1.097948,0.666667,0.833333,0.0,4.840104,0.652555,0.470843,0.723214,0.673913,0.7997,1.648594,3.8162,23.651211,23.833317,2.57403,6.153918,6.153918,1.28028,1.437359,1.437359,43.0,0.596421,9.290798,62.449541,华正新材
cup_v3_handle_breakout_confirm,杯柄 V3 柄部确认突破,603225.SH,2023-01-16,0.506281,bottom_staging_handle_breakout_confirm,11.12,11.56,10.94,11.39,cup_v3_bottom_staging,handle_breakout_confirm,rolling_1m,2022-08-24,2023-01-05,2023-01-06,2023-01-10,,,2023-01-16,90,22.526411,5.904737,25.070999,4,24,9,2.076766,1.398035,5,0.639854,True,0.817825,0.876204,1.0,1.0,0.0,0.639854,0.459688,0.816331,,,,1.262889,1.6057,10.835055,10.952652,1.614623,3.993077,3.993077,0.108183,0.743998,0.743998,80.0,11.013645,14.088246,62.155227,新凤鸣
cup_v3_handle_breakout_confirm,杯柄 V3 柄部确认突破,603239.SH,2025-07-14,0.535119,bottom_staging_handle_breakout_confirm,15.59,16.98,15.13,16.38,cup_v3_bottom_staging,handle_breakout_confirm,rolling_1m,2025-02-18,2025-06-30,2025-07-01,2025-07-04,2025-07-08,2025-07-08,2025-07-14,90,17.692067,4.61127,23.594628,2,33,13,5.015258,2.162535,8,4.62657,True,0.580371,0.621307,0.5,0.5,0.0,4.62657,0.710684,0.345059,0.528571,0.862069,0.8458,2.225161,5.0674,15.201424,15.447251,4.134984,6.038284,6.038284,1.381234,0.835873,0.835873,65.0,25.806452,15.334515,66.181401,浙江仙通
cup_v3_handle_breakout_confirm,杯柄 V3 柄部确认突破,603259.SH,2025-07-10,0.555459,bottom_staging_handle_breakout_confirm,69.81,71.39,68.9,70.14,cup_v3_bottom_staging,handle_breakout_confirm,rolling_1m,2025-02-17,2025-06-27,2025-06-30,2025-07-09,,,2025-07-10,90,25.979335,5.751802,29.246265,4,25,7,2.593226,1.503075,7,0.943396,False,0.827829,1.059118,0.833333,0.666667,0.0,0.943396,0.726583,0.510235,,,,1.030691,0.6313,66.133671,67.979001,5.165794,3.178921,3.178921,1.504681,1.617662,1.617662,80.0,35.118474,13.906937,61.889319,药明康德
cup_v3_handle_breakout_confirm,杯柄 V3 柄部确认突破,603328.SH,2023-07-13,0.577362,bottom_staging_handle_breakout_confirm,8.24,8.42,8.12,8.42,cup_v3_bottom_staging,handle_breakout_confirm,rolling_1m,2023-02-15,2023-06-28,2023-06-29,2023-07-10,2023-07-11,2023-07-11,2023-07-13,90,13.730968,12.027428,14.680821,4,31,14,0.835176,1.38605,9,1.108374,False,0.788126,1.131778,0.833333,0.5,0.0,1.108374,0.660468,0.632318,2.111111,0.857143,1.9632,1.237553,3.1863,8.112973,8.186297,1.195952,2.854801,2.854801,0.17926,0.437167,0.437167,82.0,23.641703,10.788259,57.298059,依顿电子
cup_v3_handle_breakout_confirm,杯柄 V3 柄部确认突破,603357.SH,2023-03-29,0.571914,bottom_staging_handle_breakout_confirm,11.46,11.51,10.11,11.28,cup_v3_bottom_staging,handle_breakout_confirm,rolling_1m,2022-11-01,2023-03-14,2023-03-15,2023-03-21,,,2023-03-29,90,9.610361,6.87071,11.885067,1,22,5,2.075266,1.253924,9,1.681503,True,0.880982,0.873243,0.666667,0.666667,0.0,1.681503,0.797612,0.720571,,,,1.521508,-2.0833,10.169613,10.865079,1.08546,3.818852,3.818852,0.864684,4.38991,4.38991,77.0,24.092409,16.906335,65.425198,设计总院
cup_v3_handle_breakout_confirm,杯柄 V3 柄部确认突破,603515.SH,2023-03-30,0.502023,bottom_staging_handle_breakout_confirm,19.15,19.71,18.81,19.7,cup_v3_bottom_staging,handle_breakout_confirm,rolling_1m,2022-11-07,2023-03-20,2023-03-21,2023-03-23,2023-03-30,2023-03-30,2023-03-30,90,18.969659,14.445315,20.353982,1,29,12,1.163594,1.307815,6,1.222754,False,0.953783,1.274091,1.0,0.0,0.0,1.222754,0.728542,0.71204,3.869565,0.986842,3.1954,1.544095,3.1954,18.913747,18.734715,0.66752,5.152388,5.152388,1.127899,-0.724685,-0.724685,79.0,29.095675,17.342811,68.578543,欧普照明
cup_v3_handle_breakout_confirm,杯柄 V3 柄部确认突破,603600.SH,2024-01-17,0.553005,bottom_staging_handle_breakout_confirm,11.01,12.0,10.81,11.39,cup_v3_bottom_staging,handle_breakout_confirm,rolling_1m,2023-08-17,2023-12-28,2023-12-29,2024-01-16,,,2024-01-17,90,12.976689,8.492627,18.594908,2,27,8,4.972901,1.515825,11,2.12766,False,0.848335,1.14744,0.7,0.5,0.0,2.12766,0.57467,0.487585,,,,1.04738,2.7051,10.846006,11.109475,1.788619,2.525095,2.525095,0.499896,0.924066,0.924066,92.0,14.35743,13.947478,60.880506,永艺股份
cup_v3_handle_breakout_confirm,杯柄 V3 柄部确认突破,603602.SH,2023-01-12,0.555499,bottom_staging_handle_breakout_confirm,12.08,12.77,11.81,12.67,cup_v3_bottom_staging,handle_breakout_confirm,rolling_1m,2022-08-19,2022-12-30,2023-01-03,2023-01-09,2023-01-20,2023-01-20,2023-01-12,90,17.820104,4.680318,19.266055,4,38,14,1.227253,1.46013,6,1.27011,True,0.907496,0.637716,0.666667,0.666667,0.0,1.27011,0.640277,0.828886,3.6,0.625,1.3957,1.636589,4.8841,11.739601,11.892519,1.877396,6.537562,6.537562,-0.033179,1.074585,1.074585,94.0,31.704782,15.20451,67.839429,纵横通信
cup_v3_handle_breakout_confirm,杯柄 V3 柄部确认突破,603630.SH,2023-02-20,0.606504,bottom_staging_handle_breakout_confirm,15.24,15.62,15.0,15.62,cup_v3_bottom_staging,handle_breakout_confirm,rolling_1m,2022-09-21,2023-02-08,2023-02-09,2023-02-16,,,2023-02-20,90,10.96865,10.544658,12.354554,3,31,18,1.248915,1.936745,6,1.066667,False,0.99589,1.749287,0.5,0.25,0.0,1.066667,0.722845,0.609397,,,,1.711997,2.2921,14.944123,15.06331,1.444564,3.695665,3.695665,-1.302896,0.992361,0.992361,84.0,18.693009,9.977411,62.426812,拉芳家化
cup_v3_handle_breakout_confirm,杯柄 V3 柄部确认突破,603679.SH,2025-07-31,0.54439,bottom_staging_handle_breakout_confirm,14.71,15.07,14.39,14.71,cup_v3_bottom_staging,handle_breakout_confirm,rolling_1m,2025-03-05,2025-07-15,2025-07-16,2025-07-18,2025-07-21,2025-07-21,2025-07-31,90,25.755968,5.3058,28.735632,4,38,17,2.369402,1.355726,10,1.181376,False,0.898891,1.110347,1.0,0.0,0.0,1.181376,0.890267,0.463983,2.176471,0.742857,1.5131,1.036426,-0.1358,14.214501,14.527459,2.430609,1.256521,1.256521,-0.335062,1.010498,1.010498,55.0,12.033511,10.227862,56.537724,华体科技
cup_v3_handle_breakout_confirm,杯柄 V3 柄部确认突破,603733.SH,2024-04-30,0.509294,bottom_staging_handle_breakout_confirm,18.9,19.09,17.37,18.19,cup_v3_bottom_staging,handle_breakout_confirm,rolling_1m,2023-12-05,2024-04-19,2024-04-22,2024-04-24,2024-04-25,2024-04-25,2024-04-30,90,24.160079,5.188146,26.411632,2,22,7,1.813427,1.316884,5,3.108808,False,0.914586,1.133809,1.0,0.0,0.0,3.108808,0.77154,0.628886,1.203704,0.649123,1.2929,2.093152,-2.4142,17.483067,17.788131,2.441978,2.259197,2.259197,0.108664,1.704907,1.704907,73.0,-1.675676,10.522079,58.869638,仙鹤股份
cup_v3_handle_breakout_confirm,杯柄 V3 柄部确认突破,603798.SH,2025-07-10,0.549058,bottom_staging_handle_breakout_confirm,10.77,11.42,10.7,11.2,cup_v3_bottom_staging,handle_breakout_confirm,rolling_1m,2025-02-14,2025-06-26,2025-06-27,2025-07-07,2025-07-08,2025-07-08,2025-07-10,90,22.364656,12.992378,24.756782,2,30,12,1.954915,2.133365,8,1.869159,False,0.705941,1.048753,0.8,0.6,0.0,1.869159,0.698182,0.410219,0.9,0.75,0.5545,1.716671,3.7037,10.669928,10.745094,2.156263,4.233618,4.233618,0.085637,0.264375,0.264375,60.0,18.518519,16.033118,65.153557,康普顿
cup_v3_handle_breakout_confirm,杯柄 V3 柄部确认突破,603867.SH,2023-01-13,0.499695,bottom_staging_handle_breakout_confirm,34.01,35.34,33.0,34.56,cup_v3_bottom_staging,handle_breakout_confirm,rolling_1m,2022-08-19,2022-12-30,2023-01-03,2023-01-12,2023-01-30,2023-01-30,2023-01-13,90,23.807231,5.362096,24.870351,4,31,6,0.85869,1.378792,7,2.151515,False,1.259452,1.362967,0.666667,0.5,0.0,2.151515,0.529689,0.779812,2.732394,0.71875,3.0375,1.06707,2.2485,33.473949,33.335927,0.70518,3.671935,3.671935,1.735023,-0.759657,-0.759657,88.0,19.337017,11.638424,56.498876,新化股份
cup_v3_handle_breakout_confirm,杯柄 V3 柄部确认突破,603898.SH,2023-02-13,0.530749,bottom_staging_handle_breakout_confirm,12.44,12.84,12.13,12.72,cup_v3_bottom_staging,handle_breakout_confirm,rolling_1m,2022-09-08,2023-01-20,2023-01-30,2023-02-03,2023-02-07,2023-02-07,2023-02-13,90,23.146181,15.074524,24.633283,2,31,9,1.207591,1.292648,9,1.566364,False,0.762918,1.325564,0.666667,0.666667,0.0,1.566364,0.822162,0.827665,1.736842,0.678571,1.7974,1.212647,2.0867,12.257219,12.460543,0.512196,2.082226,2.082226,1.341912,0.936826,0.936826,77.0,13.368984,10.982659,61.479413,好莱客
cup_v3_handle_breakout_confirm,杯柄 V3 柄部确认突破,603966.SH,2022-07-26,0.5481,bottom_staging_handle_breakout_confirm,10.99,11.18,10.22,11.06,cup_v3_bottom_staging,handle_breakout_confirm,rolling_1m,2022-02-21,2022-07-04,2022-07-05,2022-07-08,,,2022-07-26,90,20.503683,11.657974,26.633405,3,24,6,5.086751,1.53609,14,4.305284,False,0.958752,1.005589,1.0,1.0,0.0,4.305284,0.642341,0.486885,,,,1.042012,1.2821,10.231958,10.728854,4.183379,3.086503,3.086503,1.51575,1.679445,1.679445,89.0,20.479303,15.124388,59.135101,法兰泰克
cup_v3_handle_breakout_confirm,杯柄 V3 柄部确认突破,603976.SH,2025-07-02,0.570269,bottom_staging_handle_breakout_confirm,18.52,18.52,17.8,18.42,cup_v3_bottom_staging,handle_breakout_confirm,rolling_1m,2025-02-11,2025-06-23,2025-06-24,2025-06-26,2025-06-27,2025-06-27,2025-07-02,90,7.333333,4.557092,9.309309,4,22,6,1.840971,1.831088,5,2.247191,False,0.995772,0.942825,1.0,1.0,0.0,2.247191,0.803921,0.643107,0.775,0.88,1.0039,1.243182,0.5459,17.69139,17.869162,2.874899,3.082618,3.082618,-0.088469,0.763971,0.763971,64.0,11.636364,7.974501,61.925741,正川股份
cup_v3_handle_breakout_confirm,杯柄 V3 柄部确认突破,603979.SH,2024-02-05,0.589622,bottom_staging_handle_breakout_confirm,37.75,39.35,37.21,39.2,cup_v3_bottom_staging,handle_breakout_confirm,rolling_1m,2023-09-12,2024-01-24,2024-01-25,2024-02-02,2024-02-05,2024-02-05,2024-02-05,90,10.356815,0.491513,11.41117,3,27,5,0.955406,1.63398,6,4.219296,False,0.817723,1.381561,0.8,0.6,0.0,4.219296,0.55976,0.548586,1.267516,0.928571,3.6489,1.71472,3.6489,37.782601,37.913434,2.639836,3.39343,3.39343,-0.517761,0.07904,0.07904,97.0,14.586378,7.535977,58.655447,金诚信
cup_v3_handle_breakout_confirm,杯柄 V3 柄部确认突破,603998.SH,2025-08-22,0.543291,bottom_staging_handle_breakout_confirm,12.75,12.75,11.0,12.16,cup_v3_bottom_staging,handle_breakout_confirm,rolling_1m,2025-03-31,2025-08-08,2025-08-11,2025-08-14,,,2025-08-22,90,13.270583,13.72777,17.501034,4,24,5,3.734819,1.293265,8,3.272727,True,0.765315,0.663965,0.5,0.5,0.0,3.272727,0.54333,0.620463,,,,1.60721,-4.0253,11.000986,11.68082,3.263469,4.10228,4.10228,1.2805,4.910405,4.910405,76.0,33.333333,18.491571,63.455489,方盛制药
cup_v3_handle_breakout_confirm,杯柄 V3 柄部确认突破,605098.SH,2023-07-12,0.528228,bottom_staging_handle_breakout_confirm,39.5,41.28,37.39,39.85,cup_v3_bottom_staging,handle_breakout_confirm,rolling_1m,2023-02-16,2023-06-29,2023-06-30,2023-07-07,2023-07-11,2023-07-11,2023-07-12,90,11.981017,2.542433,12.506749,4,35,15,0.469484,1.216176,7,5.883926,True,0.591559,0.879428,0.75,0.75,0.0,5.883926,0.527792,0.593464,0.959091,0.923729,2.3316,1.599205,0.8861,38.08201,38.523415,3.95985,3.443581,3.443581,0.663128,0.296179,0.296179,90.0,35.49813,8.774276,57.634408,行动教育
cup_v3_handle_breakout_confirm,杯柄 V3 柄部确认突破,605098.SH,2026-01-05,0.635557,bottom_staging_handle_breakout_confirm,41.98,42.57,41.12,42.28,cup_v3_bottom_staging,handle_breakout_confirm,rolling_1m,2025-08-05,2025-12-16,2025-12-17,2025-12-29,2026-01-09,2026-01-09,2026-01-05,90,13.612234,9.565715,15.301042,4,34,15,1.486467,1.556373,10,1.945525,True,0.832919,0.900527,0.571429,0.571429,0.0,1.945525,0.632375,0.706791,2.7625,0.954128,2.4834,1.595034,1.2452,40.714167,41.557259,2.961704,1.739144,1.739144,-0.020731,0.501856,0.501856,64.0,17.837235,9.007468,57.933539,行动教育
cup_v3_handle_breakout_confirm,杯柄 V3 柄部确认突破,605118.SH,2023-04-10,0.618906,bottom_staging_handle_breakout_confirm,14.75,15.17,14.27,14.69,cup_v3_bottom_staging,handle_breakout_confirm,rolling_1m,2022-11-07,2023-03-20,2023-03-21,2023-04-07,2023-04-12,2023-04-12,2023-04-10,90,11.648283,2.172227,12.493155,4,37,14,0.756726,2.064153,12,0.770848,False,1.467967,1.196352,0.727273,0.636364,0.0,0.770848,0.557883,0.829628,5.727273,0.981132,3.5441,1.505933,-0.4743,14.086294,14.545359,2.085047,0.994412,0.994412,-0.483821,0.682408,0.682408,62.0,16.126482,6.800116,54.643284,力鼎光电
cup_v3_handle_breakout_confirm,杯柄 V3 柄部确认突破,605268.SH,2023-08-18,0.548484,bottom_staging_handle_breakout_confirm,10.66,10.84,10.34,10.71,cup_v3_bottom_staging,handle_breakout_confirm,rolling_1m,2023-03-13,2023-07-24,2023-07-25,2023-08-10,2023-08-17,2023-08-17,2023-08-18,90,9.904255,4.125235,13.297872,4,30,6,3.087794,1.370637,17,2.998066,False,0.768146,1.036299,0.636364,0.454545,0.0,2.998066,0.618769,0.717439,0.967742,0.851064,2.2094,1.60312,0.6579,10.318955,10.603107,3.208122,1.008133,1.008133,0.734912,0.215356,0.215356,64.0,-3.33935,6.652061,59.240781,王力安防
cup_v3_handle_breakout_confirm,杯柄 V3 柄部确认突破,605299.SH,2022-12-26,0.54957,bottom_staging_handle_breakout_confirm,11.2,11.63,10.58,11.62,cup_v3_bottom_staging,handle_breakout_confirm,rolling_1m,2022-07-29,2022-12-09,2022-12-12,2022-12-21,2022-12-26,2022-12-26,2022-12-26,90,25.647668,7.036321,26.492453,3,31,14,0.672344,1.902423,9,6.143667,False,0.955419,1.465591,0.666667,0.5,0.0,6.143667,0.332647,0.53348,1.6,0.983871,2.0193,1.452681,2.0193,10.835983,10.871151,3.636194,6.888408,6.888408,-5.334482,1.587409,1.587409,79.0,7.096774,15.213009,60.177025,舒华体育
cup_v3_handle_breakout_confirm,杯柄 V3 柄部确认突破,605368.SH,2024-01-26,0.524606,bottom_staging_handle_breakout_confirm,11.34,11.77,11.23,11.6,cup_v3_bottom_staging,handle_breakout_confirm,rolling_1m,2023-08-21,2024-01-02,2024-01-03,2024-01-18,2024-01-26,2024-01-26,2024-01-26,90,14.465409,12.413606,16.816167,2,37,10,2.053684,1.224602,16,0.890472,False,0.767929,0.987577,0.7,0.6,0.0,0.890472,0.677794,0.792756,3.7,0.604651,1.4873,1.23087,1.4873,11.11675,11.413189,1.918273,1.636799,1.636799,0.870396,0.726306,0.726306,94.0,16.935484,11.412587,57.68979,蓝天燃气
cup_v3_handle_breakout_confirm,杯柄 V3 柄部确认突破,688009.SH,2023-04-17,0.540172,bottom_staging_handle_breakout_confirm,5.71,5.89,5.48,5.85,cup_v3_bottom_staging,handle_breakout_confirm,rolling_1m,2022-11-21,2023-04-03,2023-04-04,2023-04-11,2023-04-14,2023-04-14,2023-04-17,90,17.119043,16.976579,21.39346,3,25,9,3.649635,2.006861,7,3.649635,True,0.786083,0.758024,1.0,1.0,0.0,3.649635,0.760351,0.385107,1.05,0.733333,2.1544,1.937388,2.812,5.52338,5.582179,2.835583,4.79778,4.79778,0.685973,0.85837,0.85837,84.0,33.867277,18.343195,69.321301,中国通号
cup_v3_handle_breakout_confirm,杯柄 V3 柄部确认突破,688016.SH,2023-11-06,0.518958,bottom_staging_handle_breakout_confirm,192.99,199.66,190.2,198.18,cup_v3_bottom_staging,handle_breakout_confirm,rolling_1m,2023-06-13,2023-10-26,2023-10-27,2023-11-03,,,2023-11-06,90,16.871348,10.532548,19.965001,3,24,8,2.647059,1.236295,5,0.920084,True,0.626663,0.869804,0.5,0.5,0.0,0.920084,0.675682,0.718232,,,,1.350024,3.1221,185.889663,189.419683,3.26018,4.624819,4.624819,0.545267,1.443221,1.443221,87.0,19.753459,14.499373,66.373772,心脉医疗
cup_v3_handle_breakout_confirm,杯柄 V3 柄部确认突破,688061.SH,2025-09-25,0.546339,bottom_staging_handle_breakout_confirm,38.89,38.92,34.88,37.76,cup_v3_bottom_staging,handle_breakout_confirm,rolling_1m,2025-05-12,2025-09-15,2025-09-16,2025-09-23,,,2025-09-25,90,21.782755,17.871321,24.409287,3,23,5,2.156736,1.609241,6,4.15711,False,0.9906,1.281666,0.5,0.25,0.0,4.15711,0.512324,0.607108,,,,1.63568,-3.7471,35.141999,35.617632,3.380574,6.01491,6.01491,0.063684,1.224369,1.224369,73.0,30.117161,18.793815,60.817472,灿瑞科技
cup_v3_handle_breakout_confirm,杯柄 V3 柄部确认突破,688169.SH,2024-04-11,0.525955,bottom_staging_handle_breakout_confirm,334.99,357.77,326.66,354.0,cup_v3_bottom_staging,handle_breakout_confirm,rolling_1m,2023-11-09,2024-03-22,2024-03-25,2024-04-10,,,2024-04-11,90,22.897906,12.198155,25.68464,3,20,6,2.267519,1.316153,10,3.826609,False,0.925526,0.877116,0.555556,0.444444,0.0,3.826609,0.5876,0.716626,,,,1.98493,5.3571,330.695429,337.387269,2.559627,4.923935,4.923935,0.903038,0.41316,0.41316,92.0,19.384864,17.075623,64.821498,石头科技
cup_v3_handle_breakout_confirm,杯柄 V3 柄部确认突破,688171.SH,2023-03-17,0.584084,bottom_staging_handle_breakout_confirm,23.53,23.77,22.73,23.67,cup_v3_bottom_staging,handle_breakout_confirm,rolling_1m,2022-10-26,2023-03-08,2023-03-09,2023-03-16,2023-03-17,2023-03-17,2023-03-17,90,15.3333,0.419825,16.490625,4,32,10,1.003462,1.885711,5,1.407831,True,0.664402,0.649051,0.75,0.5,0.0,1.407831,0.5131,0.680249,2.9375,0.795918,2.4675,1.314246,2.4675,22.572257,22.746843,2.116505,4.058398,4.058398,-0.12445,0.817096,0.817096,71.0,12.929389,10.856559,62.530018,纬德信息
cup_v3_handle_breakout_confirm,杯柄 V3 柄部确认突破,688188.SH,2024-02-19,0.507064,bottom_staging_handle_breakout_confirm,280.0,280.0,241.51,276.8,cup_v3_bottom_staging,handle_breakout_confirm,rolling_1m,2023-09-18,2024-01-30,2024-01-31,2024-02-05,,,2024-02-19,90,12.585552,0.638254,13.030554,4,23,10,0.395257,1.467795,6,5.171629,False,1.140241,1.548761,0.5,0.5,0.0,5.171629,0.346151,0.928669,,,,1.460115,0.6985,249.245372,263.604948,1.907609,5.005616,5.005616,-0.067701,6.013328,6.013328,95.0,14.555312,13.317038,62.526389,柏楚电子
cup_v3_handle_breakout_confirm,杯柄 V3 柄部确认突破,688189.SH,2025-07-16,0.573271,bottom_staging_handle_breakout_confirm,10.08,10.08,7.83,9.77,cup_v3_bottom_staging,handle_breakout_confirm,rolling_1m,2025-02-19,2025-07-01,2025-07-02,2025-07-09,,,2025-07-16,90,25.593581,11.536942,30.83347,2,25,10,4.172099,1.90113,9,2.043423,True,0.539234,0.63895,0.75,0.75,0.0,2.043423,0.524061,0.574675,,,,2.036378,-3.1715,7.774764,8.479624,2.768389,15.217368,15.217368,1.808165,8.587853,8.587853,91.0,55.325914,42.183199,76.415914,南新制药
cup_v3_handle_breakout_confirm,杯柄 V3 柄部确认突破,688216.SH,2023-03-17,0.464189,bottom_staging_handle_breakout_confirm,30.82,31.88,29.09,31.75,cup_v3_bottom_staging,handle_breakout_confirm,rolling_1m,2022-10-26,2023-03-08,2023-03-09,2023-03-14,,,2023-03-17,90,17.828386,7.977265,20.618882,3,28,8,2.368271,2.12368,5,5.053283,False,1.008418,1.253068,0.5,0.5,0.0,5.053283,0.333003,0.727104,,,,1.810716,4.5095,29.944545,29.952735,2.055316,6.000338,6.000338,0.007291,-0.030211,-0.030211,67.0,10.627178,16.454644,60.909812,气派科技
cup_v3_handle_breakout_confirm,杯柄 V3 柄部确认突破,688550.SH,2025-09-22,0.509624,bottom_staging_handle_breakout_confirm,49.2,49.7,44.81,49.54,cup_v3_bottom_staging,handle_breakout_confirm,rolling_1m,2025-04-28,2025-09-04,2025-09-05,2025-09-11,,,2025-09-22,90,15.340777,15.603764,17.92465,4,28,9,2.240207,1.206719,10,2.053113,False,1.017358,0.826333,0.666667,0.666667,0.0,2.053113,0.43448,0.689117,,,,1.178094,1.2674,44.781424,46.290209,2.118236,7.020473,7.020473,1.27236,1.548677,1.548677,69.0,26.184412,19.484581,66.467966,瑞联新材
cup_v3_handle_breakout_confirm,杯柄 V3 柄部确认突破,688589.SH,2023-03-23,0.522202,bottom_staging_handle_breakout_confirm,41.79,45.0,40.63,43.91,cup_v3_bottom_staging,handle_breakout_confirm,rolling_1m,2022-10-31,2023-03-13,2023-03-14,2023-03-16,2023-03-17,2023-03-17,2023-03-23,90,16.609126,7.694088,21.324587,3,21,8,4.043818,1.568921,6,3.790303,False,0.945289,1.622127,1.0,0.0,0.0,3.790303,0.472975,0.687026,1.149351,0.838926,3.4146,1.945889,4.0521,41.302299,41.130523,2.100853,6.757699,6.757699,1.006991,0.120297,0.120297,86.0,33.222087,18.816436,63.579857,力合微
