strategy_id,strategy_name,symbol,signal_date,score,entry_type,signal_open,signal_high,signal_low,signal_close,breakout_date,cup_depth_pct,handle_depth_pct,cup_days,handle_days,rim_gap_pct,breakout_ratio_pct,breakout_volume_ratio_20,confirmation_volume_ratio_20,confirmation_hold_buffer_pct,prior_runup_pct,consolidation_width_pct_60,rs_rating_120,ret_120d_pct,close_vs_ma120_pct,mcst_window,mcst_value,close_vs_mcst_pct,mcst_breakout_flag,fake_breakout_flag,base_shape_score,breakout_quality_score,confirmation_quality_score,trend_quality_score,name
cup_v1_legacy_mcst,杯柄 V1 旧版复原+MCST,000009.SZ,2025-09-12,0.810371,legacy_confirmed_cup,10.97,11.55,8.92,11.38,2025-09-10,23.924449,4.394427,147,18,2.098636,15.21511,1.376623,1.691946,10.598111,34.225352,31.179039,79.0,28.271028,27.575523,20,10.273493,10.770503,False,False,0.899324,0.827987,1.0,0.443055,中国宝安
cup_v1_legacy_mcst,杯柄 V1 旧版复原+MCST,000009.SZ,2025-09-29,0.80886,legacy_confirmed_cup,11.76,12.3,9.17,12.02,2025-09-25,24.400417,4.379562,132,20,6.360792,25.964546,2.84061,1.526514,20.542231,26.478873,29.397394,84.0,47.677262,36.695396,20,11.04709,8.806933,False,False,0.650464,1.0,1.0,0.655986,中国宝安
cup_v1_legacy_mcst,杯柄 V1 旧版复原+MCST,000014.SZ,2025-08-18,0.826464,legacy_confirmed_cup,15.33,16.7,11.85,16.53,2025-08-14,36.491488,7.421875,139,5,5.255366,6.957809,3.37278,2.467385,4.071058,76.832461,31.146497,85.0,40.838207,26.792387,20,14.122334,17.048638,False,False,0.661682,1.0,1.0,0.724377,沙河股份
cup_v1_legacy_mcst,杯柄 V1 旧版复原+MCST,000021.SZ,2024-10-25,0.704458,legacy_confirmed_cup,17.95,18.99,15.4,18.99,2024-10-23,20.039552,-2.325581,132,13,0.791035,15.55702,1.251982,1.421353,12.063283,49.017682,34.396971,84.0,35.262346,23.407975,20,16.653976,14.026822,False,False,0.507421,0.790595,0.960676,0.685382,深科技
cup_v1_legacy_mcst,杯柄 V1 旧版复原+MCST,000021.SZ,2025-09-29,0.692349,legacy_confirmed_cup,25.11,25.98,19.06,25.34,2025-09-25,32.382246,13.677536,130,5,3.306159,12.54529,2.344051,1.49255,10.461957,76.009893,29.710711,76.0,34.324324,32.062019,20,22.635068,11.950184,False,False,0.465904,1.0,0.996275,0.40014,深科技
cup_v1_legacy_mcst,杯柄 V1 旧版复原+MCST,000021.SZ,2025-10-09,0.642489,legacy_confirmed_cup,30.66,30.66,22.13,30.66,2025-09-29,32.778028,0.360198,146,6,3.87213,14.092751,1.432017,1.185334,13.057181,76.009893,30.138568,78.0,58.871473,33.648027,20,23.58462,29.999972,False,False,0.558215,0.844605,0.842667,0.337147,深科技
cup_v1_legacy_mcst,杯柄 V1 旧版复原+MCST,000026.SZ,2025-05-28,0.765675,legacy_confirmed_cup,13.78,14.48,11.15,14.34,2025-05-26,25.947282,8.15486,96,6,5.024712,12.438221,2.119138,1.528453,4.448105,35.328638,34.807832,89.0,35.148515,27.325161,20,12.507685,14.64951,False,False,0.58975,1.0,1.0,0.546313,飞亚达
cup_v1_legacy_mcst,杯柄 V1 旧版复原+MCST,000027.SZ,2024-04-17,0.659837,legacy_confirmed_cup,7.34,7.46,6.71,7.46,2024-04-15,17.974322,4.279601,152,10,1.141227,5.991441,1.34341,1.456859,2.425107,14.545455,22.922252,91.0,17.192429,16.468329,20,7.167968,4.074125,False,False,0.478369,0.818023,0.97843,0.461078,深圳能源
cup_v1_legacy_mcst,杯柄 V1 旧版复原+MCST,000045.SZ,2023-11-14,0.798621,legacy_confirmed_cup,13.25,13.52,11.9,13.29,2023-11-10,21.916667,0.833333,102,5,3.583333,8.416667,2.158428,1.312311,3.166667,29.273743,31.001473,91.0,27.299413,20.867721,20,12.004458,10.708874,False,False,0.791306,1.0,0.906156,0.452163,深纺织Ａ
cup_v1_legacy_mcst,杯柄 V1 旧版复原+MCST,000061.SZ,2025-09-10,0.645882,legacy_confirmed_cup,8.4,9.28,6.25,9.28,2025-09-08,21.086675,14.500684,76,9,5.433376,7.373868,1.377226,1.171697,2.97542,64.118896,32.578209,79.0,28.881988,23.991634,20,8.111274,14.408658,False,False,0.519535,0.828168,0.835848,0.449165,农产品
cup_v1_legacy_mcst,杯柄 V1 旧版复原+MCST,000063.SZ,2023-02-22,0.856684,legacy_confirmed_cup,29.82,30.98,27.69,30.64,2023-02-20,27.057133,0.503054,158,7,7.653611,6.252246,2.089556,2.018457,-0.071865,20.149603,24.388674,85.0,19.716599,19.522234,20,28.688899,6.800892,False,False,0.957447,1.0,0.741017,0.616869,中兴通讯
cup_v1_legacy_mcst,杯柄 V1 旧版复原+MCST,000070.SZ,2025-06-10,0.726542,legacy_confirmed_cup,7.03,7.17,6.42,7.05,2025-06-06,24.210526,3.458647,125,5,6.015038,5.864662,1.43932,1.310615,2.556391,61.498708,28.913963,82.0,18.120805,16.310768,20,6.688019,5.412382,False,False,0.603815,0.846796,0.905308,0.612232,特发信息
cup_v1_legacy_mcst,杯柄 V1 旧版复原+MCST,000156.SZ,2023-03-22,0.729282,legacy_confirmed_cup,8.66,8.69,7.88,8.69,2023-03-20,20.39072,3.785104,156,14,2.686203,4.273504,1.518818,1.078911,3.907204,13.049645,17.66055,79.0,21.306818,14.264052,20,8.292719,4.790721,False,False,0.743829,0.770752,0.789455,0.591812,华数传媒
cup_v1_legacy_mcst,杯柄 V1 旧版复原+MCST,000157.SZ,2023-07-19,0.694951,legacy_confirmed_cup,7.04,7.11,6.61,7.07,2023-07-17,10.962963,2.074074,91,5,3.555556,3.703704,1.492173,1.280138,1.777778,22.59887,14.751773,82.0,22.807018,9.356489,20,6.77607,4.337762,False,False,0.632099,0.684411,0.862291,0.650776,中联重科
cup_v1_legacy_mcst,杯柄 V1 旧版复原+MCST,000157.SZ,2024-02-08,0.55728,legacy_confirmed_cup,7.69,7.84,7.11,7.74,2024-02-06,17.367707,3.527815,132,5,4.070556,5.698779,1.667491,1.25922,-0.407056,24.035088,21.69448,97.0,19.295559,17.493276,20,7.264171,6.550354,False,False,0.465156,0.915247,0.578728,0.249589,中联重科
cup_v1_legacy_mcst,杯柄 V1 旧版复原+MCST,000158.SZ,2023-03-24,0.751325,legacy_confirmed_cup,7.69,8.5,6.56,8.5,2023-03-22,24.435028,5.475504,150,10,1.977401,5.79096,2.128993,2.412094,-0.706215,45.379877,27.463863,83.0,29.584775,21.795219,20,7.148076,18.913113,False,False,0.697519,1.0,0.661723,0.624243,常山北明
cup_v1_legacy_mcst,杯柄 V1 旧版复原+MCST,000166.SZ,2024-10-08,0.63008,legacy_confirmed_cup,6.29,6.29,4.16,6.29,2024-09-27,13.333333,10.151188,66,5,3.541667,8.333333,3.218975,2.849956,0.625,18.226601,20.0,92.0,15.299335,16.058476,20,4.858004,29.477032,False,False,0.373923,1.0,0.828125,0.417911,申万宏源
cup_v1_legacy_mcst,杯柄 V1 旧版复原+MCST,000408.SZ,2024-01-08,0.742841,legacy_confirmed_cup,26.79,27.25,24.49,26.77,2024-01-04,16.131621,1.725522,154,5,1.605136,8.146067,1.998594,1.559407,5.136437,13.151823,22.592593,91.0,17.12299,14.547618,20,25.231412,6.097908,False,False,0.546174,1.0,1.0,0.508402,藏格矿业
cup_v1_legacy_mcst,杯柄 V1 旧版复原+MCST,000410.SZ,2022-08-29,0.77117,legacy_confirmed_cup,5.78,6.08,5.02,6.08,2022-08-25,35.361217,4.562738,151,19,0.760456,10.456274,2.258673,1.501951,7.984791,30.827068,25.493421,87.0,19.301848,22.599705,20,5.561018,9.332496,False,False,0.650876,1.0,1.0,0.466819,沈阳机床
cup_v1_legacy_mcst,杯柄 V1 旧版复原+MCST,000410.SZ,2023-02-07,0.652716,legacy_confirmed_cup,6.23,6.33,5.34,6.29,2023-02-03,12.645591,11.148087,40,7,2.66223,3.826955,3.730253,1.494494,0.499168,72.058824,16.30094,84.0,24.302789,8.507586,20,6.014918,4.573331,False,False,0.395472,0.838706,0.809643,0.713476,沈阳机床
cup_v1_legacy_mcst,杯柄 V1 旧版复原+MCST,000410.SZ,2023-04-28,0.635434,legacy_confirmed_cup,6.75,6.99,5.7,6.94,2023-04-26,16.534181,9.379968,101,5,1.90779,4.769475,2.771005,1.425436,3.656598,81.470588,18.918919,73.0,15.817223,11.682296,20,6.510156,6.602662,False,False,0.385941,0.968303,0.962718,0.328678,沈阳机床
cup_v1_legacy_mcst,杯柄 V1 旧版复原+MCST,000415.SZ,2025-12-22,0.570833,legacy_confirmed_cup,4.09,4.11,3.61,4.07,2025-12-18,14.175258,6.958763,95,5,5.927835,4.639175,1.690423,1.21218,-0.515464,41.472868,17.401961,71.0,19.764012,13.233859,20,3.796549,7.202613,False,False,0.511764,0.872513,0.541657,0.326276,渤海租赁
cup_v1_legacy_mcst,杯柄 V1 旧版复原+MCST,000425.SZ,2023-07-25,0.622757,legacy_confirmed_cup,7.09,7.3,6.47,7.19,2023-07-21,14.475628,4.431315,89,7,0.443131,5.760709,1.213265,1.147592,3.249631,55.658199,19.917012,90.0,28.315412,9.154661,20,6.888397,4.37842,False,False,0.410799,0.77898,0.823796,0.597365,徐工机械
cup_v1_legacy_mcst,杯柄 V1 旧版复原+MCST,000426.SZ,2023-04-13,0.749442,legacy_confirmed_cup,9.08,9.44,7.41,9.28,2023-04-11,29.61039,3.766234,146,20,1.558442,16.883117,2.063027,1.636462,6.753247,28.692699,31.758242,93.0,56.521739,34.005013,20,8.303598,11.758781,False,False,0.688875,1.0,1.0,0.291679,兴业银锡
cup_v1_legacy_mcst,杯柄 V1 旧版复原+MCST,000501.SZ,2023-03-08,0.621645,legacy_confirmed_cup,11.75,12.06,11.49,11.96,2023-03-06,19.014693,0.691443,151,7,2.765774,3.111495,1.335876,1.063464,1.210026,18.421053,15.447823,71.0,15.488867,12.598512,20,11.488658,4.102676,False,False,0.829023,0.556094,0.682985,0.279334,武商集团
cup_v1_legacy_mcst,杯柄 V1 旧版复原+MCST,000506.SZ,2023-03-16,0.763669,legacy_confirmed_cup,4.98,5.05,3.09,5.05,2023-03-14,18.617021,17.819149,41,6,2.393617,10.904255,4.577252,3.547925,4.521277,69.907407,24.460432,83.0,29.906542,20.265334,20,4.081386,23.73247,False,False,0.515793,1.0,1.0,0.665708,招金黄金
cup_v1_legacy_mcst,杯柄 V1 旧版复原+MCST,000513.SZ,2023-04-04,0.562286,legacy_confirmed_cup,36.75,37.26,33.8,37.12,2023-03-31,10.73509,5.928194,84,7,0.332871,3.68932,4.107512,1.539308,-1.248266,24.82687,14.335015,70.0,22.758621,7.049783,20,35.632035,4.175918,False,False,0.579374,0.819782,0.593967,0.178831,丽珠集团
cup_v1_legacy_mcst,杯柄 V1 旧版复原+MCST,000516.SZ,2022-11-30,0.742525,legacy_confirmed_cup,12.35,12.61,10.69,12.39,2022-11-28,21.116279,0.55814,102,8,3.813953,6.697674,1.225102,1.285013,4.930233,57.142857,31.502423,85.0,22.673797,12.647008,20,11.006521,12.569634,False,False,0.59502,0.78253,0.892506,0.800672,国际医学
cup_v1_legacy_mcst,杯柄 V1 旧版复原+MCST,000521.SZ,2023-04-19,0.74251,legacy_confirmed_cup,6.12,6.62,4.74,6.5,2023-04-17,23.135755,9.369025,91,11,5.544933,10.707457,4.687994,4.857965,6.883365,58.842444,23.195876,86.0,37.529691,22.117548,20,5.767808,12.694462,False,False,0.438238,1.0,1.0,0.695634,长虹美菱
cup_v1_legacy_mcst,杯柄 V1 旧版复原+MCST,000528.SZ,2024-04-03,0.763496,legacy_confirmed_cup,8.6,8.8,7.81,8.76,2024-04-01,24.908425,2.618454,147,17,2.075702,4.884005,1.571538,1.15377,1.953602,33.60522,28.950404,91.0,18.810512,23.134997,20,8.250883,6.170453,False,False,0.91102,0.870512,0.821085,0.313967,柳工
cup_v1_legacy_mcst,杯柄 V1 旧版复原+MCST,000533.SZ,2025-11-10,0.645051,legacy_confirmed_cup,9.27,9.94,6.57,9.94,2025-11-06,20.853659,17.977528,53,5,2.317073,6.463415,3.605004,3.573759,-1.219512,102.469136,24.742268,84.0,47.715736,22.698524,20,8.106022,22.624885,False,False,0.408317,1.0,0.597561,0.663138,顺钠股份
cup_v1_legacy_mcst,杯柄 V1 旧版复原+MCST,000541.SZ,2023-10-23,0.731121,legacy_confirmed_cup,6.53,7.26,5.15,7.26,2023-10-19,16.360601,10.434783,78,8,4.006678,16.527546,2.348379,1.587628,8.84808,24.273859,29.836512,96.0,33.206107,25.833784,20,6.699861,8.36046,False,False,0.640056,1.0,1.0,0.285509,佛山照明
cup_v1_legacy_mcst,杯柄 V1 旧版复原+MCST,000541.SZ,2025-03-24,0.608255,legacy_confirmed_cup,7.95,8.57,5.21,8.57,2025-03-20,19.009585,16.773163,48,11,7.827476,18.051118,1.934034,3.229256,7.348243,33.564815,29.499323,75.0,67.954545,26.9814,20,7.046377,21.622785,False,False,0.357056,0.99521,1.0,0.172414,佛山照明
cup_v1_legacy_mcst,杯柄 V1 旧版复原+MCST,000550.SZ,2024-07-31,0.565384,legacy_confirmed_cup,32.02,32.02,22.3,32.02,2024-07-29,20.803783,10.835666,95,5,1.457841,4.255319,1.775803,1.494938,0.866824,64.165589,29.448929,94.0,19.674355,4.271753,20,25.001375,28.072957,False,False,0.379121,0.845347,0.855822,0.250951,江铃汽车
cup_v1_legacy_mcst,杯柄 V1 旧版复原+MCST,000551.SZ,2023-06-29,0.608255,legacy_confirmed_cup,10.7,11.09,9.11,10.93,2023-06-27,19.613527,11.980676,81,5,4.057971,3.091787,2.666319,2.222111,-0.386473,19.350962,17.779783,82.0,26.872771,9.009178,20,10.45581,4.535185,False,False,0.419891,0.737621,0.701691,0.68275,创元科技
cup_v1_legacy_mcst,杯柄 V1 旧版复原+MCST,000551.SZ,2024-10-10,0.673998,legacy_confirmed_cup,12.5,13.09,8.25,13.08,2024-10-08,39.925023,18.154762,83,5,5.529522,7.591378,4.061567,5.878529,2.155576,19.753086,28.135889,82.0,31.2,25.3526,20,11.161532,17.188217,False,False,0.31097,1.0,1.0,0.575793,创元科技
cup_v1_legacy_mcst,杯柄 V1 旧版复原+MCST,000555.SZ,2023-03-02,0.742389,legacy_confirmed_cup,12.86,12.95,10.09,12.82,2023-02-28,20.441052,14.418999,68,20,2.205259,5.852417,1.306254,1.382493,3.647159,21.496312,20.924765,78.0,17.293233,12.988894,20,12.313179,4.116084,False,False,0.693479,0.806876,0.941246,0.548517,神州信息
cup_v1_legacy_mcst,杯柄 V1 旧版复原+MCST,000561.SZ,2023-06-19,0.704901,legacy_confirmed_cup,10.75,11.34,9.39,11.11,2023-06-15,15.736041,4.670051,97,5,5.177665,5.583756,2.385039,1.961595,2.944162,32.670455,24.408015,78.0,15.942029,8.056626,20,9.94389,11.726895,False,False,0.493033,1.0,1.0,0.411698,烽火电子
cup_v1_legacy_mcst,杯柄 V1 旧版复原+MCST,000561.SZ,2023-06-29,0.634995,legacy_confirmed_cup,11.3,11.74,9.39,11.57,2023-06-27,12.815126,1.365546,93,14,0.945378,6.302521,2.670267,2.379529,2.836134,33.948864,26.80776,72.0,17.537747,4.023368,20,10.435043,10.876404,False,False,0.460026,1.0,1.0,0.119927,烽火电子
cup_v1_legacy_mcst,杯柄 V1 旧版复原+MCST,000589.SZ,2023-07-17,0.78264,legacy_confirmed_cup,6.58,6.84,5.77,6.73,2023-07-13,15.932203,2.20339,98,5,7.118644,10.169492,2.116477,1.551091,7.457627,33.333333,26.725404,89.0,35.135135,21.044709,20,6.262806,7.45982,False,False,0.610366,1.0,1.0,0.595061,贵州轮胎
cup_v1_legacy_mcst,杯柄 V1 旧版复原+MCST,000598.SZ,2023-05-10,0.661096,legacy_confirmed_cup,5.7,5.77,5.05,5.73,2023-05-08,10.674157,3.625954,115,5,1.872659,5.992509,4.531918,2.296492,1.498127,17.105263,14.089347,76.0,15.510204,12.014513,20,5.39377,6.233676,False,False,0.389058,1.0,0.937266,0.437361,兴蓉环境
cup_v1_legacy_mcst,杯柄 V1 旧版复原+MCST,000612.SZ,2025-07-24,0.727758,legacy_confirmed_cup,8.68,8.97,8.1,8.89,2025-07-22,29.476248,1.339829,158,6,1.461632,9.013398,1.794274,1.153393,5.359318,61.8,26.028921,71.0,28.407461,20.410337,20,8.236251,7.937456,False,False,0.792683,0.953282,0.826696,0.233299,焦作万方
cup_v1_legacy_mcst,杯柄 V1 旧版复原+MCST,000612.SZ,2025-11-12,0.599598,legacy_confirmed_cup,10.96,11.65,9.36,11.4,2025-11-10,39.244491,1.783841,144,11,5.87618,16.264428,1.203762,1.171828,13.850997,79.4,32.463011,85.0,52.407153,30.184467,20,10.127869,12.560696,False,False,0.333273,0.776129,0.835914,0.608687,焦作万方
cup_v1_legacy_mcst,杯柄 V1 旧版复原+MCST,000623.SZ,2023-05-05,0.596133,legacy_confirmed_cup,17.35,17.8,16.1,17.48,2023-04-28,11.06383,2.12766,103,5,3.343465,3.282675,1.50945,2.017518,0.182371,20.637329,12.007063,79.0,19.985876,9.717902,20,16.481401,6.058948,False,False,0.508622,0.631703,0.772796,0.528151,吉林敖东
cup_v1_legacy_mcst,杯柄 V1 旧版复原+MCST,000630.SZ,2025-08-15,0.780753,legacy_confirmed_cup,4.19,4.33,3.46,4.32,2025-08-13,24.86631,7.486631,150,6,4.278075,13.903743,1.733091,1.105172,8.55615,25.174825,26.697892,77.0,31.481481,27.217978,20,3.87079,11.605137,False,False,0.872186,0.934927,0.802586,0.406194,铜陵有色
cup_v1_legacy_mcst,杯柄 V1 旧版复原+MCST,000636.SZ,2025-11-06,0.662044,legacy_confirmed_cup,17.49,18.58,14.83,18.19,2025-11-04,26.319095,6.846734,152,15,2.261307,11.055276,1.43042,1.176188,6.78392,23.590151,23.277778,73.0,30.576071,21.743521,20,16.73158,8.716568,False,False,0.643626,0.844126,0.838094,0.290621,风华高科
cup_v1_legacy_mcst,杯柄 V1 旧版复原+MCST,000651.SZ,2023-04-20,0.78528,legacy_confirmed_cup,40.63,41.9,37.88,41.81,2023-04-18,24.529801,-0.344371,138,6,6.887417,7.496689,1.468249,1.451507,5.801325,18.549747,17.872754,84.0,32.614379,18.664512,20,38.518533,8.545152,False,False,0.636579,0.855475,0.975754,0.76729,格力电器
cup_v1_legacy_mcst,杯柄 V1 旧版复原+MCST,000655.SZ,2025-07-10,0.689806,legacy_confirmed_cup,9.0,9.77,5.85,9.77,2025-07-08,20.249653,18.862691,68,5,0.832178,11.927878,2.217621,5.565464,7.073509,44.444444,22.552664,77.0,34.949833,21.190884,20,8.228771,18.729753,False,False,0.407387,1.0,1.0,0.486106,金岭矿业
cup_v1_legacy_mcst,杯柄 V1 旧版复原+MCST,000657.SZ,2025-07-15,0.656502,legacy_confirmed_cup,12.57,12.76,11.41,12.56,2025-07-11,29.401993,5.232558,134,18,3.405316,3.488372,1.857836,1.324382,0.166113,59.315068,29.499218,78.0,32.835821,20.001926,20,12.007015,4.605515,False,False,0.637002,0.764502,0.682955,0.529172,中钨高新
cup_v1_legacy_mcst,杯柄 V1 旧版复原+MCST,000661.SZ,2025-09-05,0.7349,legacy_confirmed_cup,119.09,129.86,96.36,128.0,2025-09-03,26.117144,14.224675,121,5,3.596226,9.569165,3.604845,2.208807,3.257967,39.741935,24.583236,77.0,25.807441,21.611508,20,113.244565,13.029707,False,False,0.594476,1.0,1.0,0.384166,长春高新
cup_v1_legacy_mcst,杯柄 V1 旧版复原+MCST,000680.SZ,2023-06-09,0.713017,legacy_confirmed_cup,5.5,5.69,4.33,5.57,2023-06-07,21.2,13.4,99,5,2.8,6.8,1.870442,1.596911,5.8,41.27907,23.22695,82.0,18.403548,16.070135,20,5.175043,7.631964,False,False,0.413626,0.976133,1.0,0.621075,山推股份
cup_v1_legacy_mcst,杯柄 V1 旧版复原+MCST,000686.SZ,2025-11-10,0.655764,legacy_confirmed_cup,9.28,10.2,8.12,10.2,2025-11-06,23.00885,10.176991,133,7,6.19469,6.19469,3.287937,2.605054,-0.110619,50.88968,17.896866,70.0,28.686327,17.100542,20,9.300528,9.671194,False,False,0.57617,1.0,0.736173,0.28435,东北证券
cup_v1_legacy_mcst,杯柄 V1 旧版复原+MCST,000700.SZ,2025-08-15,0.753967,legacy_confirmed_cup,9.5,9.89,7.33,9.65,2025-08-13,28.679245,6.624204,77,18,1.257862,12.201258,3.089895,4.081567,2.012579,48.876404,25.112108,75.0,29.651163,19.534993,20,8.581063,12.456932,False,False,0.636733,1.0,1.0,0.405551,模塑科技
cup_v1_legacy_mcst,杯柄 V1 旧版复原+MCST,000715.SZ,2025-04-08,0.722961,legacy_confirmed_cup,7.69,8.37,6.3,8.37,2025-04-03,20.0,9.352518,91,5,0.143885,4.172662,2.756708,3.470887,-1.007194,53.880266,25.668449,83.0,20.666667,10.998965,20,7.15639,16.958417,False,False,0.673136,0.886241,0.624101,0.704917,中兴商业
cup_v1_legacy_mcst,杯柄 V1 旧版复原+MCST,000719.SZ,2023-04-03,0.69333,legacy_confirmed_cup,10.18,11.11,8.05,11.05,2023-03-30,26.680672,15.441176,73,12,2.836134,3.046218,2.022561,1.513774,3.046218,41.221374,30.714286,78.0,28.067885,18.07896,20,10.06933,9.739176,False,False,0.584509,0.731355,1.0,0.529567,中原传媒
cup_v1_legacy_mcst,杯柄 V1 旧版复原+MCST,000729.SZ,2025-04-09,0.670656,legacy_confirmed_cup,12.74,13.26,12.02,13.12,2025-04-07,19.164619,1.556102,108,14,7.862408,5.405405,3.680006,2.362173,-1.556102,38.888889,20.029895,86.0,23.040153,15.450169,20,12.510579,4.871247,False,False,0.474496,1.0,0.555487,0.717423,燕京啤酒
cup_v1_legacy_mcst,杯柄 V1 旧版复原+MCST,000735.SZ,2023-02-07,0.787013,legacy_confirmed_cup,7.61,7.72,6.54,7.63,2023-02-03,14.385475,8.274895,111,5,0.418994,6.98324,2.305111,1.251704,3.77095,32.592593,18.333333,82.0,22.364217,13.655473,20,7.09486,7.542643,False,False,0.621809,1.0,0.875852,0.721048,罗牛山
cup_v1_legacy_mcst,杯柄 V1 旧版复原+MCST,000776.SZ,2025-08-15,0.777005,legacy_confirmed_cup,20.69,21.77,17.9,21.28,2025-08-13,20.353982,0.995575,145,18,6.139381,13.606195,1.340221,1.467338,11.117257,52.4708,23.021583,77.0,31.92036,22.962719,20,19.841473,7.250104,False,False,0.839147,0.817066,0.983669,0.411515,广发证券
cup_v1_legacy_mcst,杯柄 V1 旧版复原+MCST,000786.SZ,2024-05-06,0.72405,legacy_confirmed_cup,33.14,33.53,28.03,33.01,2024-04-29,30.491699,4.594963,138,18,6.194125,5.651341,2.604953,1.472809,-0.957854,40.637629,21.426413,96.0,35.116374,25.348031,20,30.628434,7.775669,False,False,0.827979,1.0,0.616673,0.304612,北新建材
cup_v1_legacy_mcst,杯柄 V1 旧版复原+MCST,000786.SZ,2024-05-17,0.741671,legacy_confirmed_cup,36.0,36.3,28.03,36.03,2024-05-15,30.491699,6.535512,139,18,4.246488,14.016603,1.593708,1.360118,7.407407,40.637629,26.690588,97.0,46.592775,32.021295,20,32.582628,10.580398,False,False,0.805068,0.893112,0.930059,0.253038,北新建材
cup_v1_legacy_mcst,杯柄 V1 旧版复原+MCST,000792.SZ,2025-09-09,0.690888,legacy_confirmed_cup,20.61,20.93,17.81,20.71,2025-09-05,21.647307,5.966209,149,20,7.761352,6.652587,1.26806,1.286989,1.108765,28.645066,20.849609,70.0,18.544601,17.071474,20,19.701238,5.120297,False,False,0.853954,0.795418,0.78209,0.183659,盐湖股份
cup_v1_legacy_mcst,杯柄 V1 旧版复原+MCST,000802.SZ,2023-04-14,0.632935,legacy_confirmed_cup,5.68,6.15,4.4,6.15,2023-04-12,32.532348,18.669131,82,5,2.402957,6.099815,2.554153,2.553647,-1.478743,61.96319,24.398625,89.0,43.142145,25.279642,20,5.269151,16.717099,False,False,0.449206,1.0,0.565157,0.563406,北京文化
cup_v1_legacy_mcst,杯柄 V1 旧版复原+MCST,000807.SZ,2023-01-16,0.617514,legacy_confirmed_cup,12.95,13.03,10.42,12.78,2023-01-12,27.642276,15.284553,127,5,3.902439,3.089431,1.635579,1.140274,1.626016,30.176211,31.461538,94.0,31.671859,22.307247,20,11.637476,9.817629,False,False,0.659439,0.642971,0.773389,0.356451,云铝股份
cup_v1_legacy_mcst,杯柄 V1 旧版复原+MCST,000811.SZ,2023-04-26,0.781534,legacy_confirmed_cup,14.31,14.97,13.61,14.86,2023-04-24,24.759081,-0.889548,147,6,2.965159,6.523351,1.568624,1.438313,3.63232,70.442708,19.176232,85.0,29.927667,16.71461,20,13.785035,7.798054,False,False,0.595635,0.885587,0.969156,0.78917,冰轮环境
cup_v1_legacy_mcst,杯柄 V1 旧版复原+MCST,000818.SZ,2023-04-07,0.68195,legacy_confirmed_cup,38.21,38.96,31.2,38.01,2023-04-04,23.148688,9.037901,104,5,0.349854,9.941691,3.113607,1.802417,5.539359,48.544111,26.842105,72.0,30.034483,22.042126,20,34.870985,9.001795,False,False,0.523711,1.0,1.0,0.243257,航锦科技
cup_v1_legacy_mcst,杯柄 V1 旧版复原+MCST,000830.SZ,2025-09-01,0.680333,legacy_confirmed_cup,14.55,15.58,12.6,15.31,2025-08-28,22.187982,2.927581,103,5,2.311248,8.782743,1.273796,1.47258,6.086287,29.519918,31.478969,70.0,21.829163,24.535125,20,13.169709,16.251624,False,False,0.771807,0.797139,0.98629,0.068292,鲁西化工
cup_v1_legacy_mcst,杯柄 V1 旧版复原+MCST,000831.SZ,2025-07-28,0.767504,legacy_confirmed_cup,45.01,46.5,33.9,45.89,2025-07-24,27.997859,9.261242,144,10,0.883298,13.998929,2.077278,1.772129,6.37045,75.331439,29.431818,88.0,51.781896,28.025731,20,40.040483,14.609008,False,False,0.614873,1.0,1.0,0.511491,中国稀土
cup_v1_legacy_mcst,杯柄 V1 旧版复原+MCST,000850.SZ,2025-12-29,0.764073,legacy_confirmed_cup,5.66,5.67,4.97,5.56,2025-12-25,16.666667,1.388889,120,5,5.555556,6.547619,2.118139,1.654281,2.18254,40.412979,22.181818,70.0,23.165138,16.099741,20,5.003744,11.116807,False,False,0.752119,1.0,1.0,0.254158,华茂股份
cup_v1_legacy_mcst,杯柄 V1 旧版复原+MCST,000878.SZ,2023-02-01,0.782755,legacy_confirmed_cup,13.21,13.65,11.51,13.42,2023-01-30,24.04072,9.866875,123,5,4.933438,3.523884,1.98347,1.741096,1.957713,24.130879,23.455882,84.0,15.964912,13.97698,20,12.576041,6.710848,False,False,0.68845,0.797034,0.994714,0.717983,云南铜业
cup_v1_legacy_mcst,杯柄 V1 旧版复原+MCST,000883.SZ,2024-04-03,0.652774,legacy_confirmed_cup,5.47,5.58,4.87,5.57,2024-04-01,22.09073,3.944773,151,5,6.903353,5.522682,1.531404,1.178934,2.564103,12.91866,27.121771,92.0,23.556582,21.708468,20,5.039539,10.525978,False,False,0.55551,0.874421,0.839467,0.359233,湖北能源
cup_v1_legacy_mcst,杯柄 V1 旧版复原+MCST,000888.SZ,2023-06-01,0.621633,legacy_confirmed_cup,12.29,12.29,8.27,12.29,2023-05-30,16.959669,14.477766,89,5,0.827301,4.963806,1.846553,2.09001,-0.620476,53.932584,21.428571,80.0,18.023256,14.42529,20,9.823589,25.107024,False,False,0.366463,0.963989,0.672441,0.589428,峨眉山Ａ
cup_v1_legacy_mcst,杯柄 V1 旧版复原+MCST,000898.SZ,2025-07-24,0.701624,legacy_confirmed_cup,2.81,2.89,2.61,2.87,2025-07-22,23.357664,1.879699,140,8,2.919708,4.744526,1.503943,1.275262,1.459854,55.681818,21.875,70.0,24.242424,19.314048,20,2.638376,8.779035,False,False,0.836924,0.831055,0.820113,0.184573,鞍钢股份
cup_v1_legacy_mcst,杯柄 V1 旧版复原+MCST,000911.SZ,2023-04-11,0.862091,legacy_confirmed_cup,10.2,10.98,7.9,10.79,2023-04-07,26.818675,11.434978,159,20,3.148751,15.418024,2.528849,2.218359,8.143322,13.703704,28.880527,82.0,38.231469,32.651151,20,9.393374,14.868203,False,False,0.808198,1.0,1.0,0.646108,广农糖业
cup_v1_legacy_mcst,杯柄 V1 旧版复原+MCST,000913.SZ,2024-10-08,0.619842,legacy_confirmed_cup,20.99,21.0,15.88,20.73,2024-09-27,22.814129,4.967086,97,7,3.242617,3.242617,1.448232,2.165683,-0.347423,104.378698,26.878771,96.0,27.81362,8.642778,20,17.109481,21.160892,False,False,0.720112,0.60783,0.706572,0.372654,钱江摩托
cup_v1_legacy_mcst,杯柄 V1 旧版复原+MCST,000917.SZ,2023-03-23,0.800224,legacy_confirmed_cup,5.94,5.96,5.41,5.9,2023-03-21,24.64539,4.078014,156,14,5.851064,4.609929,2.448702,1.04693,0.531915,23.776224,18.739635,83.0,29.385965,15.073302,20,5.699424,3.519238,False,False,0.82166,0.946365,0.589954,0.790303,电广传媒
cup_v1_legacy_mcst,杯柄 V1 旧版复原+MCST,000922.SZ,2023-05-18,0.606775,legacy_confirmed_cup,13.68,14.1,12.05,13.95,2023-05-16,36.400323,2.744149,142,20,6.2954,12.187248,1.496917,1.145975,5.004036,76.443769,28.975265,91.0,30.761994,28.809057,20,13.155392,6.040171,False,False,0.398464,0.864075,0.822987,0.433482,佳电股份
cup_v1_legacy_mcst,杯柄 V1 旧版复原+MCST,000922.SZ,2025-11-11,0.710505,legacy_confirmed_cup,14.58,15.48,12.85,15.33,2025-11-07,29.022325,1.077752,145,10,4.926867,10.007698,3.259052,2.137016,7.852194,41.954023,25.148515,74.0,33.054004,21.452501,20,13.661889,12.209961,False,False,0.54021,1.0,1.0,0.357159,佳电股份
cup_v1_legacy_mcst,杯柄 V1 旧版复原+MCST,000926.SZ,2022-04-06,0.720657,legacy_confirmed_cup,5.28,5.44,3.81,5.43,2022-03-31,16.19256,16.263736,81,12,0.437637,8.971554,2.311426,2.082181,6.345733,15.40404,25.0,78.0,15.813953,17.04107,20,4.754848,14.199244,False,False,0.525892,1.0,1.0,0.432975,福星股份
cup_v1_legacy_mcst,杯柄 V1 旧版复原+MCST,000933.SZ,2022-08-25,0.641894,legacy_confirmed_cup,16.79,18.27,15.97,18.27,2022-08-23,33.938635,0.0,98,8,7.764559,4.257984,1.536669,1.163249,2.692549,82.527881,30.887372,88.0,31.516588,19.782018,20,16.041833,13.889726,False,False,0.44883,0.773973,0.831624,0.624926,神火股份
cup_v1_legacy_mcst,杯柄 V1 旧版复原+MCST,000949.SZ,2025-11-13,0.627099,legacy_confirmed_cup,5.36,5.46,4.08,5.45,2025-11-11,27.698574,14.465409,137,5,2.851324,8.961303,2.558262,1.388259,6.10998,64.765101,30.630631,70.0,29.539952,30.241616,20,4.797265,13.606388,False,False,0.454837,1.0,0.944129,0.1454,新乡化纤
cup_v1_legacy_mcst,杯柄 V1 旧版复原+MCST,000950.SZ,2023-04-26,0.757359,legacy_confirmed_cup,6.98,7.23,5.38,7.11,2023-04-24,14.650767,8.34753,83,18,6.81431,8.858603,4.158099,5.051214,1.703578,18.655098,17.840376,81.0,22.179732,17.00618,20,6.295994,12.928946,False,False,0.555939,1.0,0.962947,0.600953,重药控股
cup_v1_legacy_mcst,杯柄 V1 旧版复原+MCST,000950.SZ,2023-05-09,0.732938,legacy_confirmed_cup,7.31,7.96,5.38,7.96,2023-05-05,14.650767,8.34753,78,7,1.873935,25.212947,2.157419,1.721733,19.080068,24.94577,33.712121,91.0,39.468691,31.856304,20,7.040994,13.052222,False,False,0.510939,1.0,1.0,0.520549,重药控股
cup_v1_legacy_mcst,杯柄 V1 旧版复原+MCST,000950.SZ,2025-12-15,0.565074,legacy_confirmed_cup,6.05,6.79,5.14,6.79,2025-12-11,13.451327,9.026549,109,5,6.548673,14.159292,1.291764,5.814919,3.00885,16.299559,22.48062,75.0,28.230616,21.997352,20,5.932904,14.446488,False,False,0.281383,0.802529,1.0,0.329786,重药控股
cup_v1_legacy_mcst,杯柄 V1 旧版复原+MCST,000959.SZ,2025-12-24,0.806824,legacy_confirmed_cup,4.87,5.04,4.05,4.99,2025-12-22,15.550756,12.526998,79,5,7.12743,4.75162,3.146191,1.562958,1.511879,47.766323,21.643287,85.0,43.491124,14.711447,20,4.521797,10.35435,False,False,0.561579,0.965848,0.938985,0.905061,首钢股份
cup_v1_legacy_mcst,杯柄 V1 旧版复原+MCST,000959.SZ,2026-01-14,0.661304,legacy_confirmed_cup,5.17,5.3,4.05,5.23,2026-01-12,15.550756,12.526998,74,14,4.535637,12.526998,1.485513,1.033582,7.775378,51.890034,23.584906,74.0,34.625323,19.960857,20,4.896376,6.813695,False,False,0.602141,0.860654,0.766791,0.410163,首钢股份
cup_v1_legacy_mcst,杯柄 V1 旧版复原+MCST,000960.SZ,2025-07-28,0.711927,legacy_confirmed_cup,18.58,18.82,15.47,18.75,2025-07-24,22.940818,0.896861,158,16,4.758999,15.314216,1.699168,1.176486,9.029896,30.079365,28.172722,74.0,30.705394,27.777527,20,16.787807,11.688203,False,False,0.725981,0.92475,0.838243,0.294985,锡业股份
cup_v1_legacy_mcst,杯柄 V1 旧版复原+MCST,000960.SZ,2025-08-22,0.701977,legacy_confirmed_cup,19.43,19.79,17.68,19.49,2025-08-20,29.16433,0.841279,88,20,7.291082,8.188446,1.674046,1.202363,4.374649,31.190476,31.041456,78.0,32.57732,25.286181,20,18.585865,4.864639,False,False,0.60603,0.917214,0.851182,0.451635,锡业股份
cup_v1_legacy_mcst,杯柄 V1 旧版复原+MCST,000963.SZ,2022-06-13,0.679828,legacy_confirmed_cup,40.5,42.56,35.71,42.1,2022-06-09,28.644896,3.460395,94,12,4.885575,5.039856,1.523712,1.007411,2.365647,37.420495,32.645631,90.0,17.317634,13.492714,20,37.545045,12.131974,False,False,0.562338,0.872114,0.753705,0.571203,华东医药
cup_v1_legacy_mcst,杯柄 V1 旧版复原+MCST,000970.SZ,2024-11-05,0.818383,legacy_confirmed_cup,10.59,11.54,8.79,11.54,2024-11-01,27.299703,8.817427,119,19,4.648863,10.880317,4.235583,3.568068,0.692384,41.398601,30.330062,85.0,25.391499,34.35206,20,10.263816,12.433812,False,False,0.810682,1.0,0.836548,0.586674,中科三环
cup_v1_legacy_mcst,杯柄 V1 旧版复原+MCST,000988.SZ,2025-08-26,0.712231,legacy_confirmed_cup,59.92,61.42,47.41,60.07,2025-08-22,34.752775,4.31887,100,20,0.706357,18.324924,2.024678,1.803071,11.039354,76.344086,29.644534,74.0,32.04955,31.278584,20,53.891496,11.46471,False,False,0.572986,1.0,1.0,0.308427,华工科技
cup_v1_legacy_mcst,杯柄 V1 旧版复原+MCST,000989.SZ,2025-04-25,0.573456,legacy_confirmed_cup,9.02,9.22,8.45,9.2,2025-04-23,17.861206,-0.118483,102,5,3.981797,3.071672,1.570453,1.155068,-0.341297,44.098361,20.659341,85.0,25.833333,13.40475,20,8.412211,9.364832,False,False,0.414398,0.620991,0.534872,0.830973,九芝堂
cup_v1_legacy_mcst,杯柄 V1 旧版复原+MCST,001207.SZ,2024-10-28,0.640878,legacy_confirmed_cup,19.76,20.28,15.56,20.03,2024-10-24,28.340081,7.380952,98,5,2.834008,6.593407,1.554283,1.706515,3.238866,70.849802,34.165781,75.0,20.773263,25.154207,20,16.771924,19.425777,False,False,0.49865,0.881285,1.0,0.230146,联科科技
cup_v1_legacy_mcst,杯柄 V1 旧版复原+MCST,001266.SZ,2025-07-16,0.725431,legacy_confirmed_cup,27.41,27.78,25.85,27.51,2025-07-14,30.338789,1.598782,117,12,3.54016,3.806624,1.80553,1.766451,0.190331,44.552196,24.316442,72.0,31.042768,11.953855,20,26.439548,4.048677,False,False,0.805377,0.79257,0.773791,0.45324,宏英智能
cup_v1_legacy_mcst,杯柄 V1 旧版复原+MCST,001278.SZ,2026-02-03,0.634446,legacy_confirmed_cup,23.34,24.49,20.32,24.4,2026-01-30,26.605081,6.143187,149,8,2.494226,4.618938,2.174066,1.506397,0.692841,61.145038,26.851852,71.0,23.973727,17.91757,20,21.438158,13.815747,False,False,0.514193,0.947604,0.836605,0.251281,一彬科技
cup_v1_legacy_mcst,杯柄 V1 旧版复原+MCST,001368.SZ,2025-08-25,0.691138,legacy_confirmed_cup,26.09,27.5,23.09,26.87,2025-08-21,31.804919,3.590814,102,20,0.166736,10.587745,1.203155,1.179946,6.877866,47.903822,21.307862,72.0,24.788335,15.607104,20,25.628463,4.84437,False,False,0.739493,0.775946,0.839973,0.351671,通达创智
cup_v1_legacy_mcst,杯柄 V1 旧版复原+MCST,001376.SZ,2025-12-25,0.564,legacy_confirmed_cup,15.46,16.86,12.23,16.53,2025-12-23,20.642857,12.014388,152,9,0.714286,8.5,1.365431,1.221413,8.0,10.671937,26.392252,74.0,24.101307,19.40103,20,14.652338,12.814764,False,False,0.348335,0.824629,0.860707,0.318918,百通能源
cup_v1_legacy_mcst,杯柄 V1 旧版复原+MCST,001696.SZ,2023-07-06,0.557988,legacy_confirmed_cup,7.17,7.19,6.7,7.16,2023-07-04,12.750716,2.046784,95,10,2.005731,3.438395,1.427891,1.115269,1.289398,19.931271,16.115702,75.0,21.548822,7.00788,20,6.912885,3.574701,False,False,0.541271,0.628647,0.718809,0.338099,宗申动力
cup_v1_legacy_mcst,杯柄 V1 旧版复原+MCST,001872.SZ,2023-04-26,0.744947,legacy_confirmed_cup,19.74,20.12,17.93,19.9,2023-04-24,24.972315,0.719823,153,6,7.30897,7.419712,1.302217,1.433139,3.543743,22.637363,26.100307,89.0,37.00565,26.49699,20,18.208901,9.287213,False,False,0.677828,0.805665,0.96657,0.564884,招商港口
cup_v1_legacy_mcst,杯柄 V1 旧版复原+MCST,001872.SZ,2024-04-17,0.711858,legacy_confirmed_cup,18.83,19.28,16.47,19.27,2024-04-15,20.657534,9.753425,132,5,1.863014,4.657534,1.962065,1.380512,0.054795,24.030471,23.185379,94.0,25.245902,15.334102,20,18.008298,7.006226,False,False,0.688299,0.952911,0.697105,0.46652,招商港口
cup_v1_legacy_mcst,杯柄 V1 旧版复原+MCST,001872.SZ,2024-05-07,0.624541,legacy_confirmed_cup,19.15,19.37,16.47,19.28,2024-04-30,20.657534,9.753425,129,14,4.60274,3.068493,1.366088,1.089337,1.369863,20.567867,15.538462,91.0,19.808917,11.414398,20,18.565076,3.850909,False,False,0.670536,0.559244,0.715901,0.534311,招商港口
cup_v1_legacy_mcst,杯柄 V1 旧版复原+MCST,001965.SZ,2023-04-27,0.656996,legacy_confirmed_cup,9.1,9.25,8.34,9.08,2023-04-25,16.571429,4.685714,125,14,6.628571,4.571429,2.365797,1.601264,2.285714,16.714286,16.989247,75.0,18.064516,12.596907,20,8.919707,1.797071,False,False,0.380376,0.941071,1.0,0.442982,招商公路
cup_v1_legacy_mcst,杯柄 V1 旧版复原+MCST,002001.SZ,2024-05-06,0.648795,legacy_confirmed_cup,19.58,19.99,16.36,19.7,2024-04-29,15.40154,10.011001,65,5,6.765677,3.850385,2.392245,1.827553,2.365237,13.529806,21.289662,90.0,16.687268,10.877832,20,17.997787,9.4579,False,False,0.381373,0.841928,1.0,0.524163,新和成
cup_v1_legacy_mcst,杯柄 V1 旧版复原+MCST,002003.SZ,2024-04-22,0.720187,legacy_confirmed_cup,11.87,11.98,10.77,11.82,2024-04-18,15.181818,2.090909,107,5,5.363636,7.181818,2.754255,1.238175,1.181818,22.183099,21.464646,89.0,17.9,12.815769,20,11.012572,7.331875,False,False,0.551371,1.0,0.766815,0.619222,伟星股份
cup_v1_legacy_mcst,杯柄 V1 旧版复原+MCST,002006.SZ,2025-05-08,0.694912,legacy_confirmed_cup,18.67,19.38,15.25,19.02,2025-05-06,17.612978,7.575758,91,7,4.403244,6.488992,3.665838,2.797809,4.461182,66.441659,27.633588,90.0,41.167435,6.694014,20,17.354606,9.596264,False,False,0.333451,1.0,1.0,0.641021,精工科技
cup_v1_legacy_mcst,杯柄 V1 旧版复原+MCST,002007.SZ,2023-04-12,0.784557,legacy_confirmed_cup,24.54,24.67,20.55,24.35,2023-04-10,27.617021,12.553191,113,5,6.638298,4.765957,2.138885,1.268825,0.680851,46.169221,17.536116,81.0,33.297239,15.327413,20,22.767415,6.951096,False,False,0.708226,0.967819,0.719519,0.754097,华兰生物
cup_v1_legacy_mcst,杯柄 V1 旧版复原+MCST,002014.SZ,2024-04-02,0.637384,legacy_confirmed_cup,10.4,10.65,9.58,10.46,2024-03-29,20.850622,0.622407,110,16,5.809129,7.157676,1.31283,1.125984,2.593361,12.098765,27.264061,90.0,16.987542,18.013309,20,10.012252,4.472005,False,False,0.518845,0.808849,0.812992,0.454888,永新股份
cup_v1_legacy_mcst,杯柄 V1 旧版复原+MCST,002021.SZ,2023-12-14,0.655107,legacy_confirmed_cup,2.84,2.94,2.23,2.94,2023-12-12,17.299578,5.907173,100,5,3.375527,16.455696,3.749989,2.877101,15.611814,62.411348,28.985507,96.0,40.816327,26.094571,20,2.495987,17.789067,False,False,0.388714,1.0,1.0,0.345285,中捷资源
cup_v1_legacy_mcst,杯柄 V1 旧版复原+MCST,002028.SZ,2023-07-17,0.748533,legacy_confirmed_cup,50.81,53.15,44.0,51.87,2023-07-13,12.810348,8.199458,86,5,6.279992,7.657,1.515549,1.365299,5.195076,35.792019,19.391635,85.0,27.344521,13.691029,20,48.260727,7.478697,False,False,0.505145,0.869665,0.93265,0.838928,思源电气
cup_v1_legacy_mcst,杯柄 V1 旧版复原+MCST,002028.SZ,2025-09-19,0.656639,legacy_confirmed_cup,96.99,100.88,89.02,99.62,2025-09-17,21.826484,-1.621005,144,13,7.785388,11.164384,1.240517,1.326619,6.027397,29.600513,28.550991,73.0,28.165307,25.240877,20,92.511017,7.684472,False,False,0.657622,0.787155,0.91331,0.235101,思源电气
cup_v1_legacy_mcst,杯柄 V1 旧版复原+MCST,002029.SZ,2023-05-05,0.576878,legacy_confirmed_cup,6.46,6.52,5.51,6.36,2023-04-28,16.993464,9.96732,106,5,4.575163,3.921569,2.860392,1.991556,-0.326797,22.947368,14.440994,78.0,18.215613,12.288136,20,5.951538,6.863142,False,False,0.325926,0.851716,0.70915,0.540222,七匹狼
cup_v1_legacy_mcst,杯柄 V1 旧版复原+MCST,002034.SZ,2022-07-27,0.8543,legacy_confirmed_cup,22.68,25.2,20.43,24.64,2022-07-25,24.476501,1.731602,93,11,3.257329,4.234528,3.043954,2.224944,1.489065,37.933248,28.865546,89.0,18.393235,13.119887,20,21.849069,12.773683,False,False,0.909241,0.894748,0.936133,0.625763,旺能环境
cup_v1_legacy_mcst,杯柄 V1 旧版复原+MCST,002035.SZ,2023-03-17,0.633147,legacy_confirmed_cup,6.81,7.39,5.48,7.3,2023-03-15,18.068536,14.241002,73,15,0.46729,4.205607,1.280326,2.146728,0.155763,41.098901,19.411765,79.0,16.347826,10.423372,20,6.584909,10.859539,False,False,0.585441,0.689869,0.76947,0.509407,华帝股份
cup_v1_legacy_mcst,杯柄 V1 旧版复原+MCST,002038.SZ,2023-10-09,0.617784,legacy_confirmed_cup,12.0,12.7,9.11,12.6,2023-09-27,10.176532,2.253219,97,5,3.219107,21.910696,6.638937,5.084139,10.5919,18.450185,26.320273,96.0,32.207207,23.963888,20,11.08478,13.669373,False,False,0.321944,1.0,1.0,0.27552,双鹭药业
cup_v1_legacy_mcst,杯柄 V1 旧版复原+MCST,002052.SZ,2022-12-05,0.702346,legacy_confirmed_cup,2.92,2.92,2.4,2.92,2022-12-01,13.043478,5.13834,89,5,4.743083,4.743083,2.139354,4.174851,-1.185771,73.381295,15.849057,95.0,52.298851,11.657303,20,2.644215,10.429747,False,False,0.698705,0.964674,0.601779,0.481375,同洲电子
cup_v1_legacy_mcst,杯柄 V1 旧版复原+MCST,002063.SZ,2023-02-06,0.6046,legacy_confirmed_cup,8.66,8.94,6.84,8.93,2023-02-02,32.606061,14.713217,95,5,2.787879,3.151515,1.336262,1.48247,1.333333,57.142857,20.741599,90.0,31.733746,21.662676,20,8.040422,11.063822,False,False,0.515339,0.561712,0.907902,0.511115,远光软件
cup_v1_legacy_mcst,杯柄 V1 旧版复原+MCST,002099.SZ,2023-05-24,0.698107,legacy_confirmed_cup,8.26,8.64,6.97,8.55,2023-05-22,19.559585,9.715026,97,18,5.958549,7.512953,1.723996,1.702577,2.979275,23.890785,16.326531,79.0,15.760112,13.408635,20,7.859447,8.786287,False,False,0.438604,0.932199,1.0,0.55773,海翔药业
cup_v1_legacy_mcst,杯柄 V1 旧版复原+MCST,002099.SZ,2023-10-09,0.591755,legacy_confirmed_cup,8.57,8.8,7.69,8.69,2023-09-27,8.470291,2.78129,96,5,1.769912,7.585335,1.701998,2.582916,6.321113,17.018072,17.633675,93.0,20.19774,5.641015,20,8.251394,5.315539,False,False,0.272502,0.925599,1.0,0.324899,海翔药业
cup_v1_legacy_mcst,杯柄 V1 旧版复原+MCST,002100.SZ,2024-05-22,0.710663,legacy_confirmed_cup,8.57,8.73,6.3,8.68,2024-05-20,23.316708,21.446384,71,16,0.249377,6.359102,1.607045,1.224271,2.86783,26.382306,27.083333,88.0,16.054422,10.660656,20,7.69439,12.809459,False,False,0.564808,0.897113,0.862136,0.581371,天康生物
cup_v1_legacy_mcst,杯柄 V1 旧版复原+MCST,002102.SZ,2023-04-11,0.745199,legacy_confirmed_cup,3.72,3.83,2.93,3.83,2023-04-07,19.484241,9.287926,73,6,7.449857,7.163324,2.734757,1.861318,4.011461,16.333333,22.395833,73.0,28.082192,21.98304,20,3.422032,11.921796,False,False,0.695029,1.0,1.0,0.259694,能特科技
cup_v1_legacy_mcst,杯柄 V1 旧版复原+MCST,002104.SZ,2025-06-05,0.725431,legacy_confirmed_cup,9.3,10.56,7.13,10.56,2025-06-03,30.342385,15.820543,89,5,2.951594,15.702479,3.33231,4.397769,8.146399,68.442623,33.979592,86.0,24.050633,34.076684,20,9.044178,16.760195,False,False,0.479071,1.0,1.0,0.538782,恒宝股份
cup_v1_legacy_mcst,杯柄 V1 旧版复原+MCST,002106.SZ,2023-11-07,0.681435,legacy_confirmed_cup,10.84,11.45,9.25,11.25,2023-11-03,22.30997,8.687068,134,5,5.528134,5.034551,1.576005,1.901226,1.875617,28.975741,31.266376,94.0,30.552147,20.021432,20,10.42277,7.936755,False,False,0.520327,0.887801,0.984452,0.402399,莱宝高科
cup_v1_legacy_mcst,杯柄 V1 旧版复原+MCST,002111.SZ,2023-02-27,0.765747,legacy_confirmed_cup,11.3,11.54,10.45,11.38,2023-02-23,26.467757,-0.577478,110,19,6.641001,8.565929,1.498472,1.102405,6.92974,28.647215,19.664903,89.0,24.778761,17.684904,20,11.033024,3.144884,False,False,0.783637,0.864542,0.801203,0.575493,威海广泰
cup_v1_legacy_mcst,杯柄 V1 旧版复原+MCST,002126.SZ,2026-02-09,0.797285,legacy_confirmed_cup,44.58,46.78,35.58,46.01,2026-02-05,23.429952,14.057971,98,5,4.444444,7.246377,2.579767,1.562058,1.280193,93.06979,29.367201,87.0,48.644125,19.882278,20,41.128528,11.868823,False,False,0.669203,1.0,0.910024,0.655295,银轮股份
cup_v1_legacy_mcst,杯柄 V1 旧版复原+MCST,002128.SZ,2024-02-19,0.652308,legacy_confirmed_cup,15.98,16.32,13.56,16.15,2024-02-07,14.876584,9.539693,150,8,5.537025,5.87058,2.072971,1.862528,-0.667111,17.803661,15.776241,97.0,18.965517,13.134914,20,14.929737,8.173372,False,False,0.565532,1.0,0.666611,0.355248,电投能源
cup_v1_legacy_mcst,杯柄 V1 旧版复原+MCST,002141.SZ,2025-04-11,0.664014,legacy_confirmed_cup,1.76,1.85,1.56,1.85,2025-04-09,12.987013,-1.298701,95,11,5.844156,9.090909,1.449837,1.391575,3.246753,85.897436,25.139665,90.0,41.176471,7.992286,20,1.651007,12.052842,False,False,0.364831,0.849951,0.945788,0.673387,贤丰控股
cup_v1_legacy_mcst,杯柄 V1 旧版复原+MCST,002151.SZ,2025-12-31,0.791043,legacy_confirmed_cup,40.33,45.43,33.61,45.43,2025-12-29,14.221014,-1.479469,97,6,5.193237,25.966184,2.74365,2.125321,19.565217,38.999557,33.796296,86.0,49.213162,36.363265,20,37.704244,20.490416,False,False,0.62804,1.0,1.0,0.606144,北斗星通
cup_v1_legacy_mcst,杯柄 V1 旧版复原+MCST,002157.SZ,2024-05-28,0.725211,legacy_confirmed_cup,3.18,3.34,2.68,3.33,2024-05-24,26.644737,11.842105,150,5,0.328947,5.592105,1.961542,1.572027,2.302632,63.783784,25.846154,92.0,19.330855,20.710727,20,3.016372,10.397525,False,False,0.590934,1.0,1.0,0.34192,正邦科技
cup_v1_legacy_mcst,杯柄 V1 旧版复原+MCST,002169.SZ,2025-09-25,0.666515,legacy_confirmed_cup,7.85,7.99,7.07,7.89,2025-09-23,35.492958,0.422535,123,12,7.605634,8.028169,2.400975,1.722668,0.985915,62.376238,22.194199,75.0,30.220713,19.990614,20,7.345515,7.412481,False,False,0.46256,1.0,0.873239,0.399856,智光电气
cup_v1_legacy_mcst,杯柄 V1 旧版复原+MCST,002171.SZ,2025-10-29,0.757114,legacy_confirmed_cup,13.61,14.31,11.32,14.01,2025-10-27,27.696793,-10.009718,143,10,3.012634,24.878523,1.836757,2.134911,22.44898,89.73384,34.351714,81.0,50.116822,35.196745,20,12.348148,13.458311,False,False,0.599939,0.966027,1.0,0.528142,楚江新材
cup_v1_legacy_mcst,杯柄 V1 旧版复原+MCST,002177.SZ,2023-04-24,0.679264,legacy_confirmed_cup,3.45,3.59,2.99,3.58,2023-04-20,14.454277,11.79941,48,5,0.0,3.834808,2.152723,1.710511,-0.884956,52.702703,16.713092,85.0,39.68254,11.793352,20,3.326494,7.620812,False,False,0.433022,0.839786,0.639381,0.949418,御银股份
cup_v1_legacy_mcst,杯柄 V1 旧版复原+MCST,002202.SZ,2025-09-05,0.626043,legacy_confirmed_cup,11.1,12.22,9.58,12.22,2025-09-03,30.418944,7.170543,132,17,6.010929,3.460838,1.204545,1.44139,-0.364299,69.96904,22.633745,77.0,25.386313,18.499974,20,11.259367,8.531852,False,False,0.737944,0.564729,0.675158,0.457743,金风科技
cup_v1_legacy_mcst,杯柄 V1 旧版复原+MCST,002202.SZ,2025-09-19,0.815461,legacy_confirmed_cup,13.4,13.98,10.43,13.71,2025-09-17,29.908257,1.137441,160,19,3.211009,21.376147,1.520854,1.316405,13.119266,68.73065,28.720238,82.0,40.595112,34.591419,20,12.193765,12.434512,False,False,0.812679,0.871256,0.908202,0.657842,金风科技
cup_v1_legacy_mcst,杯柄 V1 旧版复原+MCST,002212.SZ,2023-03-27,0.64218,legacy_confirmed_cup,12.39,12.53,10.9,12.41,2023-03-23,20.588235,8.403361,81,5,7.731092,3.613445,1.233288,1.361253,0.588235,32.608696,23.790323,76.0,21.71767,13.045804,20,11.729547,5.801184,False,False,0.680512,0.594335,0.754156,0.522928,天融信
cup_v1_legacy_mcst,杯柄 V1 旧版复原+MCST,002215.SZ,2023-02-23,0.749916,legacy_confirmed_cup,7.44,7.63,6.51,7.58,2023-02-21,20.684292,-1.244168,108,7,0.777605,13.99689,1.774246,1.142206,5.443235,22.456814,28.882834,86.0,21.963394,28.694329,20,6.652357,13.944585,False,False,0.700843,0.947274,0.821103,0.51791,诺普信
cup_v1_legacy_mcst,杯柄 V1 旧版复原+MCST,002221.SZ,2023-08-22,0.706819,legacy_confirmed_cup,10.77,10.82,9.49,10.62,2023-08-18,15.416667,1.145833,125,5,1.979167,9.270833,2.100751,1.262688,5.416667,24.801061,25.092251,92.0,17.600897,18.178319,20,9.903553,7.234243,False,False,0.579899,1.0,0.881344,0.38793,东华能源
cup_v1_legacy_mcst,杯柄 V1 旧版复原+MCST,002223.SZ,2024-05-07,0.622735,legacy_confirmed_cup,38.51,39.2,35.87,39.1,2024-04-30,18.28877,4.090909,129,5,6.176471,3.342246,1.469227,1.540115,-0.989305,19.720232,21.540436,89.0,16.380608,12.678931,20,36.553715,6.965873,False,False,0.629685,0.627827,0.626337,0.600607,鱼跃医疗
cup_v1_legacy_mcst,杯柄 V1 旧版复原+MCST,002224.SZ,2023-11-24,0.698142,legacy_confirmed_cup,5.62,6.2,4.71,6.2,2023-11-22,18.761726,11.63227,117,5,6.754221,8.818011,3.36336,2.522461,3.189493,18.615752,23.414634,92.0,26.914661,15.860967,20,5.635901,10.009025,False,False,0.400977,1.0,1.0,0.539002,三力士
cup_v1_legacy_mcst,杯柄 V1 旧版复原+MCST,002229.SZ,2023-02-09,0.693716,legacy_confirmed_cup,10.84,10.84,6.41,10.84,2023-02-07,23.69727,16.644993,67,5,4.590571,11.042184,2.285728,1.572457,-1.736973,78.713969,28.379888,88.0,26.591231,26.836412,20,8.060317,34.486023,False,False,0.680273,1.0,0.532878,0.495223,鸿博股份
cup_v1_legacy_mcst,杯柄 V1 旧版复原+MCST,002232.SZ,2023-03-24,0.56948,legacy_confirmed_cup,16.09,16.2,12.3,16.1,2023-03-22,30.211674,21.103271,86,16,5.388069,3.720334,1.327078,1.028908,0.064144,41.283525,25.182482,85.0,32.758621,16.64773,20,15.496218,3.896321,False,False,0.405323,0.637169,0.522472,0.819152,启明信息
cup_v1_legacy_mcst,杯柄 V1 旧版复原+MCST,002233.SZ,2023-08-03,0.733542,legacy_confirmed_cup,8.81,8.89,8.24,8.86,2023-08-01,12.212817,0.362757,98,5,1.692866,6.771463,2.355278,1.514413,5.320435,22.439759,17.772778,85.0,15.575916,12.338585,20,8.379213,5.737852,False,False,0.397558,1.0,1.0,0.721982,塔牌集团
cup_v1_legacy_mcst,杯柄 V1 旧版复原+MCST,002237.SZ,2023-04-14,0.699878,legacy_confirmed_cup,13.15,13.5,11.04,13.32,2023-04-12,19.710378,11.182623,88,5,6.033789,4.183427,1.227877,1.12702,2.091714,31.67982,18.250377,86.0,38.354701,18.25674,20,12.229431,8.917574,False,False,0.598069,0.671084,0.81351,0.800404,恒邦股份
cup_v1_legacy_mcst,杯柄 V1 旧版复原+MCST,002250.SZ,2025-02-13,0.612881,legacy_confirmed_cup,6.91,7.02,5.02,6.89,2025-02-11,29.44,19.551282,125,5,0.16,10.24,1.545222,1.074972,7.36,27.811861,28.693182,70.0,39.473684,24.875396,20,6.181382,11.463753,False,False,0.533698,0.878567,0.787486,0.244737,联化科技
cup_v1_legacy_mcst,杯柄 V1 旧版复原+MCST,002250.SZ,2025-11-13,0.584721,legacy_confirmed_cup,13.37,14.13,10.2,14.0,2025-11-11,23.515625,15.910965,60,14,5.234375,4.6875,2.051634,1.657675,0.0,154.98008,28.467153,96.0,108.074534,22.739659,20,12.394688,12.951617,False,False,0.495633,0.957031,0.75,0.109957,联化科技
cup_v1_legacy_mcst,杯柄 V1 旧版复原+MCST,002252.SZ,2023-06-19,0.786246,legacy_confirmed_cup,7.55,7.83,6.6,7.74,2023-06-15,12.099125,3.790087,96,9,1.166181,4.51895,2.376901,2.305149,2.769679,31.141199,17.959184,84.0,23.62069,12.600115,20,7.070703,9.465771,False,False,0.545682,0.933856,1.0,0.808968,上海莱士
cup_v1_legacy_mcst,杯柄 V1 旧版复原+MCST,002252.SZ,2023-12-05,0.753173,legacy_confirmed_cup,8.12,8.29,7.34,8.12,2023-12-01,16.537468,0.0,102,10,5.167959,5.426357,2.361312,1.650391,2.067183,38.461538,21.219512,83.0,15.909091,13.556767,20,7.656986,6.046944,False,False,0.469953,1.0,1.0,0.693448,上海莱士
cup_v1_legacy_mcst,杯柄 V1 旧版复原+MCST,002254.SZ,2022-11-17,0.570652,legacy_confirmed_cup,21.24,21.5,15.43,21.37,2022-11-15,40.091463,17.486631,132,5,4.979675,5.284553,1.733461,1.407772,-0.254065,12.77937,25.638554,92.0,46.431095,23.361481,20,18.965106,12.680627,False,False,0.334438,0.935038,0.672128,0.427068,泰和新材
cup_v1_legacy_mcst,杯柄 V1 旧版复原+MCST,002258.SZ,2026-01-19,0.746565,legacy_confirmed_cup,14.98,16.38,12.68,16.38,2026-01-15,16.23806,6.833211,86,7,6.098457,12.123439,2.700957,1.620432,2.204262,55.663825,22.454308,73.0,29.322034,19.708964,20,14.197207,15.374802,False,False,0.65936,1.0,1.0,0.328945,利尔化学
cup_v1_legacy_mcst,杯柄 V1 旧版复原+MCST,002262.SZ,2022-10-17,0.661922,legacy_confirmed_cup,18.87,18.97,14.12,18.9,2022-10-13,32.200247,12.189055,146,5,0.618047,3.090235,1.919955,3.389312,-0.741656,25.914397,25.592417,93.0,43.175966,20.640814,20,16.332437,15.720635,False,False,0.71869,0.728394,0.657293,0.484117,恩华药业
cup_v1_legacy_mcst,杯柄 V1 旧版复原+MCST,002267.SZ,2025-05-14,0.780102,legacy_confirmed_cup,9.25,9.39,8.47,9.3,2025-05-12,14.037123,0.586854,98,5,1.160093,8.12065,2.859224,1.358733,3.24826,36.608558,21.002132,79.0,16.064757,15.955252,20,8.676698,7.18363,False,False,0.699447,1.0,0.929366,0.497111,陕天然气
cup_v1_legacy_mcst,杯柄 V1 旧版复原+MCST,002270.SZ,2025-08-15,0.717462,legacy_confirmed_cup,20.0,20.76,16.21,20.52,2025-08-13,25.59322,7.477169,141,18,1.016949,13.107345,2.721956,1.74271,11.751412,20.736698,25.594059,70.0,24.579963,24.546378,20,18.783085,9.24723,False,False,0.709436,1.0,1.0,0.0958,华明装备
cup_v1_legacy_mcst,杯柄 V1 旧版复原+MCST,002271.SZ,2026-01-12,0.680227,legacy_confirmed_cup,14.63,14.68,11.93,14.64,2026-01-08,17.555556,11.62963,56,13,6.37037,8.074074,1.691217,1.016683,2.592593,23.196881,18.622101,73.0,28.659612,15.17133,20,13.75623,6.424508,False,False,0.60233,0.922365,0.758341,0.435761,东方雨虹
cup_v1_legacy_mcst,杯柄 V1 旧版复原+MCST,002271.SZ,2026-01-23,0.653824,legacy_confirmed_cup,16.88,17.34,13.29,17.29,2026-01-21,18.281938,2.422907,104,17,7.195301,15.491924,1.505507,1.942978,11.453744,23.196881,24.968553,71.0,26.752619,22.160525,20,14.812889,16.722676,False,False,0.578747,0.866652,1.0,0.172996,东方雨虹
cup_v1_legacy_mcst,杯柄 V1 旧版复原+MCST,002274.SZ,2024-04-03,0.592914,legacy_confirmed_cup,8.16,8.28,7.46,8.19,2024-04-01,23.72449,4.846939,144,5,0.127551,3.826531,2.306428,1.276855,-1.020408,12.661871,26.715686,89.0,15.625,10.590313,20,7.790421,5.129101,False,False,0.494029,0.838648,0.510877,0.540835,华昌化工
cup_v1_legacy_mcst,杯柄 V1 旧版复原+MCST,002275.SZ,2023-03-31,0.807622,legacy_confirmed_cup,16.54,17.19,14.98,16.88,2023-03-29,15.942029,1.317523,98,10,2.173913,10.079051,2.17708,1.315931,5.072464,40.226629,21.95122,79.0,26.590909,14.773709,20,15.676275,7.67864,False,False,0.713277,1.0,0.907965,0.631911,桂林三金
cup_v1_legacy_mcst,杯柄 V1 旧版复原+MCST,002275.SZ,2023-05-05,0.749692,legacy_confirmed_cup,20.4,21.2,17.01,21.15,2023-04-28,25.986079,1.334107,92,17,5.974478,10.49884,1.34919,1.373815,7.018561,34.522822,31.183879,87.0,30.927835,25.269197,20,18.320503,15.444432,False,False,0.69359,0.819757,0.936907,0.573071,桂林三金
cup_v1_legacy_mcst,杯柄 V1 旧版复原+MCST,002283.SZ,2023-07-06,0.796084,legacy_confirmed_cup,6.72,6.97,6.08,6.9,2023-07-04,20.70626,2.407705,96,5,5.778491,4.333868,1.325215,3.918177,1.444623,23.319328,24.116743,86.0,35.983264,13.855316,20,6.390044,7.980476,False,False,0.721087,0.720971,0.930578,0.886726,天润工业
cup_v1_legacy_mcst,杯柄 V1 旧版复原+MCST,002284.SZ,2023-07-06,0.718203,legacy_confirmed_cup,9.77,10.55,7.29,10.3,2023-07-04,23.555071,20.501636,69,5,3.271538,7.197383,3.50881,3.122312,-1.74482,32.38806,25.839268,88.0,38.841808,21.936344,20,9.17529,12.258029,False,False,0.665599,1.0,0.531897,0.64432,亚太股份
cup_v1_legacy_mcst,杯柄 V1 旧版复原+MCST,002284.SZ,2025-12-24,0.653828,legacy_confirmed_cup,15.31,16.27,11.54,15.93,2025-12-22,28.067701,18.617772,113,5,6.417489,6.135402,2.15267,4.352452,-1.692525,87.694484,23.322259,82.0,37.442922,22.725234,20,13.950077,14.192917,False,False,0.477493,1.0,0.538434,0.645091,亚太股份
cup_v1_legacy_mcst,杯柄 V1 旧版复原+MCST,002287.SZ,2025-08-01,0.725513,legacy_confirmed_cup,33.66,34.69,21.8,34.69,2025-07-30,21.722114,14.677104,123,5,5.90998,12.21135,2.512518,2.533566,0.978474,33.038185,23.96233,79.0,34.097287,23.488873,20,26.934992,28.791573,False,False,0.573679,1.0,0.872309,0.501318,奇正藏药
cup_v1_legacy_mcst,杯柄 V1 旧版复原+MCST,002290.SZ,2023-12-04,0.630932,legacy_confirmed_cup,12.82,13.09,11.49,12.97,2023-11-30,9.106099,1.878736,91,18,2.172097,7.936508,2.168572,1.419421,5.847953,41.322314,16.883117,92.0,26.418787,8.028261,20,12.259859,5.792403,False,False,0.264958,1.0,0.959711,0.481274,禾盛新材
cup_v1_legacy_mcst,杯柄 V1 旧版复原+MCST,002293.SZ,2025-04-29,0.871818,legacy_confirmed_cup,9.18,9.43,8.15,9.22,2025-04-25,16.178195,4.454865,98,5,5.744431,5.158265,5.483561,3.161902,2.930832,31.372549,22.366992,85.0,23.724138,13.079105,20,8.677292,6.254353,False,False,0.737753,1.0,1.0,0.818022,罗莱生活
cup_v1_legacy_mcst,杯柄 V1 旧版复原+MCST,002294.SZ,2022-10-18,0.620223,legacy_confirmed_cup,29.33,32.11,23.4,32.11,2022-10-14,15.530303,4.216128,98,5,7.462121,8.44697,4.063977,3.622365,-1.704545,32.0,22.380787,89.0,30.611314,13.79211,20,26.863244,19.531355,False,False,0.333169,1.0,0.536932,0.731138,信立泰
cup_v1_legacy_mcst,杯柄 V1 旧版复原+MCST,002309.SZ,2025-11-13,0.598178,legacy_confirmed_cup,4.08,4.22,2.96,4.22,2025-11-11,11.075949,3.896104,92,5,2.531646,10.443038,1.674314,5.126367,1.265823,70.810811,19.484241,72.0,32.19697,10.984497,20,3.559952,18.540922,False,False,0.28314,0.917294,0.908228,0.440548,中利集团
cup_v1_legacy_mcst,杯柄 V1 旧版复原+MCST,002312.SZ,2024-09-27,0.624955,legacy_confirmed_cup,8.54,9.14,7.42,8.94,2024-09-25,17.536814,0.669344,101,15,1.874163,12.182062,1.82881,1.317975,7.095047,50.204918,30.079455,96.0,19.203414,17.254728,20,7.990871,11.877667,False,False,0.412639,0.963643,0.908987,0.289114,川发龙蟒
cup_v1_legacy_mcst,杯柄 V1 旧版复原+MCST,002316.SZ,2025-05-19,0.628213,legacy_confirmed_cup,3.86,3.99,3.09,3.91,2025-05-15,21.866667,17.6,65,5,6.666667,3.2,1.314347,1.45109,-0.266667,37.795276,20.971867,84.0,17.629179,12.130578,20,3.696384,5.779064,False,False,0.576733,0.561804,0.692212,0.737315,亚联发展
cup_v1_legacy_mcst,杯柄 V1 旧版复原+MCST,002319.SZ,2022-04-18,0.571667,legacy_confirmed_cup,14.8,15.18,12.12,14.99,2022-04-14,16.955017,9.145427,97,9,7.681661,3.598616,1.928353,1.774446,-1.038062,79.503106,20.053298,84.0,15.242494,10.613039,20,13.76073,8.933173,False,False,0.320894,0.800816,0.620242,0.67551,乐通股份
cup_v1_legacy_mcst,杯柄 V1 旧版复原+MCST,002319.SZ,2023-07-17,0.662434,legacy_confirmed_cup,17.7,17.89,14.55,17.6,2023-07-13,19.374248,10.6814,60,12,1.98556,3.910951,1.895188,3.427419,1.143201,72.227979,23.863636,88.0,34.083851,9.571948,20,16.476727,6.817331,False,False,0.367176,0.833812,0.8929,0.734448,乐通股份
cup_v1_legacy_mcst,杯柄 V1 旧版复原+MCST,002320.SZ,2025-07-24,0.831274,legacy_confirmed_cup,7.61,8.15,6.45,8.15,2025-07-22,24.263675,3.007519,135,5,6.732118,14.726508,4.364201,2.742487,1.823282,53.663793,28.902439,78.0,32.148627,30.142526,20,7.294253,11.731794,False,False,0.84635,1.0,0.97791,0.447348,海峡股份
cup_v1_legacy_mcst,杯柄 V1 旧版复原+MCST,002323.SZ,2026-02-12,0.710235,legacy_confirmed_cup,2.36,2.62,1.67,2.62,2026-02-10,19.897959,10.215054,93,5,5.102041,10.204082,4.071051,2.054661,2.040816,59.349593,27.314815,76.0,31.707317,21.212121,20,1.962186,33.524551,False,False,0.504291,1.0,1.0,0.418667,雅博股份
cup_v1_legacy_mcst,杯柄 V1 旧版复原+MCST,002324.SZ,2025-08-15,0.845469,legacy_confirmed_cup,13.77,14.44,11.77,14.25,2025-08-13,32.693912,1.009251,143,20,0.834028,18.849041,2.395345,1.246716,10.508757,71.530758,32.167353,85.0,43.649194,33.803864,20,12.973812,9.836647,False,False,0.804412,1.0,0.873358,0.696267,普利特
cup_v1_legacy_mcst,杯柄 V1 旧版复原+MCST,002345.SZ,2023-01-09,0.810203,legacy_confirmed_cup,5.45,5.84,4.82,5.78,2023-01-05,18.458418,2.231237,105,5,1.014199,10.750507,1.910651,1.80761,9.127789,28.759894,27.827648,90.0,28.470588,18.751586,20,5.180679,11.568377,False,False,0.722578,0.988195,1.0,0.551261,潮宏基
cup_v1_legacy_mcst,杯柄 V1 旧版复原+MCST,002352.SZ,2025-06-16,0.755207,legacy_confirmed_cup,48.95,50.17,44.95,49.8,2025-06-12,16.619657,1.962923,130,16,0.52072,5.836407,1.613045,1.18759,1.258407,39.836165,19.820372,83.0,17.997097,15.27146,20,46.841474,6.316039,False,False,0.702764,0.898914,0.751096,0.67146,顺丰控股
cup_v1_legacy_mcst,杯柄 V1 旧版复原+MCST,002353.SZ,2024-06-21,0.595948,legacy_confirmed_cup,36.14,36.85,30.49,36.85,2024-06-19,29.894798,10.900058,139,17,3.097604,3.740503,1.227463,1.006488,1.344243,43.923611,21.021021,96.0,33.408493,15.652759,20,35.090583,5.013928,False,False,0.614102,0.610058,0.671274,0.471214,杰瑞股份
cup_v1_legacy_mcst,杯柄 V1 旧版复原+MCST,002353.SZ,2025-08-13,0.71991,legacy_confirmed_cup,46.74,47.12,37.59,46.67,2025-08-11,33.877551,3.243243,113,17,6.722689,10.012005,1.954793,1.276825,7.85114,63.976378,29.041273,74.0,27.383931,30.227182,20,41.905897,11.368574,False,False,0.685352,1.0,0.888412,0.26177,杰瑞股份
cup_v1_legacy_mcst,杯柄 V1 旧版复原+MCST,002357.SZ,2026-01-20,0.640177,legacy_confirmed_cup,12.8,12.88,10.93,12.82,2026-01-16,15.625,2.410714,107,5,0.714286,10.714286,1.745999,1.212252,3.303571,80.519481,25.882353,70.0,25.379171,17.338128,20,11.166204,14.810731,False,False,0.529098,0.9388,0.856126,0.245339,富临运业
cup_v1_legacy_mcst,杯柄 V1 旧版复原+MCST,002361.SZ,2025-12-23,0.629848,legacy_confirmed_cup,9.88,9.89,6.05,9.89,2025-12-19,34.228188,18.791946,92,5,6.040268,9.66443,4.414862,3.843697,2.147651,119.435737,25.948592,78.0,31.139647,23.281987,20,7.870575,25.657917,False,False,0.26399,1.0,1.0,0.437259,神剑股份
cup_v1_legacy_mcst,杯柄 V1 旧版复原+MCST,002373.SZ,2026-01-09,0.777368,legacy_confirmed_cup,12.63,13.28,10.39,13.07,2026-01-07,14.24979,12.908634,43,7,7.208718,6.705784,1.868749,1.500826,4.02347,47.403462,20.626432,77.0,34.994698,14.27289,20,11.796201,10.798384,False,False,0.575888,0.975625,1.0,0.659504,千方科技
cup_v1_legacy_mcst,杯柄 V1 旧版复原+MCST,002380.SZ,2023-07-07,0.58475,legacy_confirmed_cup,21.3,23.77,18.36,23.77,2023-07-05,16.435644,9.108911,79,13,3.069307,13.861386,1.42101,1.56754,2.475248,60.887428,30.534979,94.0,55.51048,21.682391,20,22.026376,7.916074,False,False,0.326785,0.841303,1.0,0.300249,科远智慧
cup_v1_legacy_mcst,杯柄 V1 旧版复原+MCST,002380.SZ,2024-10-15,0.625973,legacy_confirmed_cup,20.98,21.98,14.78,21.96,2024-10-11,13.379469,7.682698,84,14,7.670127,17.935409,1.851551,2.001282,12.860438,76.040609,32.480585,93.0,33.398565,19.351591,20,18.910654,16.125019,False,False,0.248394,0.970465,1.0,0.482092,科远智慧
cup_v1_legacy_mcst,杯柄 V1 旧版复原+MCST,002382.SZ,2025-07-11,0.748637,legacy_confirmed_cup,6.22,6.29,5.82,6.22,2025-07-09,27.79661,-0.172117,133,5,1.525424,5.254237,2.334751,1.400128,1.016949,43.552311,29.160063,70.0,25.201613,20.541564,20,5.831308,6.665615,False,False,0.858586,1.0,0.827183,0.163477,蓝帆医疗
cup_v1_legacy_mcst,杯柄 V1 旧版复原+MCST,002386.SZ,2025-07-28,0.676941,legacy_confirmed_cup,5.34,5.41,4.9,5.37,2025-07-24,26.162791,5.03876,152,5,2.906977,3.875969,1.610228,1.00056,0.0,42.735043,19.074074,76.0,33.002481,17.774156,20,5.116926,4.945821,False,False,0.821409,0.743514,0.50028,0.517567,天原股份
cup_v1_legacy_mcst,杯柄 V1 旧版复原+MCST,002388.SZ,2025-08-20,0.653151,legacy_confirmed_cup,4.98,5.02,4.31,5.01,2025-08-18,38.247863,7.905983,151,5,7.478632,3.205128,1.64077,1.471419,0.641026,54.092527,25.203252,82.0,37.606838,22.645901,20,4.611396,8.643884,False,False,0.557519,0.660436,0.815838,0.648714,新亚制程
cup_v1_legacy_mcst,杯柄 V1 旧版复原+MCST,002392.SZ,2025-04-25,0.693914,legacy_confirmed_cup,5.41,5.7,4.81,5.64,2025-04-23,17.575758,2.828283,97,5,6.666667,8.888889,1.465422,1.711195,6.060606,61.538462,26.353791,91.0,41.099476,14.118353,20,5.056679,11.535653,False,False,0.379645,0.854627,1.0,0.736908,北京利尔
cup_v1_legacy_mcst,杯柄 V1 旧版复原+MCST,002394.SZ,2025-07-17,0.885721,legacy_confirmed_cup,10.67,11.74,8.41,11.74,2025-07-15,25.798817,0.473373,137,5,0.473373,14.792899,3.323056,6.296726,5.56213,49.644128,26.391753,81.0,39.367816,23.408361,20,9.771064,20.150684,False,False,0.888924,1.0,1.0,0.622989,联发股份
cup_v1_legacy_mcst,杯柄 V1 旧版复原+MCST,002396.SZ,2023-03-24,0.771955,legacy_confirmed_cup,25.09,25.29,21.99,24.96,2023-03-22,26.298016,7.176024,139,15,2.828198,5.10764,1.422398,1.281211,0.88645,23.233405,24.36,84.0,30.094044,19.544387,20,23.685432,5.381231,False,False,0.7635,0.841719,0.751412,0.720089,星网锐捷
cup_v1_legacy_mcst,杯柄 V1 旧版复原+MCST,002396.SZ,2025-06-27,0.81431,legacy_confirmed_cup,22.66,22.84,19.8,22.54,2025-06-25,21.22549,2.941176,112,5,2.107843,10.588235,3.461398,1.500797,7.303922,65.863787,30.4329,77.0,18.987342,12.536945,20,20.905869,7.816612,False,False,0.743929,1.0,1.0,0.519676,星网锐捷
cup_v1_legacy_mcst,杯柄 V1 旧版复原+MCST,002396.SZ,2025-07-15,0.827646,legacy_confirmed_cup,24.62,25.8,21.5,25.25,2025-07-11,24.836296,-0.561272,93,13,3.367633,12.53508,2.143801,1.827886,5.986904,65.147882,26.343648,72.0,26.765016,17.791051,20,22.714498,11.162483,False,False,0.897936,1.0,1.0,0.316839,星网锐捷
cup_v1_legacy_mcst,杯柄 V1 旧版复原+MCST,002401.SZ,2022-11-23,0.738358,legacy_confirmed_cup,12.46,13.34,10.4,13.34,2022-11-21,26.642336,5.109489,104,5,3.649635,8.667883,1.495841,1.937449,3.193431,56.909361,33.82716,89.0,43.3213,26.30351,20,11.093782,20.247543,False,False,0.600276,0.863752,1.0,0.561615,中远海科
cup_v1_legacy_mcst,杯柄 V1 旧版复原+MCST,002402.SZ,2025-08-04,0.676033,legacy_confirmed_cup,25.29,25.98,21.48,25.74,2025-07-31,35.362195,7.929704,145,14,0.385769,4.32919,1.250568,1.458989,3.771967,168.360277,29.649805,78.0,28.646934,18.569758,20,23.529928,9.392602,False,False,0.574379,0.697934,0.979494,0.523087,和而泰
cup_v1_legacy_mcst,杯柄 V1 旧版复原+MCST,002405.SZ,2026-01-12,0.604591,legacy_confirmed_cup,10.58,11.15,8.8,11.1,2026-01-08,11.270718,2.762431,97,5,4.41989,15.027624,2.029388,1.839719,11.60221,16.891892,27.527076,70.0,25.270758,16.343181,20,9.634822,15.207115,False,False,0.287902,1.0,1.0,0.269128,四维图新
cup_v1_legacy_mcst,杯柄 V1 旧版复原+MCST,002410.SZ,2023-01-05,0.706372,legacy_confirmed_cup,62.2,62.8,55.18,62.45,2023-01-03,26.915254,6.474576,119,5,2.338983,6.474576,1.660001,1.022041,0.847458,40.845759,31.869174,88.0,19.157815,25.245685,20,58.326846,7.069049,False,False,0.77301,0.913,0.616953,0.420888,广联达
cup_v1_legacy_mcst,杯柄 V1 旧版复原+MCST,002410.SZ,2023-01-16,0.663509,legacy_confirmed_cup,62.75,63.65,59.5,63.47,2023-01-12,28.073394,0.750626,130,8,3.886572,3.386155,1.205611,1.130603,0.934112,40.845759,31.053459,91.0,25.796631,21.638927,20,60.40891,5.067281,False,False,0.870943,0.55478,0.682066,0.417855,广联达
cup_v1_legacy_mcst,杯柄 V1 旧版复原+MCST,002421.SZ,2023-03-24,0.709597,legacy_confirmed_cup,4.17,4.17,3.79,4.15,2023-03-22,30.123457,6.419753,125,15,6.419753,3.703704,2.679015,1.87081,-0.493827,50.396825,21.800948,88.0,37.254902,18.04108,20,4.025538,3.091819,False,False,0.632389,0.821759,0.688272,0.725832,达实智能
cup_v1_legacy_mcst,杯柄 V1 旧版复原+MCST,002436.SZ,2025-07-25,0.716612,legacy_confirmed_cup,15.61,16.35,12.31,16.26,2025-07-23,35.19944,7.443609,154,12,6.927922,10.006998,1.966599,1.102869,0.559832,77.515528,32.692308,85.0,42.262443,26.511478,20,14.101665,15.305531,False,False,0.572292,1.0,0.621413,0.710134,兴森科技
cup_v1_legacy_mcst,杯柄 V1 旧版复原+MCST,002437.SZ,2025-07-30,0.795019,legacy_confirmed_cup,3.48,3.64,3.09,3.62,2025-07-28,32.484076,1.592357,139,11,6.687898,8.280255,1.590248,1.423423,6.369427,76.506024,33.333333,79.0,35.458167,26.684469,20,3.253856,11.252619,False,False,0.790494,0.892074,0.961712,0.514927,誉衡药业
cup_v1_legacy_mcst,杯柄 V1 旧版复原+MCST,002440.SZ,2026-01-28,0.769155,legacy_confirmed_cup,10.2,10.75,7.98,10.75,2026-01-26,18.170732,0.498753,149,5,2.195122,20.121951,3.11452,1.918141,14.390244,41.37931,29.949749,71.0,28.590078,31.146813,20,8.988547,19.596632,False,False,0.814509,1.0,1.0,0.170384,闰土股份
cup_v1_legacy_mcst,杯柄 V1 旧版复原+MCST,002444.SZ,2024-09-03,0.574236,legacy_confirmed_cup,26.96,28.08,22.71,27.83,2024-08-30,11.638955,7.230392,96,9,3.087886,5.859066,2.661461,1.925183,0.989707,47.117065,20.654106,96.0,26.132075,6.469177,20,24.865963,11.920057,False,False,0.254838,1.0,0.873713,0.301498,巨星科技
cup_v1_legacy_mcst,杯柄 V1 旧版复原+MCST,002446.SZ,2022-07-19,0.620852,legacy_confirmed_cup,7.47,7.72,7.12,7.65,2022-07-15,27.731092,0.280112,151,7,1.960784,4.061625,1.257713,1.11791,0.280112,36.71875,33.930858,94.0,25.29511,17.558641,20,7.133535,7.239952,False,False,0.725591,0.663287,0.593969,0.411399,盛路通信
cup_v1_legacy_mcst,杯柄 V1 旧版复原+MCST,002448.SZ,2025-08-26,0.593443,legacy_confirmed_cup,10.09,10.41,8.51,10.37,2025-08-22,36.095965,4.916201,85,16,2.399128,8.942203,1.466908,1.193547,5.452563,84.507042,24.731183,72.0,29.908973,19.521436,20,9.48446,9.336742,False,False,0.426619,0.855072,0.846774,0.305019,中原内配
cup_v1_legacy_mcst,杯柄 V1 旧版复原+MCST,002454.SZ,2025-07-16,0.705432,legacy_confirmed_cup,8.3,8.34,7.1,8.3,2025-07-14,32.69962,10.012674,133,5,4.309252,4.816223,3.25685,1.836972,1.901141,47.173489,28.825623,73.0,32.532051,15.934579,20,7.904382,5.005041,False,False,0.494686,0.974731,0.987643,0.455404,松芝股份
cup_v1_legacy_mcst,杯柄 V1 旧版复原+MCST,002455.SZ,2026-02-03,0.670624,legacy_confirmed_cup,9.78,10.31,6.92,10.31,2026-01-30,14.229249,4.945055,158,18,4.084321,26.350461,3.118046,4.051555,18.84058,24.019608,32.116788,80.0,37.787356,32.759595,20,8.666789,18.959863,False,False,0.303097,1.0,1.0,0.572701,百川股份
cup_v1_legacy_mcst,杯柄 V1 旧版复原+MCST,002457.SZ,2023-10-30,0.613087,legacy_confirmed_cup,12.79,12.79,7.75,12.79,2023-10-26,12.527964,6.513872,96,20,7.270694,18.232662,7.142472,6.066373,6.375839,18.410596,26.679281,93.0,28.121212,22.208305,20,10.380204,23.215307,False,False,0.261447,1.0,1.0,0.357901,青龙管业
cup_v1_legacy_mcst,杯柄 V1 旧版复原+MCST,002457.SZ,2024-10-09,0.627895,legacy_confirmed_cup,11.0,11.54,7.76,11.54,2024-09-30,35.300668,12.710911,157,5,1.002227,6.23608,2.177185,2.18883,-0.890869,15.870968,21.063608,83.0,17.487685,16.570102,20,8.994098,28.306359,False,False,0.352534,1.0,0.638641,0.6339,青龙管业
cup_v1_legacy_mcst,杯柄 V1 旧版复原+MCST,002465.SZ,2023-03-08,0.830429,legacy_confirmed_cup,9.85,10.39,8.77,10.32,2023-03-06,20.063358,2.120536,160,18,5.385428,11.087645,3.215314,2.150285,3.695882,13.822115,24.503311,80.0,21.759259,22.384876,20,9.708057,6.303453,False,False,0.842485,1.0,1.0,0.427798,海格通信
cup_v1_legacy_mcst,杯柄 V1 旧版复原+MCST,002468.SZ,2024-09-27,0.638247,legacy_confirmed_cup,10.59,10.99,9.25,10.81,2024-09-25,16.061606,-1.760176,112,16,1.760176,12.211221,1.245125,1.052788,11.111111,45.203252,29.48244,96.0,20.853081,13.589963,20,10.199888,5.981554,False,False,0.589679,0.788537,0.776394,0.39723,申通快递
cup_v1_legacy_mcst,杯柄 V1 旧版复原+MCST,002468.SZ,2025-07-30,0.738885,legacy_confirmed_cup,15.91,16.1,12.04,15.88,2025-07-28,16.033058,0.495868,94,12,6.115702,16.694215,2.615337,2.384452,12.644628,37.530266,32.892999,77.0,32.58216,24.440005,20,13.340434,19.036611,False,False,0.586985,1.0,1.0,0.417201,申通快递
cup_v1_legacy_mcst,杯柄 V1 旧版复原+MCST,002475.SZ,2024-06-19,0.705794,legacy_confirmed_cup,37.87,38.5,25.92,38.07,2024-06-17,27.77939,18.592965,54,19,7.576197,7.402032,2.136856,1.570212,-0.058055,22.076541,31.246684,92.0,16.425425,23.8397,20,33.794563,12.651258,False,False,0.731768,1.0,0.742743,0.255634,立讯精密
cup_v1_legacy_mcst,杯柄 V1 旧版复原+MCST,002478.SZ,2025-11-06,0.599048,legacy_confirmed_cup,8.15,8.22,6.11,8.22,2025-11-04,22.116904,3.475513,135,7,7.109005,7.266983,1.360413,2.047972,2.843602,21.237113,21.083455,70.0,27.631579,21.336669,20,6.654215,23.530731,False,False,0.45625,0.823124,1.0,0.167899,常宝股份
cup_v1_legacy_mcst,杯柄 V1 旧版复原+MCST,002484.SZ,2026-01-12,0.605212,legacy_confirmed_cup,29.89,32.38,25.95,31.81,2026-01-08,8.834049,7.188841,85,11,5.615165,7.939914,1.211881,1.585404,2.217454,74.421679,20.018826,80.0,40.896359,6.041707,20,29.363004,8.333602,False,False,0.223399,0.778564,1.0,0.661907,江海股份
cup_v1_legacy_mcst,杯柄 V1 旧版复原+MCST,002487.SZ,2025-04-17,0.816785,legacy_confirmed_cup,25.57,26.42,20.55,25.8,2025-04-15,23.651961,11.26943,98,17,5.392157,6.903595,2.607376,1.255848,3.104575,41.830823,27.940617,82.0,30.069583,20.096371,20,24.009251,7.458578,False,False,0.753669,1.0,0.877924,0.63708,大金重工
cup_v1_legacy_mcst,杯柄 V1 旧版复原+MCST,002488.SZ,2023-11-29,0.617857,legacy_confirmed_cup,8.22,8.49,6.32,8.31,2023-11-27,21.192893,19.796954,100,16,5.71066,4.441624,1.354881,1.298281,0.380711,25.084175,22.461171,92.0,27.202473,14.646576,20,8.078054,2.871316,False,False,0.508259,0.744688,0.696729,0.57224,金固股份
cup_v1_legacy_mcst,杯柄 V1 旧版复原+MCST,002500.SZ,2024-10-08,0.621741,legacy_confirmed_cup,7.26,7.26,4.73,7.26,2024-09-27,18.348624,5.776892,104,5,7.889908,10.091743,4.187527,4.15475,0.550459,21.380846,25.833333,93.0,17.878193,21.819166,20,5.817182,24.802687,False,False,0.442686,1.0,0.818807,0.265199,山西证券
cup_v1_legacy_mcst,杯柄 V1 旧版复原+MCST,002511.SZ,2025-08-21,0.724344,legacy_confirmed_cup,8.69,9.07,7.99,8.91,2025-08-19,25.590062,0.745342,160,7,4.596273,3.229814,1.256139,1.909499,0.869565,29.510961,22.275449,76.0,30.250784,18.568898,20,8.089191,10.146991,False,False,0.918451,0.548441,0.858696,0.470182,中顺洁柔
cup_v1_legacy_mcst,杯柄 V1 旧版复原+MCST,002517.SZ,2023-02-20,0.830816,legacy_confirmed_cup,8.64,9.44,7.46,9.44,2023-02-16,30.123457,7.444169,94,18,0.493827,9.135802,2.509912,1.690254,3.82716,113.157895,32.0,85.0,19.298246,22.878755,20,8.50661,10.972525,False,False,0.785889,1.0,1.0,0.528772,恺英网络
cup_v1_legacy_mcst,杯柄 V1 旧版复原+MCST,002521.SZ,2024-03-21,0.690641,legacy_confirmed_cup,9.54,9.83,7.61,9.75,2024-03-19,21.410891,5.816832,96,5,6.311881,15.470297,3.291609,3.647726,4.207921,47.851562,31.939979,94.0,30.307263,19.570673,20,8.690615,12.189988,False,False,0.452563,1.0,1.0,0.41122,齐峰新材
cup_v1_legacy_mcst,杯柄 V1 旧版复原+MCST,002540.SZ,2026-01-28,0.637753,legacy_confirmed_cup,7.76,8.08,6.5,8.0,2026-01-26,16.419919,12.516824,69,5,4.979812,4.979812,1.302064,1.337677,1.345895,29.541284,19.399249,73.0,31.092437,15.448659,20,7.392864,8.212462,False,False,0.511416,0.802843,0.837076,0.453156,亚太科技
cup_v1_legacy_mcst,杯柄 V1 旧版复原+MCST,002550.SZ,2022-12-12,0.829268,legacy_confirmed_cup,7.65,8.24,5.81,8.24,2022-12-08,23.134328,7.188498,133,14,6.567164,9.701493,4.034989,3.121798,4.626866,64.215686,29.387755,90.0,34.124088,27.580172,20,6.828658,20.667921,False,False,0.797003,1.0,1.0,0.501586,千红制药
cup_v1_legacy_mcst,杯柄 V1 旧版复原+MCST,002558.SZ,2023-02-07,0.783213,legacy_confirmed_cup,10.02,10.61,9.35,10.53,2023-02-03,24.109015,1.991614,138,7,4.08805,4.507338,1.338223,1.079833,1.677149,19.921363,25.579151,84.0,24.625,21.171609,20,9.211772,14.310255,False,False,0.917645,0.748726,0.74956,0.624718,巨人网络
cup_v1_legacy_mcst,杯柄 V1 旧版复原+MCST,002560.SZ,2026-01-15,0.693302,legacy_confirmed_cup,10.3,10.59,9.63,10.51,2026-01-13,27.731959,0.721649,151,12,3.917526,5.257732,1.211067,1.139245,2.164948,84.189723,27.179007,71.0,27.465668,19.930696,20,10.08117,4.253776,False,False,0.821781,0.77832,0.819622,0.235872,通达股份
cup_v1_legacy_mcst,杯柄 V1 旧版复原+MCST,002566.SZ,2025-08-05,0.722739,legacy_confirmed_cup,8.74,8.75,8.16,8.62,2025-08-01,26.26506,1.686747,146,8,3.975904,3.012048,1.531809,1.449463,0.361446,38.608696,20.091324,74.0,24.273256,14.286987,20,8.333849,3.433604,False,False,0.939312,0.601199,0.769912,0.448489,益盛药业
cup_v1_legacy_mcst,杯柄 V1 旧版复原+MCST,002571.SZ,2025-08-15,0.673846,legacy_confirmed_cup,7.17,7.44,5.73,7.35,2025-08-13,12.400636,8.025682,73,5,0.953895,15.103339,2.090475,1.198007,8.108108,69.541779,24.829468,81.0,38.167939,16.851152,20,6.476303,13.490678,False,False,0.288866,1.0,0.849004,0.764711,德力股份
cup_v1_legacy_mcst,杯柄 V1 旧版复原+MCST,002589.SZ,2025-12-08,0.673968,legacy_confirmed_cup,4.69,4.69,3.07,4.69,2025-12-04,21.316614,3.761755,159,5,0.940439,21.316614,4.748604,3.357572,12.852665,19.69697,28.423773,77.0,27.722772,29.280107,20,3.680723,27.420629,False,False,0.429277,1.0,1.0,0.368607,瑞康医药
cup_v1_legacy_mcst,杯柄 V1 旧版复原+MCST,002590.SZ,2023-07-10,0.783624,legacy_confirmed_cup,10.96,11.83,9.22,11.83,2023-07-06,16.143012,0.108342,96,10,0.433369,15.167931,1.413052,1.86668,9.534128,28.172943,30.892857,86.0,30.269608,17.263125,20,10.256321,15.343505,False,False,0.642903,0.838915,1.0,0.744394,万安科技
cup_v1_legacy_mcst,杯柄 V1 旧版复原+MCST,002595.SZ,2024-04-18,0.746634,legacy_confirmed_cup,39.99,40.33,35.58,39.47,2024-04-16,26.435172,0.364044,119,10,1.428171,11.173341,1.786504,1.70244,7.00084,27.536232,34.22634,92.0,18.720096,27.603497,20,37.004585,6.662458,False,False,0.723371,0.950951,1.0,0.27858,豪迈科技
cup_v1_legacy_mcst,杯柄 V1 旧版复原+MCST,002595.SZ,2024-09-26,0.568308,legacy_confirmed_cup,42.49,43.33,40.01,43.31,2024-09-24,15.203956,1.087763,96,13,0.766378,4.524104,1.203709,1.389223,1.70581,52.797868,20.985948,96.0,19.807311,10.143128,20,41.333644,4.78147,False,False,0.408719,0.710677,0.907838,0.3301,豪迈科技
cup_v1_legacy_mcst,杯柄 V1 旧版复原+MCST,002596.SZ,2023-04-10,0.70815,legacy_confirmed_cup,4.13,4.24,3.35,4.23,2023-04-06,30.60686,11.609499,156,5,3.430079,9.498681,2.134158,2.005072,-0.263852,19.218241,23.614458,89.0,53.703704,24.690152,20,3.813589,10.919132,False,False,0.63768,1.0,0.717018,0.457791,海南瑞泽
cup_v1_legacy_mcst,杯柄 V1 旧版复原+MCST,002606.SZ,2024-10-10,0.653813,legacy_confirmed_cup,10.33,11.33,8.25,11.18,2024-10-08,36.944128,0.960384,160,12,5.017104,19.72634,2.711721,2.206877,9.692132,24.573864,33.822181,93.0,52.616279,38.067061,20,9.356695,19.486633,False,False,0.393333,1.0,1.0,0.330734,大连电瓷
cup_v1_legacy_mcst,杯柄 V1 旧版复原+MCST,002616.SZ,2023-07-12,0.724781,legacy_confirmed_cup,5.88,6.57,4.78,6.57,2023-07-10,16.140351,11.645102,67,5,5.087719,8.596491,5.735186,6.357658,2.280702,30.434783,22.778675,85.0,26.844262,17.628428,20,5.792637,13.419841,False,False,0.364809,1.0,1.0,0.735491,长青集团
cup_v1_legacy_mcst,杯柄 V1 旧版复原+MCST,002624.SZ,2023-04-12,0.724512,legacy_confirmed_cup,18.47,20.46,15.33,20.46,2023-04-10,30.991217,0.389864,145,14,3.450439,13.48808,1.318556,1.207389,11.919699,44.253394,33.715711,89.0,46.953696,29.881474,20,17.370936,17.782943,False,False,0.703066,0.810567,0.853695,0.525291,完美世界
cup_v1_legacy_mcst,杯柄 V1 旧版复原+MCST,002632.SZ,2023-12-29,0.717388,legacy_confirmed_cup,8.72,9.88,7.21,9.88,2023-12-27,16.925065,6.847545,99,18,3.74677,12.015504,5.603661,4.090761,5.426357,18.819777,30.378378,92.0,16.375839,21.329446,20,8.41335,17.432409,False,False,0.594307,1.0,1.0,0.296902,道明光学
cup_v1_legacy_mcst,杯柄 V1 旧版复原+MCST,002636.SZ,2025-07-03,0.699852,legacy_confirmed_cup,9.34,10.31,8.57,10.31,2025-07-01,30.975348,3.490991,90,16,4.823151,4.823151,1.688612,1.512521,-0.214362,56.020067,34.486267,72.0,16.845878,12.745333,20,9.271415,11.202017,False,False,0.756236,0.897267,0.723205,0.331058,金安国纪
cup_v1_legacy_mcst,杯柄 V1 旧版复原+MCST,002639.SZ,2025-11-17,0.695432,legacy_confirmed_cup,13.91,15.7,10.13,15.7,2025-11-13,25.650842,16.625514,36,18,6.967841,5.359877,1.354553,1.52433,0.535988,119.86532,34.049479,87.0,53.743017,22.574419,20,13.363035,17.488276,False,False,0.626544,0.821366,0.816998,0.537002,雪人集团
cup_v1_legacy_mcst,杯柄 V1 旧版复原+MCST,002641.SZ,2023-08-02,0.610514,legacy_confirmed_cup,6.01,6.15,5.76,6.06,2023-07-31,19.137931,0.689655,100,10,5.344828,3.448276,1.349943,1.225883,1.37931,27.674419,15.920398,89.0,21.703854,13.803405,20,5.839792,3.770812,False,False,0.495519,0.606621,0.785355,0.641781,公元股份
cup_v1_legacy_mcst,杯柄 V1 旧版复原+MCST,002644.SZ,2023-04-17,0.840449,legacy_confirmed_cup,12.45,13.39,11.53,13.26,2023-04-13,22.241232,1.368691,101,6,7.613345,8.126604,1.89767,1.759315,-0.171086,38.817481,29.534884,82.0,41.545353,20.315066,20,11.709056,13.245679,False,False,0.873024,0.984301,0.728614,0.715463,佛慈制药
cup_v1_legacy_mcst,杯柄 V1 旧版复原+MCST,002648.SZ,2024-04-02,0.672956,legacy_confirmed_cup,18.5,19.0,16.42,19.0,2024-03-29,26.358382,5.086705,94,5,5.549133,6.936416,2.517154,1.688264,-1.560694,31.561997,31.209503,92.0,20.12987,18.637909,20,17.393517,9.236099,False,False,0.661792,1.0,0.554913,0.40173,卫星化学
cup_v1_legacy_mcst,杯柄 V1 旧版复原+MCST,002649.SZ,2023-02-07,0.708119,legacy_confirmed_cup,12.74,13.86,9.93,13.79,2023-02-03,19.568966,14.396552,72,5,5.086207,5.948276,1.228948,3.392834,4.137931,29.529412,20.56,78.0,18.858801,14.059443,20,12.079711,14.158362,False,False,0.584585,0.783684,1.0,0.537964,博彦科技
cup_v1_legacy_mcst,杯柄 V1 旧版复原+MCST,002649.SZ,2025-07-09,0.63606,legacy_confirmed_cup,15.1,15.46,13.06,15.46,2025-07-07,30.986888,8.926081,93,9,1.035197,3.174603,1.75797,1.590032,-0.828157,101.25,33.642999,81.0,37.788018,10.637616,20,14.314524,8.002193,False,False,0.497967,0.691399,0.64648,0.798131,博彦科技
cup_v1_legacy_mcst,杯柄 V1 旧版复原+MCST,002661.SZ,2022-08-26,0.695764,legacy_confirmed_cup,12.99,13.29,10.13,13.27,2022-08-24,19.729515,19.15403,64,5,0.318218,3.977725,1.434603,1.35546,1.511535,24.209486,20.265291,88.0,19.360731,12.608505,20,12.503445,6.130748,False,False,0.610282,0.704818,0.866672,0.66313,克明食品
cup_v1_legacy_mcst,杯柄 V1 旧版复原+MCST,002664.SZ,2023-10-09,0.659405,legacy_confirmed_cup,16.47,17.4,12.62,17.07,2023-09-27,20.806242,14.498645,129,5,4.031209,6.046814,3.784019,3.808816,-1.950585,25.448613,22.624157,93.0,20.280236,19.663241,20,15.35388,11.177111,False,False,0.684418,1.0,0.506177,0.343118,信质集团
cup_v1_legacy_mcst,杯柄 V1 旧版复原+MCST,002668.SZ,2023-02-10,0.716263,legacy_confirmed_cup,6.4,6.48,5.81,6.47,2023-02-08,19.866444,3.005008,120,8,6.677796,8.347245,2.836975,1.152101,5.509182,43.701799,27.162367,83.0,24.091778,15.627877,20,6.085226,6.323084,False,False,0.446723,1.0,0.826051,0.723497,TCL智家
cup_v1_legacy_mcst,杯柄 V1 旧版复原+MCST,002683.SZ,2025-06-30,0.696406,legacy_confirmed_cup,33.86,34.35,29.42,33.94,2025-06-26,25.832061,10.167939,117,13,6.839695,3.480916,1.545418,1.047382,1.221374,72.763307,24.367816,82.0,22.656533,16.620116,20,33.012308,2.810138,False,False,0.753499,0.669751,0.676363,0.649856,广东宏大
cup_v1_legacy_mcst,杯柄 V1 旧版复原+MCST,002690.SZ,2023-04-04,0.804409,legacy_confirmed_cup,32.71,33.2,28.0,32.52,2023-03-31,24.893768,0.849858,142,6,5.913598,14.376771,2.479578,2.779642,7.932011,50.794552,27.027864,83.0,36.0,26.709317,20,29.418877,10.541271,False,False,0.636439,1.0,1.0,0.658276,美亚光电
cup_v1_legacy_mcst,杯柄 V1 旧版复原+MCST,002690.SZ,2025-09-01,0.653413,legacy_confirmed_cup,20.3,20.6,16.33,20.26,2025-08-28,17.0282,11.442516,50,9,6.995662,7.158351,2.347999,1.866235,4.392625,33.359253,21.111111,74.0,26.261981,16.025425,20,18.762686,7.980276,False,False,0.338372,1.0,1.0,0.424915,美亚光电
cup_v1_legacy_mcst,杯柄 V1 旧版复原+MCST,002692.SZ,2022-04-15,0.721814,legacy_confirmed_cup,3.87,4.08,3.05,4.08,2022-04-13,20.396601,13.597734,60,12,6.798867,6.515581,1.822406,1.163508,6.232295,24.621212,25.427873,91.0,27.457627,15.544174,20,3.713162,9.879404,False,False,0.564761,0.961722,0.831754,0.586834,远程股份
cup_v1_legacy_mcst,杯柄 V1 旧版复原+MCST,002692.SZ,2022-08-29,0.645182,legacy_confirmed_cup,4.12,4.39,3.88,4.37,2022-08-25,20.149254,3.482587,97,5,3.9801,3.731343,1.697847,3.226063,0.248756,37.366548,15.827338,92.0,25.981873,13.215231,20,4.026817,8.522426,False,False,0.520918,0.749914,0.781095,0.595817,远程股份
cup_v1_legacy_mcst,杯柄 V1 旧版复原+MCST,002697.SZ,2023-03-31,0.6552,legacy_confirmed_cup,6.04,6.15,5.37,6.12,2023-03-29,23.539519,7.731959,111,5,3.092784,3.608247,2.002838,1.387945,0.859107,27.60181,15.371901,76.0,23.312883,13.406263,20,5.750198,6.431118,False,False,0.5337,0.808634,0.801361,0.529869,红旗连锁
cup_v1_legacy_mcst,杯柄 V1 旧版复原+MCST,002714.SZ,2024-05-10,0.564628,legacy_confirmed_cup,46.84,47.89,41.92,47.29,2024-05-08,31.131242,7.379585,160,5,3.800265,3.468847,2.075894,1.071409,-1.458241,10.732452,27.396098,93.0,24.88,17.77231,20,44.465399,6.352357,False,False,0.597997,0.789466,0.353424,0.436389,牧原股份
cup_v1_legacy_mcst,杯柄 V1 旧版复原+MCST,002714.SZ,2025-07-23,0.616323,legacy_confirmed_cup,49.58,50.08,41.28,49.09,2025-07-21,22.144725,6.985128,143,9,3.269398,3.160418,1.538492,1.765446,0.5449,31.010851,19.663158,74.0,28.999727,18.307254,20,45.220516,8.556921,False,False,0.622143,0.623605,0.818112,0.395247,牧原股份
cup_v1_legacy_mcst,杯柄 V1 旧版复原+MCST,002715.SZ,2025-08-27,0.673686,legacy_confirmed_cup,21.64,23.15,16.47,22.59,2025-08-25,40.041602,14.352574,152,5,4.420177,10.296412,1.691555,2.059909,-0.624025,97.422127,22.347949,86.0,52.261307,24.578449,20,19.05101,18.576391,False,False,0.552964,0.922466,0.671997,0.575663,登云股份
cup_v1_legacy_mcst,杯柄 V1 旧版复原+MCST,002721.SZ,2025-06-11,0.735349,legacy_confirmed_cup,3.4,3.53,2.99,3.51,2025-06-09,30.461538,0.333333,141,5,7.692308,4.615385,2.545235,1.310003,2.153846,59.313725,34.870317,90.0,34.387352,28.354359,20,3.092419,13.503382,False,False,0.619218,0.947115,0.905001,0.504218,金一文化
cup_v1_legacy_mcst,杯柄 V1 旧版复原+MCST,002737.SZ,2022-10-21,0.779199,legacy_confirmed_cup,21.62,23.03,16.12,22.75,2022-10-19,24.077977,15.068493,68,16,2.002107,12.065332,2.680448,1.476067,10.221286,44.97272,31.049822,92.0,44.693878,25.813321,20,19.519848,16.54804,False,False,0.693442,1.0,0.988034,0.444441,葵花药业
cup_v1_legacy_mcst,杯柄 V1 旧版复原+MCST,002748.SZ,2025-05-06,0.663226,legacy_confirmed_cup,8.86,9.08,7.66,9.08,2025-04-29,14.0625,0.260417,95,11,7.291667,11.067708,1.632683,1.221824,9.244792,51.489362,28.026172,89.0,31.635802,12.288554,20,8.14635,11.460961,False,False,0.331894,0.904805,0.860912,0.743399,世龙实业
cup_v1_legacy_mcst,杯柄 V1 旧版复原+MCST,002748.SZ,2025-10-23,0.577768,legacy_confirmed_cup,12.74,13.98,9.03,13.98,2025-10-21,16.439689,12.159533,86,18,7.490272,12.354086,1.392265,1.634778,1.167315,49.76378,22.943723,74.0,44.014963,20.826432,20,10.495721,33.197143,False,False,0.31426,0.832679,0.895914,0.402121,世龙实业
cup_v1_legacy_mcst,杯柄 V1 旧版复原+MCST,002755.SZ,2024-10-21,0.759934,legacy_confirmed_cup,14.48,15.1,12.11,14.73,2024-10-17,23.989899,-1.936027,102,8,3.367003,15.151515,1.58662,1.679704,11.447811,76.615385,34.113475,95.0,54.576271,29.736907,20,12.563881,17.240842,False,False,0.825012,0.890986,1.0,0.242168,奥赛康
cup_v1_legacy_mcst,杯柄 V1 旧版复原+MCST,002766.SZ,2023-12-04,0.624876,legacy_confirmed_cup,6.18,6.85,5.48,6.85,2023-11-30,18.801997,1.615799,160,18,7.321131,6.821963,4.914682,2.901206,-1.164725,32.964602,26.726727,89.0,20.450281,17.53757,20,6.08372,12.595592,False,False,0.419474,1.0,0.604409,0.535891,索菱股份
cup_v1_legacy_mcst,杯柄 V1 旧版复原+MCST,002768.SZ,2025-07-08,0.707717,legacy_confirmed_cup,30.81,31.57,24.81,31.07,2025-07-04,20.029784,7.632167,96,5,7.669397,9.381981,3.633835,3.169218,0.967982,47.093713,21.481732,80.0,29.827662,17.317432,20,27.959352,11.125609,False,False,0.447096,1.0,0.870998,0.635168,国恩股份
cup_v1_legacy_mcst,杯柄 V1 旧版复原+MCST,002769.SZ,2022-12-08,0.71653,legacy_confirmed_cup,9.5,10.54,8.3,10.54,2022-12-06,25.249169,8.084164,85,8,7.530454,4.872647,1.972961,1.729519,-0.996678,56.074766,30.840164,90.0,33.757062,14.383493,20,9.049279,16.473372,False,False,0.580455,0.982489,0.625415,0.713328,普路通
cup_v1_legacy_mcst,杯柄 V1 旧版复原+MCST,002772.SZ,2025-09-17,0.729189,legacy_confirmed_cup,10.19,10.65,7.8,10.54,2025-09-15,11.3879,7.47331,84,5,3.321471,18.030842,4.856524,2.557769,14.472123,27.34375,28.277154,78.0,34.823848,23.979814,20,9.392816,12.213416,False,False,0.526768,1.0,1.0,0.474101,众兴菌业
cup_v1_legacy_mcst,杯柄 V1 旧版复原+MCST,002773.SZ,2023-05-31,0.777935,legacy_confirmed_cup,20.6,21.75,16.83,21.4,2023-05-29,21.524202,13.336766,122,5,3.759011,5.92173,1.850858,1.321561,1.184346,56.401674,20.425532,87.0,29.371069,16.314904,20,19.310099,10.82284,False,False,0.65337,0.970257,0.808824,0.724631,康弘药业
cup_v1_legacy_mcst,杯柄 V1 旧版复原+MCST,002773.SZ,2024-04-29,0.784415,legacy_confirmed_cup,20.68,21.29,16.72,21.0,2024-04-25,27.905702,7.111111,79,9,1.315789,10.361842,5.091114,3.957808,4.989035,25.533379,34.674615,92.0,20.900901,14.56377,20,19.022889,10.393327,False,False,0.663305,1.0,1.0,0.511294,康弘药业
cup_v1_legacy_mcst,杯柄 V1 旧版复原+MCST,002775.SZ,2025-08-05,0.730084,legacy_confirmed_cup,5.3,5.85,3.99,5.85,2025-08-01,39.56044,11.725664,151,5,0.659341,6.373626,2.420248,4.226971,-1.098901,167.647059,26.239669,86.0,39.884393,31.16235,20,4.629786,26.355719,False,False,0.623237,1.0,0.612637,0.69712,文科股份
cup_v1_legacy_mcst,杯柄 V1 旧版复原+MCST,002782.SZ,2025-08-15,0.782459,legacy_confirmed_cup,16.66,18.0,13.24,18.0,2025-08-13,29.118497,2.790015,156,14,1.589595,25.867052,3.31163,2.686589,14.595376,44.166667,32.089552,74.0,28.655835,34.418766,20,15.666887,14.892003,False,False,0.793032,1.0,1.0,0.274489,可立克
cup_v1_legacy_mcst,杯柄 V1 旧版复原+MCST,002790.SZ,2023-01-13,0.724297,legacy_confirmed_cup,9.88,10.15,8.1,10.04,2023-01-11,25.079031,14.646997,73,5,3.898841,4.531085,1.272121,1.071344,2.634352,77.777778,25.867195,93.0,31.043593,16.435341,20,9.277773,8.215628,False,False,0.793808,0.73216,0.785672,0.531449,瑞尔特
cup_v1_legacy_mcst,杯柄 V1 旧版复原+MCST,002807.SZ,2025-06-25,0.612469,legacy_confirmed_cup,4.9,4.93,4.65,4.92,2025-06-23,15.157895,2.105263,107,5,6.526316,4.421053,1.246695,1.559314,1.473684,31.750742,18.072289,81.0,16.431925,14.443932,20,4.724943,4.128246,False,False,0.362199,0.709403,0.934211,0.607531,江阴银行
cup_v1_legacy_mcst,杯柄 V1 旧版复原+MCST,002810.SZ,2026-01-23,0.592533,legacy_confirmed_cup,17.07,18.59,14.3,18.59,2026-01-21,14.924347,1.650619,90,20,5.433287,18.29436,1.865832,1.39728,15.130674,37.5,30.893855,72.0,28.742515,25.714912,20,15.771882,17.867989,False,False,0.336685,0.97475,0.94864,0.206391,山东赫达
cup_v1_legacy_mcst,杯柄 V1 旧版复原+MCST,002811.SZ,2023-11-09,0.646656,legacy_confirmed_cup,9.37,9.68,7.64,9.65,2023-11-07,23.594267,15.766262,100,5,7.166483,3.0871,1.33451,1.557858,0.551268,17.927171,18.376068,85.0,17.16792,12.553418,20,8.689638,11.051802,False,False,0.560393,0.552329,0.818908,0.743273,郑中设计
cup_v1_legacy_mcst,杯柄 V1 旧版复原+MCST,002817.SZ,2025-08-05,0.725791,legacy_confirmed_cup,8.19,8.29,7.5,8.28,2025-08-01,28.665786,0.924703,158,19,4.623514,6.340819,1.32184,1.192213,4.227213,45.858586,16.399507,74.0,23.846154,15.453568,20,7.860481,5.337068,False,False,0.773347,0.811552,0.846106,0.415053,黄山胶囊
cup_v1_legacy_mcst,杯柄 V1 旧版复原+MCST,002824.SZ,2026-01-27,0.619273,legacy_confirmed_cup,22.94,24.37,20.01,24.03,2026-01-23,15.794669,1.233959,100,5,2.171767,15.004936,1.272691,1.189929,11.352419,61.269325,29.794239,76.0,36.576788,21.497073,20,21.183334,13.438234,False,False,0.454374,0.796807,0.844965,0.460238,和胜股份
cup_v1_legacy_mcst,杯柄 V1 旧版复原+MCST,002832.SZ,2023-02-08,0.773332,legacy_confirmed_cup,27.6,28.1,26.0,28.02,2023-02-06,25.828313,2.108434,156,11,2.710843,3.087349,1.254551,1.045601,2.371988,22.406442,20.46332,85.0,23.277803,15.655933,20,26.898227,4.170434,False,False,0.962429,0.528376,0.772801,0.749138,比音勒芬
cup_v1_legacy_mcst,杯柄 V1 旧版复原+MCST,002851.SZ,2023-06-30,0.755791,legacy_confirmed_cup,35.51,37.11,29.07,36.47,2023-06-28,29.663609,11.100917,131,5,3.914373,8.103976,1.607586,1.523747,4.220183,92.171254,28.009761,90.0,42.081994,20.751838,20,33.90627,7.561226,False,False,0.606646,0.897276,1.0,0.595729,麦格米特
cup_v1_legacy_mcst,杯柄 V1 旧版复原+MCST,002856.SZ,2023-11-27,0.670564,legacy_confirmed_cup,11.48,12.61,9.81,12.61,2023-11-23,21.005386,10.655738,124,9,1.436266,4.219031,1.278321,1.904156,0.987433,22.822492,20.566802,85.0,17.629179,11.516665,20,11.449786,10.133063,False,False,0.510591,0.691113,0.873429,0.721967,美芝股份
cup_v1_legacy_mcst,杯柄 V1 旧版复原+MCST,002859.SZ,2025-08-01,0.836939,legacy_confirmed_cup,25.25,25.6,21.4,25.59,2025-07-30,29.929577,0.465116,151,5,5.369718,10.079225,2.828633,1.885395,6.073944,47.055016,28.571429,77.0,31.148401,27.583055,20,22.780216,12.334319,False,False,0.875332,1.0,1.0,0.402863,洁美科技
cup_v1_legacy_mcst,杯柄 V1 旧版复原+MCST,002859.SZ,2025-08-13,0.770494,legacy_confirmed_cup,26.6,26.66,22.38,26.21,2025-08-11,29.929577,0.709849,155,10,0.792254,17.341549,1.267974,1.100114,11.355634,47.055016,32.483121,79.0,33.100349,33.486325,20,24.339742,7.683968,False,False,0.89533,0.795392,0.800057,0.491348,洁美科技
cup_v1_legacy_mcst,杯柄 V1 旧版复原+MCST,002859.SZ,2026-01-27,0.681468,legacy_confirmed_cup,38.87,39.6,32.08,39.05,2026-01-23,15.146832,0.834621,98,5,7.789799,18.825348,2.450126,1.347414,11.159196,87.374372,29.434447,85.0,57.090315,27.599542,20,33.473482,16.659508,False,False,0.383873,1.0,0.923707,0.561855,洁美科技
cup_v1_legacy_mcst,杯柄 V1 旧版复原+MCST,002860.SZ,2025-05-06,0.759913,legacy_confirmed_cup,11.86,13.04,10.02,13.04,2025-04-29,23.189824,1.956947,131,7,5.18591,9.001957,1.726615,3.849454,2.054795,41.459854,31.975737,86.0,23.503326,12.097809,20,10.7012,21.855487,False,False,0.498617,0.932985,1.0,0.760754,星帅尔
cup_v1_legacy_mcst,杯柄 V1 旧版复原+MCST,002877.SZ,2023-02-02,0.684439,legacy_confirmed_cup,10.68,10.68,6.61,10.68,2023-01-31,26.635514,17.16792,64,12,6.775701,3.154206,4.244759,5.414744,-1.168224,59.701493,25.141563,91.0,26.867816,21.303706,20,8.85346,20.630805,False,False,0.827728,0.746203,0.603972,0.436948,智能自控
cup_v1_legacy_mcst,杯柄 V1 旧版复原+MCST,002901.SZ,2025-08-07,0.711789,legacy_confirmed_cup,51.56,57.4,35.05,57.4,2025-08-05,19.974555,10.814249,67,16,7.78626,35.62341,2.551076,1.860747,26.768448,66.391185,34.972171,90.0,53.11692,45.125169,20,45.986756,24.818545,False,False,0.502724,1.0,1.0,0.429176,大博医疗
cup_v1_legacy_mcst,杯柄 V1 旧版复原+MCST,002905.SZ,2025-07-11,0.811923,legacy_confirmed_cup,9.9,10.16,9.2,9.96,2025-07-09,33.157339,0.862069,129,7,2.006336,5.279831,1.522773,1.506874,1.689546,75.695733,27.290837,83.0,39.635854,22.674979,20,9.31445,6.93063,False,False,0.746213,0.871832,0.961193,0.70276,金逸影视
cup_v1_legacy_mcst,杯柄 V1 旧版复原+MCST,002908.SZ,2025-07-14,0.768058,legacy_confirmed_cup,11.9,12.96,9.7,12.96,2025-07-10,34.622468,4.808636,124,5,6.169429,4.143646,1.9129,1.959648,0.276243,67.592593,34.621711,85.0,41.729323,20.815048,20,10.936537,18.501858,False,False,0.683867,0.871121,0.78453,0.770089,德生科技
cup_v1_legacy_mcst,杯柄 V1 旧版复原+MCST,002910.SZ,2024-12-03,0.55914,legacy_confirmed_cup,8.99,9.06,7.73,8.93,2024-11-29,34.232122,5.385557,142,18,4.220399,3.282532,1.370264,1.768744,0.7034,52.049911,34.816463,72.0,30.712166,30.624954,20,8.456449,5.599886,False,False,0.568159,0.589927,0.837925,0.226087,庄园牧场
cup_v1_legacy_mcst,杯柄 V1 旧版复原+MCST,002911.SZ,2024-04-17,0.599966,legacy_confirmed_cup,14.18,14.33,13.88,14.3,2024-04-15,24.425287,0.287356,156,7,4.094828,3.304598,1.311683,1.396954,0.431034,15.885417,27.945205,92.0,18.842975,18.004267,20,13.834857,3.362108,False,False,0.642021,0.575387,0.752356,0.404702,佛燃能源
cup_v1_legacy_mcst,杯柄 V1 旧版复原+MCST,002913.SZ,2025-12-12,0.732073,legacy_confirmed_cup,42.58,43.03,37.7,42.9,2025-12-10,13.729128,0.079512,101,5,6.493506,14.471243,1.860923,1.487403,8.666843,79.086294,27.440927,85.0,47.607656,15.849638,20,38.38044,11.775686,False,False,0.351214,0.973277,0.993701,0.835441,奥士康
cup_v1_legacy_mcst,杯柄 V1 旧版复原+MCST,002929.SZ,2023-01-06,0.858142,legacy_confirmed_cup,42.4,46.44,35.33,45.42,2023-01-04,18.911984,8.329009,93,14,1.103413,6.620477,1.834389,2.901314,4.182705,52.823529,23.336525,85.0,17.406047,12.751605,20,40.14656,13.135472,False,False,0.761975,0.965317,1.0,0.750609,润建股份
cup_v1_legacy_mcst,杯柄 V1 旧版复原+MCST,002948.SZ,2024-05-22,0.712986,legacy_confirmed_cup,3.75,3.84,3.5,3.82,2024-05-20,17.514124,0.2849,151,5,0.847458,3.954802,1.413452,1.060787,3.389831,16.447368,14.438503,88.0,15.360502,14.306422,20,3.498396,9.192911,False,False,0.751503,0.695321,0.780393,0.600255,青岛银行
cup_v1_legacy_mcst,杯柄 V1 旧版复原+MCST,002951.SZ,2025-05-19,0.778662,legacy_confirmed_cup,8.8,9.04,7.4,8.95,2025-05-15,25.596817,0.0,109,16,1.856764,16.578249,1.388251,1.025518,11.405836,93.830334,34.666667,88.0,24.857955,25.531079,20,8.292179,7.933034,False,False,0.921896,0.831475,0.762759,0.47789,金时科技
cup_v1_legacy_mcst,杯柄 V1 旧版复原+MCST,002958.SZ,2025-06-26,0.672094,legacy_confirmed_cup,3.71,3.77,3.56,3.74,2025-06-24,21.288515,0.280112,136,9,7.282913,3.921569,1.229113,1.127208,2.240896,42.672414,22.994652,86.0,22.442244,18.215613,20,3.593174,4.086261,False,False,0.634425,0.635449,0.813604,0.642308,青农商行
cup_v1_legacy_mcst,杯柄 V1 旧版复原+MCST,002981.SZ,2022-12-14,0.695836,legacy_confirmed_cup,27.1,29.69,23.0,29.09,2022-12-12,22.142857,8.548708,130,5,0.198413,4.761905,1.412939,2.244056,0.119048,32.283465,25.85034,85.0,23.653396,11.021552,20,25.426534,14.408043,False,False,0.535307,0.806144,0.764881,0.769831,朝阳科技
cup_v1_legacy_mcst,杯柄 V1 旧版复原+MCST,002985.SZ,2026-01-22,0.755187,legacy_confirmed_cup,37.87,41.98,32.47,41.98,2026-01-20,22.05972,1.066423,103,9,4.600853,18.464351,2.277724,1.288994,11.700183,48.107852,32.13123,77.0,34.207801,31.168557,20,34.635542,21.204975,False,False,0.684561,1.0,0.894497,0.433457,北摩高科
cup_v1_legacy_mcst,杯柄 V1 旧版复原+MCST,002986.SZ,2023-03-15,0.896167,legacy_confirmed_cup,27.22,27.48,24.02,27.43,2023-03-13,27.137255,3.145161,153,20,2.745098,6.509804,3.137732,1.87133,2.27451,26.237624,24.327273,82.0,20.496894,19.67174,20,25.93259,5.774239,False,False,0.959351,1.0,1.0,0.551969,宇新股份
cup_v1_legacy_mcst,杯柄 V1 旧版复原+MCST,002988.SZ,2023-11-03,0.779303,legacy_confirmed_cup,20.1,20.62,18.3,20.48,2023-11-01,22.89282,4.786681,153,5,3.902185,5.150884,1.937974,1.264098,1.925078,44.976452,22.974261,92.0,25.450031,13.878402,20,19.454562,5.270939,False,False,0.688241,0.996392,0.872684,0.57392,豪美新材
cup_v1_legacy_mcst,杯柄 V1 旧版复原+MCST,003000.SZ,2023-02-22,0.828903,legacy_confirmed_cup,13.11,14.4,12.3,14.24,2023-02-20,23.595506,1.284109,104,14,3.130016,5.136437,1.306224,1.533343,3.370787,86.842105,26.021505,83.0,17.488789,12.952943,20,13.105084,8.660121,False,False,0.807967,0.806867,1.0,0.721987,劲仔食品
cup_v1_legacy_mcst,杯柄 V1 旧版复原+MCST,003002.SZ,2025-05-07,0.704206,legacy_confirmed_cup,28.26,28.49,25.05,27.8,2025-04-30,21.699605,0.988142,107,6,3.320158,4.86166,1.222624,1.502131,1.146245,157.202944,28.224638,87.0,31.597222,11.695073,20,24.99748,11.211208,False,False,0.50123,0.762765,0.893281,0.797142,壶化股份
cup_v1_legacy_mcst,杯柄 V1 旧版复原+MCST,003011.SZ,2025-08-05,0.824036,legacy_confirmed_cup,21.47,21.97,19.71,21.75,2025-08-01,40.854271,0.954774,150,5,4.221106,7.638191,1.912741,1.434257,2.311558,70.941704,23.981481,86.0,41.013825,27.822727,20,20.089745,8.264193,False,False,0.70222,0.988822,0.967128,0.688138,海象新材
cup_v1_legacy_mcst,杯柄 V1 旧版复原+MCST,003018.SZ,2025-04-25,0.667763,legacy_confirmed_cup,10.91,12.07,9.48,12.07,2025-04-23,14.882773,3.363914,102,5,3.160041,16.615698,1.565763,3.385256,5.09684,42.642643,28.815004,88.0,30.593607,17.675296,20,10.442842,15.581559,False,False,0.322593,0.884729,1.0,0.668364,金富科技
cup_v1_legacy_mcst,杯柄 V1 旧版复原+MCST,003019.SZ,2025-02-26,0.675626,legacy_confirmed_cup,33.69,34.97,22.06,34.72,2025-02-24,26.988636,21.661932,84,5,1.5625,13.991477,2.732442,1.67067,9.659091,89.473684,30.265163,72.0,53.956835,30.988329,20,28.078366,23.653921,False,False,0.542134,1.0,1.0,0.179397,宸展光电
cup_v1_legacy_mcst,杯柄 V1 旧版复原+MCST,003022.SZ,2025-08-20,0.669824,legacy_confirmed_cup,19.21,21.22,15.83,21.22,2025-08-18,21.804967,4.118716,155,17,1.87765,18.291944,5.125212,2.708306,15.263477,35.678392,26.534653,72.0,25.112108,26.482811,20,18.192477,16.641618,False,False,0.530875,1.0,1.0,0.170087,联泓新科
cup_v1_legacy_mcst,杯柄 V1 旧版复原+MCST,003027.SZ,2025-11-17,0.659297,legacy_confirmed_cup,21.99,23.79,18.07,23.79,2025-11-13,16.534653,10.544554,53,14,6.584158,11.336634,6.448625,2.875097,5.247525,52.177419,25.851457,75.0,33.313574,19.433369,20,21.294111,11.72103,False,False,0.343868,1.0,1.0,0.444715,同兴科技
cup_v1_legacy_mcst,杯柄 V1 旧版复原+MCST,003031.SZ,2025-08-28,0.685001,legacy_confirmed_cup,60.35,62.17,50.43,62.17,2025-08-26,29.180385,9.347474,136,13,3.604228,6.359383,1.266518,1.264335,3.465604,66.93665,27.129032,73.0,29.248263,24.025056,20,57.460479,8.196104,False,False,0.744693,0.794955,0.882167,0.245931,中瓷电子
cup_v1_legacy_mcst,杯柄 V1 旧版复原+MCST,003031.SZ,2025-12-10,0.602138,legacy_confirmed_cup,68.58,71.84,51.75,71.84,2025-12-08,9.617113,0.728947,102,7,6.291569,6.722991,2.06822,6.292634,6.722991,36.114509,21.560062,72.0,28.617851,7.93695,20,63.562848,13.021996,False,False,0.246926,1.0,1.0,0.328568,中瓷电子
cup_v1_legacy_mcst,杯柄 V1 旧版复原+MCST,003035.SZ,2026-02-02,0.663639,legacy_confirmed_cup,6.31,6.84,5.56,6.76,2026-01-29,20.071048,1.243339,156,7,5.506217,8.170515,1.844115,2.339471,1.776199,37.4677,26.451613,75.0,31.25,24.578091,20,5.800041,16.550894,False,False,0.457693,0.968235,0.972025,0.334914,南网能源
cup_v1_legacy_mcst,杯柄 V1 旧版复原+MCST,003816.SZ,2024-01-31,0.608979,legacy_confirmed_cup,3.63,3.85,3.19,3.82,2024-01-29,9.907121,0.3125,160,19,0.928793,12.074303,1.47068,1.542929,10.216718,22.813688,21.563342,95.0,15.654952,15.519626,20,3.445366,10.873567,False,False,0.367514,0.856204,1.0,0.33149,中国广核
cup_v1_legacy_mcst,杯柄 V1 旧版复原+MCST,003816.SZ,2024-02-19,0.661925,legacy_confirmed_cup,3.75,3.89,3.2,3.88,2024-02-07,15.406977,6.976744,89,10,6.976744,8.430233,1.348672,1.123102,5.232558,13.879004,25.575448,97.0,21.498371,17.603783,20,3.598789,7.814056,False,False,0.688409,0.819602,0.811551,0.268855,中国广核
cup_v1_legacy_mcst,杯柄 V1 旧版复原+MCST,300002.SZ,2023-02-03,0.77649,legacy_confirmed_cup,5.24,5.43,4.09,5.37,2023-02-01,24.896266,15.145228,65,5,7.883817,10.580913,3.815588,2.660305,1.244813,32.142857,24.954128,89.0,24.53271,22.959802,20,4.917912,9.192685,False,False,0.734678,1.0,0.905602,0.44116,神州泰岳
cup_v1_legacy_mcst,杯柄 V1 旧版复原+MCST,300013.SZ,2025-04-18,0.73501,legacy_confirmed_cup,4.13,4.27,3.17,4.22,2025-04-16,26.943005,13.623978,88,10,4.92228,3.626943,1.891427,1.359103,0.259067,183.823529,29.481132,94.0,55.03876,12.272823,20,3.779871,11.644024,False,False,0.838417,0.793633,0.711935,0.503847,新宁物流
cup_v1_legacy_mcst,杯柄 V1 旧版复原+MCST,300017.SZ,2023-02-06,0.77309,legacy_confirmed_cup,6.05,6.14,5.2,6.1,2023-02-02,23.090278,9.722222,68,5,5.902778,3.993056,1.822865,1.452467,2.777778,25.462963,14.754098,79.0,19.322709,12.620447,20,5.785414,5.437563,False,False,0.723358,0.823405,0.976234,0.594083,网宿科技
cup_v1_legacy_mcst,杯柄 V1 旧版复原+MCST,300033.SZ,2023-02-01,0.754057,legacy_confirmed_cup,117.99,123.07,107.59,123.0,2023-01-30,31.018519,0.37963,143,8,6.990741,11.481481,1.516483,1.267266,8.333333,43.233994,34.846675,95.0,37.442922,31.656403,20,111.024648,10.78621,False,False,0.821063,0.869945,0.883633,0.36236,同花顺
cup_v1_legacy_mcst,杯柄 V1 旧版复原+MCST,300037.SZ,2023-04-12,0.658135,legacy_confirmed_cup,53.6,56.97,42.01,56.88,2023-04-10,31.504221,17.627451,101,5,2.148887,5.353031,1.861081,1.135427,0.920952,35.025907,24.821045,71.0,22.841163,22.812086,20,49.606516,14.662356,False,False,0.727768,0.973324,0.682833,0.117592,新宙邦
cup_v1_legacy_mcst,杯柄 V1 旧版复原+MCST,300042.SZ,2023-03-08,0.748646,legacy_confirmed_cup,16.58,18.27,11.97,18.05,2023-03-06,24.381368,11.069837,82,18,2.037846,25.691412,1.329133,1.271306,17.540029,27.222222,32.63928,92.0,40.064882,34.911335,20,16.087096,12.20173,False,False,0.771239,0.81374,0.885653,0.49073,朗科科技
cup_v1_legacy_mcst,杯柄 V1 旧版复原+MCST,300048.SZ,2025-08-19,0.625937,legacy_confirmed_cup,6.73,6.84,5.98,6.79,2025-08-15,33.281005,6.122449,86,5,4.395604,5.494505,2.833002,1.725456,-1.255887,44.312796,22.5,77.0,29.479769,19.702525,20,6.337786,7.135208,False,False,0.467461,1.0,0.593014,0.468614,合康新能
cup_v1_legacy_mcst,杯柄 V1 旧版复原+MCST,300051.SZ,2023-06-16,0.569596,legacy_confirmed_cup,12.04,12.68,10.01,12.41,2023-06-14,11.545293,11.101243,78,5,2.753108,8.170515,2.636935,1.342355,2.220249,108.174905,20.63745,95.0,61.324503,10.210452,20,11.162896,11.17187,False,False,0.183916,1.0,0.921178,0.354947,琏升科技
cup_v1_legacy_mcst,杯柄 V1 旧版复原+MCST,300056.SZ,2023-11-30,0.697221,legacy_confirmed_cup,8.87,9.14,7.79,9.09,2023-11-28,23.43949,-0.386598,160,6,1.146497,10.063694,1.368938,1.401652,6.369427,20.769231,34.886241,91.0,25.581395,24.379184,20,8.10541,12.147319,False,False,0.640859,0.825681,0.950826,0.381676,中创环保
cup_v1_legacy_mcst,杯柄 V1 旧版复原+MCST,300082.SZ,2025-11-06,0.665412,legacy_confirmed_cup,8.92,9.47,8.08,9.39,2025-11-04,18.087558,6.912442,94,9,3.686636,3.917051,1.52174,1.27409,0.230415,70.612245,22.790202,83.0,44.32,17.103569,20,8.565135,9.630495,False,False,0.545974,0.722616,0.665847,0.802487,奥克股份
cup_v1_legacy_mcst,杯柄 V1 旧版复原+MCST,300101.SZ,2026-01-09,0.720823,legacy_confirmed_cup,29.0,31.1,25.45,30.65,2026-01-07,18.064768,0.702302,98,5,3.823644,13.928989,1.969819,1.637318,2.731174,71.061763,29.976659,76.0,32.486388,22.800439,20,26.118284,17.350742,False,False,0.55278,1.0,1.0,0.386749,振芯科技
cup_v1_legacy_mcst,杯柄 V1 旧版复原+MCST,300102.SZ,2025-08-15,0.689435,legacy_confirmed_cup,13.58,14.15,12.5,14.15,2025-08-13,34.550989,0.079936,158,5,4.794521,4.033486,1.349868,1.827542,0.684932,147.924528,23.570924,74.0,28.840716,21.310724,20,12.857901,10.049071,False,False,0.819518,0.687065,0.835616,0.31857,乾照光电
cup_v1_legacy_mcst,杯柄 V1 旧版复原+MCST,300111.SZ,2023-01-11,0.737206,legacy_confirmed_cup,3.49,3.58,3.06,3.53,2023-01-09,17.717718,8.108108,101,5,4.504505,6.006006,1.538793,1.006421,2.102102,25.6917,20.056497,82.0,15.737705,13.950611,20,3.332357,5.931038,False,False,0.679781,0.876638,0.753211,0.647405,向日葵
cup_v1_legacy_mcst,杯柄 V1 旧版复原+MCST,300111.SZ,2023-01-30,0.728682,legacy_confirmed_cup,3.9,4.02,3.35,3.92,2023-01-19,19.411765,1.470588,115,12,6.470588,16.470588,1.306646,1.144622,11.176471,25.6917,28.535354,92.0,28.15534,26.33258,20,3.560801,10.087593,False,False,0.822529,0.806994,0.822311,0.372933,向日葵
cup_v1_legacy_mcst,杯柄 V1 旧版复原+MCST,300151.SZ,2026-01-05,0.625061,legacy_confirmed_cup,15.08,15.6,12.95,15.43,2025-12-30,15.882754,11.724608,72,5,5.112474,3.271984,2.950948,2.094598,-0.136333,20.623917,18.999367,73.0,25.517813,10.665392,20,14.453404,6.756859,False,False,0.593765,0.762398,0.732958,0.400261,昌红科技
cup_v1_legacy_mcst,杯柄 V1 旧版复原+MCST,300154.SZ,2023-05-22,0.723973,legacy_confirmed_cup,7.47,7.7,5.74,7.69,2023-05-18,26.25538,17.647059,153,11,3.156385,6.169297,1.978386,1.611745,2.295552,42.105263,24.473684,80.0,15.805947,17.857854,20,7.07229,8.734226,False,False,0.507672,1.0,1.0,0.481441,瑞凌股份
cup_v1_legacy_mcst,杯柄 V1 旧版复原+MCST,300165.SZ,2026-01-27,0.647948,legacy_confirmed_cup,5.31,5.34,4.32,5.3,2026-01-23,13.469388,11.836735,54,9,4.693878,6.938776,1.237098,1.189727,4.897959,80.30888,18.026565,70.0,32.658228,12.464452,20,4.997969,6.043071,False,False,0.570868,0.786129,0.844863,0.413194,天瑞仪器
cup_v1_legacy_mcst,杯柄 V1 旧版复原+MCST,300168.SZ,2023-03-31,0.761871,legacy_confirmed_cup,10.63,11.29,9.6,11.24,2023-03-29,29.337232,6.432749,133,20,5.45809,9.064327,2.312499,1.709922,1.461988,31.081081,29.458042,90.0,44.201031,21.333695,20,10.496605,7.08224,False,False,0.609493,1.0,0.932749,0.559992,万达信息
cup_v1_legacy_mcst,杯柄 V1 旧版复原+MCST,300170.SZ,2023-02-03,0.733831,legacy_confirmed_cup,10.3,10.58,7.85,10.48,2023-02-01,27.009646,15.772532,106,5,0.107181,10.932476,2.392544,1.947954,3.644159,62.543554,24.736337,82.0,15.901456,22.098682,20,9.485426,10.485285,False,False,0.556465,1.0,1.0,0.445341,汉得信息
cup_v1_legacy_mcst,杯柄 V1 旧版复原+MCST,300185.SZ,2023-06-29,0.586482,legacy_confirmed_cup,2.76,2.8,2.37,2.76,2023-06-27,11.940299,11.567164,64,5,1.119403,4.104478,1.640631,1.081589,1.119403,10.416667,16.254417,72.0,17.226891,9.637489,20,2.674981,3.17829,False,False,0.579684,0.784055,0.68072,0.257172,通裕重工
cup_v1_legacy_mcst,杯柄 V1 旧版复原+MCST,300188.SZ,2023-02-07,0.593445,legacy_confirmed_cup,15.07,15.07,12.31,15.03,2023-02-03,21.403509,13.614035,97,5,4.140351,4.421053,1.208454,1.257401,1.894737,24.181818,18.3687,73.0,15.081206,13.686865,20,14.21061,5.766042,False,False,0.509816,0.697931,0.865542,0.337089,国投智能
cup_v1_legacy_mcst,杯柄 V1 旧版复原+MCST,300221.SZ,2025-12-29,0.56159,legacy_confirmed_cup,9.97,10.51,8.88,10.41,2025-12-25,20.714286,9.387755,144,5,5.510204,3.979592,1.212165,1.284463,0.510204,80.859375,24.489796,71.0,23.965937,13.087146,20,9.629172,8.108985,False,False,0.532601,0.638343,0.706007,0.371963,银禧科技
cup_v1_legacy_mcst,杯柄 V1 旧版复原+MCST,300236.SZ,2025-08-15,0.813088,legacy_confirmed_cup,45.86,49.86,40.73,49.0,2025-08-13,28.334956,0.0,155,14,0.851996,14.849075,2.165895,1.56371,11.222006,57.636224,28.498363,72.0,26.555794,24.981236,20,43.988141,11.39366,False,False,0.931951,1.0,1.0,0.184523,上海新阳
cup_v1_legacy_mcst,杯柄 V1 旧版复原+MCST,300242.SZ,2023-02-03,0.76193,legacy_confirmed_cup,3.71,3.8,3.3,3.78,2023-02-01,24.431818,4.069767,159,16,2.272727,7.954545,2.773709,1.609518,0.0,31.343284,20.052083,81.0,15.853659,18.19902,20,3.503413,7.894783,False,False,0.743874,1.0,0.75,0.507871,佳云科技
cup_v1_legacy_mcst,杯柄 V1 旧版复原+MCST,300271.SZ,2023-02-09,0.795053,legacy_confirmed_cup,8.86,9.02,7.86,8.99,2023-02-07,28.426396,0.253807,139,7,3.93401,10.406091,1.240292,1.346503,6.979695,22.294023,27.403315,82.0,18.690314,24.034692,20,8.210576,9.492925,False,False,0.924261,0.787088,0.923252,0.450696,华宇软件
cup_v1_legacy_mcst,杯柄 V1 旧版复原+MCST,300275.SZ,2023-02-03,0.741276,legacy_confirmed_cup,16.3,16.73,13.68,16.53,2023-02-01,31.313819,1.794688,101,9,5.173587,8.236896,1.667158,1.200087,5.309735,45.301682,34.106162,85.0,19.369369,27.555455,20,14.552972,13.585044,False,False,0.677687,0.915147,0.850043,0.526452,梅安森
cup_v1_legacy_mcst,杯柄 V1 旧版复原+MCST,300279.SZ,2025-08-19,0.727715,legacy_confirmed_cup,8.71,9.27,7.76,9.12,2025-08-15,39.974619,-1.041667,157,8,2.538071,9.517766,1.735088,1.503698,4.187817,114.130435,31.038375,73.0,25.072464,26.860461,20,8.08554,12.793958,False,False,0.722853,0.935526,1.0,0.204173,和晶科技
cup_v1_legacy_mcst,杯柄 V1 旧版复原+MCST,300286.SZ,2023-01-09,0.771353,legacy_confirmed_cup,33.46,34.73,28.11,34.17,2023-01-05,34.699806,6.889699,87,16,2.550032,6.036152,1.904172,1.646247,-0.258231,89.248626,29.432943,83.0,17.741935,16.513808,20,30.504881,12.014862,False,False,0.724788,0.986252,0.717721,0.63785,安科瑞
cup_v1_legacy_mcst,杯柄 V1 旧版复原+MCST,300295.SZ,2023-02-09,0.675542,legacy_confirmed_cup,10.09,11.02,8.53,10.78,2023-02-07,22.13198,12.691914,136,5,0.812183,5.989848,2.886211,1.953743,-0.507614,27.922078,19.070209,80.0,17.303371,15.515477,20,9.678972,11.375467,False,False,0.506393,1.0,0.686548,0.554974,三六五网
cup_v1_legacy_mcst,杯柄 V1 旧版复原+MCST,300304.SZ,2023-07-12,0.712129,legacy_confirmed_cup,5.74,6.04,4.96,6.02,2023-07-10,20.038911,3.501946,141,19,7.198444,13.229572,1.487421,1.821644,8.949416,14.114833,31.155779,88.0,32.574032,20.283141,20,5.647053,6.604272,False,False,0.492081,0.861226,1.0,0.622972,云意电气
cup_v1_legacy_mcst,杯柄 V1 旧版复原+MCST,300353.SZ,2023-02-15,0.697093,legacy_confirmed_cup,11.53,12.06,8.86,11.86,2023-02-13,28.827977,14.807692,60,12,1.701323,9.357278,1.232367,1.019768,8.128544,72.875817,26.77686,80.0,16.633065,20.379763,20,11.028445,7.540097,False,False,0.75316,0.78471,0.759884,0.426664,东土科技
cup_v1_legacy_mcst,杯柄 V1 旧版复原+MCST,300370.SZ,2023-05-30,0.775369,legacy_confirmed_cup,3.19,3.27,2.57,3.27,2023-05-26,22.648084,10.452962,155,7,1.74216,9.756098,3.830147,2.192079,1.393728,115.267176,24.842767,82.0,21.621622,22.755172,20,2.9291,11.638398,False,False,0.695142,1.0,0.924216,0.48613,安控科技
cup_v1_legacy_mcst,杯柄 V1 旧版复原+MCST,300373.SZ,2024-07-18,0.591357,legacy_confirmed_cup,42.9,44.36,34.36,43.75,2024-07-16,22.629824,18.151501,90,5,3.215817,4.907099,1.92935,1.19885,-1.548356,24.785012,22.192029,96.0,28.809593,15.500869,20,40.061094,9.208202,False,False,0.511767,0.981031,0.405881,0.429022,扬杰科技
cup_v1_legacy_mcst,杯柄 V1 旧版复原+MCST,300373.SZ,2025-08-07,0.702613,legacy_confirmed_cup,56.91,57.23,49.2,56.14,2025-08-05,29.158879,8.037383,145,8,3.943925,5.065421,1.242215,1.067005,1.794393,54.789157,17.998586,76.0,29.575841,16.904252,20,53.607266,4.72461,False,False,0.723221,0.787664,0.757802,0.505049,扬杰科技
cup_v1_legacy_mcst,杯柄 V1 旧版复原+MCST,300373.SZ,2025-08-22,0.754657,legacy_confirmed_cup,59.8,61.79,49.2,61.49,2025-08-20,29.158879,8.037383,144,19,5.831776,13.570093,1.793968,1.276224,7.102804,51.746988,23.223288,77.0,33.070521,23.173398,20,57.200256,7.499519,False,False,0.72663,0.95319,0.888112,0.422085,扬杰科技
cup_v1_legacy_mcst,杯柄 V1 旧版复原+MCST,300376.SZ,2025-08-20,0.750222,legacy_confirmed_cup,4.79,4.87,3.91,4.84,2025-08-18,33.171913,5.326877,147,9,2.179177,13.559322,3.098277,1.733802,6.779661,95.169082,31.451613,70.0,22.774869,26.911108,20,4.355101,11.134047,False,False,0.813348,1.0,1.0,0.077749,易事特
cup_v1_legacy_mcst,杯柄 V1 旧版复原+MCST,300377.SZ,2023-03-24,0.782196,legacy_confirmed_cup,10.05,10.3,9.03,10.22,2023-03-22,29.489796,7.857143,149,5,4.489796,3.163265,1.969067,1.514418,0.204082,25.301205,22.332016,86.0,33.907285,16.110138,20,9.640404,6.012154,False,False,0.795178,0.747449,0.77551,0.809595,赢时胜
cup_v1_legacy_mcst,杯柄 V1 旧版复原+MCST,300377.SZ,2023-04-07,0.716279,legacy_confirmed_cup,10.43,10.66,9.78,10.59,2023-04-04,29.989868,0.911854,146,10,7.497467,8.004053,1.45895,1.168975,3.140831,22.222222,20.856611,88.0,53.602305,19.382927,20,10.04037,5.474198,False,False,0.62705,0.852685,0.834487,0.583714,赢时胜
cup_v1_legacy_mcst,杯柄 V1 旧版复原+MCST,300386.SZ,2023-04-03,0.828612,legacy_confirmed_cup,12.57,13.57,9.24,13.44,2023-03-30,23.837701,20.069204,64,14,2.282333,8.368555,2.230573,1.575198,3.127642,34.279228,32.45614,85.0,36.819637,21.356504,20,12.1295,10.804237,False,False,0.657725,1.0,1.0,0.742042,飞天诚信
cup_v1_legacy_mcst,杯柄 V1 旧版复原+MCST,300398.SZ,2025-08-15,0.774062,legacy_confirmed_cup,22.66,23.96,17.89,23.69,2025-08-13,31.165703,13.824663,119,5,7.321773,11.801541,2.632641,1.862625,8.622351,86.073501,25.396163,84.0,42.480049,23.380334,20,21.31139,11.161213,False,False,0.521345,1.0,1.0,0.707958,飞凯材料
cup_v1_legacy_mcst,杯柄 V1 旧版复原+MCST,300408.SZ,2023-01-19,0.740434,legacy_confirmed_cup,33.21,35.19,30.94,35.0,2023-01-17,24.023743,3.342705,149,5,1.593252,4.592315,1.352024,1.245234,0.312402,32.967497,23.294118,91.0,26.435045,16.619498,20,31.493797,11.132995,False,False,0.877194,0.764551,0.661667,0.549725,三环集团
cup_v1_legacy_mcst,杯柄 V1 旧版复原+MCST,300416.SZ,2022-10-26,0.573697,legacy_confirmed_cup,33.5,35.28,25.5,35.2,2022-10-24,32.258065,15.785997,99,5,6.973886,5.437788,1.68078,1.051671,-1.628264,51.606893,30.740741,86.0,43.119266,24.79584,20,30.060737,17.096265,False,False,0.417175,0.919234,0.322303,0.667083,苏试试验
cup_v1_legacy_mcst,杯柄 V1 旧版复原+MCST,300433.SZ,2023-02-01,0.80874,legacy_confirmed_cup,13.4,13.4,10.35,13.32,2023-01-30,22.487223,7.589286,78,16,4.599659,14.054514,6.929981,2.78716,5.195911,32.356257,26.923077,90.0,23.069853,26.263182,20,12.061022,10.438404,False,False,0.801518,1.0,1.0,0.391043,蓝思科技
cup_v1_legacy_mcst,杯柄 V1 旧版复原+MCST,300433.SZ,2024-06-04,0.742526,legacy_confirmed_cup,15.43,15.57,14.07,15.43,2024-05-31,31.868898,1.882845,117,20,1.882845,6.694561,1.307682,1.272031,4.951185,29.319853,21.621622,91.0,16.615854,17.857762,20,14.937589,3.296459,False,False,0.798233,0.807305,0.886015,0.420577,蓝思科技
cup_v1_legacy_mcst,杯柄 V1 旧版复原+MCST,300433.SZ,2024-06-28,0.745841,legacy_confirmed_cup,17.76,18.5,14.65,18.25,2024-06-26,36.018337,4.060249,131,18,7.858546,14.931238,1.463269,1.534639,8.97184,29.319853,27.676095,97.0,40.4,29.926215,20,16.758016,8.903105,False,False,0.769579,0.853981,1.0,0.314966,蓝思科技
cup_v1_legacy_mcst,杯柄 V1 旧版复原+MCST,300441.SZ,2023-11-21,0.675081,legacy_confirmed_cup,7.13,7.2,5.74,7.06,2023-11-17,18.383518,9.033281,147,19,2.2187,11.885895,1.535402,1.154334,6.973059,14.259259,24.162011,88.0,21.51463,17.11363,20,6.680961,5.673424,False,False,0.492626,0.875621,0.827167,0.591616,鲍斯股份
cup_v1_legacy_mcst,杯柄 V1 旧版复原+MCST,300444.SZ,2023-05-10,0.686358,legacy_confirmed_cup,6.42,7.77,5.05,7.59,2023-05-08,31.270358,14.695946,118,5,3.583062,11.726384,3.25496,2.904196,0.488599,57.435897,30.995792,90.0,38.585859,35.02608,20,6.31959,20.10273,False,False,0.47115,1.0,0.811075,0.546203,双杰电气
cup_v1_legacy_mcst,杯柄 V1 旧版复原+MCST,300453.SZ,2025-08-18,0.704962,legacy_confirmed_cup,10.14,11.27,8.7,11.1,2025-08-14,20.79096,1.694915,160,10,2.372881,11.751412,2.0973,1.746747,10.960452,46.440678,31.798051,76.0,26.309068,21.588394,20,9.715363,14.252038,False,False,0.525446,1.0,1.0,0.355277,三鑫医疗
cup_v1_legacy_mcst,杯柄 V1 旧版复原+MCST,300456.SZ,2023-05-04,0.613316,legacy_confirmed_cup,19.96,21.26,14.47,20.75,2023-04-27,32.489451,20.538166,52,17,3.955696,5.907173,1.705964,1.429039,-0.421941,62.051282,27.407762,79.0,18.117647,21.909388,20,18.849353,10.083356,False,False,0.501446,0.926789,0.661777,0.368787,赛微电子
cup_v1_legacy_mcst,杯柄 V1 旧版复原+MCST,300493.SZ,2023-03-24,0.725964,legacy_confirmed_cup,8.1,8.19,7.22,8.17,2023-03-22,26.131953,6.597671,127,5,1.423027,5.30401,1.882726,1.210291,0.388098,39.816514,26.283619,83.0,29.411765,20.521173,20,7.705979,6.021575,False,False,0.626873,0.979818,0.653658,0.654364,润欣科技
cup_v1_legacy_mcst,杯柄 V1 旧版复原+MCST,300493.SZ,2023-04-03,0.740805,legacy_confirmed_cup,8.19,8.35,7.74,8.32,2023-03-30,27.629911,1.901141,139,7,3.422053,5.323194,1.65314,1.047887,1.39417,39.816514,28.639053,85.0,37.355372,21.319772,20,7.875011,5.650647,False,False,0.639322,0.910942,0.698215,0.748318,润欣科技
cup_v1_legacy_mcst,杯柄 V1 旧版复原+MCST,300510.SZ,2023-01-20,0.759793,legacy_confirmed_cup,6.07,6.35,4.88,6.3,2023-01-18,29.493892,14.834206,94,5,3.315881,10.645724,2.211042,1.350693,5.235602,54.748603,32.182104,89.0,22.868217,25.700124,20,5.839293,7.889771,False,False,0.685775,1.0,0.925347,0.42351,金冠股份
cup_v1_legacy_mcst,杯柄 V1 旧版复原+MCST,300510.SZ,2025-08-08,0.803069,legacy_confirmed_cup,5.51,5.8,4.91,5.76,2025-08-06,34.251969,1.996008,153,5,1.377953,8.070866,2.040162,1.778016,1.574803,64.401294,26.268116,77.0,28.571429,25.939095,20,5.082042,13.340269,False,False,0.823657,1.0,0.94685,0.377094,金冠股份
cup_v1_legacy_mcst,杯柄 V1 旧版复原+MCST,300512.SZ,2023-07-18,0.696184,legacy_confirmed_cup,9.1,9.13,8.54,9.11,2023-07-14,18.390805,1.83908,92,17,3.678161,3.908046,1.833526,1.670622,-1.83908,27.355623,23.076923,85.0,26.966292,10.990608,20,8.892006,2.451571,False,False,0.651416,0.814914,0.520115,0.802187,中亚股份
cup_v1_legacy_mcst,杯柄 V1 旧版复原+MCST,300519.SZ,2025-07-21,0.634238,legacy_confirmed_cup,16.1,16.18,13.71,16.11,2025-07-17,28.881789,10.858257,134,5,1.72524,3.769968,2.615865,1.3984,0.191693,54.035433,21.026895,73.0,27.073552,15.480338,20,15.376545,4.769963,False,False,0.569864,0.830871,0.723162,0.412175,新光药业
cup_v1_legacy_mcst,杯柄 V1 旧版复原+MCST,300531.SZ,2023-03-24,0.65023,legacy_confirmed_cup,16.4,16.54,14.4,16.44,2023-03-22,25.930599,9.148265,115,5,1.514196,3.659306,1.761516,1.284033,-0.315457,41.011743,25.0,81.0,27.265686,18.504093,20,15.52069,5.923128,False,False,0.620179,0.759109,0.602584,0.614365,优博讯
cup_v1_legacy_mcst,杯柄 V1 旧版复原+MCST,300535.SZ,2025-07-09,0.592005,legacy_confirmed_cup,17.26,17.38,14.76,17.17,2025-07-07,29.365559,10.81571,157,6,1.691843,3.26284,1.280024,1.255725,-0.845921,62.537463,32.466782,81.0,37.158909,16.027632,20,16.279072,5.47284,False,False,0.550004,0.560148,0.522122,0.775209,达威股份
cup_v1_legacy_mcst,杯柄 V1 旧版复原+MCST,300535.SZ,2025-08-13,0.818129,legacy_confirmed_cup,21.72,23.18,16.59,22.68,2025-08-11,31.916133,3.377985,138,16,6.173559,23.063483,1.764953,1.791499,11.240536,55.501931,31.855956,88.0,48.280702,35.073514,20,18.958869,19.627387,False,False,0.779161,0.944486,1.0,0.546503,达威股份
cup_v1_legacy_mcst,杯柄 V1 旧版复原+MCST,300536.SZ,2023-11-20,0.617349,legacy_confirmed_cup,19.4,20.18,15.2,20.04,2023-11-16,31.801909,9.307876,90,9,7.100239,16.348449,1.568728,1.276184,12.887828,28.571429,31.542289,94.0,34.390076,29.567389,20,17.613164,13.778534,False,False,0.414467,0.885618,0.888092,0.366315,农尚环境
cup_v1_legacy_mcst,杯柄 V1 旧版复原+MCST,300539.SZ,2023-02-06,0.725742,legacy_confirmed_cup,12.46,12.74,9.87,12.48,2023-02-02,28.684907,12.886143,80,7,2.030009,5.119153,1.215145,1.388055,4.148279,78.456592,28.248588,85.0,24.321503,20.78495,20,11.359051,9.868336,False,False,0.616517,0.779543,0.944027,0.63135,横河精密
cup_v1_legacy_mcst,杯柄 V1 旧版复原+MCST,300541.SZ,2023-03-24,0.665681,legacy_confirmed_cup,14.66,15.18,12.85,15.15,2023-03-22,30.395559,10.825815,113,5,5.621096,3.955586,2.215633,1.627233,-0.832755,23.076923,28.756477,84.0,30.26087,20.162034,20,14.158249,7.004758,False,False,0.517539,0.856393,0.645906,0.706316,先进数通
cup_v1_legacy_mcst,杯柄 V1 旧版复原+MCST,300556.SZ,2023-03-22,0.725865,legacy_confirmed_cup,26.28,27.1,19.83,26.64,2023-03-20,29.377519,11.195701,112,5,1.791312,9.225258,4.373856,2.713164,1.209136,29.686576,34.976708,91.0,39.132915,28.152585,20,22.797362,16.855625,False,False,0.549138,1.0,0.901142,0.517191,丝路视觉
cup_v1_legacy_mcst,杯柄 V1 旧版复原+MCST,300583.SZ,2023-08-03,0.726565,legacy_confirmed_cup,29.79,34.62,26.9,34.27,2023-08-01,22.283737,0.444115,150,5,6.50519,5.190311,3.80719,3.18465,2.00692,39.210019,26.348419,90.0,23.577236,19.132761,20,29.532137,16.043075,False,False,0.508587,1.0,1.0,0.492798,赛托生物
cup_v1_legacy_mcst,杯柄 V1 旧版复原+MCST,300596.SZ,2022-09-07,0.659328,legacy_confirmed_cup,56.96,58.5,43.84,57.29,2022-09-05,20.334831,10.494079,55,10,2.613312,15.536954,1.650238,1.031613,10.004083,32.463205,24.309392,89.0,24.565265,22.277442,20,52.045368,10.077039,False,False,0.534115,0.910071,0.765806,0.458544,利安隆
cup_v1_legacy_mcst,杯柄 V1 旧版复原+MCST,300599.SZ,2023-07-21,0.736397,legacy_confirmed_cup,8.6,8.64,8.26,8.58,2023-07-19,16.248507,1.314217,100,5,2.986858,3.703704,1.707104,1.394978,1.553166,15.014164,21.235955,78.0,16.981132,10.37289,20,8.338384,2.897641,False,False,0.785282,0.74889,0.891635,0.479996,雄塑科技
cup_v1_legacy_mcst,杯柄 V1 旧版复原+MCST,300602.SZ,2026-01-23,0.619026,legacy_confirmed_cup,34.0,35.55,31.07,34.75,2026-01-21,16.42925,1.646091,90,19,5.824628,7.154163,1.280335,1.144432,-1.234568,90.827453,24.67903,83.0,47.558849,10.456974,20,33.208928,4.640534,False,False,0.496714,0.7991,0.417895,0.809112,飞荣达
cup_v1_legacy_mcst,杯柄 V1 旧版复原+MCST,300611.SZ,2023-07-11,0.618273,legacy_confirmed_cup,9.79,10.04,9.4,10.03,2023-07-07,21.780105,1.570681,157,6,1.361257,3.350785,1.456653,1.115391,1.256545,21.079692,25.966303,78.0,18.487395,11.345091,20,9.479364,5.808788,False,False,0.614687,0.625229,0.714763,0.519363,美力科技
cup_v1_legacy_mcst,杯柄 V1 旧版复原+MCST,300614.SZ,2025-07-17,0.648944,legacy_confirmed_cup,14.98,15.43,12.14,15.43,2025-07-15,35.047468,3.955696,120,20,1.186709,14.240506,1.898854,1.843086,10.522152,61.787565,28.852682,92.0,67.517401,26.269766,20,13.712596,12.524281,False,False,0.441439,0.984656,1.0,0.241379,百川畅银
cup_v1_legacy_mcst,杯柄 V1 旧版复原+MCST,300617.SZ,2023-07-10,0.735464,legacy_confirmed_cup,44.21,45.3,36.35,44.71,2023-07-06,25.697359,8.874405,122,5,1.530486,7.282153,1.691738,1.872661,2.937546,21.251122,33.111111,80.0,20.856507,16.075184,20,40.81132,9.552939,False,False,0.541517,0.922521,1.0,0.576513,安靠智电
cup_v1_legacy_mcst,杯柄 V1 旧版复原+MCST,300626.SZ,2025-08-08,0.58849,legacy_confirmed_cup,11.76,11.96,11.0,11.93,2025-08-06,38.75969,3.593339,158,5,1.722653,3.014643,1.374078,1.360023,0.430663,81.40625,18.416667,72.0,23.298969,16.548375,20,11.314464,5.440257,False,False,0.687179,0.554237,0.733844,0.313246,华瑞股份
cup_v1_legacy_mcst,杯柄 V1 旧版复原+MCST,300652.SZ,2023-11-17,0.690696,legacy_confirmed_cup,26.64,28.46,19.81,28.13,2023-11-15,24.353531,16.974015,95,15,7.912003,4.36125,1.59044,1.29149,0.347356,27.259332,27.70073,93.0,30.313253,19.693683,20,25.256341,11.377972,False,False,0.752141,0.804304,0.689164,0.442687,雷迪克
cup_v1_legacy_mcst,杯柄 V1 旧版复原+MCST,300695.SZ,2023-11-27,0.694096,legacy_confirmed_cup,54.88,54.88,50.19,54.55,2023-11-23,16.725559,1.47232,160,20,6.360424,8.205732,1.473201,1.236856,3.808402,12.446959,19.86044,88.0,21.973888,14.759616,20,52.730017,3.451512,False,False,0.500454,0.85696,0.868428,0.655059,兆丰股份
cup_v1_legacy_mcst,杯柄 V1 旧版复原+MCST,300702.SZ,2025-04-30,0.700802,legacy_confirmed_cup,21.59,22.48,16.4,22.26,2025-04-28,24.033284,19.725893,116,5,6.020558,6.461087,1.5239,1.358499,0.293686,41.697417,26.092835,89.0,30.473905,22.090412,20,19.749893,12.70947,False,False,0.671733,0.87217,0.71596,0.522306,天宇股份
cup_v1_legacy_mcst,杯柄 V1 旧版复原+MCST,300717.SZ,2023-07-17,0.638923,legacy_confirmed_cup,17.2,17.24,14.95,16.92,2023-07-13,17.481663,8.618582,85,11,1.589242,5.07335,1.647496,1.055898,1.95599,31.32137,21.829763,73.0,15.369128,9.453264,20,16.582248,2.03683,False,False,0.581221,0.909249,0.772448,0.268471,华信新材
cup_v1_legacy_mcst,杯柄 V1 旧版复原+MCST,300736.SZ,2022-11-21,0.68583,legacy_confirmed_cup,13.19,13.48,11.1,13.3,2022-11-17,35.008237,8.566722,135,10,1.317957,3.54201,1.524528,2.326512,1.235585,17.221135,17.96875,87.0,38.283828,16.377215,20,12.246704,8.600651,False,False,0.498654,0.671885,0.904448,0.812201,百邦科技
cup_v1_legacy_mcst,杯柄 V1 旧版复原+MCST,300745.SZ,2025-03-11,0.731059,legacy_confirmed_cup,19.84,21.2,17.65,21.2,2025-03-07,25.982997,6.216791,96,5,6.323061,7.06695,1.830792,1.430425,4.835282,43.333333,33.413002,72.0,55.959752,19.350237,20,19.057426,11.242726,False,False,0.705241,0.964238,0.965212,0.250612,欣锐科技
cup_v1_legacy_mcst,杯柄 V1 旧版复原+MCST,300766.SZ,2023-02-20,0.790974,legacy_confirmed_cup,13.79,14.79,10.32,14.64,2023-02-16,26.846704,18.030183,85,9,2.223987,9.849087,2.040131,1.524894,4.527403,23.843058,29.436326,82.0,15.346122,24.970821,20,12.921853,13.296445,False,False,0.73578,1.0,1.0,0.417254,每日互动
cup_v1_legacy_mcst,杯柄 V1 旧版复原+MCST,300770.SZ,2023-02-07,0.761326,legacy_confirmed_cup,40.11,41.48,37.12,41.3,2023-02-03,22.577293,3.559366,140,5,0.883346,3.637308,2.024157,1.644455,0.311769,23.502752,19.182156,81.0,21.987768,15.951437,20,38.474668,7.343357,False,False,0.786554,0.81263,0.788971,0.625402,新媒股份
cup_v1_legacy_mcst,杯柄 V1 旧版复原+MCST,300777.SZ,2023-02-01,0.643881,legacy_confirmed_cup,57.7,58.5,46.09,57.44,2023-01-30,24.981923,16.684743,77,5,7.447578,3.850325,2.286559,1.189683,0.976139,31.282051,20.520779,86.0,17.797827,15.643588,20,52.630294,9.138665,False,False,0.451418,0.84192,0.716859,0.660164,中简科技
cup_v1_legacy_mcst,杯柄 V1 旧版复原+MCST,300781.SZ,2023-02-15,0.730936,legacy_confirmed_cup,23.45,28.14,17.0,28.14,2023-02-13,31.544256,19.962335,125,6,4.33145,10.357815,2.107584,2.337253,7.627119,46.820809,33.5678,79.0,15.638875,27.895821,20,23.070796,21.972383,False,False,0.621684,1.0,1.0,0.316734,因赛集团
cup_v1_legacy_mcst,杯柄 V1 旧版复原+MCST,300789.SZ,2023-03-22,0.601092,legacy_confirmed_cup,25.46,25.85,24.04,25.75,2023-03-20,31.363997,4.678826,127,5,6.542427,3.013481,1.539898,1.482177,-1.070579,43.021845,33.601841,82.0,24.009547,24.267077,20,24.794898,3.852009,False,False,0.651158,0.603823,0.607266,0.503889,唐源电气
cup_v1_legacy_mcst,杯柄 V1 旧版复原+MCST,300815.SZ,2023-05-08,0.666841,legacy_confirmed_cup,19.58,21.8,16.8,21.5,2023-05-04,20.90274,5.829596,143,5,4.13756,5.695862,2.505148,2.207927,0.161204,11.570743,18.835443,80.0,22.022333,18.354944,20,18.67903,15.102338,False,False,0.44736,1.0,0.77015,0.531177,玉禾田
cup_v1_legacy_mcst,杯柄 V1 旧版复原+MCST,300832.SZ,2023-11-01,0.740442,legacy_confirmed_cup,67.8,68.19,59.2,67.93,2023-10-30,23.292308,8.923077,152,19,3.230769,5.8,3.131154,1.46863,-0.384615,88.210652,23.568633,94.0,30.049168,15.312546,20,63.917238,6.278059,False,False,0.714788,1.0,0.686238,0.515092,新产业
cup_v1_legacy_mcst,杯柄 V1 旧版复原+MCST,300835.SZ,2026-01-30,0.747853,legacy_confirmed_cup,73.58,82.39,69.0,80.41,2026-01-28,25.275512,1.24517,102,8,5.181051,8.716187,1.374622,1.662544,1.202233,119.807565,32.177189,75.0,34.60925,20.831472,20,70.909771,13.39763,False,False,0.789733,0.827387,0.900279,0.422719,龙磁科技
cup_v1_legacy_mcst,杯柄 V1 旧版复原+MCST,300836.SZ,2026-01-16,0.613466,legacy_confirmed_cup,59.3,64.54,54.1,64.3,2026-01-14,37.055662,6.190394,148,5,3.242587,7.976418,3.060621,1.959407,-0.294781,54.699196,23.237514,81.0,46.139404,25.923479,20,57.354581,12.109614,False,False,0.306436,1.0,0.713152,0.567916,佰奥智能
cup_v1_legacy_mcst,杯柄 V1 旧版复原+MCST,300852.SZ,2026-01-26,0.754536,legacy_confirmed_cup,44.9,46.59,37.9,45.99,2026-01-22,15.926111,5.391912,93,5,7.91313,12.156765,2.727367,1.784026,8.212681,68.755718,27.988027,77.0,36.939957,17.847635,20,41.055835,12.018183,False,False,0.533194,1.0,1.0,0.589588,四会富仕
cup_v1_legacy_mcst,杯柄 V1 旧版复原+MCST,300868.SZ,2023-07-19,0.680767,legacy_confirmed_cup,19.59,22.85,18.01,22.84,2023-07-17,18.956044,1.043956,151,10,4.450549,3.461538,1.696581,5.934277,1.098901,15.241882,22.163588,81.0,21.093248,9.74899,20,19.46884,17.315668,False,False,0.581119,0.712436,0.887363,0.608968,杰美特
cup_v1_legacy_mcst,杯柄 V1 旧版复原+MCST,300889.SZ,2025-03-17,0.688515,legacy_confirmed_cup,17.39,17.55,15.26,17.36,2025-03-13,25.357607,0.780234,101,5,5.331599,11.508453,1.430421,1.195399,9.102731,62.5,34.512265,72.0,55.909091,24.851367,20,16.033041,8.276401,False,False,0.788482,0.844126,0.8477,0.159875,爱克股份
cup_v1_legacy_mcst,杯柄 V1 旧版复原+MCST,300910.SZ,2025-03-31,0.644353,legacy_confirmed_cup,55.88,57.94,49.06,57.21,2025-03-27,20.690964,6.871678,92,11,7.080486,7.953683,2.664275,2.216064,2.239939,39.857143,26.194963,70.0,47.141009,21.082009,20,54.148485,5.653925,False,False,0.425844,1.0,1.0,0.22654,瑞丰新材
cup_v1_legacy_mcst,杯柄 V1 旧版复原+MCST,300920.SZ,2023-11-15,0.690266,legacy_confirmed_cup,21.2,21.83,19.62,21.79,2023-11-13,23.985979,1.752629,149,13,7.611417,10.766149,1.308553,1.501029,6.109164,21.782178,25.045208,94.0,34.878049,21.777668,20,20.480097,6.39598,False,False,0.594356,0.807566,1.0,0.401753,润阳科技
cup_v1_legacy_mcst,杯柄 V1 旧版复原+MCST,300923.SZ,2023-07-11,0.709638,legacy_confirmed_cup,25.0,27.66,22.41,27.0,2023-07-07,17.957746,1.364437,100,5,1.672535,4.797535,3.125096,6.031982,0.396127,20.952897,22.236128,75.0,15.97662,8.308915,20,24.268016,11.257552,False,False,0.696325,0.972161,0.799516,0.314903,研奥股份
cup_v1_legacy_mcst,杯柄 V1 旧版复原+MCST,300929.SZ,2025-07-28,0.751533,legacy_confirmed_cup,11.23,11.47,10.41,11.29,2025-07-24,34.351145,0.573066,130,19,0.09542,4.580153,1.221682,1.428776,2.767176,60.0,24.729242,78.0,34.313725,16.046376,20,10.80764,4.46314,False,False,0.71184,0.723776,0.964388,0.64284,华骐环保
cup_v1_legacy_mcst,杯柄 V1 旧版复原+MCST,300932.SZ,2025-03-14,0.687221,legacy_confirmed_cup,16.9,17.82,14.58,17.8,2025-03-12,21.584158,3.762376,93,5,2.970297,10.09901,4.368508,2.872272,-0.19802,76.682692,30.930233,77.0,63.209393,19.298371,20,15.712723,13.28399,False,False,0.633732,1.0,0.725248,0.351826,三友联众
cup_v1_legacy_mcst,杯柄 V1 旧版复原+MCST,300933.SZ,2023-11-01,0.697685,legacy_confirmed_cup,9.54,9.79,7.54,9.75,2023-10-30,17.288136,12.630359,114,5,2.485876,7.118644,4.377239,2.343175,0.0,21.232877,21.865285,92.0,23.598435,18.206945,20,8.935998,9.109249,False,False,0.594991,1.0,0.75,0.44719,中辰股份
cup_v1_legacy_mcst,杯柄 V1 旧版复原+MCST,300979.SZ,2024-04-16,0.735591,legacy_confirmed_cup,63.97,66.25,58.92,65.38,2024-04-12,25.834424,3.599476,159,7,7.264398,3.075916,1.896757,1.456414,-0.343586,44.040661,23.783867,94.0,26.607717,17.632963,20,60.643553,7.810306,False,False,0.954686,0.719465,0.685259,0.422667,华利集团
cup_v1_legacy_mcst,杯柄 V1 旧版复原+MCST,300990.SZ,2025-08-05,0.660199,legacy_confirmed_cup,58.01,62.5,50.4,62.1,2025-08-01,41.094401,3.503733,99,11,5.36329,3.315818,1.539421,1.605254,1.757565,134.252971,27.596538,84.0,35.923719,21.456541,20,54.077093,14.836055,False,False,0.453802,0.645251,0.969696,0.730582,同飞股份
cup_v1_legacy_mcst,杯柄 V1 旧版复原+MCST,300995.SZ,2023-07-31,0.750653,legacy_confirmed_cup,21.36,26.09,20.2,26.09,2023-07-27,20.186916,5.030559,140,5,0.607477,8.130841,4.768443,3.127352,-0.46729,27.684964,30.577223,86.0,16.750757,15.65422,20,22.257911,17.216749,False,False,0.664141,1.0,0.691589,0.649428,奇德新材
cup_v1_legacy_mcst,杯柄 V1 旧版复原+MCST,301003.SZ,2025-08-20,0.645686,legacy_confirmed_cup,38.88,39.14,27.43,38.73,2025-08-18,39.173789,21.851852,59,5,3.789174,8.717949,2.554506,1.867974,0.0,92.861222,29.594456,91.0,62.93766,28.370309,20,34.734515,11.502925,False,False,0.53254,1.0,0.75,0.296485,江苏博云
cup_v1_legacy_mcst,杯柄 V1 旧版复原+MCST,301006.SZ,2023-05-08,0.636647,legacy_confirmed_cup,24.21,27.49,19.8,27.09,2023-05-04,32.13309,9.753874,118,16,4.010939,14.083865,1.227657,1.224169,9.252507,33.460076,27.858546,92.0,47.235294,29.815796,20,23.954981,13.087128,False,False,0.527431,0.783297,0.862085,0.419026,迈拓股份
cup_v1_legacy_mcst,杯柄 V1 旧版复原+MCST,301015.SZ,2025-09-10,0.583312,legacy_confirmed_cup,30.67,31.43,24.24,31.29,2025-09-08,36.163175,4.189723,160,20,7.019478,6.909225,1.350221,1.181991,-0.955531,38.121827,34.685459,73.0,22.073017,36.356712,20,26.606852,17.601285,False,False,0.711853,0.820066,0.471554,0.174178,百洋医药
cup_v1_legacy_mcst,杯柄 V1 旧版复原+MCST,301020.SZ,2025-07-21,0.766245,legacy_confirmed_cup,23.02,24.24,21.48,23.84,2025-07-17,29.612756,2.14123,155,8,2.596811,5.421412,1.57017,1.829398,1.685649,42.723632,22.762478,73.0,27.282728,12.809263,20,22.259081,7.102354,False,False,0.737971,0.886051,0.960706,0.471507,密封科技
cup_v1_legacy_mcst,杯柄 V1 旧版复原+MCST,301035.SZ,2022-08-30,0.748187,legacy_confirmed_cup,100.7,105.0,68.12,102.91,2022-08-26,26.50091,17.38023,66,7,7.883566,14.34809,3.598928,2.267131,10.369921,72.33946,31.675025,94.0,34.301994,27.585721,20,87.783343,17.231809,False,False,0.643143,1.0,1.0,0.365434,润丰股份
cup_v1_legacy_mcst,杯柄 V1 旧版复原+MCST,301037.SZ,2025-08-07,0.780684,legacy_confirmed_cup,14.53,14.62,12.85,14.54,2025-08-05,25.299401,3.6009,110,19,0.224551,9.356287,1.245229,1.018175,6.287425,67.0,22.108145,77.0,28.722467,16.259947,20,13.902855,4.582835,False,False,0.920866,0.788569,0.759088,0.547105,保立佳
cup_v1_legacy_mcst,杯柄 V1 旧版复原+MCST,301048.SZ,2023-04-25,0.777816,legacy_confirmed_cup,12.9,14.37,9.5,14.37,2023-04-21,28.179323,9.867173,155,5,3.568161,19.030192,6.951498,4.61789,1.646844,21.175166,31.360492,89.0,38.847385,35.875856,20,11.996508,19.784859,False,False,0.628527,1.0,0.955855,0.583301,金鹰重工
cup_v1_legacy_mcst,杯柄 V1 旧版复原+MCST,301053.SZ,2026-01-16,0.62013,legacy_confirmed_cup,38.08,38.08,34.83,37.73,2026-01-14,26.760563,1.887324,98,5,5.690141,4.788732,2.002417,1.484826,-1.239437,73.922078,30.961232,70.0,26.832595,7.667187,20,35.457009,6.410555,False,False,0.60827,0.970951,0.587483,0.235006,远信工业
cup_v1_legacy_mcst,杯柄 V1 旧版复原+MCST,301068.SZ,2023-02-28,0.719678,legacy_confirmed_cup,33.75,34.66,29.5,34.2,2023-02-24,31.688312,2.090939,106,20,2.175325,6.818182,1.283337,1.594136,3.214286,42.526608,30.014993,82.0,18.987342,22.180684,20,31.767129,7.658455,False,False,0.642423,0.800001,1.0,0.474149,大地海洋
cup_v1_legacy_mcst,杯柄 V1 旧版复原+MCST,301072.SZ,2023-07-10,0.709836,legacy_confirmed_cup,30.34,33.39,24.95,33.39,2023-07-06,23.655914,4.185868,149,5,7.142857,10.138249,2.371862,2.698004,-0.960061,14.056604,31.660364,89.0,36.636494,24.311907,20,26.87583,24.238022,False,False,0.63314,1.0,0.629992,0.561193,中捷精工
cup_v1_legacy_mcst,杯柄 V1 旧版复原+MCST,301081.SZ,2025-05-12,0.576598,legacy_confirmed_cup,9.99,10.07,9.21,10.01,2025-05-08,21.25903,4.95356,95,5,2.47678,3.818369,1.350513,1.307437,1.135191,49.053628,26.065891,78.0,16.976744,9.302283,20,9.548888,4.828957,False,False,0.464049,0.65768,0.795617,0.453187,严牌股份
cup_v1_legacy_mcst,杯柄 V1 旧版复原+MCST,301083.SZ,2025-11-12,0.614229,legacy_confirmed_cup,20.26,20.93,17.71,20.63,2025-11-10,39.455041,3.487738,145,11,0.381471,7.629428,1.637405,1.889678,2.506812,65.130985,22.24459,73.0,33.265857,19.374418,20,18.778451,9.859966,False,False,0.320925,0.906222,1.0,0.376746,百胜智能
cup_v1_legacy_mcst,杯柄 V1 旧版复原+MCST,301095.SZ,2026-01-09,0.710656,legacy_confirmed_cup,75.86,79.89,70.21,79.34,2026-01-07,12.999864,1.968724,96,5,2.914464,6.181375,2.259048,1.594002,1.070896,70.055325,27.167499,83.0,46.438587,4.69639,20,72.265795,9.789147,False,False,0.42464,1.0,0.883862,0.6763,广立微
cup_v1_legacy_mcst,杯柄 V1 旧版复原+MCST,301103.SZ,2023-05-04,0.582491,legacy_confirmed_cup,43.68,45.55,29.9,45.39,2023-04-27,38.599182,21.952493,112,5,2.070552,10.736196,6.396764,4.087835,0.383436,37.311337,30.978763,95.0,53.50815,33.616413,20,38.938671,16.567923,False,False,0.349528,1.0,0.797929,0.25285,何氏眼科
cup_v1_legacy_mcst,杯柄 V1 旧版复原+MCST,301106.SZ,2023-06-29,0.780022,legacy_confirmed_cup,34.53,35.94,28.33,35.67,2023-06-27,20.788004,16.70097,64,20,5.321964,4.087033,1.622164,1.609644,0.411644,21.785174,20.084626,84.0,29.955947,11.994601,20,34.462017,3.50526,False,False,0.726472,0.776116,0.801455,0.857183,骏成科技
cup_v1_legacy_mcst,杯柄 V1 旧版复原+MCST,301130.SZ,2025-08-12,0.756051,legacy_confirmed_cup,35.97,36.8,30.85,36.51,2025-08-08,28.184964,2.956905,145,10,7.360805,9.090909,1.448167,1.536372,4.875747,35.464581,23.296579,71.0,23.680456,21.72799,20,33.51374,8.940392,False,False,0.894488,0.84945,1.0,0.153088,西点药业
cup_v1_legacy_mcst,杯柄 V1 旧版复原+MCST,301155.SZ,2025-08-18,0.637971,legacy_confirmed_cup,78.97,82.0,63.42,80.3,2025-08-14,31.760361,13.254001,145,5,7.399809,3.282725,2.112019,1.910488,-0.834359,90.436006,22.296515,85.0,39.163288,18.010805,20,70.937678,13.197954,False,False,0.422964,0.763875,0.645705,0.849121,海力风电
cup_v1_legacy_mcst,杯柄 V1 旧版复原+MCST,301163.SZ,2025-08-05,0.707241,legacy_confirmed_cup,27.23,28.33,25.03,27.83,2025-08-01,34.264359,1.534225,159,19,2.63572,5.940205,1.228906,1.462353,4.248623,47.233789,21.033994,74.0,23.47547,15.030986,20,26.507243,4.99017,False,False,0.659159,0.783672,0.981177,0.421911,宏德股份
cup_v1_legacy_mcst,杯柄 V1 旧版复原+MCST,301167.SZ,2025-07-08,0.820717,legacy_confirmed_cup,16.37,16.83,15.65,16.71,2025-07-04,28.553137,-0.192061,130,5,3.713188,3.841229,1.798897,1.527381,1.856594,48.17734,31.735437,80.0,30.072173,17.029528,20,15.665315,6.668778,False,False,0.847157,0.795338,0.982074,0.644811,建研设计
cup_v1_legacy_mcst,杯柄 V1 旧版复原+MCST,301169.SZ,2026-01-12,0.72235,legacy_confirmed_cup,61.78,65.0,49.08,64.05,2026-01-08,22.124601,1.996805,97,5,4.752396,9.764377,1.379518,2.393081,9.444888,51.18859,30.06993,71.0,27.068886,21.239524,20,52.284694,22.502391,False,False,0.786569,0.828855,1.0,0.199184,零点有数
cup_v1_legacy_mcst,杯柄 V1 旧版复原+MCST,301188.SZ,2025-03-28,0.650847,legacy_confirmed_cup,17.91,18.1,16.55,17.82,2025-03-26,19.572748,4.445727,99,5,1.847575,4.503464,1.902964,1.064482,-1.501155,57.699443,23.671233,73.0,56.034483,13.549628,20,16.969337,5.012942,False,False,0.761862,0.917615,0.344596,0.429363,力诺药包
cup_v1_legacy_mcst,杯柄 V1 旧版复原+MCST,301200.SZ,2025-07-23,0.74797,legacy_confirmed_cup,48.49,51.32,43.08,50.62,2025-07-21,27.560137,1.305842,150,12,6.620848,16.334479,1.643126,1.113946,6.735395,52.316891,32.290047,76.0,31.520332,27.816221,20,45.749025,10.647166,False,False,0.814775,0.907938,0.806973,0.3721,大族数控
cup_v1_legacy_mcst,杯柄 V1 旧版复原+MCST,301219.SZ,2026-01-28,0.699502,legacy_confirmed_cup,75.63,80.93,70.16,79.19,2026-01-26,20.853593,5.240411,96,5,7.077256,4.943274,1.466673,1.329292,0.270124,73.16889,25.577851,76.0,34.919257,16.752273,20,72.955154,8.546136,False,False,0.673036,0.847202,0.698411,0.562282,腾远钴业
cup_v1_legacy_mcst,杯柄 V1 旧版复原+MCST,301232.SZ,2025-08-04,0.697897,legacy_confirmed_cup,32.42,33.28,29.5,32.98,2025-07-31,35.700514,5.205656,154,11,1.028278,5.077121,1.50169,1.110497,2.217224,44.533083,19.856887,78.0,28.740157,16.760694,20,31.736995,3.916581,False,False,0.590347,0.865507,0.805248,0.569246,飞沃科技
cup_v1_legacy_mcst,杯柄 V1 旧版复原+MCST,301237.SZ,2025-07-10,0.818693,legacy_confirmed_cup,29.83,30.19,27.64,29.93,2025-07-08,32.084226,0.144509,127,7,1.213419,4.853676,1.694493,1.432413,2.391149,55.149502,28.828829,80.0,38.650307,20.323538,20,27.946743,7.096559,False,False,0.771417,0.903228,0.966207,0.648242,和顺科技
cup_v1_legacy_mcst,杯柄 V1 旧版复原+MCST,301257.SZ,2025-07-21,0.755905,legacy_confirmed_cup,37.07,41.55,28.71,40.76,2025-07-17,26.302956,12.49619,153,8,1.097226,13.806766,1.436626,1.412102,9.204511,40.658864,33.762626,85.0,42.90088,23.740379,20,35.552578,14.6471,False,False,0.606995,0.845988,0.956051,0.70375,普蕊斯
cup_v1_legacy_mcst,杯柄 V1 旧版复原+MCST,301276.SZ,2025-08-04,0.633704,legacy_confirmed_cup,25.31,25.99,21.1,25.75,2025-07-31,24.806202,2.809765,145,5,6.503015,7.49354,2.33315,1.392807,-0.258398,38.626866,31.232769,74.0,24.675325,22.569741,20,22.290262,15.5213,False,False,0.576558,1.0,0.664104,0.245441,嘉曼服饰
cup_v1_legacy_mcst,杯柄 V1 旧版复原+MCST,301312.SZ,2026-01-23,0.797408,legacy_confirmed_cup,59.39,63.0,52.88,62.01,2026-01-21,20.532249,2.273147,98,5,7.909813,6.449824,1.86033,1.833028,0.924044,63.860572,26.344639,78.0,36.947218,14.555435,20,54.396845,13.995582,False,False,0.68498,0.973099,0.865505,0.706448,智立方
cup_v1_legacy_mcst,杯柄 V1 旧版复原+MCST,301387.SZ,2023-11-06,0.56814,legacy_confirmed_cup,64.33,65.48,49.88,64.32,2023-11-02,21.313575,7.544022,95,5,1.298939,8.836443,1.299719,1.299727,4.738383,40.189792,34.615385,97.0,47.179614,23.517412,20,54.896359,17.166241,False,False,0.392871,0.804916,0.899864,0.247169,光大同创
cup_v1_legacy_mcst,杯柄 V1 旧版复原+MCST,301515.SZ,2025-08-11,0.779623,legacy_confirmed_cup,23.06,23.99,21.7,23.98,2025-08-07,27.790433,1.138952,157,11,1.640091,5.785877,1.280083,1.93216,2.915718,40.468445,21.997472,73.0,25.71738,17.889963,20,22.496598,6.593892,False,False,0.891976,0.799025,1.0,0.338373,港通医疗
cup_v1_legacy_mcst,杯柄 V1 旧版复原+MCST,301567.SZ,2025-12-01,0.609999,legacy_confirmed_cup,46.44,55.63,42.9,55.63,2025-11-27,17.819843,2.344639,103,7,4.416884,4.13403,2.692359,2.56677,-1.871192,50.589777,21.082323,76.0,27.66071,12.512048,20,46.180965,20.460888,False,False,0.492244,0.880929,0.516101,0.571305,贝隆精密
cup_v1_legacy_mcst,杯柄 V1 旧版复原+MCST,301568.SZ,2026-01-09,0.723419,legacy_confirmed_cup,51.58,52.35,48.25,52.26,2026-01-07,16.152898,0.842581,97,8,6.740649,5.507604,1.66739,1.235263,1.849568,67.639453,22.137405,79.0,38.569501,11.651172,20,48.59208,7.54839,False,False,0.49253,0.915217,0.848827,0.762319,思泰克
cup_v1_legacy_mcst,杯柄 V1 旧版复原+MCST,600000.SH,2025-05-14,0.685832,legacy_confirmed_cup,11.99,12.19,10.8,12.15,2025-05-12,16.240876,1.459854,139,5,4.19708,6.843066,1.635479,1.194878,6.29562,47.47191,21.035058,80.0,16.40159,14.667145,20,11.08577,9.599969,False,False,0.504288,0.905644,0.847439,0.567165,浦发银行
cup_v1_legacy_mcst,杯柄 V1 旧版复原+MCST,600006.SH,2024-03-15,0.72845,legacy_confirmed_cup,6.8,7.56,6.45,7.56,2024-03-13,26.259542,1.526718,144,6,2.137405,5.343511,1.703948,1.63613,1.679389,21.863118,33.653846,93.0,23.877917,14.687794,20,6.585099,14.80465,False,False,0.583495,0.926184,0.959924,0.503481,东风股份
cup_v1_legacy_mcst,杯柄 V1 旧版复原+MCST,600011.SH,2023-04-28,0.657325,legacy_confirmed_cup,9.61,9.78,8.68,9.7,2023-04-26,30.12959,4.405286,145,8,1.943844,3.239741,2.63416,1.465697,0.431965,58.561644,25.888325,91.0,42.686567,21.689137,20,8.935798,8.552138,False,False,0.583176,0.757964,0.786844,0.531768,华能国际
cup_v1_legacy_mcst,杯柄 V1 旧版复原+MCST,600012.SH,2023-03-01,0.867552,legacy_confirmed_cup,8.38,8.59,7.66,8.59,2023-02-27,20.901126,4.130163,128,11,2.878598,5.131414,1.96258,1.317893,2.753442,12.301013,18.705882,86.0,22.986823,16.445636,20,8.068386,6.464911,False,False,0.849605,1.0,0.908947,0.692003,皖通高速
cup_v1_legacy_mcst,杯柄 V1 旧版复原+MCST,600012.SH,2024-02-05,0.607333,legacy_confirmed_cup,12.65,13.15,10.86,13.01,2024-02-01,22.363946,7.653061,159,5,3.061224,3.146259,1.267145,1.50154,2.12585,70.658683,22.936508,97.0,20.816733,11.114504,20,11.880976,9.502788,False,False,0.589345,0.540254,1.0,0.329995,皖通高速
cup_v1_legacy_mcst,杯柄 V1 旧版复原+MCST,600016.SH,2025-06-12,0.74344,legacy_confirmed_cup,4.73,4.81,4.42,4.8,2025-06-10,17.1875,1.339286,100,5,6.473214,5.357143,1.792213,1.154551,2.455357,28.923077,22.222222,81.0,16.256158,15.026096,20,4.401285,9.059061,False,False,0.633071,0.952664,0.827275,0.59122,民生银行
cup_v1_legacy_mcst,杯柄 V1 旧版复原+MCST,600016.SH,2025-07-08,0.675859,legacy_confirmed_cup,5.27,5.33,4.42,5.27,2025-07-04,17.555556,1.777778,101,20,6.888889,13.111111,1.242741,1.205845,10.0,28.923077,25.490196,77.0,26.932668,20.78785,20,4.86038,8.427745,False,False,0.643191,0.787822,0.852922,0.41601,民生银行
cup_v1_legacy_mcst,杯柄 V1 旧版复原+MCST,600019.SH,2024-04-19,0.6797,legacy_confirmed_cup,7.25,7.43,6.43,7.36,2024-04-17,19.09621,6.268222,122,5,3.35277,5.102041,1.856092,1.382442,0.874636,21.428571,23.236515,92.0,23.458904,14.702373,20,6.813839,8.015471,False,False,0.485576,0.971828,0.800551,0.533409,宝钢股份
cup_v1_legacy_mcst,杯柄 V1 旧版复原+MCST,600023.SH,2023-04-20,0.639508,legacy_confirmed_cup,4.22,4.37,3.56,4.34,2023-04-18,21.772152,9.873418,116,5,3.291139,5.56962,1.593085,1.173733,4.810127,20.504732,20.229885,78.0,24.477612,16.005193,20,3.939353,10.170387,False,False,0.399432,0.892926,0.836866,0.545508,浙能电力
cup_v1_legacy_mcst,杯柄 V1 旧版复原+MCST,600025.SH,2023-12-05,0.659551,legacy_confirmed_cup,8.31,8.46,7.96,8.34,2023-12-01,14.938272,1.728395,116,8,6.049383,3.209877,1.76296,1.103956,1.975309,23.739837,14.827995,82.0,15.310345,13.060824,20,8.103277,2.921319,False,False,0.549318,0.697746,0.798892,0.665376,华能水电
cup_v1_legacy_mcst,杯柄 V1 旧版复原+MCST,600028.SH,2023-03-13,0.752272,legacy_confirmed_cup,5.21,5.56,4.3,5.53,2023-03-09,12.903226,7.526882,48,13,3.870968,14.193548,1.51444,1.727817,11.397849,11.19403,21.100917,83.0,20.408163,19.675456,20,5.017115,10.222716,False,False,0.622414,0.869332,1.0,0.585471,中国石化
cup_v1_legacy_mcst,杯柄 V1 旧版复原+MCST,600033.SH,2023-05-08,0.704456,legacy_confirmed_cup,3.39,3.46,2.86,3.43,2023-05-04,11.881188,5.610561,123,5,2.310231,10.891089,4.815027,2.090547,3.30033,12.121212,16.176471,81.0,23.076923,15.269161,20,3.143893,9.100405,False,False,0.353673,1.0,1.0,0.653351,福建高速
cup_v1_legacy_mcst,杯柄 V1 旧版复原+MCST,600035.SH,2023-05-05,0.755452,legacy_confirmed_cup,4.3,4.48,3.4,4.4,2023-04-28,17.808219,6.849315,122,5,0.547945,10.684932,3.277198,4.457985,4.657534,23.050847,18.069307,86.0,29.903537,18.593899,20,3.904535,12.689478,False,False,0.468456,1.0,1.0,0.707464,楚天高速
cup_v1_legacy_mcst,杯柄 V1 旧版复原+MCST,600039.SH,2023-03-03,0.756045,legacy_confirmed_cup,13.19,13.36,12.06,13.21,2023-03-01,20.771757,0.985222,154,20,7.142857,8.292282,1.755969,1.179396,4.022989,30.600462,22.205438,84.0,27.193828,17.17414,20,12.696736,4.042485,False,False,0.578825,0.941791,0.839698,0.750343,四川路桥
cup_v1_legacy_mcst,杯柄 V1 旧版复原+MCST,600066.SH,2023-03-03,0.799591,legacy_confirmed_cup,10.03,10.78,9.4,10.66,2023-03-01,27.320675,0.0,158,7,0.843882,5.379747,1.231427,1.075503,3.902954,37.391304,28.487805,88.0,28.737113,27.903379,20,9.460182,12.682825,False,False,0.978849,0.784428,0.787751,0.516681,宇通客车
cup_v1_legacy_mcst,杯柄 V1 旧版复原+MCST,600066.SH,2024-01-18,0.702832,legacy_confirmed_cup,15.5,16.05,12.36,15.93,2024-01-16,19.720187,11.714286,78,7,6.728847,5.463025,1.392107,1.170275,2.06529,102.291105,23.229814,91.0,15.463166,18.507243,20,14.61663,8.985448,False,False,0.711668,0.832632,0.835138,0.392813,宇通客车
cup_v1_legacy_mcst,杯柄 V1 旧版复原+MCST,600082.SH,2025-11-10,0.731627,legacy_confirmed_cup,4.9,5.38,4.36,5.38,2025-11-06,21.854305,3.539823,93,5,0.220751,9.492274,2.071501,1.800216,5.960265,91.139241,27.862595,87.0,53.560372,22.506947,20,4.718797,14.012101,False,False,0.495782,1.0,1.0,0.540516,海泰发展
cup_v1_legacy_mcst,杯柄 V1 旧版复原+MCST,600085.SH,2023-04-04,0.651693,legacy_confirmed_cup,53.45,57.2,48.41,56.36,2023-03-31,20.918755,5.041193,90,14,3.227031,4.669704,1.202873,1.4137,0.987092,60.072926,25.607143,70.0,22.888344,15.032371,20,51.616792,9.189274,False,False,0.706913,0.730446,0.830236,0.278074,同仁堂
cup_v1_legacy_mcst,杯柄 V1 旧版复原+MCST,600095.SH,2025-07-08,0.759515,legacy_confirmed_cup,10.49,11.43,7.74,11.3,2025-07-04,28.950276,14.475138,112,9,2.651934,14.917127,1.713893,1.353068,6.187845,53.217391,30.207394,90.0,39.597315,33.477363,20,9.77831,15.561897,False,False,0.659008,0.929168,0.926534,0.556318,湘财股份
cup_v1_legacy_mcst,杯柄 V1 旧版复原+MCST,600096.SH,2024-04-17,0.742051,legacy_confirmed_cup,20.58,21.1,18.25,21.05,2024-04-15,28.185525,6.982671,159,7,3.414883,6.778797,2.827583,1.864597,1.783894,16.543665,31.666667,94.0,25.674865,24.183103,20,19.671728,7.006357,False,False,0.690347,1.0,0.972987,0.279162,云天化
cup_v1_legacy_mcst,杯柄 V1 旧版复原+MCST,600097.SH,2025-11-19,0.567625,legacy_confirmed_cup,13.7,14.29,10.72,14.29,2025-11-17,29.596774,13.548387,123,5,5.403226,7.177419,3.896716,4.537548,-1.612903,68.051576,19.337848,72.0,32.502493,20.322308,20,12.569883,13.68443,False,False,0.41646,1.0,0.548387,0.310933,开创国际
cup_v1_legacy_mcst,杯柄 V1 旧版复原+MCST,600098.SH,2023-05-08,0.607078,legacy_confirmed_cup,6.33,6.42,5.78,6.4,2023-05-04,17.073171,5.555556,133,12,0.487805,4.065041,1.678015,1.609153,0.97561,21.301775,10.5919,76.0,17.431193,9.99556,20,6.210614,3.049393,False,False,0.440017,0.789848,0.871951,0.406097,广州发展
cup_v1_legacy_mcst,杯柄 V1 旧版复原+MCST,600098.SH,2024-04-10,0.690686,legacy_confirmed_cup,7.0,7.14,5.81,6.99,2024-04-08,23.161189,2.023609,143,20,7.198748,8.137715,1.846173,1.915798,5.946792,11.324042,31.039326,90.0,16.329966,22.979266,20,6.503699,7.477306,False,False,0.524687,0.968852,1.0,0.324163,广州发展
cup_v1_legacy_mcst,杯柄 V1 旧版复原+MCST,600099.SH,2023-12-05,0.703892,legacy_confirmed_cup,10.37,10.61,9.46,10.47,2023-12-01,19.254658,2.070393,160,15,0.724638,5.693582,1.347034,2.392948,3.519669,31.010929,19.223301,89.0,23.309179,10.304842,20,10.022914,4.46064,False,False,0.505732,0.81911,1.0,0.61054,林海股份
cup_v1_legacy_mcst,杯柄 V1 旧版复原+MCST,600099.SH,2023-12-15,0.739937,legacy_confirmed_cup,11.2,12.3,10.13,12.3,2023-12-13,18.511263,0.783546,98,8,6.856024,10.577865,2.495268,1.755329,5.582762,21.923077,31.182796,91.0,22.584148,20.198023,20,10.958105,12.24569,False,False,0.587391,1.0,1.0,0.421753,林海股份
cup_v1_legacy_mcst,杯柄 V1 旧版复原+MCST,600099.SH,2025-07-18,0.645953,legacy_confirmed_cup,11.23,11.42,9.85,11.42,2025-07-16,29.155313,10.535876,103,10,2.906449,3.269755,2.050517,1.122146,0.635786,73.257699,19.896641,78.0,29.942857,13.871757,20,10.942281,4.365811,False,False,0.561776,0.762091,0.640546,0.653497,林海股份
cup_v1_legacy_mcst,杯柄 V1 旧版复原+MCST,600100.SH,2023-02-08,0.729776,legacy_confirmed_cup,5.07,5.19,4.22,5.18,2023-02-06,19.547325,13.168724,64,5,3.703704,5.555556,3.555711,2.154841,0.823045,18.181818,18.058252,77.0,16.063348,14.534494,20,4.805505,7.793038,False,False,0.618484,1.0,0.852881,0.46365,同方股份
cup_v1_legacy_mcst,杯柄 V1 旧版复原+MCST,600111.SH,2026-01-28,0.638001,legacy_confirmed_cup,50.5,53.0,48.26,52.89,2026-01-26,9.657321,-0.228453,93,14,7.68432,7.41433,1.418441,1.441352,3.219107,109.669811,17.722716,73.0,30.63905,8.392451,20,50.237518,5.279884,False,False,0.442292,0.840532,0.970676,0.39465,北方稀土
cup_v1_legacy_mcst,杯柄 V1 旧版复原+MCST,600114.SH,2025-07-29,0.777123,legacy_confirmed_cup,23.44,25.0,18.19,24.66,2025-07-25,24.172185,13.954588,47,5,1.702933,10.12299,3.957895,2.208103,7.426679,56.711916,24.081803,77.0,49.710611,17.157619,20,21.92873,12.455215,False,False,0.625875,1.0,1.0,0.540333,东睦股份
cup_v1_legacy_mcst,杯柄 V1 旧版复原+MCST,600138.SH,2022-06-28,0.623593,legacy_confirmed_cup,11.81,12.62,10.5,12.6,2022-06-24,16.049383,7.407407,89,5,2.292769,5.555556,2.255717,2.264355,0.176367,24.354658,27.217125,92.0,19.104478,6.006598,20,11.37451,10.774,False,False,0.421902,1.0,0.772046,0.357589,中青旅
cup_v1_legacy_mcst,杯柄 V1 旧版复原+MCST,600143.SH,2025-07-28,0.826605,legacy_confirmed_cup,13.01,13.88,9.79,13.55,2025-07-24,21.352313,12.354521,53,14,0.622776,11.209964,2.303601,2.23826,10.498221,70.045386,27.31997,82.0,39.664804,15.017444,20,12.079806,12.170673,False,False,0.584583,1.0,1.0,0.860005,金发科技
cup_v1_legacy_mcst,杯柄 V1 旧版复原+MCST,600143.SH,2025-08-13,0.658797,legacy_confirmed_cup,14.61,15.57,12.25,15.22,2025-08-11,35.988414,4.147105,103,11,7.458364,8.39971,1.433954,1.772166,-0.796524,108.92587,34.602538,86.0,44.358727,33.7453,20,13.393321,13.638731,False,False,0.532789,0.845186,0.650434,0.654689,金发科技
cup_v1_legacy_mcst,杯柄 V1 旧版复原+MCST,600160.SH,2024-02-23,0.641176,legacy_confirmed_cup,19.55,20.3,14.35,20.06,2024-02-21,18.439716,15.189125,81,5,1.300236,14.007092,1.627698,1.224915,12.588652,28.461538,27.816901,95.0,19.590825,22.254322,20,17.46529,14.856381,False,False,0.578175,0.903309,0.862457,0.202481,巨化股份
cup_v1_legacy_mcst,杯柄 V1 旧版复原+MCST,600161.SH,2023-04-10,0.752246,legacy_confirmed_cup,26.89,27.79,22.35,27.11,2023-04-06,22.895892,10.814046,123,5,0.039888,4.228161,1.788452,1.895127,0.398883,39.899554,15.019011,73.0,31.108881,13.773585,20,25.064317,8.161733,False,False,0.80538,0.845408,0.79986,0.495197,天坛生物
cup_v1_legacy_mcst,杯柄 V1 旧版复原+MCST,600166.SH,2023-02-02,0.842168,legacy_confirmed_cup,3.5,3.56,2.99,3.55,2023-01-31,24.0,0.333333,124,12,7.692308,7.692308,2.110785,1.410428,3.692308,60.891089,29.722222,89.0,23.239437,27.667335,20,3.159164,12.371504,False,False,0.901945,1.0,0.955214,0.427222,福田汽车
cup_v1_legacy_mcst,杯柄 V1 旧版复原+MCST,600177.SH,2024-05-07,0.71546,legacy_confirmed_cup,7.86,8.01,7.42,7.95,2024-04-30,16.334661,1.460823,138,9,4.38247,3.718459,2.267401,1.29787,1.593625,15.569823,17.314931,89.0,15.703704,12.782498,20,7.548991,5.312083,False,False,0.630285,0.823788,0.848138,0.596427,雅戈尔
cup_v1_legacy_mcst,杯柄 V1 旧版复原+MCST,600186.SH,2023-07-28,0.679551,legacy_confirmed_cup,3.22,3.31,2.58,3.28,2023-07-26,15.050167,11.945392,80,11,2.006689,3.344482,1.966875,2.852259,0.334448,27.777778,14.193548,84.0,16.165414,11.451758,20,3.011836,8.903666,False,False,0.534162,0.772366,0.791806,0.705707,莲花控股
cup_v1_legacy_mcst,杯柄 V1 旧版复原+MCST,600188.SH,2022-08-29,0.67909,legacy_confirmed_cup,49.22,52.1,42.04,51.29,2022-08-25,30.755191,4.083961,95,5,7.962583,15.331964,1.413259,1.619284,5.179101,87.627907,33.531157,95.0,41.835017,34.914828,20,43.318493,18.402087,False,False,0.558369,0.838978,1.0,0.369581,兖矿能源
cup_v1_legacy_mcst,杯柄 V1 旧版复原+MCST,600191.SH,2023-08-10,0.699861,legacy_confirmed_cup,6.7,7.45,5.57,7.45,2023-08-08,18.0937,10.016155,116,11,0.646204,15.508885,1.984759,3.433287,3.392569,49.271845,22.097902,89.0,17.986799,22.454222,20,6.568189,13.425483,False,False,0.491979,1.0,1.0,0.38834,华资实业
cup_v1_legacy_mcst,杯柄 V1 旧版复原+MCST,600195.SH,2023-02-13,0.693356,legacy_confirmed_cup,15.4,15.51,13.86,15.42,2023-02-09,19.80198,1.980198,102,5,3.465347,6.364922,1.605253,1.134229,4.031117,35.956175,25.590551,81.0,17.042802,14.268348,20,13.839641,11.419077,False,False,0.520523,0.896576,0.817114,0.61803,中牧股份
cup_v1_legacy_mcst,杯柄 V1 旧版复原+MCST,600196.SH,2025-09-03,0.613039,legacy_confirmed_cup,30.93,31.4,26.14,30.97,2025-09-01,19.809658,7.860416,153,14,5.569263,8.142404,2.07887,1.361638,2.150159,23.913043,21.384665,70.0,22.72,20.600645,20,28.774939,7.628379,False,False,0.426968,1.0,0.930819,0.137184,复星医药
cup_v1_legacy_mcst,杯柄 V1 旧版复原+MCST,600198.SH,2023-03-24,0.68584,legacy_confirmed_cup,7.6,7.7,6.84,7.66,2023-03-22,23.789765,3.116147,125,16,2.351314,4.840941,1.249161,1.057007,2.766252,16.051364,23.320158,78.0,24.05892,17.602948,20,7.28324,5.172977,False,False,0.679699,0.767878,0.778504,0.501378,大唐电信
cup_v1_legacy_mcst,杯柄 V1 旧版复原+MCST,600211.SH,2023-02-23,0.759914,legacy_confirmed_cup,50.66,52.66,44.87,51.6,2023-02-21,30.49677,0.044553,141,14,4.878592,5.569169,1.405632,1.326085,2.940521,44.500846,28.878088,91.0,30.911602,25.299655,20,46.72323,10.437571,False,False,0.803249,0.83669,0.913043,0.434978,西藏药业
cup_v1_legacy_mcst,杯柄 V1 旧版复原+MCST,600215.SH,2023-06-20,0.765491,legacy_confirmed_cup,7.76,8.54,6.78,8.54,2023-06-16,24.05914,8.870968,157,5,5.77957,9.274194,6.160538,4.712512,-0.134409,17.61745,27.675277,87.0,31.766613,23.233165,20,7.610883,12.207735,False,False,0.721597,1.0,0.733199,0.581459,派斯林
cup_v1_legacy_mcst,杯柄 V1 旧版复原+MCST,600216.SH,2024-07-22,0.709276,legacy_confirmed_cup,12.48,12.8,9.47,12.65,2024-07-18,30.087719,14.37613,108,17,2.982456,8.157895,2.101255,1.312544,0.877193,15.618661,28.32,94.0,20.058423,23.991251,20,11.341621,11.536085,False,False,0.747122,1.0,0.765921,0.222998,浙江医药
cup_v1_legacy_mcst,杯柄 V1 旧版复原+MCST,600216.SH,2024-08-01,0.708625,legacy_confirmed_cup,14.25,15.08,11.1,14.81,2024-07-30,30.087719,2.631579,153,10,0.0,10.877193,1.568091,2.269889,6.403509,15.618661,28.796992,96.0,29.111338,24.734791,20,12.468601,18.778365,False,False,0.681016,0.885427,1.0,0.244562,浙江医药
cup_v1_legacy_mcst,杯柄 V1 旧版复原+MCST,600219.SH,2024-04-15,0.622264,legacy_confirmed_cup,3.62,3.65,3.45,3.59,2024-04-11,22.028986,0.0,138,6,4.927536,4.347826,1.217826,1.013512,1.15942,11.945392,26.902174,90.0,15.015974,18.736773,20,3.458087,3.814617,False,False,0.673834,0.690674,0.651683,0.417085,南山铝业
cup_v1_legacy_mcst,杯柄 V1 旧版复原+MCST,600230.SH,2023-02-02,0.690918,legacy_confirmed_cup,20.31,20.53,17.4,20.42,2023-01-31,13.761468,0.571429,99,5,5.558554,6.583918,2.73433,1.873968,6.206152,61.551874,22.876448,93.0,31.754503,8.939472,20,18.721985,9.069629,False,False,0.38952,1.0,1.0,0.522928,沧州大化
cup_v1_legacy_mcst,杯柄 V1 旧版复原+MCST,600232.SH,2023-12-06,0.77584,legacy_confirmed_cup,6.28,6.42,5.12,6.35,2023-12-04,14.40678,11.876076,121,20,1.525424,5.423729,2.376097,2.761066,3.220339,16.141732,20.249221,84.0,16.917293,10.536838,20,6.080771,4.427555,False,False,0.536484,1.0,1.0,0.690353,金鹰股份
cup_v1_legacy_mcst,杯柄 V1 旧版复原+MCST,600233.SH,2024-05-21,0.597785,legacy_confirmed_cup,17.16,17.7,15.57,17.52,2024-05-17,35.460566,6.261288,153,5,5.960265,3.732691,1.743661,1.015763,2.04696,11.412268,30.612245,93.0,26.319648,26.519848,20,16.469292,6.379803,False,False,0.546371,0.763843,0.757882,0.320093,圆通速递
cup_v1_legacy_mcst,杯柄 V1 旧版复原+MCST,600235.SH,2023-12-06,0.605495,legacy_confirmed_cup,6.12,6.48,5.9,6.32,2023-12-04,16.971714,1.830283,157,11,4.326123,3.161398,1.23915,2.115055,1.497504,18.312757,15.079365,84.0,17.647059,9.186968,20,6.081112,3.928362,False,False,0.433693,0.533937,0.937188,0.663903,民丰特纸
cup_v1_legacy_mcst,杯柄 V1 旧版复原+MCST,600239.SH,2023-05-04,0.706802,legacy_confirmed_cup,2.17,2.27,1.89,2.27,2023-04-27,9.84456,2.072539,95,5,0.0,12.435233,2.8517,1.745648,10.362694,26.973684,22.666667,87.0,29.94012,13.791295,20,2.040954,11.222484,False,False,0.280342,1.0,1.0,0.793412,云南城投
cup_v1_legacy_mcst,杯柄 V1 旧版复原+MCST,600248.SH,2023-05-04,0.69753,legacy_confirmed_cup,6.22,6.49,5.12,6.39,2023-04-27,20.825147,-0.589391,142,10,4.125737,19.842829,1.795243,1.563043,16.11002,10.158014,32.0,93.0,44.208038,31.891892,20,5.844709,9.329648,False,False,0.503352,0.953573,1.0,0.414816,陕建股份
cup_v1_legacy_mcst,杯柄 V1 旧版复原+MCST,600249.SH,2025-04-16,0.807262,legacy_confirmed_cup,6.7,7.36,4.43,7.36,2025-04-14,17.204301,20.609319,94,5,7.168459,8.960573,1.877618,6.136398,4.83871,48.0,27.138158,86.0,37.556561,15.452172,20,6.042793,21.797986,False,False,0.543382,0.978285,1.0,0.862537,两面针
cup_v1_legacy_mcst,杯柄 V1 旧版复原+MCST,600250.SH,2023-11-30,0.649934,legacy_confirmed_cup,9.68,9.68,7.1,9.68,2023-11-28,19.332406,1.251739,107,5,0.278164,11.265647,2.02344,2.561441,-0.139082,40.039062,27.5,94.0,34.453782,22.366258,20,7.555784,28.11377,False,False,0.50529,1.0,0.732615,0.382795,南京商旅
cup_v1_legacy_mcst,杯柄 V1 旧版复原+MCST,600259.SH,2025-05-14,0.698841,legacy_confirmed_cup,38.63,42.48,33.01,41.76,2025-05-12,28.269025,11.548767,103,5,7.824223,5.787781,1.494092,1.742282,-0.723473,49.565217,29.593095,83.0,20.365854,24.280239,20,37.531274,11.267205,False,False,0.716382,0.863228,0.659566,0.501934,中稀有色
cup_v1_legacy_mcst,杯柄 V1 旧版复原+MCST,600262.SH,2025-10-27,0.781762,legacy_confirmed_cup,28.05,30.79,20.85,30.27,2025-10-23,21.507064,18.171115,79,5,7.260597,11.930926,4.503092,2.68959,6.593407,58.590604,30.267559,85.0,53.498385,26.454407,20,26.277392,15.194079,False,False,0.606305,1.0,1.0,0.597775,北方股份
cup_v1_legacy_mcst,杯柄 V1 旧版复原+MCST,600266.SH,2023-07-28,0.719189,legacy_confirmed_cup,6.11,6.79,4.89,6.79,2023-07-26,25.964912,14.210526,123,5,0.701754,11.578947,3.773096,2.423682,3.333333,72.036474,31.192661,94.0,38.562092,28.925452,20,5.772164,17.633523,False,False,0.535948,1.0,1.0,0.408035,城建发展
cup_v1_legacy_mcst,杯柄 V1 旧版复原+MCST,600269.SH,2023-05-08,0.724979,legacy_confirmed_cup,3.96,4.14,3.34,4.06,2023-05-04,14.520548,8.493151,122,5,3.287671,7.123288,3.585525,2.618462,3.013699,11.006289,15.012723,81.0,22.570533,14.049587,20,3.689801,10.03304,False,False,0.397782,1.0,1.0,0.678776,赣粤高速
cup_v1_legacy_mcst,杯柄 V1 旧版复原+MCST,600271.SH,2026-01-08,0.693654,legacy_confirmed_cup,11.55,12.56,9.54,12.56,2026-01-06,17.045455,1.446281,101,14,2.376033,23.553719,1.308866,1.09394,14.772727,20.076239,34.779116,75.0,31.284303,31.817263,20,10.71393,17.230563,False,False,0.757982,0.80766,0.79697,0.335257,航天信息
cup_v1_legacy_mcst,杯柄 V1 旧版复原+MCST,600276.SH,2023-04-17,0.744813,legacy_confirmed_cup,47.8,50.3,40.09,49.29,2023-04-13,20.544007,11.344538,68,5,6.921716,4.710305,1.861342,1.854482,0.552853,48.99115,20.963351,74.0,19.994932,14.988353,20,44.731117,10.191749,False,False,0.77133,0.93357,0.819107,0.388172,恒瑞医药
cup_v1_legacy_mcst,杯柄 V1 旧版复原+MCST,600284.SH,2025-08-25,0.677107,legacy_confirmed_cup,8.8,9.16,6.38,8.95,2025-08-21,14.365411,11.018131,42,8,3.90516,6.973501,2.114964,3.246413,0.41841,41.188525,17.783505,73.0,26.359143,14.366659,20,7.54217,18.666108,False,False,0.514493,1.0,0.802301,0.432873,浦东建设
cup_v1_legacy_mcst,杯柄 V1 旧版复原+MCST,600287.SH,2025-06-05,0.745779,legacy_confirmed_cup,5.29,5.39,4.94,5.33,2025-06-03,21.868787,1.789264,102,10,7.355865,4.771372,1.812601,1.461243,1.590457,77.186312,25.93985,87.0,27.602906,16.436212,20,5.02084,6.157529,False,False,0.53507,0.927344,0.929428,0.703917,苏豪时尚
cup_v1_legacy_mcst,杯柄 V1 旧版复原+MCST,600302.SH,2022-11-23,0.683845,legacy_confirmed_cup,7.49,7.83,4.65,7.83,2022-11-21,29.861111,19.270833,113,5,0.520833,12.326389,3.439546,3.730433,0.520833,48.445596,32.900433,87.0,36.786469,24.184261,20,6.375507,22.813765,False,False,0.412835,1.0,0.815104,0.631658,标准股份
cup_v1_legacy_mcst,杯柄 V1 旧版复原+MCST,600302.SH,2023-12-06,0.709056,legacy_confirmed_cup,5.72,6.36,4.86,6.36,2023-12-04,16.666667,12.903226,97,19,0.0,4.659498,1.825894,2.496399,1.612903,20.0,17.487267,85.0,17.741935,9.378658,20,5.755392,10.505074,False,False,0.445191,0.915949,0.951613,0.669644,标准股份
cup_v1_legacy_mcst,杯柄 V1 旧版复原+MCST,600303.SH,2025-04-22,0.754656,legacy_confirmed_cup,3.95,4.28,2.91,4.2,2025-04-17,24.147727,17.329545,81,5,7.954545,11.363636,5.328736,3.824358,6.818182,44.0,33.004926,94.0,55.555556,27.573021,20,3.705544,13.343684,False,False,0.717956,1.0,1.0,0.266858,曙光股份
cup_v1_legacy_mcst,杯柄 V1 旧版复原+MCST,600309.SH,2023-02-06,0.716057,legacy_confirmed_cup,99.3,99.48,94.59,99.19,2023-02-02,19.63089,1.314554,139,5,1.175379,3.144654,2.137185,1.575579,-1.247551,31.959184,19.641077,84.0,23.506173,12.292832,20,95.49533,3.868954,False,False,0.71713,0.74489,0.594056,0.800141,万华化学
cup_v1_legacy_mcst,杯柄 V1 旧版复原+MCST,600312.SH,2024-03-05,0.632327,legacy_confirmed_cup,14.35,14.6,13.27,14.53,2024-03-01,25.787546,2.783883,144,5,5.494505,4.981685,1.21961,1.243835,1.831502,53.206651,25.0,96.0,31.347388,21.887426,20,13.319862,9.085217,False,False,0.596049,0.778365,0.850855,0.294736,平高电气
cup_v1_legacy_mcst,杯柄 V1 旧版复原+MCST,600315.SH,2025-04-29,0.816407,legacy_confirmed_cup,22.34,24.2,20.6,24.05,2025-04-25,26.864245,1.529637,126,10,7.839388,8.986616,1.830446,1.38184,5.640535,41.038771,34.503425,90.0,37.101624,26.801687,20,21.307547,12.870805,False,False,0.802621,0.964134,0.94092,0.531361,上海家化
cup_v1_legacy_mcst,杯柄 V1 旧版复原+MCST,600316.SH,2025-07-25,0.615434,legacy_confirmed_cup,43.44,44.16,32.8,43.79,2025-07-23,32.984815,16.708989,123,5,1.966642,5.078417,1.205385,1.103402,4.456062,167.8,27.831137,74.0,27.792916,18.668528,20,39.061801,12.104406,False,False,0.531744,0.776615,0.801701,0.374147,洪都航空
cup_v1_legacy_mcst,杯柄 V1 旧版复原+MCST,600318.SH,2025-09-01,0.558724,legacy_confirmed_cup,10.85,11.4,9.62,11.18,2025-08-28,31.852552,9.073724,139,12,0.47259,4.536862,1.218892,1.069113,1.417769,105.664062,26.343612,73.0,25.53916,15.125387,20,10.69611,4.523979,False,False,0.445659,0.716986,0.711778,0.405705,新力金融
cup_v1_legacy_mcst,杯柄 V1 旧版复原+MCST,600329.SH,2025-08-13,0.74937,legacy_confirmed_cup,42.3,43.09,35.25,42.76,2025-08-11,20.262717,1.481274,159,17,5.254332,18.362214,1.310017,1.136002,11.235327,29.587156,26.8,81.0,35.998715,29.680239,20,38.897616,9.929617,False,False,0.75974,0.808005,0.818001,0.589297,达仁堂
cup_v1_legacy_mcst,杯柄 V1 旧版复原+MCST,600331.SH,2023-05-18,0.680417,legacy_confirmed_cup,3.77,4.13,3.09,4.05,2023-05-16,26.912181,12.464589,143,5,7.932011,4.815864,3.536758,2.538026,-0.849858,26.459144,21.6,91.0,30.742049,18.119663,20,3.523037,14.957648,False,False,0.562671,0.974681,0.643768,0.555291,宏达股份
cup_v1_legacy_mcst,杯柄 V1 旧版复原+MCST,600331.SH,2025-07-25,0.627056,legacy_confirmed_cup,9.58,9.85,8.3,9.76,2025-07-23,38.293217,3.263403,153,18,6.126915,5.36105,2.07324,1.290594,-1.203501,74.760994,33.774161,78.0,31.917808,30.256884,20,8.950848,9.039952,False,False,0.540218,1.0,0.494859,0.44504,宏达股份
cup_v1_legacy_mcst,杯柄 V1 旧版复原+MCST,600350.SH,2023-03-08,0.628122,legacy_confirmed_cup,6.13,6.26,5.79,6.2,2023-03-06,14.983165,2.525253,156,20,1.010101,4.208754,2.294292,1.451165,2.693603,18.309859,11.52,73.0,16.572505,8.574268,20,6.012776,3.113767,False,False,0.452855,0.891204,0.975582,0.25853,山东高速
cup_v1_legacy_mcst,杯柄 V1 旧版复原+MCST,600350.SH,2024-02-06,0.558875,legacy_confirmed_cup,7.8,8.09,7.0,8.06,2024-02-02,18.716578,6.417112,157,6,1.604278,3.074866,1.982794,1.990051,0.668449,33.092224,19.823232,97.0,21.226415,11.004463,20,7.55238,6.721323,False,False,0.405919,0.735294,0.833556,0.331341,山东高速
cup_v1_legacy_mcst,杯柄 V1 旧版复原+MCST,600352.SH,2026-01-30,0.751009,legacy_confirmed_cup,15.4,15.46,10.97,15.22,2026-01-28,15.638575,4.691573,108,7,5.907906,28.149435,1.796394,2.723771,18.679409,24.197248,30.440678,78.0,39.545885,37.638221,20,13.169454,15.570467,False,False,0.595045,0.953918,1.0,0.521321,浙江龙盛
cup_v1_legacy_mcst,杯柄 V1 旧版复原+MCST,600362.SH,2023-01-31,0.76001,legacy_confirmed_cup,19.26,19.66,18.25,19.44,2023-01-20,20.265252,0.544959,146,8,2.65252,3.97878,1.394282,1.181757,2.015915,19.910941,23.037975,85.0,16.527943,16.208404,20,18.450264,5.364349,False,False,0.814433,0.692867,0.840879,0.667828,江西铜业
cup_v1_legacy_mcst,杯柄 V1 旧版复原+MCST,600362.SH,2024-04-03,0.675749,legacy_confirmed_cup,24.25,25.37,21.0,25.32,2024-04-01,22.133082,0.896649,125,12,4.011326,11.137329,1.390305,1.424438,9.721567,12.189741,32.349323,92.0,21.329212,26.235103,20,22.47555,12.655751,False,False,0.612423,0.832091,0.962219,0.304671,江西铜业
cup_v1_legacy_mcst,杯柄 V1 旧版复原+MCST,600368.SH,2023-05-05,0.681114,legacy_confirmed_cup,4.46,4.47,4.05,4.44,2023-04-28,18.599034,2.173913,149,5,3.623188,4.10628,1.67546,1.526946,0.241546,11.764706,12.761021,82.0,22.792023,12.368827,20,4.140708,7.228046,False,False,0.517716,0.794752,0.780193,0.725934,五洲交通
cup_v1_legacy_mcst,杯柄 V1 旧版复原+MCST,600368.SH,2024-04-17,0.610271,legacy_confirmed_cup,4.29,4.36,4.22,4.36,2024-04-15,22.300469,0.938967,108,5,6.338028,3.051643,1.623635,1.333141,-0.704225,15.652174,25.617978,91.0,16.445623,10.061842,20,4.154721,4.940854,False,False,0.693263,0.634191,0.578542,0.466864,五洲交通
cup_v1_legacy_mcst,杯柄 V1 旧版复原+MCST,600368.SH,2024-05-08,0.765933,legacy_confirmed_cup,4.67,4.72,4.23,4.69,2024-05-06,24.601367,3.644647,93,5,7.517084,7.517084,1.636879,1.000194,1.594533,17.681159,30.753138,90.0,20.408163,16.77869,20,4.388669,6.86612,False,False,0.844408,0.906064,0.699413,0.519959,五洲交通
cup_v1_legacy_mcst,杯柄 V1 旧版复原+MCST,600372.SH,2026-01-22,0.558823,legacy_confirmed_cup,15.58,16.88,13.38,16.55,2026-01-20,13.609467,1.035503,101,11,5.547337,16.12426,1.424005,1.105251,14.053254,27.955912,29.758397,72.0,27.125506,23.801576,20,14.98826,10.419755,False,False,0.427724,0.842202,0.802626,0.190221,中航机载
cup_v1_legacy_mcst,杯柄 V1 旧版复原+MCST,600388.SH,2022-11-01,0.674224,legacy_confirmed_cup,14.32,14.65,12.06,14.6,2022-10-28,14.195584,4.88959,96,5,5.520505,10.804416,2.379272,1.113118,8.280757,50.502513,25.632262,,63.182346,17.415194,20,12.927221,12.939978,False,False,0.375295,1.0,0.806559,0.657797,龙净环保
cup_v1_legacy_mcst,杯柄 V1 旧版复原+MCST,600388.SH,2023-07-07,0.618008,legacy_confirmed_cup,18.55,19.09,16.75,18.88,2023-07-05,16.703911,2.50291,94,14,4.022346,3.910615,1.473905,1.093668,1.396648,64.522059,20.437567,82.0,24.497992,7.443029,20,17.794287,6.101472,False,False,0.494028,0.707381,0.721415,0.619849,龙净环保
cup_v1_legacy_mcst,杯柄 V1 旧版复原+MCST,600389.SH,2025-12-26,0.61301,legacy_confirmed_cup,25.12,26.56,23.25,26.52,2025-12-24,9.336188,0.428266,101,5,2.055675,7.5803,1.949,1.219148,4.8394,69.910847,22.962154,76.0,27.125506,7.5995,20,23.535113,12.682698,False,False,0.292977,0.9997,0.859574,0.443139,江山股份
cup_v1_legacy_mcst,杯柄 V1 旧版复原+MCST,600391.SH,2025-04-21,0.824721,legacy_confirmed_cup,24.95,26.63,22.12,26.63,2025-04-17,22.066153,-0.226552,100,6,3.126416,18.03353,2.307139,1.397065,5.573176,54.145638,32.207294,89.0,35.39501,32.389189,20,22.793635,16.830862,False,False,0.786455,1.0,0.948532,0.548778,航发科技
cup_v1_legacy_mcst,杯柄 V1 旧版复原+MCST,600391.SH,2026-01-06,0.739299,legacy_confirmed_cup,35.77,39.45,33.0,38.86,2025-12-31,24.457831,0.60241,100,5,2.831325,11.746988,1.489822,1.53765,0.903614,82.259887,31.894737,80.0,34.322954,28.722232,20,33.083303,17.461065,False,False,0.696029,0.861947,0.862952,0.538057,航发科技
cup_v1_legacy_mcst,杯柄 V1 旧版复原+MCST,600396.SH,2024-05-07,0.724391,legacy_confirmed_cup,2.96,2.99,2.3,2.97,2024-04-30,23.703704,14.814815,120,5,2.222222,9.62963,2.271026,1.298727,4.444444,38.947368,30.872483,90.0,16.535433,16.915177,20,2.690717,10.379506,False,False,0.568441,1.0,0.899363,0.47782,华电辽能
cup_v1_legacy_mcst,杯柄 V1 旧版复原+MCST,600396.SH,2024-05-17,0.724246,legacy_confirmed_cup,3.05,3.18,2.82,3.16,2024-05-15,27.464789,0.704225,134,9,7.042254,9.859155,1.459036,1.082194,6.338028,38.947368,34.177215,92.0,22.834646,21.728387,20,2.868667,10.155708,False,False,0.807273,0.852711,0.791097,0.351516,华电辽能
cup_v1_legacy_mcst,杯柄 V1 旧版复原+MCST,600415.SH,2023-04-13,0.7537,legacy_confirmed_cup,7.0,7.7,4.88,7.7,2023-04-11,29.522184,16.723549,92,5,7.167235,8.532423,1.909695,3.368341,1.194539,25.345622,24.341085,87.0,40.088106,26.823756,20,6.151737,25.167892,False,False,0.555077,0.987909,0.899317,0.662912,小商品城
cup_v1_legacy_mcst,杯柄 V1 旧版复原+MCST,600418.SH,2025-08-22,0.757576,legacy_confirmed_cup,49.1,52.99,44.19,52.2,2025-08-20,38.229508,3.409836,109,20,5.836066,8.546448,1.611746,1.561761,1.639344,139.200444,34.10628,84.0,41.079545,27.109263,20,48.818915,6.925769,False,False,0.564483,0.898524,0.954918,0.721963,江淮汽车
cup_v1_legacy_mcst,杯柄 V1 旧版复原+MCST,600422.SH,2022-11-02,0.811708,legacy_confirmed_cup,15.68,16.95,13.89,16.7,2022-10-31,25.27933,-1.239067,112,5,4.189944,9.567039,1.361755,1.181157,4.329609,75.275398,32.957393,,60.429448,29.670315,20,14.031305,19.019574,False,False,0.938771,0.823527,0.840578,0.545706,昆药集团
cup_v1_legacy_mcst,杯柄 V1 旧版复原+MCST,600423.SH,2025-11-13,0.647782,legacy_confirmed_cup,4.32,4.58,3.44,4.47,2025-11-11,32.987013,10.649351,80,5,6.493506,12.207792,4.949334,2.666252,10.38961,59.292035,22.522523,72.0,31.306991,19.794796,20,4.133437,8.142456,False,False,0.38671,1.0,1.0,0.312166,柳化股份
cup_v1_legacy_mcst,杯柄 V1 旧版复原+MCST,600425.SH,2022-09-08,0.59493,legacy_confirmed_cup,4.57,4.69,4.1,4.63,2022-09-06,14.798206,8.071749,74,18,5.381166,3.587444,2.453188,1.86865,-0.224215,25.595238,16.774194,81.0,16.666667,9.880091,20,4.418055,4.797238,False,False,0.387132,0.805774,0.721973,0.567979,青松建化
cup_v1_legacy_mcst,杯柄 V1 旧版复原+MCST,600426.SH,2023-02-06,0.711115,legacy_confirmed_cup,35.21,35.52,31.91,35.02,2023-02-02,23.005677,4.66089,154,17,7.170601,4.929788,1.250059,1.000628,2.001793,14.018349,22.335891,85.0,25.697924,15.632502,20,33.830538,3.515942,False,False,0.603362,0.780364,0.750314,0.773925,华鲁恒升
cup_v1_legacy_mcst,杯柄 V1 旧版复原+MCST,600426.SH,2025-08-28,0.616333,legacy_confirmed_cup,26.38,27.12,23.3,26.75,2025-08-26,20.699357,6.350482,153,5,5.747588,7.154341,1.815961,1.24765,3.737942,18.255169,24.080882,71.0,27.620871,21.13043,20,24.875227,7.536705,False,False,0.457526,0.959788,0.873825,0.207431,华鲁恒升
cup_v1_legacy_mcst,杯柄 V1 旧版复原+MCST,600428.SH,2022-08-18,0.668959,legacy_confirmed_cup,5.99,6.62,4.54,6.62,2022-08-16,35.897436,12.524085,155,18,4.945055,8.608059,2.699258,1.961563,-0.18315,33.823529,28.760331,88.0,23.284823,26.320274,20,5.448903,21.492355,False,False,0.517446,1.0,0.727106,0.462159,中远海特
cup_v1_legacy_mcst,杯柄 V1 旧版复原+MCST,600429.SH,2025-11-13,0.598326,legacy_confirmed_cup,7.28,7.28,4.54,7.28,2025-11-11,14.653465,10.09901,72,5,3.366337,19.207921,1.560464,3.678861,19.207921,26.098191,24.584718,73.0,33.777778,27.158473,20,5.831481,24.839652,False,False,0.340847,0.883139,1.0,0.291226,三元股份
cup_v1_legacy_mcst,杯柄 V1 旧版复原+MCST,600469.SH,2025-11-05,0.695005,legacy_confirmed_cup,7.03,7.2,6.31,7.09,2025-11-03,26.018809,1.097179,141,6,2.821317,12.695925,4.247967,1.797107,6.426332,10.912343,20.862309,72.0,29.316547,22.035049,20,6.632567,6.896775,False,False,0.565013,1.0,1.0,0.236255,风神股份
cup_v1_legacy_mcst,杯柄 V1 旧版复原+MCST,600479.SH,2023-04-04,0.677418,legacy_confirmed_cup,11.5,11.93,10.9,11.89,2023-03-31,14.027149,1.357466,94,12,7.058824,5.429864,1.350496,1.03194,0.633484,19.976636,20.683903,75.0,27.461707,12.320733,20,11.30473,5.177211,False,False,0.706687,0.820149,0.595155,0.530049,千金药业
cup_v1_legacy_mcst,杯柄 V1 旧版复原+MCST,600480.SH,2023-07-19,0.795649,legacy_confirmed_cup,9.97,10.17,7.86,10.15,2023-07-17,19.49829,2.722772,96,5,7.867731,10.832383,2.555752,2.489829,8.551881,19.808743,29.329329,77.0,18.104496,21.871963,20,9.367072,8.358306,False,False,0.815783,1.0,1.0,0.300625,凌云股份
cup_v1_legacy_mcst,杯柄 V1 旧版复原+MCST,600487.SH,2025-09-01,0.770578,legacy_confirmed_cup,20.8,21.15,17.48,20.71,2025-08-28,25.802998,0.963173,151,13,5.513919,9.796574,2.26077,1.356017,1.070664,53.366174,29.72583,74.0,25.828221,28.164137,20,18.70273,10.732496,False,False,0.882763,1.0,0.811841,0.246213,亨通光电
cup_v1_legacy_mcst,杯柄 V1 旧版复原+MCST,600488.SH,2023-05-09,0.687499,legacy_confirmed_cup,5.18,5.56,4.42,5.54,2023-05-05,12.345679,4.741379,99,5,4.526749,9.053498,2.642474,1.987671,5.144033,20.895522,18.843284,78.0,16.997792,16.321604,20,4.988036,11.065761,False,False,0.414112,1.0,1.0,0.4628,津药药业
cup_v1_legacy_mcst,杯柄 V1 旧版复原+MCST,600489.SH,2023-02-01,0.639512,legacy_confirmed_cup,8.66,9.04,7.52,8.86,2023-01-30,16.140777,8.737864,120,15,7.645631,5.097087,1.203844,1.323601,3.762136,13.244048,16.287016,88.0,20.781032,12.302239,20,8.474557,4.548232,False,False,0.36908,0.776153,0.911801,0.669677,中金黄金
cup_v1_legacy_mcst,杯柄 V1 旧版复原+MCST,600493.SH,2025-08-12,0.636171,legacy_confirmed_cup,7.09,7.2,6.43,7.09,2025-08-08,37.68546,4.599407,148,5,6.973294,3.857567,1.235297,1.298503,-0.445104,56.75,21.560284,78.0,31.826742,20.540711,20,6.705837,5.728789,False,False,0.74057,0.628505,0.593613,0.505612,凤竹纺织
cup_v1_legacy_mcst,杯柄 V1 旧版复原+MCST,600495.SH,2023-07-10,0.707875,legacy_confirmed_cup,4.6,5.08,4.15,5.08,2023-07-06,20.229885,4.597701,130,8,7.586207,6.436782,1.213086,1.639144,4.597701,18.934911,25.702811,85.0,27.900552,16.185696,20,4.471477,13.608994,False,False,0.447769,0.778926,1.0,0.782122,晋西车轴
cup_v1_legacy_mcst,杯柄 V1 旧版复原+MCST,600498.SH,2023-03-02,0.751289,legacy_confirmed_cup,17.14,17.49,12.87,17.12,2023-02-28,19.80198,10.376045,77,17,5.214521,10.09901,1.426307,1.291534,7.722772,22.871046,24.471831,81.0,19.741565,19.240095,20,15.97289,7.181605,False,False,0.735051,0.842892,0.895767,0.520724,烽火通信
cup_v1_legacy_mcst,杯柄 V1 旧版复原+MCST,600499.SH,2025-05-12,0.690094,legacy_confirmed_cup,9.96,10.03,8.33,10.02,2025-05-08,21.840355,0.477897,134,8,7.206208,9.756098,1.908162,1.318107,3.880266,39.412674,29.710867,80.0,18.705036,20.810283,20,8.822081,13.578642,False,False,0.497419,0.987449,0.909054,0.436621,科达制造
cup_v1_legacy_mcst,杯柄 V1 旧版复原+MCST,600507.SH,2025-07-04,0.714035,legacy_confirmed_cup,4.79,4.87,4.16,4.82,2025-07-02,18.380744,8.971554,115,5,2.188184,5.908096,4.080329,2.298218,0.875274,27.714286,20.328542,74.0,18.337408,14.159918,20,4.505344,6.984052,False,False,0.610547,1.0,0.859409,0.392307,方大特钢
cup_v1_legacy_mcst,杯柄 V1 旧版复原+MCST,600510.SH,2025-08-20,0.850572,legacy_confirmed_cup,6.98,7.71,5.59,7.71,2025-08-18,26.889279,1.757469,157,9,2.636204,17.926186,1.283927,1.364432,15.641476,67.371601,29.591837,82.0,38.636364,28.605654,20,6.18843,24.587337,False,False,0.954436,0.800178,0.932216,0.650157,黑牡丹
cup_v1_legacy_mcst,杯柄 V1 旧版复原+MCST,600517.SH,2024-11-04,0.789976,legacy_confirmed_cup,6.05,6.14,5.09,6.11,2024-10-31,22.941176,-1.596806,97,19,1.764706,13.921569,1.892522,2.076509,7.647059,33.858268,34.983498,75.0,18.571429,27.447217,20,5.593072,9.242285,False,False,0.864746,0.982757,1.0,0.208128,国网英大
cup_v1_legacy_mcst,杯柄 V1 旧版复原+MCST,600540.SH,2023-07-14,0.723476,legacy_confirmed_cup,5.08,5.42,4.35,5.33,2023-07-12,17.291667,8.033827,121,17,1.458333,8.958333,4.288803,4.322091,2.5,17.936118,24.091778,80.0,17.52809,15.981668,20,4.899943,8.776781,False,False,0.469607,1.0,1.0,0.545567,新赛股份
cup_v1_legacy_mcst,杯柄 V1 旧版复原+MCST,600546.SH,2023-09-15,0.795774,legacy_confirmed_cup,19.58,19.58,17.71,19.47,2023-09-13,26.086957,0.0,129,8,0.056465,5.194805,1.273305,1.35077,2.484472,28.633721,31.928934,95.0,28.660221,21.144467,20,17.846846,9.094908,False,False,0.992186,0.796991,0.925385,0.320922,山煤国际
cup_v1_legacy_mcst,杯柄 V1 旧版复原+MCST,600547.SH,2024-04-03,0.751816,legacy_confirmed_cup,29.8,30.1,25.05,29.74,2024-04-01,25.615764,3.393752,123,5,1.743085,11.746874,1.785116,1.532235,8.753316,25.846447,34.127517,89.0,16.193853,27.204365,20,26.519792,12.142661,False,False,0.693798,0.950535,1.0,0.356766,山东黄金
cup_v1_legacy_mcst,杯柄 V1 旧版复原+MCST,600559.SH,2023-02-13,0.714354,legacy_confirmed_cup,31.9,35.17,28.1,35.17,2023-02-09,29.310345,3.103448,138,14,0.310345,7.931034,1.399522,1.560721,1.068966,56.185845,30.827543,80.0,16.573557,22.139192,20,30.585271,14.989991,False,False,0.721427,0.834857,0.883621,0.382083,老白干酒
cup_v1_legacy_mcst,杯柄 V1 旧版复原+MCST,600566.SH,2022-06-13,0.595127,legacy_confirmed_cup,27.24,28.67,22.5,28.08,2022-06-09,18.036072,5.5812,89,20,4.488978,3.927856,1.445294,1.46091,2.164329,73.625609,24.733162,95.0,38.293333,6.101628,20,24.973227,12.440416,False,False,0.383036,0.701168,0.980455,0.448405,济川药业
cup_v1_legacy_mcst,杯柄 V1 旧版复原+MCST,600566.SH,2024-02-22,0.61918,legacy_confirmed_cup,35.14,35.95,28.6,35.62,2024-02-20,28.078078,14.114114,146,5,4.774775,6.756757,1.364381,1.013053,2.762763,22.859357,21.600877,97.0,31.569208,22.26053,20,32.5559,9.41181,False,False,0.603334,0.824314,0.756527,0.253144,济川药业
cup_v1_legacy_mcst,杯柄 V1 旧版复原+MCST,600573.SH,2025-05-27,0.56732,legacy_confirmed_cup,11.86,12.4,11.37,12.21,2025-05-23,13.017241,1.982759,95,11,2.672414,3.362069,1.356231,1.312016,1.724138,39.210851,16.735029,80.0,15.067179,9.202687,20,11.642624,4.873267,False,False,0.410679,0.596654,0.871525,0.500567,惠泉啤酒
cup_v1_legacy_mcst,杯柄 V1 旧版复原+MCST,600576.SH,2022-12-30,0.569064,legacy_confirmed_cup,7.17,8.1,5.74,7.98,2022-12-28,32.348367,10.730949,146,5,0.777605,10.730949,2.502738,4.036457,-1.088647,40.21978,28.089888,94.0,26.465364,26.525293,20,6.793805,17.459947,False,False,0.396763,1.0,0.613919,0.287067,祥源文旅
cup_v1_legacy_mcst,杯柄 V1 旧版复原+MCST,600577.SH,2025-08-28,0.630064,legacy_confirmed_cup,8.79,8.95,7.06,8.95,2025-08-26,36.643026,16.548463,109,16,4.255319,4.846336,1.358511,1.459235,0.945626,121.917808,21.468298,74.0,31.019202,19.240464,20,8.329646,7.447542,False,False,0.519203,0.801425,0.847821,0.392111,精达股份
cup_v1_legacy_mcst,杯柄 V1 旧版复原+MCST,600582.SH,2024-02-29,0.725492,legacy_confirmed_cup,6.55,6.91,5.96,6.85,2024-02-27,20.263591,1.812191,142,5,1.976936,8.731466,1.371391,1.298512,6.095552,23.958333,24.963289,93.0,20.0,21.556289,20,6.081954,12.628273,False,False,0.801254,0.826417,0.899256,0.292989,天地科技
cup_v1_legacy_mcst,杯柄 V1 旧版复原+MCST,600584.SH,2023-04-07,0.63871,legacy_confirmed_cup,37.5,38.55,30.35,37.67,2023-04-04,33.278849,0.78457,146,13,3.399804,14.220333,1.400945,1.345143,11.507028,51.616213,34.325843,93.0,70.107108,33.228262,20,32.877041,14.578439,False,False,0.582843,0.835283,0.922572,0.206897,长电科技
cup_v1_legacy_mcst,杯柄 V1 旧版复原+MCST,600592.SH,2023-06-29,0.765593,legacy_confirmed_cup,9.99,10.99,8.59,10.99,2023-06-27,18.36969,1.377727,98,5,7.921929,15.384615,2.215816,1.999379,8.266361,18.114875,32.606635,91.0,46.929825,25.89515,20,9.597341,14.510882,False,False,0.640801,1.0,1.0,0.456564,龙溪股份
cup_v1_legacy_mcst,杯柄 V1 旧版复原+MCST,600596.SH,2025-07-29,0.717573,legacy_confirmed_cup,10.28,10.55,8.3,10.53,2025-07-25,16.629712,0.598802,96,17,7.427938,13.968958,2.362467,1.488104,9.534368,33.62963,28.922495,72.0,29.145729,23.04255,20,9.549998,10.261798,False,False,0.647652,1.0,0.994052,0.210423,新安股份
cup_v1_legacy_mcst,杯柄 V1 旧版复原+MCST,600611.SH,2024-07-12,0.755239,legacy_confirmed_cup,4.0,4.27,2.65,4.2,2024-07-10,28.616352,15.335463,83,5,1.572327,11.006289,3.260171,6.065232,11.006289,11.578947,24.929178,94.0,20.477816,25.329152,20,3.595244,16.820998,False,False,0.742287,1.0,1.0,0.227192,大众交通
cup_v1_legacy_mcst,杯柄 V1 旧版复原+MCST,600612.SH,2024-03-08,0.682381,legacy_confirmed_cup,77.51,78.86,61.2,77.19,2024-03-06,21.214286,12.571429,116,5,0.171429,5.714286,1.582588,1.200181,2.2,70.397464,20.519481,92.0,17.144214,14.181085,20,70.046892,10.197608,False,False,0.55217,0.889776,0.850091,0.483294,老凤祥
cup_v1_legacy_mcst,杯柄 V1 旧版复原+MCST,600615.SH,2022-04-21,0.574626,legacy_confirmed_cup,9.39,9.46,7.6,9.45,2022-04-19,12.529002,11.832947,58,10,6.264501,9.62877,1.556379,1.058272,6.960557,34.891486,21.703011,90.0,25.498008,14.707667,20,9.020527,4.761061,False,False,0.210839,0.881914,0.779136,0.622633,鑫源智造
cup_v1_legacy_mcst,杯柄 V1 旧版复原+MCST,600623.SH,2025-07-22,0.688658,legacy_confirmed_cup,8.65,8.88,7.67,8.85,2025-07-18,22.783251,5.541872,139,5,7.142857,5.295567,2.216557,1.295167,-1.477833,37.591241,22.83737,74.0,27.802691,20.244709,20,7.972235,11.010278,False,False,0.797484,1.0,0.462854,0.33484,华谊集团
cup_v1_legacy_mcst,杯柄 V1 旧版复原+MCST,600649.SH,2023-08-03,0.714789,legacy_confirmed_cup,4.9,5.09,4.22,5.06,2023-08-01,12.471132,0.471698,152,5,2.078522,7.159353,2.180915,4.365524,6.235566,23.011364,19.537815,85.0,16.0,15.525863,20,4.572299,10.666424,False,False,0.368191,1.0,1.0,0.679612,城投控股
cup_v1_legacy_mcst,杯柄 V1 旧版复原+MCST,600651.SH,2022-05-25,0.667402,legacy_confirmed_cup,3.47,3.84,3.28,3.84,2022-05-23,17.9941,3.244838,151,5,0.0,7.669617,4.320929,2.019826,0.589971,12.624585,27.415144,88.0,15.873016,10.620028,20,3.399453,12.959361,False,False,0.391269,1.0,0.823746,0.578541,飞乐音响
cup_v1_legacy_mcst,杯柄 V1 旧版复原+MCST,600651.SH,2023-04-26,0.712146,legacy_confirmed_cup,4.43,4.94,3.75,4.94,2023-04-24,21.428571,3.350515,153,10,1.020408,12.755102,3.054618,4.200213,0.255102,41.007194,23.755656,88.0,35.168196,26.732295,20,4.228153,16.835888,False,False,0.541628,1.0,0.781888,0.580992,飞乐音响
cup_v1_legacy_mcst,杯柄 V1 旧版复原+MCST,600658.SH,2025-08-15,0.657058,legacy_confirmed_cup,6.8,6.97,4.35,6.84,2025-08-13,37.822878,14.201183,125,9,6.457565,16.420664,1.309615,4.166306,11.99262,94.265233,33.438986,79.0,34.541578,40.87704,20,5.76501,18.646801,False,False,0.439814,0.807885,1.0,0.505761,电子城
cup_v1_legacy_mcst,杯柄 V1 旧版复原+MCST,600660.SH,2024-09-20,0.615321,legacy_confirmed_cup,52.03,52.55,47.7,52.2,2024-09-18,13.002267,1.710282,98,5,4.512673,6.635071,1.488537,1.339142,2.822996,29.08078,18.745189,97.0,22.023108,10.45734,20,48.752811,7.070749,False,False,0.431116,0.861561,0.919571,0.32563,福耀玻璃
cup_v1_legacy_mcst,杯柄 V1 旧版复原+MCST,600667.SH,2025-11-03,0.711697,legacy_confirmed_cup,8.6,9.54,7.72,9.54,2025-10-30,28.807107,1.656051,142,17,0.380711,13.832487,1.352692,1.539813,3.553299,59.837728,30.010718,78.0,38.0,28.17948,20,8.687278,9.815752,False,False,0.586636,0.820808,1.0,0.505862,太极实业
cup_v1_legacy_mcst,杯柄 V1 旧版复原+MCST,600668.SH,2025-05-08,0.828398,legacy_confirmed_cup,12.51,13.89,11.69,13.89,2025-05-06,22.334173,1.847187,121,7,7.808564,4.785894,1.648459,2.069845,3.274559,46.987952,25.494673,81.0,23.320158,19.256558,20,12.005763,15.694441,False,False,0.84901,0.880098,1.0,0.556098,尖峰集团
cup_v1_legacy_mcst,杯柄 V1 旧版复原+MCST,600674.SH,2023-05-04,0.693889,legacy_confirmed_cup,14.42,14.93,13.74,14.71,2023-04-27,21.454284,1.079914,150,12,0.50396,3.239741,1.445684,1.711987,0.791937,35.62316,14.027778,87.0,29.539295,14.555041,20,14.044664,4.737289,False,False,0.62389,0.60667,0.848992,0.77031,川投能源
cup_v1_legacy_mcst,杯柄 V1 旧版复原+MCST,600675.SH,2022-04-08,0.770732,legacy_confirmed_cup,3.93,4.42,2.73,4.39,2022-04-06,18.404908,16.257669,68,5,4.907975,16.871166,2.688481,5.046143,5.214724,16.981132,28.346457,88.0,25.742574,27.403444,20,3.613554,21.487056,False,False,0.638242,1.0,1.0,0.486736,中华企业
cup_v1_legacy_mcst,杯柄 V1 旧版复原+MCST,600686.SH,2023-05-10,0.602151,legacy_confirmed_cup,8.04,8.84,5.45,8.84,2023-05-08,23.553719,18.413174,128,8,7.988981,5.647383,5.942009,3.499727,-1.928375,61.69265,28.943937,79.0,17.81874,23.831178,20,7.077117,24.909615,False,False,0.521867,1.0,0.508953,0.338532,金龙汽车
cup_v1_legacy_mcst,杯柄 V1 旧版复原+MCST,600689.SH,2023-08-02,0.84427,legacy_confirmed_cup,10.92,11.33,9.42,11.18,2023-07-31,21.073961,4.559271,98,14,6.889564,8.409321,5.159745,2.80144,1.519757,21.560847,22.598353,87.0,19.021135,17.964831,20,10.341843,8.104522,False,False,0.829427,1.0,0.93997,0.579884,上海三毛
cup_v1_legacy_mcst,杯柄 V1 旧版复原+MCST,600690.SH,2024-05-07,0.827563,legacy_confirmed_cup,31.72,31.91,26.01,31.28,2024-04-30,24.629981,1.290323,140,17,5.958254,14.83871,1.811298,1.443491,11.461101,16.886792,29.217841,96.0,35.816876,30.045662,20,28.339056,10.377707,False,False,0.946553,0.958389,0.971746,0.311617,海尔智家
cup_v1_legacy_mcst,杯柄 V1 旧版复原+MCST,600697.SH,2025-04-16,0.640118,legacy_confirmed_cup,13.31,15.06,10.01,15.06,2025-04-14,16.947791,14.224507,62,12,6.26506,6.104418,5.513389,4.093852,1.044177,36.663008,31.391364,74.0,20.860018,11.299903,20,12.995751,15.884034,False,False,0.380594,1.0,0.880522,0.404029,欧亚集团
cup_v1_legacy_mcst,杯柄 V1 旧版复原+MCST,600710.SH,2023-05-08,0.574699,legacy_confirmed_cup,7.11,7.44,6.66,7.39,2023-05-04,22.492837,-1.679389,155,12,6.160458,3.438395,1.570187,1.50129,-0.716332,41.010101,15.352697,74.0,16.07717,14.686611,20,6.881585,7.388049,False,False,0.581332,0.671335,0.660458,0.356537,苏美达
cup_v1_legacy_mcst,杯柄 V1 旧版复原+MCST,600710.SH,2024-04-15,0.611696,legacy_confirmed_cup,8.8,9.07,7.72,9.01,2024-04-11,25.146886,6.987952,156,5,2.467685,4.112808,1.378146,1.752186,0.235018,45.470085,29.143493,93.0,23.916084,18.099216,20,8.299094,8.56607,False,False,0.558548,0.706455,0.779377,0.418577,苏美达
cup_v1_legacy_mcst,杯柄 V1 旧版复原+MCST,600714.SH,2025-06-19,0.741596,legacy_confirmed_cup,12.5,14.3,9.98,14.3,2025-06-17,21.369863,8.858447,77,5,4.657534,15.342466,4.271221,4.037327,11.872146,58.90411,34.920635,89.0,25.54672,18.211386,20,12.450733,14.852676,False,False,0.507412,1.0,1.0,0.57001,金瑞矿业
cup_v1_legacy_mcst,杯柄 V1 旧版复原+MCST,600718.SH,2023-04-07,0.694761,legacy_confirmed_cup,12.15,13.2,9.71,13.2,2023-04-04,20.600858,16.293103,81,9,0.429185,6.266094,1.304635,1.471026,2.317597,36.576788,21.451356,75.0,32.123799,14.186452,20,11.923206,10.708479,False,False,0.523609,0.806391,0.985513,0.56399,东软集团
cup_v1_legacy_mcst,杯柄 V1 旧版复原+MCST,600736.SH,2026-01-09,0.624861,legacy_confirmed_cup,7.2,7.64,5.5,7.5,2026-01-07,17.292007,10.277325,122,7,7.993475,13.866232,1.208254,1.607207,9.624796,18.487395,24.34663,72.0,26.678766,19.847186,20,6.726671,11.496455,False,False,0.507364,0.777476,1.0,0.264574,苏州高新
cup_v1_legacy_mcst,杯柄 V1 旧版复原+MCST,600737.SH,2024-04-02,0.579025,legacy_confirmed_cup,9.91,10.03,9.1,9.96,2024-03-29,20.752688,2.150538,129,7,5.483871,3.225806,1.381835,1.670026,-1.290323,17.986577,23.388773,91.0,17.647059,13.242045,20,9.320441,6.861896,False,False,0.587506,0.585599,0.58871,0.546282,中粮糖业
cup_v1_legacy_mcst,杯柄 V1 旧版复原+MCST,600737.SH,2025-08-18,0.827722,legacy_confirmed_cup,14.65,15.27,9.68,15.27,2025-08-14,15.188679,4.630542,147,5,4.245283,19.056604,2.424013,3.183024,10.566038,33.669609,27.25832,82.0,34.398296,31.293077,20,11.752662,29.928014,False,False,0.731906,1.0,1.0,0.607776,中粮糖业
cup_v1_legacy_mcst,杯柄 V1 旧版复原+MCST,600741.SH,2025-09-05,0.707682,legacy_confirmed_cup,20.0,20.85,17.4,20.75,2025-09-03,15.525353,9.043387,99,5,3.450078,8.729744,2.008187,1.484056,3.293257,39.291101,18.233083,73.0,20.092379,15.670155,20,19.419667,6.850442,False,False,0.547864,1.0,0.992028,0.337618,华域汽车
cup_v1_legacy_mcst,杯柄 V1 旧版复原+MCST,600745.SH,2025-09-22,0.830506,legacy_confirmed_cup,47.55,49.58,38.67,48.96,2025-09-18,30.240811,1.977186,156,20,1.698352,25.019011,2.574071,1.277874,13.307985,61.180382,33.737374,85.0,46.829414,38.901536,20,43.932046,11.444843,False,False,0.770931,1.0,0.888937,0.664464,闻泰科技
cup_v1_legacy_mcst,杯柄 V1 旧版复原+MCST,600749.SH,2025-07-24,0.72579,legacy_confirmed_cup,16.98,17.51,10.96,17.51,2025-07-22,21.1146,8.742714,84,9,5.729984,13.579278,3.434966,2.966964,8.948195,32.432432,24.257084,79.0,33.118675,25.973056,20,13.590026,28.844496,False,False,0.507096,1.0,1.0,0.491532,西藏旅游
cup_v1_legacy_mcst,杯柄 V1 旧版复原+MCST,600750.SH,2023-03-30,0.675556,legacy_confirmed_cup,18.7,19.29,14.1,19.25,2023-03-28,18.949233,16.765053,75,12,0.94451,6.729634,1.284326,1.280173,4.486423,51.035104,27.877238,79.0,30.730296,14.583278,20,18.063155,6.570532,False,False,0.46243,0.800298,0.890087,0.678066,华润江中
cup_v1_legacy_mcst,杯柄 V1 旧版复原+MCST,600755.SH,2023-03-15,0.709178,legacy_confirmed_cup,8.7,9.04,7.8,8.95,2023-03-13,26.453144,7.47331,155,10,4.270463,4.270463,1.653148,1.121315,-1.067616,22.087746,20.359955,87.0,26.293103,19.847294,20,8.493521,5.374441,False,False,0.857057,0.810633,0.427206,0.605542,厦门国贸
cup_v1_legacy_mcst,杯柄 V1 旧版复原+MCST,600756.SH,2023-02-03,0.58314,legacy_confirmed_cup,15.78,16.4,12.92,16.22,2023-02-01,31.089744,17.179487,113,5,5.192308,3.205128,1.799942,1.482257,-1.538462,46.290801,20.615385,88.0,23.561013,20.847433,20,14.99446,8.173289,False,False,0.550233,0.708188,0.548821,0.518735,浪潮软件
cup_v1_legacy_mcst,杯柄 V1 旧版复原+MCST,600768.SH,2025-07-02,0.734215,legacy_confirmed_cup,11.45,11.57,10.38,11.57,2025-06-30,31.34058,5.978261,111,16,3.17029,3.532609,1.834151,1.41233,1.449275,76.40264,34.086957,83.0,27.709497,17.952599,20,11.019093,4.999569,False,False,0.644485,0.763479,0.887324,0.701556,宁波富邦
cup_v1_legacy_mcst,杯柄 V1 旧版复原+MCST,600768.SH,2026-01-16,0.731503,legacy_confirmed_cup,15.6,16.36,12.12,16.0,2026-01-14,19.219653,12.427746,65,12,6.286127,10.043353,1.495014,1.662692,7.947977,71.108179,21.755972,70.0,27.234754,17.218467,20,14.388193,11.202293,False,False,0.749284,0.863504,1.0,0.266886,宁波富邦
cup_v1_legacy_mcst,杯柄 V1 旧版复原+MCST,600773.SH,2024-11-07,0.610614,legacy_confirmed_cup,14.65,15.05,10.5,14.77,2024-11-05,23.371648,18.414918,94,5,1.37931,11.494253,1.502139,1.19002,3.754789,75.6393,30.060934,74.0,19.067103,24.994631,20,12.589804,17.31716,False,False,0.541375,0.865642,0.84501,0.178602,西藏城投
cup_v1_legacy_mcst,杯柄 V1 旧版复原+MCST,600780.SH,2023-02-15,0.792112,legacy_confirmed_cup,7.4,7.9,5.98,7.82,2023-02-13,26.166902,14.935989,66,5,0.565771,3.818953,2.316015,1.886074,0.990099,101.424501,21.727749,88.0,24.196277,14.353968,20,7.018286,11.423212,False,False,0.772781,0.837606,0.873762,0.687424,通宝能源
cup_v1_legacy_mcst,杯柄 V1 旧版复原+MCST,600780.SH,2023-11-24,0.731468,legacy_confirmed_cup,11.31,11.32,9.81,11.22,2023-11-22,19.882468,3.917728,95,6,0.587659,4.799216,1.411507,1.394849,3.134182,69.732441,26.306306,88.0,19.955157,13.177611,20,10.213814,9.851231,False,False,0.583964,0.810844,0.947424,0.674422,通宝能源
cup_v1_legacy_mcst,杯柄 V1 旧版复原+MCST,600792.SH,2023-09-06,0.672898,legacy_confirmed_cup,4.92,4.92,3.3,4.8,2023-09-04,22.074468,11.051213,156,5,1.329787,7.978723,1.515684,5.289348,7.978723,10.914454,27.832512,87.0,15.014164,20.611972,20,4.11528,16.638469,False,False,0.45927,0.869705,1.0,0.473635,云煤能源
cup_v1_legacy_mcst,杯柄 V1 旧版复原+MCST,600803.SH,2024-06-12,0.73325,legacy_confirmed_cup,20.43,20.7,17.37,20.61,2024-06-07,24.073134,11.782631,138,5,7.872016,4.215338,2.529193,1.687398,0.253936,12.670807,15.556636,96.0,36.345515,13.314343,20,19.151659,7.614696,False,False,0.691614,0.892109,0.781742,0.559045,新奥股份
cup_v1_legacy_mcst,杯柄 V1 旧版复原+MCST,600820.SH,2023-04-28,0.635468,legacy_confirmed_cup,6.44,6.56,6.03,6.54,2023-04-26,20.261438,1.470588,144,5,5.882353,3.431373,1.331015,1.807866,1.960784,14.741036,17.960426,79.0,21.730769,13.956524,20,6.14823,6.372078,False,False,0.474418,0.598618,0.995098,0.603739,隧道股份
cup_v1_legacy_mcst,杯柄 V1 旧版复原+MCST,600828.SH,2023-07-21,0.590874,legacy_confirmed_cup,4.3,4.35,3.48,4.33,2023-07-19,18.509615,16.346154,80,5,5.769231,3.846154,1.614359,1.257547,0.721154,26.860841,20.366133,86.0,26.315789,14.525572,20,3.973292,8.977649,False,False,0.306479,0.740654,0.718918,0.773294,茂业商业
cup_v1_legacy_mcst,杯柄 V1 旧版复原+MCST,600831.SH,2025-06-16,0.718941,legacy_confirmed_cup,3.45,3.62,3.11,3.59,2025-06-12,28.481013,1.582278,113,6,2.21519,14.240506,1.600033,1.331586,7.911392,75.568182,34.435262,87.0,23.630137,30.647204,20,3.232973,11.043307,False,False,0.605746,0.89501,0.915793,0.500094,广电网络
cup_v1_legacy_mcst,杯柄 V1 旧版复原+MCST,600843.SH,2023-06-28,0.601621,legacy_confirmed_cup,5.73,5.79,5.5,5.77,2023-06-26,13.949275,0.362319,129,5,3.07971,3.26087,2.995976,1.740139,0.724638,18.888889,19.080068,76.0,18.257261,8.825354,20,5.552833,3.910922,False,False,0.47505,0.76087,0.84058,0.385103,上工申贝
cup_v1_legacy_mcst,杯柄 V1 旧版复原+MCST,600846.SH,2022-12-12,0.643926,legacy_confirmed_cup,9.3,9.44,8.28,9.39,2022-12-08,21.274175,5.802048,145,5,1.251422,3.981797,3.462339,2.215852,-0.227531,18.90411,16.271552,81.0,20.580475,10.754317,20,8.77589,6.997691,False,False,0.453772,0.859997,0.721559,0.628973,同济科技
cup_v1_legacy_mcst,杯柄 V1 旧版复原+MCST,600846.SH,2025-05-07,0.629206,legacy_confirmed_cup,9.57,9.62,8.6,9.43,2025-04-30,13.142857,1.714286,107,5,0.0,8.114286,3.05967,1.360731,4.0,42.276423,21.487603,77.0,17.515528,8.030948,20,8.756187,7.695273,False,False,0.327631,1.0,0.930365,0.392308,同济科技
cup_v1_legacy_mcst,杯柄 V1 旧版复原+MCST,600846.SH,2025-06-30,0.78996,legacy_confirmed_cup,10.83,11.46,9.96,11.38,2025-06-26,23.694779,0.0,113,14,0.200803,5.120482,1.795269,1.362988,5.02008,61.626016,32.624113,79.0,19.520548,15.333774,20,10.499786,8.383159,False,False,0.730928,0.953581,0.931494,0.547206,同济科技
cup_v1_legacy_mcst,杯柄 V1 旧版复原+MCST,600857.SH,2025-07-24,0.715995,legacy_confirmed_cup,11.26,12.37,10.15,12.13,2025-07-22,30.164888,1.551891,117,15,0.775946,8.438409,1.352908,2.258115,7.759457,102.173913,24.855491,80.0,35.187424,17.662536,20,10.974653,10.527408,False,False,0.499283,0.820872,1.0,0.680138,宁波中百
cup_v1_legacy_mcst,杯柄 V1 旧版复原+MCST,600861.SH,2023-02-23,0.644635,legacy_confirmed_cup,24.9,25.63,20.88,25.08,2023-02-21,39.311517,11.262218,129,5,1.869953,4.122397,2.489577,1.718524,-1.444964,44.222361,20.587036,91.0,30.597015,24.29818,20,23.143423,8.367722,False,False,0.6416,0.87933,0.56938,0.431832,北京人力
cup_v1_legacy_mcst,杯柄 V1 旧版复原+MCST,600867.SH,2023-02-14,0.864203,legacy_confirmed_cup,11.39,11.76,9.76,11.65,2023-02-10,20.702754,0.0,133,15,7.312441,7.502374,3.570607,1.74364,5.982906,14.456522,24.599832,86.0,21.72043,22.174754,20,10.710956,8.767135,False,False,0.877087,1.0,1.0,0.536111,通化东宝
cup_v1_legacy_mcst,杯柄 V1 旧版复原+MCST,600872.SH,2022-12-01,0.66142,legacy_confirmed_cup,37.76,39.0,33.34,38.23,2022-11-29,24.198167,4.524628,95,5,0.887743,5.412371,1.449442,1.231884,0.229095,49.697232,28.939597,93.0,39.379023,11.475642,20,34.795603,9.870204,False,False,0.535801,0.849832,0.644579,0.662578,中炬高新
cup_v1_legacy_mcst,杯柄 V1 旧版复原+MCST,600886.SH,2023-05-08,0.707884,legacy_confirmed_cup,12.6,12.84,11.13,12.71,2023-05-04,14.957265,0.802139,141,12,4.102564,6.410256,4.302982,2.115102,0.34188,29.424779,19.0625,82.0,23.511905,15.709008,20,11.814913,7.575907,False,False,0.465998,1.0,0.792735,0.681187,国投电力
cup_v1_legacy_mcst,杯柄 V1 旧版复原+MCST,600889.SH,2023-12-06,0.755617,legacy_confirmed_cup,6.71,7.11,5.56,7.11,2023-12-04,23.434705,0.536673,160,12,3.935599,5.008945,4.571405,5.182127,1.788909,21.493213,24.600639,92.0,29.580574,15.92581,20,6.208031,14.529071,False,False,0.565961,1.0,0.973614,0.56404,南京化纤
cup_v1_legacy_mcst,杯柄 V1 旧版复原+MCST,600894.SH,2023-03-28,0.584438,legacy_confirmed_cup,7.57,7.76,6.9,7.69,2023-03-24,17.534247,5.479452,137,5,4.520548,3.287671,2.762427,1.677334,0.410959,17.537943,16.339869,70.0,18.553459,12.187078,20,7.311233,5.180624,False,False,0.514238,0.764555,0.80137,0.265212,广日股份
cup_v1_legacy_mcst,杯柄 V1 旧版复原+MCST,600901.SH,2025-06-12,0.709904,legacy_confirmed_cup,6.21,6.33,5.86,6.28,2025-06-10,19.095477,1.842546,158,5,7.035176,4.690117,1.75214,1.350998,0.0,32.142857,21.69059,84.0,19.961612,18.883447,20,5.92721,5.952037,False,False,0.637824,0.898033,0.675499,0.635289,江苏金租
cup_v1_legacy_mcst,杯柄 V1 旧版复原+MCST,600938.SH,2024-02-05,0.567627,legacy_confirmed_cup,22.27,23.24,19.88,23.04,2024-02-01,15.611814,6.797937,119,6,7.407407,3.984998,1.453195,1.363604,2.766057,28.664495,20.476799,97.0,18.293333,11.140341,20,21.7352,6.003164,False,False,0.406676,0.711396,0.931802,0.305407,中国海油
cup_v1_legacy_mcst,杯柄 V1 旧版复原+MCST,600959.SH,2023-05-05,0.721709,legacy_confirmed_cup,3.87,4.08,3.38,3.99,2023-04-28,18.075802,1.457726,148,13,6.705539,5.830904,1.626021,2.363764,0.874636,10.344828,18.49866,82.0,23.890785,15.479441,20,3.598211,10.888446,False,False,0.531425,0.902806,0.859329,0.690715,江苏有线
cup_v1_legacy_mcst,杯柄 V1 旧版复原+MCST,600963.SH,2023-02-20,0.763355,legacy_confirmed_cup,6.91,7.3,6.0,7.29,2023-02-16,22.308892,3.225806,120,19,3.276131,8.580343,1.268922,1.222433,7.644306,57.107843,25.069638,91.0,28.176796,20.763447,20,6.719228,8.494611,False,False,0.855669,0.795677,0.861217,0.463544,岳阳林纸
cup_v1_legacy_mcst,杯柄 V1 旧版复原+MCST,600963.SH,2026-02-04,0.624224,legacy_confirmed_cup,6.02,6.28,4.55,6.15,2026-02-02,18.2,4.811715,98,8,4.4,14.4,1.955423,1.395947,12.0,21.359223,30.442177,71.0,18.918919,24.136434,20,5.217988,17.861517,False,False,0.485414,1.0,0.947974,0.073672,岳阳林纸
cup_v1_legacy_mcst,杯柄 V1 旧版复原+MCST,600967.SH,2023-03-08,0.587662,legacy_confirmed_cup,9.62,9.82,9.46,9.77,2023-03-06,18.947368,0.421053,133,9,2.315789,3.368421,1.623216,1.082829,0.947368,20.051746,19.5,73.0,17.0441,13.812187,20,9.541218,2.397827,False,False,0.615922,0.677623,0.659835,0.353585,内蒙一机
cup_v1_legacy_mcst,杯柄 V1 旧版复原+MCST,600968.SH,2024-04-09,0.681145,legacy_confirmed_cup,3.71,3.76,3.2,3.71,2024-04-03,22.713864,5.60472,104,5,3.539823,10.914454,1.885061,1.189741,6.784661,15.140845,30.687831,91.0,17.5,23.430447,20,3.44923,7.560238,False,False,0.591055,0.980518,0.84487,0.300862,海油发展
cup_v1_legacy_mcst,杯柄 V1 旧版复原+MCST,600969.SH,2025-04-24,0.712812,legacy_confirmed_cup,7.43,8.07,6.97,8.07,2025-04-22,20.555556,3.194444,99,5,1.944444,3.75,2.013947,1.423886,1.666667,41.767068,27.125,74.0,15.100154,12.193046,20,7.241403,11.442491,False,False,0.708497,0.828125,0.920276,0.368759,郴电国际
cup_v1_legacy_mcst,杯柄 V1 旧版复原+MCST,600969.SH,2026-01-06,0.699217,legacy_confirmed_cup,10.26,10.51,8.53,10.36,2025-12-31,27.526882,8.27957,137,17,7.849462,10.0,2.173362,1.037273,3.44086,49.825175,31.835564,77.0,29.003783,27.120224,20,9.745158,6.309204,False,False,0.626304,1.0,0.768637,0.381417,郴电国际
cup_v1_legacy_mcst,杯柄 V1 旧版复原+MCST,600970.SH,2023-03-15,0.650033,legacy_confirmed_cup,10.89,11.37,8.43,11.27,2023-03-13,24.293785,14.329268,66,7,7.344633,3.578154,2.459289,1.462879,-1.600753,43.902439,24.732143,82.0,18.662352,20.210916,20,10.139874,11.145362,False,False,0.681745,0.804496,0.531345,0.520144,中材国际
cup_v1_legacy_mcst,杯柄 V1 旧版复原+MCST,600971.SH,2023-12-04,0.717652,legacy_confirmed_cup,11.15,11.35,9.63,11.2,2023-11-30,26.034309,0.925926,126,14,1.917255,8.779011,1.207047,1.342242,7.265388,40.368272,27.22323,85.0,15.417559,23.660488,20,10.110124,10.780046,False,False,0.690751,0.777114,0.921121,0.486934,恒源煤电
cup_v1_legacy_mcst,杯柄 V1 旧版复原+MCST,600983.SH,2024-01-09,0.648848,legacy_confirmed_cup,9.41,9.88,7.95,9.8,2024-01-05,21.888889,11.666667,145,5,2.444444,3.111111,1.665591,1.690563,1.333333,34.869432,19.578947,90.0,15.566625,12.595169,20,8.852563,10.702408,False,False,0.544566,0.654955,0.916667,0.55589,惠而浦
cup_v1_legacy_mcst,杯柄 V1 旧版复原+MCST,600986.SH,2023-03-24,0.780195,legacy_confirmed_cup,6.73,6.95,5.65,6.89,2023-03-22,30.24,3.418803,130,14,6.4,7.2,2.322286,1.729716,4.48,46.370023,30.735294,89.0,39.583333,28.143827,20,6.197116,11.180742,False,False,0.605895,1.0,1.0,0.590661,浙文互联
cup_v1_legacy_mcst,杯柄 V1 旧版复原+MCST,600988.SH,2025-09-09,0.659559,legacy_confirmed_cup,28.76,30.8,23.9,30.8,2025-09-05,12.702703,7.722008,83,6,7.837838,7.528958,1.240998,1.588111,2.586873,53.504823,23.016684,86.0,41.155601,9.90059,20,26.620295,15.701196,False,False,0.259679,0.787299,1.0,0.859235,赤峰黄金
cup_v1_legacy_mcst,杯柄 V1 旧版复原+MCST,600989.SH,2024-04-02,0.684835,legacy_confirmed_cup,16.87,17.24,15.44,16.89,2024-03-29,17.692308,1.025641,124,8,7.051282,4.807692,2.037546,1.873006,0.192308,21.746432,21.707317,90.0,16.785714,12.743718,20,15.827416,6.713564,False,False,0.492226,0.973558,0.774038,0.571795,宝丰能源
cup_v1_legacy_mcst,杯柄 V1 旧版复原+MCST,600993.SH,2023-02-21,0.704697,legacy_confirmed_cup,26.06,26.66,21.47,26.47,2023-02-17,20.569106,12.723577,91,5,4.918699,3.170732,1.948753,1.569457,1.260163,30.016676,17.833907,84.0,16.636029,10.92011,20,24.716381,7.094965,False,False,0.562125,0.748101,0.90752,0.697122,马应龙
cup_v1_legacy_mcst,杯柄 V1 旧版复原+MCST,600999.SH,2024-09-30,0.764366,legacy_confirmed_cup,19.31,19.44,14.89,19.44,2024-09-26,11.548556,1.781003,99,5,0.524934,8.923885,3.018435,3.668468,3.740157,20.760697,18.84407,95.0,17.480538,14.46697,20,16.427327,18.339401,False,False,0.683297,1.0,1.0,0.376062,招商证券
cup_v1_legacy_mcst,杯柄 V1 旧版复原+MCST,601000.SH,2024-07-29,0.662678,legacy_confirmed_cup,5.13,5.3,4.7,5.27,2024-07-25,15.157895,1.052632,92,18,5.894737,7.578947,1.534443,1.264975,4.631579,35.454545,22.5,97.0,36.266667,15.829241,20,4.96722,6.095553,False,False,0.500477,0.875333,0.882487,0.460901,唐山港
cup_v1_legacy_mcst,杯柄 V1 旧版复原+MCST,601002.SH,2025-08-13,0.749465,legacy_confirmed_cup,5.62,6.08,5.12,6.08,2025-08-11,30.929791,2.8463,94,15,2.27704,8.918406,3.90446,1.966153,3.225806,81.978799,20.8981,73.0,26.153846,17.067201,20,5.422596,12.123414,False,False,0.64801,1.0,1.0,0.363307,晋亿实业
cup_v1_legacy_mcst,杯柄 V1 旧版复原+MCST,601006.SH,2023-05-04,0.622088,legacy_confirmed_cup,7.71,8.05,7.42,7.96,2023-04-27,14.630872,0.402685,122,9,6.040268,3.892617,1.47574,2.004363,1.744966,17.647059,14.819588,80.0,19.814241,12.388374,20,7.531838,5.684701,False,False,0.361611,0.705457,0.968121,0.627679,大秦铁路
cup_v1_legacy_mcst,杯柄 V1 旧版复原+MCST,601009.SH,2022-04-08,0.664682,legacy_confirmed_cup,11.36,11.61,9.2,11.57,2022-04-06,20.699433,11.111111,159,10,2.173913,7.561437,1.775054,1.043759,2.835539,34.77707,23.143351,87.0,23.83025,17.167592,20,10.429814,10.93199,False,False,0.410989,0.947516,0.771879,0.647906,南京银行
cup_v1_legacy_mcst,杯柄 V1 旧版复原+MCST,601009.SH,2022-04-19,0.729557,legacy_confirmed_cup,11.73,11.84,10.59,11.77,2022-04-15,17.619494,0.749766,107,9,5.342081,11.527648,1.517869,1.267089,4.873477,20.381406,23.333333,88.0,18.525896,21.293457,20,11.064483,6.376416,False,False,0.696603,0.870361,0.883545,0.457233,南京银行
cup_v1_legacy_mcst,杯柄 V1 旧版复原+MCST,601019.SH,2023-03-22,0.609625,legacy_confirmed_cup,7.47,7.58,6.87,7.58,2023-03-20,17.231638,2.966102,126,5,3.954802,4.519774,1.645068,1.111949,3.248588,22.302158,18.340027,71.0,15.805947,15.438615,20,7.061069,7.349184,False,False,0.54712,0.842489,0.805975,0.231577,山东出版
cup_v1_legacy_mcst,杯柄 V1 旧版复原+MCST,601019.SH,2023-04-19,0.737622,legacy_confirmed_cup,8.41,8.71,7.31,8.62,2023-04-17,20.488467,0.814111,132,20,7.734057,11.397558,1.251493,1.414509,10.040706,22.302158,28.636364,84.0,33.279221,23.123836,20,8.038139,7.238751,False,False,0.615569,0.790448,0.957255,0.665551,山东出版
cup_v1_legacy_mcst,杯柄 V1 旧版复原+MCST,601020.SH,2024-11-05,0.642707,legacy_confirmed_cup,14.12,15.57,11.58,15.57,2024-11-01,25.296736,14.094955,90,16,4.747774,8.753709,1.620266,1.870654,-0.593472,112.935323,31.309686,90.0,35.364728,18.930759,20,12.984143,19.915502,False,False,0.454655,0.90108,0.675816,0.615723,华钰矿业
cup_v1_legacy_mcst,杯柄 V1 旧版复原+MCST,601038.SH,2023-11-29,0.666349,legacy_confirmed_cup,13.23,13.69,11.15,13.48,2023-11-27,17.086614,9.862571,143,5,2.598425,5.354331,2.645144,1.703337,-0.866142,47.331787,17.563528,87.0,19.464286,13.99442,20,12.442245,8.340575,False,False,0.432249,1.0,0.641732,0.683575,一拖股份
cup_v1_legacy_mcst,杯柄 V1 旧版复原+MCST,601058.SH,2025-12-12,0.709385,legacy_confirmed_cup,17.7,18.05,15.48,17.9,2025-12-10,30.330882,5.147059,160,7,6.801471,9.926471,1.878904,1.251441,5.330882,13.762154,23.624236,86.0,48.509934,24.850664,20,16.612989,7.747017,False,False,0.476965,0.978671,0.875721,0.613177,赛轮轮胎
cup_v1_legacy_mcst,杯柄 V1 旧版复原+MCST,601068.SH,2023-04-27,0.67077,legacy_confirmed_cup,6.28,6.83,5.98,6.83,2023-04-25,21.416526,-1.184433,97,6,0.337268,7.588533,1.716122,1.410033,2.192243,58.133333,27.883212,95.0,66.579634,22.802515,20,5.995829,13.912529,False,False,0.624953,0.929837,0.955017,0.142868,中铝国际
cup_v1_legacy_mcst,杯柄 V1 旧版复原+MCST,601086.SH,2023-05-12,0.635605,legacy_confirmed_cup,4.9,4.91,3.78,4.83,2023-05-10,24.94577,16.0,61,5,2.386117,3.687636,1.289816,1.122226,1.301518,27.700831,21.73913,88.0,29.891304,15.194602,20,4.356207,10.876276,False,False,0.545141,0.621495,0.723803,0.723358,国芳集团
cup_v1_legacy_mcst,杯柄 V1 旧版复原+MCST,601088.SH,2024-01-08,0.743195,legacy_confirmed_cup,33.3,33.81,30.07,33.65,2024-01-04,14.987406,5.321159,143,5,0.094458,5.258186,1.399593,1.335514,3.935768,18.572496,12.797619,91.0,17.257103,11.58273,20,31.757906,5.957869,False,False,0.709496,0.834878,0.917757,0.513001,中国神华
cup_v1_legacy_mcst,杯柄 V1 旧版复原+MCST,601089.SH,2026-01-09,0.706922,legacy_confirmed_cup,27.54,30.27,22.74,30.27,2026-01-07,20.535041,12.064965,79,12,2.56217,6.103994,2.213859,1.617451,1.733233,89.436117,28.508475,86.0,54.980737,16.801239,20,25.878946,16.967667,False,False,0.351152,1.0,0.966654,0.703438,福元医药
cup_v1_legacy_mcst,杯柄 V1 旧版复原+MCST,601099.SH,2023-07-28,0.669844,legacy_confirmed_cup,3.32,3.64,2.62,3.64,2023-07-26,10.283688,1.132075,119,5,6.028369,14.184397,11.219792,6.490598,10.992908,13.709677,21.428571,84.0,16.666667,20.870871,20,3.204072,13.605438,False,False,0.312325,1.0,1.0,0.552654,太平洋
cup_v1_legacy_mcst,杯柄 V1 旧版复原+MCST,601106.SH,2023-05-05,0.557161,legacy_confirmed_cup,3.52,3.53,3.29,3.48,2023-04-28,16.516517,1.201201,152,11,4.204204,3.303303,1.898006,1.818941,-0.900901,17.712177,12.103746,76.0,17.006803,10.732584,20,3.372065,3.200862,False,False,0.451003,0.751106,0.637387,0.420279,中国一重
cup_v1_legacy_mcst,杯柄 V1 旧版复原+MCST,601107.SH,2023-05-08,0.708189,legacy_confirmed_cup,4.55,4.58,3.69,4.54,2023-05-04,10.218978,8.436725,63,5,1.946472,6.326034,5.537168,2.756219,1.946472,10.187668,15.801354,74.0,16.223404,13.1709,20,4.130523,9.91345,False,False,0.515283,1.0,0.993309,0.395893,四川成渝
cup_v1_legacy_mcst,杯柄 V1 旧版复原+MCST,601111.SH,2022-06-30,0.752845,legacy_confirmed_cup,11.54,11.74,9.85,11.61,2022-06-28,20.706575,3.336605,97,5,2.944063,10.893032,1.922167,1.910381,2.845927,58.747994,30.703259,94.0,31.548312,17.472776,20,10.178692,14.061803,False,False,0.599192,0.99165,1.0,0.476078,中国国航
cup_v1_legacy_mcst,杯柄 V1 旧版复原+MCST,601118.SH,2025-11-05,0.664391,legacy_confirmed_cup,5.91,6.16,5.06,6.02,2025-11-03,20.508167,8.166969,145,10,0.725953,8.166969,2.392385,1.732099,1.451906,21.286031,19.934102,70.0,27.623126,18.491029,20,5.610439,7.299975,False,False,0.515148,1.0,0.931488,0.238956,海南橡胶
cup_v1_legacy_mcst,杯柄 V1 旧版复原+MCST,601126.SH,2025-10-15,0.701822,legacy_confirmed_cup,23.2,24.88,18.73,24.88,2025-10-13,19.895288,1.937173,137,5,3.350785,22.198953,3.445866,2.493662,11.308901,20.653595,34.073476,76.0,42.143727,36.387542,20,20.687068,20.268372,False,False,0.470658,1.0,1.0,0.435459,四方股份
cup_v1_legacy_mcst,杯柄 V1 旧版复原+MCST,601138.SH,2023-03-13,0.847704,legacy_confirmed_cup,10.88,11.63,9.2,11.61,2023-03-09,22.848665,4.564315,121,20,4.648863,10.286845,2.584583,1.575734,5.143422,12.458287,23.71308,81.0,18.114407,21.121049,20,10.721552,8.286559,False,False,0.874911,1.0,1.0,0.457428,工业富联
cup_v1_legacy_mcst,杯柄 V1 旧版复原+MCST,601156.SH,2022-05-10,0.553284,legacy_confirmed_cup,24.03,24.83,20.02,24.71,2022-05-06,20.584498,15.205421,140,8,2.244812,3.134265,2.112689,1.355611,-0.381194,26.813187,24.226597,92.0,23.104146,15.39783,20,22.942994,7.701723,False,False,0.396837,0.743461,0.630156,0.512475,东航物流
cup_v1_legacy_mcst,杯柄 V1 旧版复原+MCST,601162.SH,2023-08-03,0.60142,legacy_confirmed_cup,3.86,4.0,2.9,3.98,2023-08-01,12.765957,11.854103,69,5,3.647416,16.717325,5.998709,2.691736,11.550152,17.407407,28.039702,92.0,25.901639,26.534311,20,3.598779,10.593062,False,False,0.232402,1.0,1.0,0.350396,天风证券
cup_v1_legacy_mcst,杯柄 V1 旧版复原+MCST,601168.SH,2023-04-18,0.748944,legacy_confirmed_cup,14.02,14.49,10.79,14.22,2023-04-14,24.39834,10.456432,148,14,1.493776,13.443983,1.547847,1.223913,10.456432,14.134615,21.641249,88.0,43.291405,22.480979,20,12.757103,11.467315,False,False,0.67097,0.879354,0.861957,0.609372,西部矿业
cup_v1_legacy_mcst,杯柄 V1 旧版复原+MCST,601169.SH,2025-06-20,0.611142,legacy_confirmed_cup,6.79,6.88,6.35,6.84,2025-06-18,10.95679,2.006173,101,5,3.395062,5.246914,1.317674,1.156088,2.623457,29.338843,15.22694,82.0,15.008432,12.097304,20,6.483359,5.500865,False,False,0.327701,0.810302,0.828044,0.64131,北京银行
cup_v1_legacy_mcst,杯柄 V1 旧版复原+MCST,601177.SH,2023-03-28,0.626035,legacy_confirmed_cup,10.43,10.5,8.96,10.38,2023-03-24,25.274725,3.552207,122,15,7.192807,3.796204,3.622754,1.435909,-1.998002,38.450899,26.93032,79.0,25.939394,21.201516,20,9.662161,7.429384,False,False,0.659526,0.834478,0.468204,0.464701,杭齿前进
cup_v1_legacy_mcst,杯柄 V1 旧版复原+MCST,601177.SH,2023-05-11,0.679332,legacy_confirmed_cup,10.87,11.27,8.99,11.17,2023-05-09,28.283797,13.806328,146,5,4.026846,3.930968,2.091324,1.153483,2.301055,38.450899,22.418358,87.0,27.230047,20.76761,20,10.141467,10.141861,False,False,0.521004,0.853008,0.826742,0.591903,杭齿前进
cup_v1_legacy_mcst,杯柄 V1 旧版复原+MCST,601187.SH,2024-05-24,0.73036,legacy_confirmed_cup,5.92,6.05,5.63,5.97,2024-05-22,15.465729,1.054482,148,5,0.351494,5.623902,1.696056,1.18468,3.690685,14.545455,14.214876,90.0,16.247582,14.177155,20,5.707404,4.600967,False,False,0.635028,0.923817,0.84234,0.543392,厦门银行
cup_v1_legacy_mcst,杯柄 V1 旧版复原+MCST,601187.SH,2025-06-24,0.755017,legacy_confirmed_cup,6.94,7.02,6.12,6.95,2025-06-20,17.412141,2.236422,108,18,7.028754,8.146965,2.142217,1.461705,4.632588,31.081081,19.650655,85.0,18.77193,16.466439,20,6.533828,6.369499,False,False,0.491665,1.0,0.980853,0.683817,厦门银行
cup_v1_legacy_mcst,杯柄 V1 旧版复原+MCST,601198.SH,2024-11-04,0.772068,legacy_confirmed_cup,11.85,12.51,9.34,12.51,2024-10-31,19.189765,0.426439,103,20,3.304904,16.950959,1.340429,2.035456,12.473348,27.030812,34.854772,81.0,24.659091,26.894158,20,10.966642,14.073201,False,False,0.778874,0.817129,1.0,0.475901,东兴证券
cup_v1_legacy_mcst,杯柄 V1 旧版复原+MCST,601225.SH,2024-01-08,0.812584,legacy_confirmed_cup,22.04,22.36,18.87,22.25,2024-01-04,24.222116,4.504049,142,17,5.409287,5.457157,1.600398,1.696731,2.44136,17.359551,21.179138,90.0,15.703782,21.614162,20,20.773897,7.105564,False,False,0.909709,0.895119,1.0,0.352029,陕西煤业
cup_v1_legacy_mcst,杯柄 V1 旧版复原+MCST,601228.SH,2022-06-14,0.666821,legacy_confirmed_cup,4.07,4.36,3.41,4.31,2022-06-10,15.449438,4.213483,160,7,0.842697,11.797753,2.170548,2.130082,8.146067,17.275748,28.162291,91.0,20.972644,18.458257,20,3.834128,12.411482,False,False,0.362842,1.0,1.0,0.449132,广州港
cup_v1_legacy_mcst,杯柄 V1 旧版复原+MCST,601279.SH,2023-11-30,0.750132,legacy_confirmed_cup,6.31,7.02,6.03,7.02,2023-11-28,15.196078,1.470588,95,8,7.026144,5.228758,2.415402,2.089943,-0.653595,25.054945,18.223583,93.0,32.238193,12.972546,20,6.23382,12.611529,False,False,0.687867,1.0,0.668301,0.628592,英利汽车
cup_v1_legacy_mcst,杯柄 V1 旧版复原+MCST,601288.SH,2025-06-25,0.606742,legacy_confirmed_cup,5.96,6.07,5.48,6.02,2025-06-23,13.427562,3.180212,88,5,5.123675,4.063604,1.376542,1.36194,1.413428,22.60274,17.03204,82.0,16.865079,11.182772,20,5.671582,6.143226,False,False,0.380023,0.699208,0.857648,0.637013,农业银行
cup_v1_legacy_mcst,杯柄 V1 旧版复原+MCST,601318.SH,2023-01-11,0.763089,legacy_confirmed_cup,49.5,51.0,44.58,50.7,2023-01-09,24.658972,6.344538,122,5,0.104932,6.841553,1.710282,1.674548,3.126967,12.567919,29.538763,84.0,16.766055,18.98891,20,47.665379,6.36651,False,False,0.602653,0.928085,1.0,0.600696,中国平安
cup_v1_legacy_mcst,杯柄 V1 旧版复原+MCST,601318.SH,2026-01-05,0.681806,legacy_confirmed_cup,69.2,73.0,63.52,72.36,2025-12-30,15.115005,0.610233,94,12,5.977155,7.651385,1.376997,1.051129,6.63433,27.851064,24.631842,70.0,21.920964,15.712742,20,66.974087,8.041787,False,False,0.769686,0.828099,0.775564,0.251391,中国平安
cup_v1_legacy_mcst,杯柄 V1 旧版复原+MCST,601319.SH,2023-04-26,0.688959,legacy_confirmed_cup,5.86,5.92,5.01,5.82,2023-04-24,15.658363,10.854093,56,5,7.295374,3.914591,1.745597,1.517897,2.135231,25.240385,15.798319,77.0,17.979798,11.929214,20,5.534541,5.157774,False,False,0.550626,0.789435,1.0,0.494408,中国人保
cup_v1_legacy_mcst,杯柄 V1 旧版复原+MCST,601319.SH,2024-09-05,0.616661,legacy_confirmed_cup,6.06,6.18,5.68,6.16,2024-09-03,13.66782,1.730104,125,5,7.439446,7.439446,1.789866,1.289932,4.32526,18.362832,18.488746,96.0,18.285714,15.58506,20,5.850697,5.286592,False,False,0.386693,0.95196,0.894966,0.321679,中国人保
cup_v1_legacy_mcst,杯柄 V1 旧版复原+MCST,601319.SH,2024-09-26,0.711286,legacy_confirmed_cup,6.4,6.64,5.68,6.64,2024-09-24,12.283737,1.730104,88,17,6.401384,9.515571,1.320493,1.432227,5.882353,19.690265,19.527559,97.0,23.632812,15.528517,20,6.119855,8.499295,False,False,0.705315,0.811148,0.966114,0.342081,中国人保
cup_v1_legacy_mcst,杯柄 V1 旧版复原+MCST,601319.SH,2025-06-26,0.690591,legacy_confirmed_cup,9.08,9.11,8.08,9.0,2025-06-24,24.343675,3.579952,152,10,3.341289,7.398568,1.451619,1.147351,2.983294,61.033797,30.861505,86.0,22.95082,22.834753,20,8.525341,5.567622,False,False,0.591004,0.850486,0.823676,0.531915,中国人保
cup_v1_legacy_mcst,杯柄 V1 旧版复原+MCST,601326.SH,2023-05-08,0.645118,legacy_confirmed_cup,4.48,4.48,2.98,4.48,2023-05-04,14.098361,2.295082,148,5,4.590164,21.311475,3.599634,1.063397,13.442623,16.86747,25.135135,89.0,37.546468,29.532923,20,3.264296,37.242453,False,False,0.356342,1.0,0.781698,0.570292,秦港股份
cup_v1_legacy_mcst,杯柄 V1 旧版复原+MCST,601333.SH,2023-03-07,0.565158,legacy_confirmed_cup,2.39,2.41,2.12,2.36,2023-03-03,17.748918,8.225108,119,5,0.865801,3.030303,1.870295,1.275538,0.4329,17.435897,11.666667,72.0,15.533981,12.096711,20,2.287187,3.183514,False,False,0.54321,0.705255,0.691881,0.301723,广深铁路
cup_v1_legacy_mcst,杯柄 V1 旧版复原+MCST,601336.SH,2025-06-26,0.689202,legacy_confirmed_cup,60.2,61.03,46.35,60.33,2025-06-24,21.667552,14.356984,86,10,4.195433,3.434236,1.499529,1.324166,1.079837,98.141003,22.192379,82.0,17.707494,16.927623,20,55.23451,9.225193,False,False,0.711036,0.649566,0.797063,0.592677,新华保险
cup_v1_legacy_mcst,杯柄 V1 旧版复原+MCST,601336.SH,2025-07-25,0.738607,legacy_confirmed_cup,63.26,64.48,57.83,63.79,2025-07-23,27.004289,4.602441,153,13,6.812933,5.493237,1.464063,1.164455,1.798086,98.141003,26.069373,81.0,35.746126,22.479663,20,61.273287,4.107358,False,False,0.696283,0.854219,0.806988,0.59978,新华保险
cup_v1_legacy_mcst,杯柄 V1 旧版复原+MCST,601339.SH,2023-02-15,0.689067,legacy_confirmed_cup,7.01,7.14,6.15,7.0,2023-02-13,20.0,0.806452,159,5,1.774194,9.516129,1.713685,1.469861,5.322581,18.48249,23.020528,90.0,28.355388,20.051274,20,6.340247,10.4058,False,False,0.446517,0.929105,0.98493,0.517617,百隆东方
cup_v1_legacy_mcst,杯柄 V1 旧版复原+MCST,601390.SH,2023-03-15,0.699267,legacy_confirmed_cup,7.07,7.55,6.42,7.48,2023-03-13,25.637181,3.748126,156,5,0.29985,3.298351,2.110565,1.920183,-1.649175,22.693727,21.582734,80.0,18.181818,21.324177,20,6.563218,13.968477,False,False,0.900807,0.766023,0.543853,0.418541,中国中铁
cup_v1_legacy_mcst,杯柄 V1 旧版复原+MCST,601398.SH,2024-07-15,0.565582,legacy_confirmed_cup,6.09,6.24,5.59,6.2,2024-07-11,9.285714,0.178571,95,12,7.857143,5.892857,1.283174,1.387078,4.642857,13.656388,11.314476,94.0,21.516393,10.421451,20,5.799069,6.913705,False,False,0.26361,0.799952,0.943539,0.423114,工商银行
cup_v1_legacy_mcst,杯柄 V1 旧版复原+MCST,601398.SH,2025-06-26,0.594618,legacy_confirmed_cup,7.66,7.75,6.93,7.72,2025-06-24,12.208505,4.938272,78,5,4.663923,4.663923,1.314846,1.140108,2.880658,27.522936,13.612565,81.0,16.845329,9.980661,20,7.243872,6.572843,False,False,0.358114,0.763243,0.820054,0.57228,工商银行
cup_v1_legacy_mcst,杯柄 V1 旧版复原+MCST,601555.SH,2023-07-28,0.743963,legacy_confirmed_cup,8.31,9.13,7.45,9.13,2023-07-26,12.630208,2.994792,115,5,5.078125,7.291667,2.293103,2.574187,5.729167,19.117647,19.45433,84.0,16.056338,15.227297,20,7.969097,14.567562,False,False,0.446959,1.0,1.0,0.68764,东吴证券
cup_v1_legacy_mcst,杯柄 V1 旧版复原+MCST,601577.SH,2025-06-04,0.656398,legacy_confirmed_cup,9.99,10.23,8.67,10.17,2025-05-30,14.67793,8.44773,99,14,6.230201,3.590285,1.341055,1.366287,3.273495,36.196319,13.420787,78.0,15.005862,9.341185,20,9.619895,5.71841,False,False,0.648598,0.623481,0.933144,0.43445,长沙银行
cup_v1_legacy_mcst,杯柄 V1 旧版复原+MCST,601577.SH,2025-06-25,0.587846,legacy_confirmed_cup,9.99,10.19,9.79,10.17,2025-06-23,17.635066,0.203874,99,15,7.543323,3.465851,1.311682,1.34353,1.019368,39.110429,16.473988,82.0,17.74942,10.942097,20,10.038912,1.305804,False,False,0.430432,0.597559,0.799186,0.63984,长沙银行
cup_v1_legacy_mcst,杯柄 V1 旧版复原+MCST,601579.SH,2025-04-10,0.74432,legacy_confirmed_cup,12.22,13.65,10.36,13.65,2025-04-08,12.940141,1.614435,115,8,7.306338,7.570423,3.124427,2.505894,-0.528169,30.126002,23.511214,84.0,18.181818,12.950311,20,11.835305,15.332899,False,False,0.585307,1.0,0.683979,0.763335,会稽山
cup_v1_legacy_mcst,杯柄 V1 旧版复原+MCST,601595.SH,2025-08-01,0.689409,legacy_confirmed_cup,38.98,39.99,27.1,39.5,2025-07-30,34.133333,19.703704,107,5,7.644444,6.785185,1.978907,2.102711,-0.266667,93.362283,26.855601,83.0,39.204326,23.104249,20,32.986226,19.746952,False,False,0.451461,1.0,0.716667,0.690319,上海电影
cup_v1_legacy_mcst,杯柄 V1 旧版复原+MCST,601598.SH,2023-05-08,0.733157,legacy_confirmed_cup,4.69,5.14,4.02,5.14,2023-05-04,18.224299,6.074766,124,19,7.943925,9.345794,1.683339,1.699993,4.439252,15.542522,19.027484,85.0,28.92562,15.882219,20,4.527311,13.533177,False,False,0.409041,0.920002,1.0,0.799959,中国外运
cup_v1_legacy_mcst,杯柄 V1 旧版复原+MCST,601598.SH,2025-09-15,0.744853,legacy_confirmed_cup,6.29,6.32,5.45,6.26,2025-09-11,17.939609,3.197158,151,13,3.730018,11.722913,1.835141,1.661452,6.394316,25.462963,22.380952,74.0,23.818898,21.309526,20,5.818873,7.580978,False,False,0.713687,0.965542,1.0,0.268382,中国外运
cup_v1_legacy_mcst,杯柄 V1 旧版复原+MCST,601598.SH,2025-09-25,0.787773,legacy_confirmed_cup,7.24,7.95,5.51,7.8,2025-09-23,18.085106,2.304965,160,18,4.078014,24.822695,1.964565,1.814421,23.049645,25.231481,31.293463,79.0,36.170213,33.263925,20,6.527771,19.489482,False,False,0.666752,1.0,1.0,0.522047,中国外运
cup_v1_legacy_mcst,杯柄 V1 旧版复原+MCST,601599.SH,2026-02-10,0.825041,legacy_confirmed_cup,5.12,5.64,4.28,5.64,2026-02-06,21.788991,1.834862,160,6,4.587156,14.908257,3.887769,2.154976,12.844037,39.597315,32.527881,77.0,28.461538,29.719933,20,4.706347,19.838172,False,False,0.856692,1.0,1.0,0.375995,浙文影业
cup_v1_legacy_mcst,杯柄 V1 旧版复原+MCST,601600.SH,2025-10-27,0.70441,legacy_confirmed_cup,9.27,9.41,7.32,9.4,2025-10-23,27.139364,10.513447,137,12,3.667482,10.513447,1.471442,1.235451,6.356968,28.548124,21.035599,76.0,39.506173,22.471098,20,8.530417,10.193913,False,False,0.639202,0.856433,0.867726,0.465181,中国铝业
cup_v1_legacy_mcst,杯柄 V1 旧版复原+MCST,601601.SH,2023-02-13,0.624577,legacy_confirmed_cup,26.25,27.16,23.45,27.13,2023-02-09,29.559748,7.822327,113,15,6.603774,4.913522,1.319409,1.053171,0.825472,19.337017,22.583026,93.0,36.451943,19.324469,20,25.83357,5.018392,False,False,0.560656,0.798932,0.629769,0.513304,中国太保
cup_v1_legacy_mcst,杯柄 V1 旧版复原+MCST,601608.SH,2025-03-26,0.735531,legacy_confirmed_cup,5.64,6.11,4.46,6.11,2025-03-24,18.843683,4.496788,104,5,5.781585,23.982869,5.582302,3.783688,15.417559,34.146341,34.542314,81.0,67.826087,35.618364,20,5.265177,16.045483,False,False,0.599053,1.0,1.0,0.37931,中信重工
cup_v1_legacy_mcst,杯柄 V1 旧版复原+MCST,601609.SH,2026-01-22,0.638028,legacy_confirmed_cup,11.75,12.3,10.72,12.09,2026-01-20,9.576427,1.289134,93,12,4.696133,5.064457,1.980528,2.038718,-0.184162,100.193424,17.961571,78.0,35.349941,3.720987,20,11.207659,7.872662,False,False,0.409014,1.0,0.72698,0.497386,金田股份
cup_v1_legacy_mcst,杯柄 V1 旧版复原+MCST,601618.SH,2023-03-17,0.713817,legacy_confirmed_cup,3.89,4.15,3.13,4.07,2023-03-15,20.775623,13.296399,104,9,1.108033,7.756233,2.105872,1.811792,2.493075,11.912226,20.356234,81.0,17.522659,19.242854,20,3.715035,9.554808,False,False,0.468926,1.0,1.0,0.498466,中国中冶
cup_v1_legacy_mcst,杯柄 V1 旧版复原+MCST,601619.SH,2025-09-25,0.584522,legacy_confirmed_cup,4.61,5.07,4.0,5.07,2025-09-23,17.936118,1.719902,115,9,0.0,11.793612,1.322201,1.769313,4.914005,51.301115,29.862475,70.0,24.657534,20.240481,20,4.607991,10.026247,False,False,0.424268,0.81166,1.0,0.165563,嘉泽新能
cup_v1_legacy_mcst,杯柄 V1 旧版复原+MCST,601628.SH,2022-12-05,0.740443,legacy_confirmed_cup,35.71,37.15,32.25,37.1,2022-12-01,21.214896,1.556777,102,5,3.021978,8.608059,1.560232,1.353913,6.654457,33.599664,29.282065,93.0,41.35876,19.907323,20,33.587271,10.458514,False,False,0.657598,0.88307,0.926956,0.520626,中国人寿
cup_v1_legacy_mcst,杯柄 V1 旧版复原+MCST,601628.SH,2023-05-04,0.692097,legacy_confirmed_cup,38.55,40.47,35.0,40.16,2023-04-27,9.0625,0.568182,98,8,6.931818,9.289773,2.066949,1.784907,2.869318,35.204292,17.350891,90.0,37.14795,10.756032,20,36.335591,10.525242,False,False,0.277005,1.0,1.0,0.725725,中国人寿
cup_v1_legacy_mcst,杯柄 V1 旧版复原+MCST,601628.SH,2024-09-20,0.657094,legacy_confirmed_cup,34.9,35.24,28.96,34.99,2024-09-18,20.42042,13.033033,57,12,5.255255,5.465465,1.320229,1.094832,2.462462,25.74731,18.19209,98.0,23.661972,13.26566,20,33.608514,4.110525,False,False,0.634146,0.811069,0.797416,0.364461,中国人寿
cup_v1_legacy_mcst,杯柄 V1 旧版复原+MCST,601665.SH,2024-10-14,0.666418,legacy_confirmed_cup,5.3,5.61,4.72,5.58,2024-10-10,16.082474,2.680412,100,5,1.237113,7.010309,1.893168,1.580818,3.917526,27.393617,28.596491,78.0,17.155756,9.895539,20,4.821815,15.724068,False,False,0.362055,0.982951,1.0,0.469808,齐鲁银行
cup_v1_legacy_mcst,杯柄 V1 旧版复原+MCST,601668.SH,2022-04-08,0.68883,legacy_confirmed_cup,5.98,6.22,4.67,6.12,2022-04-06,19.285714,16.607143,99,5,4.464286,6.607143,2.673827,1.70738,-1.071429,22.146119,22.553897,86.0,23.092784,18.72918,20,5.381303,13.727108,False,False,0.538346,1.0,0.616071,0.635974,中国建筑
cup_v1_legacy_mcst,杯柄 V1 旧版复原+MCST,601686.SH,2023-08-01,0.782593,legacy_confirmed_cup,7.36,7.56,6.93,7.54,2023-07-28,14.040115,0.716332,109,5,2.722063,5.157593,2.101725,1.759463,3.295129,26.443203,14.88498,86.0,15.955766,10.944566,20,7.099483,6.204914,False,False,0.575152,1.0,1.0,0.656448,友发集团
cup_v1_legacy_mcst,杯柄 V1 旧版复原+MCST,601702.SH,2024-03-28,0.674038,legacy_confirmed_cup,18.19,19.31,17.18,19.04,2024-03-26,19.602106,-0.526624,97,14,2.633119,4.915155,1.347963,1.591801,2.399064,41.979522,28.025144,90.0,16.731771,8.338914,20,17.918375,6.259634,False,False,0.513944,0.807723,1.0,0.461135,华峰铝业
cup_v1_legacy_mcst,杯柄 V1 旧版复原+MCST,601766.SH,2024-04-17,0.714354,legacy_confirmed_cup,7.5,7.92,6.36,7.88,2024-04-15,26.889535,7.55814,147,8,2.47093,8.430233,4.991371,4.151087,0.145349,26.12782,31.50134,95.0,33.452594,30.222274,20,7.142043,10.332573,False,False,0.703512,1.0,0.768169,0.322457,中国中车
cup_v1_legacy_mcst,杯柄 V1 旧版复原+MCST,601777.SH,2025-09-01,0.582386,legacy_confirmed_cup,11.82,12.33,10.25,12.1,2025-08-28,35.436893,-0.885827,117,9,1.359223,12.330097,1.239843,1.087929,5.145631,175.40107,29.792746,73.0,25.76087,32.553011,20,10.388804,16.471542,False,False,0.527553,0.786953,0.793965,0.211057,千里科技
cup_v1_legacy_mcst,杯柄 V1 旧版复原+MCST,601778.SH,2026-01-23,0.623789,legacy_confirmed_cup,4.27,4.53,4.02,4.44,2026-01-21,21.549637,2.663438,93,5,3.874092,6.53753,1.51683,1.040939,0.242131,62.704918,27.839644,75.0,32.930514,17.153698,20,4.09727,8.364827,False,False,0.561583,0.870049,0.550736,0.497876,晶科科技
cup_v1_legacy_mcst,杯柄 V1 旧版复原+MCST,601788.SH,2022-11-15,0.648418,legacy_confirmed_cup,15.27,16.96,13.11,16.96,2022-11-11,9.11641,5.274566,88,12,2.945302,5.820477,2.11591,2.646469,2.244039,35.809524,24.077329,86.0,33.068783,3.126014,20,14.708362,15.308558,False,False,0.205701,1.0,1.0,0.632114,光大证券
cup_v1_legacy_mcst,杯柄 V1 旧版复原+MCST,601788.SH,2023-08-10,0.635115,legacy_confirmed_cup,18.84,19.58,15.16,19.5,2023-08-08,19.063927,13.47032,120,11,3.196347,9.474886,2.516002,1.341767,0.171233,54.181818,24.162081,92.0,23.106547,19.466202,20,18.210807,7.079272,False,False,0.47,1.0,0.692288,0.41079,光大证券
cup_v1_legacy_mcst,杯柄 V1 旧版复原+MCST,601801.SH,2023-02-02,0.709738,legacy_confirmed_cup,5.57,5.69,5.02,5.61,2023-01-31,17.383178,6.168224,138,5,3.551402,3.551402,1.754897,1.064695,2.803738,20.560748,20.209059,82.0,15.176715,12.78119,20,5.333054,5.193018,False,False,0.673368,0.742287,0.782347,0.66009,皖新传媒
cup_v1_legacy_mcst,杯柄 V1 旧版复原+MCST,601808.SH,2024-04-03,0.706998,legacy_confirmed_cup,19.3,19.99,15.82,19.84,2024-04-01,20.334928,1.494396,124,5,3.947368,15.430622,1.938053,1.807167,11.961722,25.714286,33.433283,90.0,17.754728,28.221453,20,16.671635,19.004527,False,False,0.543758,0.996416,1.0,0.337892,中海油服
cup_v1_legacy_mcst,杯柄 V1 旧版复原+MCST,601827.SH,2023-05-08,0.709969,legacy_confirmed_cup,7.74,7.94,7.29,7.86,2023-05-04,15.312916,2.929427,152,5,1.198402,4.793609,1.980733,1.313782,0.532623,15.03876,14.467005,76.0,17.814371,13.015174,20,7.53085,4.370687,False,False,0.644108,0.971621,0.723469,0.484661,三峰环境
cup_v1_legacy_mcst,杯柄 V1 旧版复原+MCST,601838.SH,2024-05-07,0.805685,legacy_confirmed_cup,14.79,14.8,13.56,14.72,2024-04-30,24.594785,1.166181,143,19,3.312192,4.298802,1.904381,1.200709,2.325581,17.564209,19.028609,91.0,20.227457,18.529592,20,14.37975,2.366176,False,False,0.929029,0.8899,0.850354,0.439897,成都银行
cup_v1_legacy_mcst,杯柄 V1 旧版复原+MCST,601838.SH,2025-06-20,0.740857,legacy_confirmed_cup,20.04,20.24,18.22,20.07,2025-06-18,14.565217,0.978261,87,20,7.01087,10.0,1.665883,1.131237,6.25,33.359314,20.433284,87.0,22.666667,16.689568,20,19.398386,3.462216,False,False,0.626852,0.914765,0.815619,0.648221,成都银行
cup_v1_legacy_mcst,杯柄 V1 旧版复原+MCST,601857.SH,2023-04-12,0.622511,legacy_confirmed_cup,6.57,6.87,5.9,6.83,2023-04-10,20.666667,1.666667,136,5,6.5,7.666667,1.320036,1.128625,2.666667,15.432099,23.57473,75.0,25.925926,23.202111,20,5.956168,14.671038,False,False,0.573032,0.811011,0.814313,0.281673,中国石油
cup_v1_legacy_mcst,杯柄 V1 旧版复原+MCST,601872.SH,2024-03-04,0.698214,legacy_confirmed_cup,7.29,7.76,6.57,7.68,2024-02-29,17.037037,2.666667,130,9,2.37037,6.666667,1.846987,1.406437,1.185185,17.889088,22.330097,91.0,16.504854,14.645118,20,6.856424,12.011747,False,False,0.5306,0.969096,0.851367,0.499783,招商轮船
cup_v1_legacy_mcst,杯柄 V1 旧版复原+MCST,601872.SH,2024-03-20,0.747564,legacy_confirmed_cup,7.6,7.86,7.13,7.81,2024-03-18,22.330097,1.10957,103,11,6.518724,7.628294,1.339883,1.16335,2.912621,20.572451,28.205128,95.0,33.104631,20.696806,20,7.355089,6.18499,False,False,0.861932,0.816965,0.831675,0.376557,招商轮船
cup_v1_legacy_mcst,杯柄 V1 旧版复原+MCST,601898.SH,2024-01-08,0.747837,legacy_confirmed_cup,10.5,10.63,9.58,10.52,2024-01-04,21.257485,4.391218,159,5,5.389222,4.690619,1.359263,1.424846,1.596806,22.797927,21.007605,91.0,17.99775,19.144747,20,9.919458,6.054181,False,False,0.828367,0.780239,0.912024,0.402221,中煤能源
cup_v1_legacy_mcst,杯柄 V1 旧版复原+MCST,601899.SH,2024-03-18,0.67694,legacy_confirmed_cup,15.97,16.16,14.18,15.78,2024-03-14,21.056338,0.140845,108,6,6.690141,8.380282,1.673126,1.373167,7.394366,27.649326,28.96071,92.0,18.384615,24.058711,20,14.22963,10.895368,False,False,0.586695,0.916938,0.936583,0.275225,紫金矿业
cup_v1_legacy_mcst,杯柄 V1 旧版复原+MCST,601900.SH,2023-03-21,0.777882,legacy_confirmed_cup,9.17,9.49,8.39,9.43,2023-03-17,16.435185,2.893519,158,13,5.439815,6.944444,1.349388,1.626484,4.513889,18.75,14.563107,79.0,18.918919,13.850356,20,8.918648,5.733509,False,False,0.735066,0.819816,1.0,0.578275,南方传媒
cup_v1_legacy_mcst,杯柄 V1 旧版复原+MCST,601916.SH,2024-03-27,0.681286,legacy_confirmed_cup,2.99,3.01,2.75,2.98,2024-03-25,12.765957,2.48227,135,10,1.41844,5.319149,1.202012,1.211849,4.255319,12.096774,17.056856,89.0,15.116279,13.720485,20,2.865646,3.990529,False,False,0.573156,0.775604,0.855925,0.577978,浙商银行
cup_v1_legacy_mcst,杯柄 V1 旧版复原+MCST,601916.SH,2025-06-25,0.742215,legacy_confirmed_cup,3.58,3.64,3.23,3.63,2025-06-23,15.54878,1.52439,159,14,7.926829,9.45122,1.424742,1.249719,6.097561,23.265306,22.777778,86.0,22.945205,19.693265,20,3.385158,7.232811,False,False,0.670165,0.842423,0.874859,0.610396,浙商银行
cup_v1_legacy_mcst,杯柄 V1 旧版复原+MCST,601921.SH,2023-04-25,0.746088,legacy_confirmed_cup,9.5,9.9,8.36,9.82,2023-04-21,20.187793,1.877934,148,7,7.86385,11.502347,2.737984,2.075313,8.098592,14.59854,26.352705,87.0,34.180791,23.236582,20,9.034322,8.696592,False,False,0.499908,1.0,1.0,0.605601,浙版传媒
cup_v1_legacy_mcst,杯柄 V1 旧版复原+MCST,601939.SH,2024-08-22,0.594821,legacy_confirmed_cup,8.1,8.26,7.29,8.22,2024-08-20,13.824289,5.813953,93,5,7.105943,5.684755,1.497445,1.093477,3.488372,21.452703,14.529915,94.0,17.528736,13.018549,20,7.682267,6.99967,False,False,0.371335,0.864234,0.796738,0.447237,建设银行
cup_v1_legacy_mcst,杯柄 V1 旧版复原+MCST,601963.SH,2025-05-12,0.597071,legacy_confirmed_cup,10.97,11.13,10.22,11.11,2025-05-08,17.504836,1.160542,113,6,7.059961,4.061896,1.310014,1.285049,0.193424,47.166922,22.735507,79.0,17.853231,15.901441,20,10.349233,7.350947,False,False,0.544881,0.679015,0.666703,0.516341,重庆银行
cup_v1_legacy_mcst,杯柄 V1 旧版复原+MCST,601985.SH,2023-05-08,0.611879,legacy_confirmed_cup,7.08,7.33,6.5,7.23,2023-05-04,15.552326,5.523256,158,5,2.761628,4.069767,2.095764,1.463369,-0.290698,15.743945,17.294282,79.0,20.538721,13.891835,20,6.842135,5.668767,False,False,0.388854,0.872093,0.695347,0.593436,中国核电
cup_v1_legacy_mcst,杯柄 V1 旧版复原+MCST,601988.SH,2024-02-19,0.645967,legacy_confirmed_cup,4.3,4.52,3.89,4.51,2024-02-07,12.230216,6.038647,155,10,0.719424,4.316547,1.77281,1.264383,0.479616,37.171053,15.299335,96.0,16.935484,10.490221,20,4.210732,7.107258,False,False,0.663742,0.852868,0.692144,0.310059,中国银行
cup_v1_legacy_mcst,杯柄 V1 旧版复原+MCST,601998.SH,2025-06-04,0.695057,legacy_confirmed_cup,8.21,8.39,7.4,8.36,2025-05-30,16.3827,3.014417,100,13,4.193971,4.325033,1.315884,1.485841,0.917431,29.151943,17.661692,80.0,16.374269,13.191449,20,7.699114,8.583928,False,False,0.638688,0.716957,0.857599,0.603784,中信银行
cup_v1_legacy_mcst,杯柄 V1 旧版复原+MCST,603006.SH,2023-06-14,0.729569,legacy_confirmed_cup,14.07,14.07,8.69,14.07,2023-06-12,17.904762,17.238095,90,5,6.761905,10.761905,5.577932,2.357819,5.238095,21.163366,25.27945,85.0,24.785408,19.058181,20,11.187519,25.765152,False,False,0.410677,1.0,1.0,0.679158,联明股份
cup_v1_legacy_mcst,杯柄 V1 旧版复原+MCST,603009.SH,2023-10-27,0.686325,legacy_confirmed_cup,9.31,10.23,6.62,10.23,2023-10-25,26.146221,17.967782,100,8,4.213135,16.604709,1.497495,1.083575,7.434944,31.686542,33.467337,97.0,53.75817,32.142815,20,8.534353,19.868491,False,False,0.787511,0.864249,0.791788,0.181384,北特科技
cup_v1_legacy_mcst,杯柄 V1 旧版复原+MCST,603013.SH,2025-05-20,0.620061,legacy_confirmed_cup,17.68,18.25,16.52,17.9,2025-05-16,22.118743,3.841676,102,5,4.889406,3.14319,1.946486,1.429352,-1.513388,35.60166,25.625347,82.0,19.72973,12.988586,20,16.674173,7.35165,False,False,0.533973,0.743634,0.525503,0.710805,亚普股份
cup_v1_legacy_mcst,杯柄 V1 旧版复原+MCST,603058.SH,2023-04-14,0.692446,legacy_confirmed_cup,10.0,10.24,8.24,10.13,2023-04-12,24.91839,4.739884,117,20,5.875952,4.787813,1.97312,1.595659,-1.414581,46.805112,26.364573,81.0,29.60969,21.123188,20,9.034905,12.120719,False,False,0.630397,0.970824,0.573177,0.572328,永吉股份
cup_v1_legacy_mcst,杯柄 V1 旧版复原+MCST,603058.SH,2023-05-09,0.670644,legacy_confirmed_cup,11.51,12.66,9.45,12.58,2023-05-05,28.34891,1.869159,140,14,4.569055,16.303219,1.231775,1.59088,12.564901,46.805112,32.133676,94.0,53.424658,33.660855,20,10.676318,17.830886,False,False,0.61965,0.784533,1.0,0.288167,永吉股份
cup_v1_legacy_mcst,杯柄 V1 旧版复原+MCST,603059.SH,2025-07-31,0.774821,legacy_confirmed_cup,27.8,30.71,26.02,30.71,2025-07-29,30.737082,1.139818,138,12,5.205167,7.180851,1.204514,2.891238,4.559271,38.68816,27.043391,73.0,30.722892,16.323901,20,27.793503,10.49345,False,False,0.843477,0.776354,1.0,0.42758,倍加洁
cup_v1_legacy_mcst,杯柄 V1 旧版复原+MCST,603073.SH,2025-08-12,0.732386,legacy_confirmed_cup,19.01,19.05,17.26,18.91,2025-08-08,27.975183,1.931818,159,15,0.733221,5.527355,1.406913,1.172303,2.989284,46.650124,18.890075,71.0,23.907285,14.775301,20,18.15187,4.176594,False,False,0.828723,0.837074,0.836151,0.329173,彩蝶实业
cup_v1_legacy_mcst,杯柄 V1 旧版复原+MCST,603080.SH,2025-08-08,0.840437,legacy_confirmed_cup,20.36,22.1,18.23,22.1,2025-08-06,26.88172,1.989247,160,5,3.924731,8.548387,2.517709,2.372386,4.623656,40.156863,22.718721,74.0,25.17049,20.101721,20,19.335583,14.297045,False,False,0.937194,1.0,1.0,0.312093,新疆火炬
cup_v1_legacy_mcst,杯柄 V1 旧版复原+MCST,603087.SH,2025-06-03,0.671848,legacy_confirmed_cup,54.28,57.94,49.97,57.23,2025-05-29,21.932367,2.592593,143,5,0.869565,6.492754,1.659792,1.324077,1.275362,37.523253,27.728086,81.0,20.855263,20.531906,20,51.845622,10.385405,False,False,0.512597,0.912938,0.821459,0.499565,甘李药业
cup_v1_legacy_mcst,杯柄 V1 旧版复原+MCST,603093.SH,2023-07-28,0.633108,legacy_confirmed_cup,12.52,13.56,12.36,13.39,2023-07-26,18.494796,1.040833,98,5,5.92474,3.122498,1.203953,1.444715,-0.160128,40.214797,22.585551,90.0,26.150833,13.282223,20,12.30081,8.85462,False,False,0.657636,0.518029,0.702341,0.664798,南华期货
cup_v1_legacy_mcst,杯柄 V1 旧版复原+MCST,603098.SH,2025-08-25,0.767723,legacy_confirmed_cup,13.58,14.73,10.26,14.73,2025-08-21,29.887055,5.263158,147,7,5.907906,8.774978,1.38822,2.051694,7.732407,70.014771,33.259259,75.0,28.410256,23.632952,20,12.421382,18.585835,False,False,0.853009,0.831466,1.0,0.306516,森特股份
cup_v1_legacy_mcst,杯柄 V1 旧版复原+MCST,603105.SH,2025-11-11,0.637255,legacy_confirmed_cup,10.97,11.35,9.01,11.08,2025-11-07,21.04712,5.65445,138,5,3.560209,13.926702,2.965393,2.065808,10.994764,31.383738,26.844444,70.0,28.453365,24.837451,20,10.251016,8.086851,False,False,0.458138,1.0,1.0,0.134534,芯能科技
cup_v1_legacy_mcst,杯柄 V1 旧版复原+MCST,603110.SH,2023-03-23,0.828726,legacy_confirmed_cup,43.68,46.13,34.99,45.79,2023-03-21,23.108489,7.775435,153,20,2.692998,8.643242,1.885728,2.179118,2.590408,34.448276,26.160735,89.0,39.571664,19.634263,20,41.112249,11.377999,False,False,0.710312,0.980719,1.0,0.674688,东方材料
cup_v1_legacy_mcst,杯柄 V1 旧版复原+MCST,603115.SH,2025-07-18,0.701037,legacy_confirmed_cup,19.43,19.64,13.81,19.64,2025-07-16,23.03486,5.604921,149,10,3.622693,10.936432,2.76934,5.050927,0.478469,50.480256,20.51756,73.0,25.038521,15.137005,20,16.606468,18.267174,False,False,0.597126,1.0,0.809809,0.400408,海星股份
cup_v1_legacy_mcst,杯柄 V1 旧版复原+MCST,603117.SH,2024-06-28,0.658417,legacy_confirmed_cup,4.25,4.4,2.81,4.4,2024-06-26,35.164835,19.714286,97,5,3.846154,9.615385,10.119149,4.994363,3.846154,12.0,32.77512,94.0,22.018349,24.499454,20,3.896752,12.914551,False,False,0.45685,1.0,1.0,0.242597,万林物流
cup_v1_legacy_mcst,杯柄 V1 旧版复原+MCST,603118.SH,2023-02-09,0.627178,legacy_confirmed_cup,9.08,9.44,8.75,9.42,2023-02-07,11.804767,-0.114416,107,5,0.794552,4.426788,1.469496,1.589086,2.837684,37.441498,20.552147,81.0,17.797695,6.195712,20,8.79391,7.119582,False,False,0.387098,0.777032,1.0,0.48718,共进股份
cup_v1_legacy_mcst,杯柄 V1 旧版复原+MCST,603118.SH,2023-03-03,0.65479,legacy_confirmed_cup,9.95,9.97,9.24,9.85,2023-03-01,18.723849,3.34728,104,5,0.941423,3.033473,1.430058,1.45143,1.046025,47.73791,22.222222,82.0,20.415648,11.791021,20,9.526791,3.392628,False,False,0.578704,0.57362,0.856468,0.687725,共进股份
cup_v1_legacy_mcst,杯柄 V1 旧版复原+MCST,603118.SH,2023-03-24,0.665549,legacy_confirmed_cup,10.46,10.65,9.35,10.53,2023-03-22,21.909548,6.030151,115,5,4.824121,4.723618,1.555437,1.293957,-0.100503,47.73791,25.645933,76.0,22.588235,16.592848,20,9.897446,6.39108,False,False,0.683334,0.843628,0.634416,0.442958,共进股份
cup_v1_legacy_mcst,杯柄 V1 旧版复原+MCST,603121.SH,2023-11-21,0.668688,legacy_confirmed_cup,9.2,9.37,8.8,9.24,2023-11-17,16.013438,1.455767,105,8,3.135498,3.695409,1.346429,1.097114,0.223964,33.900929,19.527897,84.0,16.0401,11.206741,20,8.769279,5.367844,False,False,0.725213,0.639547,0.576552,0.698328,华培动力
cup_v1_legacy_mcst,杯柄 V1 旧版复原+MCST,603129.SH,2023-07-11,0.726805,legacy_confirmed_cup,164.3,171.32,153.44,169.31,2023-07-07,28.626868,0.756743,156,18,3.065778,6.066878,1.282942,1.122628,3.803118,61.881616,29.609834,91.0,38.446602,18.754737,20,160.42379,5.539209,False,False,0.689369,0.799883,0.811314,0.61646,春风动力
cup_v1_legacy_mcst,杯柄 V1 旧版复原+MCST,603132.SH,2025-09-11,0.630615,legacy_confirmed_cup,14.05,14.17,13.23,14.14,2025-09-09,25.667656,1.854599,103,20,6.305638,4.896142,1.365857,1.043291,2.522255,23.099415,18.439227,71.0,18.923465,14.932875,20,13.802082,2.448314,False,False,0.624536,0.810477,0.771645,0.275396,金徽股份
cup_v1_legacy_mcst,杯柄 V1 旧版复原+MCST,603137.SH,2025-05-08,0.76584,legacy_confirmed_cup,12.98,13.3,11.9,13.2,2025-05-06,21.549637,3.954802,131,9,7.828894,4.842615,1.581336,1.069612,1.533495,25.219298,20.454545,79.0,20.500928,15.082207,20,12.331329,7.044421,False,False,0.831261,0.86776,0.726493,0.563299,恒尚节能
cup_v1_legacy_mcst,杯柄 V1 旧版复原+MCST,603167.SH,2023-12-01,0.651904,legacy_confirmed_cup,8.31,8.49,7.62,8.44,2023-11-29,15.414013,2.929936,158,13,2.547771,5.859873,1.574335,1.231233,4.203822,19.53125,22.157093,85.0,16.223776,14.813365,20,8.009597,5.373597,False,False,0.334353,0.887301,0.865617,0.699662,渤海轮渡
cup_v1_legacy_mcst,杯柄 V1 旧版复原+MCST,603168.SH,2023-10-11,0.615963,legacy_confirmed_cup,9.6,10.49,8.66,10.49,2023-10-09,17.505241,6.781485,88,18,2.620545,3.039832,1.363837,1.624115,-0.733753,29.795918,19.014778,95.0,27.828349,13.697481,20,9.485274,10.592481,False,False,0.702554,0.554628,0.658281,0.498777,莎普爱思
cup_v1_legacy_mcst,杯柄 V1 旧版复原+MCST,603171.SH,2026-01-07,0.644916,legacy_confirmed_cup,61.3,65.53,46.0,63.95,2026-01-05,18.639329,14.259087,61,5,4.007456,13.028891,1.936041,1.551718,1.025163,44.01566,28.01781,88.0,58.246347,20.489788,20,53.643074,19.2139,False,False,0.338323,0.995812,0.878145,0.509602,税友股份
cup_v1_legacy_mcst,杯柄 V1 旧版复原+MCST,603172.SH,2025-07-30,0.667007,legacy_confirmed_cup,16.95,17.23,15.54,16.88,2025-07-28,30.91133,3.77709,159,16,0.554187,4.926108,1.467179,1.01701,2.647783,38.448423,16.074549,70.0,26.315789,14.880922,20,16.478485,2.436599,False,False,0.688088,0.844993,0.758505,0.316135,万丰股份
cup_v1_legacy_mcst,杯柄 V1 旧版复原+MCST,603173.SH,2025-04-29,0.721087,legacy_confirmed_cup,29.79,30.96,23.4,30.42,2025-04-25,20.409771,0.552486,107,5,7.289204,17.021277,2.042565,1.591545,15.36643,50.981559,33.2893,88.0,30.035026,22.571947,20,27.084635,12.314601,False,False,0.465757,1.0,1.0,0.540362,福斯达
cup_v1_legacy_mcst,杯柄 V1 旧版复原+MCST,603180.SH,2023-01-17,0.785144,legacy_confirmed_cup,36.89,37.26,30.97,36.44,2023-01-13,26.00064,0.832533,130,5,0.864553,16.074288,1.876051,1.754225,5.18732,35.968379,32.331034,95.0,39.79946,34.262989,20,32.055742,13.676982,False,False,0.752871,0.977815,1.0,0.385926,金牌家居
cup_v1_legacy_mcst,杯柄 V1 旧版复原+MCST,603182.SH,2025-07-16,0.561687,legacy_confirmed_cup,14.01,14.43,13.62,14.26,2025-07-14,22.51462,0.438596,136,5,2.192982,3.143275,1.433019,1.551565,0.219298,38.22314,12.146893,70.0,29.212454,11.670239,20,13.502946,5.606587,False,False,0.534364,0.589606,0.777412,0.358881,嘉华股份
cup_v1_legacy_mcst,杯柄 V1 旧版复原+MCST,603187.SH,2025-08-26,0.828523,legacy_confirmed_cup,14.92,15.25,12.61,15.1,2025-08-22,25.948877,2.32378,156,11,5.034857,13.787761,3.302292,1.70002,11.231603,35.469613,29.084967,73.0,31.160714,25.343971,20,13.658252,10.555876,False,False,0.930033,1.0,1.0,0.265055,海容冷链
cup_v1_legacy_mcst,杯柄 V1 旧版复原+MCST,603191.SH,2026-01-15,0.611561,legacy_confirmed_cup,17.36,18.29,14.7,17.98,2026-01-13,12.269939,4.483431,103,5,5.582822,6.932515,3.410084,2.539719,0.0,53.773585,23.570283,71.0,28.067597,11.935865,20,16.365171,9.867476,False,False,0.382429,1.0,0.75,0.388555,望变电气
cup_v1_legacy_mcst,杯柄 V1 旧版复原+MCST,603195.SH,2024-05-08,0.722956,legacy_confirmed_cup,124.88,125.79,106.81,123.34,2024-05-06,20.047363,2.714273,148,5,1.921851,12.760725,1.731849,1.238077,7.951544,16.713635,26.895887,89.0,18.912689,24.814639,20,113.271552,8.88877,False,False,0.682052,0.934555,0.869038,0.383954,公牛集团
cup_v1_legacy_mcst,杯柄 V1 旧版复原+MCST,603203.SH,2023-02-07,0.808582,legacy_confirmed_cup,35.02,36.77,31.91,35.95,2023-02-03,33.922046,2.23652,153,5,0.609013,7.308161,2.395689,1.534987,1.948843,44.478663,28.514963,93.0,41.242485,29.984539,20,32.407725,10.930341,False,False,0.774191,1.0,0.993605,0.444472,快克智能
cup_v1_legacy_mcst,杯柄 V1 旧版复原+MCST,603213.SH,2025-07-18,0.774082,legacy_confirmed_cup,12.67,13.3,11.12,13.24,2025-07-16,31.316726,1.067616,128,11,3.380783,13.790036,1.317208,1.386411,8.362989,60.413589,32.20339,80.0,32.952183,30.119624,20,11.848161,11.747303,False,False,0.794373,0.810162,0.943206,0.524349,镇洋发展
cup_v1_legacy_mcst,杯柄 V1 旧版复原+MCST,603216.SH,2025-05-13,0.655015,legacy_confirmed_cup,12.26,13.1,11.42,12.86,2025-05-09,18.135158,2.309666,93,11,6.330197,5.560308,1.221284,1.790803,2.651839,30.357143,25.46729,82.0,17.748092,8.400132,20,11.879956,8.249556,False,False,0.41261,0.781385,1.0,0.576277,梦天家居
cup_v1_legacy_mcst,杯柄 V1 旧版复原+MCST,603217.SH,2025-09-08,0.64716,legacy_confirmed_cup,21.46,21.62,18.21,21.43,2025-09-04,26.359399,4.459601,80,11,1.294666,4.505438,1.492389,1.532705,2.382185,53.011094,17.473884,70.0,17.189315,12.407221,20,19.671218,8.940892,False,False,0.563048,0.794714,1.0,0.257074,元利科技
cup_v1_legacy_mcst,杯柄 V1 旧版复原+MCST,603221.SH,2025-04-09,0.858379,legacy_confirmed_cup,13.9,13.95,9.15,13.95,2025-04-07,23.275862,8.13253,93,15,4.597701,10.440613,1.959201,5.772636,8.237548,33.163265,30.529055,86.0,23.052295,19.251189,20,11.414553,22.212402,False,False,0.811071,1.0,1.0,0.622519,爱丽家居
cup_v1_legacy_mcst,杯柄 V1 旧版复原+MCST,603228.SH,2025-07-01,0.80038,legacy_confirmed_cup,41.79,43.0,30.5,42.34,2025-06-27,27.32475,12.129069,88,7,0.686695,8.841202,3.132147,2.510591,0.143062,55.679287,34.111543,90.0,42.312009,18.28818,20,35.304713,19.92733,False,False,0.759426,1.0,0.767883,0.65502,景旺电子
cup_v1_legacy_mcst,杯柄 V1 旧版复原+MCST,603236.SH,2025-08-28,0.652307,legacy_confirmed_cup,112.99,113.0,79.69,110.85,2025-08-26,38.790497,9.422596,95,6,4.989201,10.971922,1.623537,2.07548,4.75162,141.712347,33.717151,71.0,28.129676,28.641488,20,94.217894,17.65281,False,False,0.553246,0.902061,1.0,0.16578,移远通信
cup_v1_legacy_mcst,杯柄 V1 旧版复原+MCST,603258.SH,2023-02-07,0.766856,legacy_confirmed_cup,24.48,24.86,21.9,24.64,2023-02-03,19.251337,2.406417,135,15,4.010695,10.472371,1.245926,1.139926,7.352941,15.434084,20.528211,88.0,29.047371,19.726643,20,23.147027,6.449954,False,False,0.815272,0.788778,0.819963,0.601618,电魂网络
cup_v1_legacy_mcst,杯柄 V1 旧版复原+MCST,603259.SH,2025-06-12,0.650366,legacy_confirmed_cup,65.06,67.8,61.42,67.71,2025-06-10,22.790253,2.181876,108,8,6.067845,3.360408,1.207043,1.241687,2.882625,62.211221,31.409168,82.0,17.52988,9.475046,20,63.553575,6.540033,False,False,0.623105,0.551669,0.870844,0.600968,药明康德
cup_v1_legacy_mcst,杯柄 V1 旧版复原+MCST,603259.SH,2025-07-28,0.691474,legacy_confirmed_cup,89.5,91.62,68.9,91.62,2025-07-24,31.544761,2.711099,91,10,3.402994,22.846653,1.24042,1.398139,17.918667,85.59414,34.827586,91.0,59.428257,36.221117,20,79.56207,15.155375,False,False,0.681607,0.787126,0.94907,0.331579,药明康德
cup_v1_legacy_mcst,杯柄 V1 旧版复原+MCST,603271.SH,2026-02-05,0.652345,legacy_confirmed_cup,48.18,53.09,39.99,52.45,2026-02-03,13.754904,6.783217,86,7,0.992384,12.277868,1.793911,1.428671,5.469652,41.925974,26.0,74.0,27.757353,18.687967,20,45.66282,14.863689,False,False,0.41864,0.953173,0.964336,0.373305,永杰新材
cup_v1_legacy_mcst,杯柄 V1 旧版复原+MCST,603278.SH,2023-06-02,0.715724,legacy_confirmed_cup,9.42,9.61,7.58,9.54,2023-05-31,22.132097,12.16686,130,15,4.28737,8.227115,1.254294,1.008138,7.415991,21.828909,21.613237,83.0,22.251309,18.182968,20,8.899282,7.199663,False,False,0.682414,0.791288,0.754069,0.641215,大业股份
cup_v1_legacy_mcst,杯柄 V1 旧版复原+MCST,603278.SH,2023-06-13,0.852965,legacy_confirmed_cup,10.24,11.08,8.68,11.01,2023-06-09,24.067797,1.920904,160,15,7.344633,14.237288,2.495551,2.392809,11.638418,20.943953,30.649588,90.0,34.979973,25.861067,20,9.922707,10.957623,False,False,0.859818,1.0,1.0,0.510145,大业股份
cup_v1_legacy_mcst,杯柄 V1 旧版复原+MCST,603278.SH,2023-11-16,0.562015,legacy_confirmed_cup,12.42,12.63,11.49,12.56,2023-11-14,16.933446,3.201348,98,5,7.245156,3.875316,1.495097,1.023694,1.010952,63.839286,22.8482,95.0,40.113636,11.227213,20,11.547411,8.768972,False,False,0.396158,0.708885,0.638216,0.592475,大业股份
cup_v1_legacy_mcst,杯柄 V1 旧版复原+MCST,603290.SH,2026-01-27,0.647495,legacy_confirmed_cup,107.68,112.87,103.8,111.3,2026-01-23,12.173499,1.048618,102,5,5.64347,6.00572,1.759172,1.464961,0.381316,31.587344,17.741071,71.0,29.317362,9.774126,20,104.119283,6.896626,False,False,0.532502,0.942752,0.780145,0.34701,斯达半导
cup_v1_legacy_mcst,杯柄 V1 旧版复原+MCST,603298.SH,2025-09-19,0.708951,legacy_confirmed_cup,27.74,29.35,22.96,28.97,2025-09-17,30.795998,-0.130833,127,14,0.260983,25.489343,1.359538,1.488752,16.137451,47.560976,29.779158,78.0,34.498834,37.427307,20,25.134261,15.260997,False,False,0.600543,0.822861,0.994376,0.47085,杭叉集团
cup_v1_legacy_mcst,杯柄 V1 旧版复原+MCST,603301.SH,2025-09-10,0.783211,legacy_confirmed_cup,29.42,29.96,22.66,29.45,2025-09-08,20.144496,0.788091,160,20,2.932427,14.78963,2.24671,2.69494,6.672333,22.488287,27.169118,74.0,23.446069,25.804423,20,25.579153,15.13282,False,False,0.824949,1.0,1.0,0.222392,振德医疗
cup_v1_legacy_mcst,杯柄 V1 旧版复原+MCST,603303.SH,2025-08-21,0.65126,legacy_confirmed_cup,15.18,15.68,11.49,15.52,2025-08-19,17.805065,9.384858,47,18,2.686109,14.351497,1.301197,1.249027,11.281658,33.367451,23.4,72.0,26.271186,20.776536,20,13.647818,13.717813,False,False,0.650184,0.805359,0.874514,0.237264,得邦照明
cup_v1_legacy_mcst,杯柄 V1 旧版复原+MCST,603306.SH,2025-05-20,0.757593,legacy_confirmed_cup,40.51,41.8,34.54,41.65,2025-05-16,23.347763,0.31746,100,9,6.435786,10.735931,1.419711,2.132233,6.262626,101.616915,34.838077,88.0,29.847716,11.308535,20,36.41686,14.370103,False,False,0.572183,0.840913,1.0,0.735501,华懋科技
cup_v1_legacy_mcst,杯柄 V1 旧版复原+MCST,603308.SH,2025-07-17,0.712735,legacy_confirmed_cup,25.25,27.59,21.21,27.59,2025-07-15,37.880068,10.430743,88,5,5.658784,5.743243,1.860956,1.518302,0.548986,138.420491,33.829287,90.0,58.782498,23.646688,20,23.467361,17.567546,False,False,0.660529,0.973287,0.818623,0.37252,应流股份
cup_v1_legacy_mcst,杯柄 V1 旧版复原+MCST,603316.SH,2023-07-13,0.770912,legacy_confirmed_cup,6.93,7.35,6.15,7.2,2023-07-11,19.72265,0.806452,100,5,4.468413,5.238829,7.207623,3.334908,0.924499,25.04817,27.336123,74.0,15.371622,12.570047,20,6.60206,9.056878,False,False,0.776056,1.0,0.865562,0.380898,诚邦股份
cup_v1_legacy_mcst,杯柄 V1 旧版复原+MCST,603320.SH,2023-06-29,0.60301,legacy_confirmed_cup,14.13,14.68,13.33,14.43,2023-06-27,16.162362,1.623616,96,8,1.328413,3.394834,1.899726,1.409222,-0.369004,24.141133,19.660537,77.0,21.193772,6.901003,20,13.608012,6.04047,False,False,0.571694,0.764207,0.658486,0.400842,迪贝电气
cup_v1_legacy_mcst,杯柄 V1 旧版复原+MCST,603323.SH,2024-04-25,0.732928,legacy_confirmed_cup,4.79,4.91,4.56,4.9,2024-04-23,13.11828,0.869565,160,12,1.075269,6.451613,1.779737,1.345655,2.365591,12.048193,19.038076,91.0,17.857143,13.425882,20,4.703164,4.185179,False,False,0.578213,0.948921,0.922828,0.543786,苏农银行
cup_v1_legacy_mcst,杯柄 V1 旧版复原+MCST,603323.SH,2025-06-04,0.640192,legacy_confirmed_cup,6.13,6.21,5.66,6.17,2025-05-30,15.236427,0.875657,153,5,3.677758,5.604203,1.358513,1.222681,3.152364,33.171913,19.73466,79.0,15.961538,14.629703,20,5.673771,8.746011,False,False,0.446978,0.822554,0.861341,0.529218,苏农银行
cup_v1_legacy_mcst,杯柄 V1 旧版复原+MCST,603331.SH,2025-12-31,0.632993,legacy_confirmed_cup,12.98,14.25,10.91,14.25,2025-12-29,21.859706,11.011419,121,5,4.730832,4.323002,1.389754,2.086077,2.936378,50.709677,21.768202,71.0,24.174757,13.562708,20,12.425714,14.681543,False,False,0.502429,0.738839,1.0,0.362163,百达精工
cup_v1_legacy_mcst,杯柄 V1 旧版复原+MCST,603337.SH,2024-04-23,0.784974,legacy_confirmed_cup,24.61,25.27,22.52,25.04,2024-04-19,23.45191,1.097936,107,5,5.577514,7.158542,1.329601,1.589349,5.577514,23.421355,30.224179,89.0,20.197044,15.611958,20,23.20267,7.918615,False,False,0.757725,0.81388,1.0,0.581499,杰克科技
cup_v1_legacy_mcst,杯柄 V1 旧版复原+MCST,603337.SH,2025-05-09,0.778158,legacy_confirmed_cup,34.7,37.8,30.41,37.15,2025-05-07,25.655088,0.944625,102,7,6.459476,9.354052,2.47501,2.212558,3.503961,35.117332,32.596685,82.0,22.033322,17.667309,20,31.714359,17.139369,False,False,0.584768,1.0,1.0,0.617444,杰克科技
cup_v1_legacy_mcst,杯柄 V1 旧版复原+MCST,603338.SH,2023-02-06,0.652642,legacy_confirmed_cup,56.76,57.96,45.31,57.5,2023-02-02,36.949339,16.831865,107,5,6.002203,4.790749,1.875536,1.088293,2.257709,59.235075,22.875705,92.0,36.090584,26.753527,20,51.951114,10.680976,False,False,0.474666,0.948889,0.794146,0.452285,浙江鼎力
cup_v1_legacy_mcst,杯柄 V1 旧版复原+MCST,603356.SH,2022-11-03,0.592236,legacy_confirmed_cup,15.18,16.26,13.82,15.95,2022-11-01,16.250891,1.496793,102,8,1.639344,3.207413,2.25107,2.531066,-0.213828,44.502618,29.72488,82.0,31.278332,5.150409,20,14.1065,13.068442,False,False,0.380385,0.753519,0.723272,0.630337,华菱精工
cup_v1_legacy_mcst,杯柄 V1 旧版复原+MCST,603356.SH,2025-10-28,0.627362,legacy_confirmed_cup,15.63,16.36,11.93,16.05,2025-10-24,29.486324,18.006873,87,5,2.93529,6.40427,2.34162,1.292755,0.800534,42.761905,25.4375,70.0,33.472803,17.733899,20,14.321264,12.07111,False,False,0.470848,1.0,0.746444,0.316381,华菱精工
cup_v1_legacy_mcst,杯柄 V1 旧版复原+MCST,603365.SH,2025-04-29,0.611173,legacy_confirmed_cup,16.25,16.4,14.85,16.2,2025-04-25,9.675325,3.131115,100,5,0.454545,5.714286,2.695013,1.667029,0.649351,43.522833,15.59466,83.0,20.950966,5.104588,20,15.245391,6.261621,False,False,0.236741,1.0,0.831169,0.5604,水星家纺
cup_v1_legacy_mcst,杯柄 V1 旧版复原+MCST,603365.SH,2025-11-03,0.663451,legacy_confirmed_cup,21.73,23.2,18.33,22.95,2025-10-30,13.343882,3.322785,98,5,0.158228,10.390295,2.177673,2.426241,6.64557,36.089145,22.5,73.0,31.469849,16.528638,20,19.452054,17.982398,False,False,0.364186,1.0,1.0,0.429931,水星家纺
cup_v1_legacy_mcst,杯柄 V1 旧版复原+MCST,603367.SH,2023-05-04,0.64442,legacy_confirmed_cup,16.09,16.93,13.51,16.74,2023-04-27,21.052632,13.286264,41,5,7.702182,4.043646,3.438054,3.740249,-0.898588,29.666366,16.656385,84.0,24.884438,14.393249,20,15.380638,8.838137,False,False,0.401157,0.868501,0.637677,0.796772,辰欣药业
cup_v1_legacy_mcst,杯柄 V1 旧版复原+MCST,603368.SH,2022-11-21,0.607033,legacy_confirmed_cup,20.46,20.8,17.81,20.66,2022-11-17,31.4739,2.08906,147,12,6.908905,3.889458,1.734215,1.428794,-1.995906,29.833887,29.782082,86.0,36.608345,22.27197,20,18.788521,9.960758,False,False,0.519708,0.782565,0.464909,0.68256,柳药集团
cup_v1_legacy_mcst,杯柄 V1 旧版复原+MCST,603379.SH,2024-02-20,0.718551,legacy_confirmed_cup,39.11,43.58,29.75,43.18,2024-02-08,28.448276,14.511494,84,5,7.95977,9.195402,2.381164,1.988514,8.908046,42.736185,30.602292,97.0,28.118678,24.33843,20,35.403946,21.963808,False,False,0.652916,1.0,1.0,0.200152,三美股份
cup_v1_legacy_mcst,杯柄 V1 旧版复原+MCST,603385.SH,2023-02-20,0.825932,legacy_confirmed_cup,8.73,9.2,7.69,9.15,2023-02-16,17.276166,3.026482,98,5,2.648172,7.566204,3.045056,2.793562,6.557377,15.223881,25.054705,82.0,15.426252,15.144493,20,8.534904,7.20683,False,False,0.722982,1.0,1.0,0.614443,惠达卫浴
cup_v1_legacy_mcst,杯柄 V1 旧版复原+MCST,603393.SH,2023-09-13,0.740687,legacy_confirmed_cup,29.2,29.58,24.17,29.3,2023-09-11,22.29927,11.788321,92,5,7.481752,5.547445,2.811958,1.862198,-0.474453,24.142997,16.970113,93.0,24.173465,14.707282,20,26.992592,8.548301,False,False,0.718168,1.0,0.690693,0.505949,新天然气
cup_v1_legacy_mcst,杯柄 V1 旧版复原+MCST,603393.SH,2024-07-03,0.7239,legacy_confirmed_cup,35.73,37.22,32.49,36.99,2024-07-01,30.601569,5.579773,102,5,7.090962,4.533566,1.469881,1.215223,0.959024,32.986689,14.118955,92.0,18.712871,15.059817,20,34.420635,7.464606,False,False,0.814405,0.79183,0.72749,0.477013,新天然气
cup_v1_legacy_mcst,杯柄 V1 旧版复原+MCST,603408.SH,2023-12-28,0.727028,legacy_confirmed_cup,12.81,13.25,11.43,13.1,2023-12-26,18.518519,5.53719,139,5,0.411523,3.786008,2.589615,1.905535,2.304527,16.602687,22.255639,93.0,19.187146,12.012554,20,12.417632,5.495152,False,False,0.639837,0.833076,1.0,0.474082,建霖家居
cup_v1_legacy_mcst,杯柄 V1 旧版复原+MCST,603444.SH,2023-03-24,0.591268,legacy_confirmed_cup,412.0,439.99,347.3,434.34,2023-03-22,41.30071,11.942191,155,5,1.242394,4.259635,1.841397,1.788655,-1.419878,33.29911,27.238655,94.0,57.066463,26.70768,20,387.748318,12.01596,False,False,0.600029,0.865619,0.572515,0.251749,吉比特
cup_v1_legacy_mcst,杯柄 V1 旧版复原+MCST,603456.SH,2025-07-29,0.669202,legacy_confirmed_cup,18.17,19.68,14.04,19.68,2025-07-25,28.442574,11.586902,142,11,4.509922,3.547805,1.609929,2.612828,1.683704,40.57481,23.258427,76.0,32.56351,19.893474,20,16.915743,16.341325,False,False,0.601413,0.698302,0.960463,0.460195,九洲药业
cup_v1_legacy_mcst,杯柄 V1 旧版复原+MCST,603486.SH,2025-07-16,0.770987,legacy_confirmed_cup,70.61,71.5,51.34,69.72,2025-07-14,28.183362,12.835314,135,5,3.565365,8.709677,1.726241,3.184255,3.225806,56.689655,27.830704,83.0,43.88764,17.727634,20,60.340279,15.544709,False,False,0.512936,0.932872,1.0,0.791209,科沃斯
cup_v1_legacy_mcst,杯柄 V1 旧版复原+MCST,603501.SH,2025-02-19,0.703842,legacy_confirmed_cup,145.0,157.96,119.8,157.96,2025-02-17,31.206693,-1.233733,133,5,6.117965,15.092107,1.482406,2.063295,11.762718,46.29971,33.046241,71.0,45.824411,33.211836,20,124.995967,26.372078,False,False,0.696182,0.859722,1.0,0.226239,豪威集团
cup_v1_legacy_mcst,杯柄 V1 旧版复原+MCST,603508.SH,2025-06-10,0.612681,legacy_confirmed_cup,27.8,27.96,25.8,27.65,2025-06-06,22.251018,4.196064,133,5,0.296187,3.072936,2.322162,1.207024,-1.295816,64.494519,25.399645,83.0,19.845028,14.428985,20,26.659006,3.717294,False,False,0.566905,0.735029,0.441535,0.711002,思维列控
cup_v1_legacy_mcst,杯柄 V1 旧版复原+MCST,603518.SH,2025-06-03,0.676755,legacy_confirmed_cup,10.67,11.44,8.03,11.44,2025-05-29,22.324159,11.270718,74,5,7.747197,12.028542,4.402916,2.67051,2.85423,63.227953,30.66424,80.0,19.456522,21.272311,20,9.531799,20.019322,False,False,0.400679,1.0,1.0,0.432585,锦泓集团
cup_v1_legacy_mcst,杯柄 V1 旧版复原+MCST,603533.SH,2023-02-09,0.852377,legacy_confirmed_cup,17.78,18.68,16.03,18.67,2023-02-07,25.235294,4.979253,156,5,0.764706,8.0,2.5879,1.865319,2.117647,37.540453,24.731183,82.0,19.765166,22.723171,20,16.974678,9.98736,False,False,0.882012,1.0,1.0,0.468365,掌阅科技
cup_v1_legacy_mcst,杯柄 V1 旧版复原+MCST,603536.SH,2025-11-10,0.740922,legacy_confirmed_cup,13.0,14.08,9.86,14.08,2025-11-06,30.350877,13.508772,148,5,3.070175,11.842105,2.276108,1.648349,5.263158,64.434524,31.011236,79.0,39.496718,28.337402,20,11.802169,19.300107,False,False,0.513884,1.0,1.0,0.555312,惠发食品
cup_v1_legacy_mcst,杯柄 V1 旧版复原+MCST,603551.SH,2023-01-31,0.711136,legacy_confirmed_cup,10.78,11.02,9.17,10.99,2023-01-20,25.748503,8.483034,117,5,0.299401,5.489022,1.246993,1.204902,1.796407,36.47541,27.693762,92.0,28.902439,23.414027,20,9.985389,10.060809,False,False,0.778229,0.789098,0.827002,0.380404,奥普科技
cup_v1_legacy_mcst,杯柄 V1 旧版复原+MCST,603556.SH,2024-01-03,0.747183,legacy_confirmed_cup,29.07,29.94,27.24,29.75,2023-12-29,23.664122,0.981461,100,12,0.399855,5.525264,1.649312,1.213052,1.454017,52.222222,28.156004,88.0,15.335717,15.297544,20,27.815241,6.955752,False,False,0.705808,0.909794,0.788278,0.575229,海兴电力
cup_v1_legacy_mcst,杯柄 V1 旧版复原+MCST,603558.SH,2023-11-30,0.688488,legacy_confirmed_cup,9.62,9.8,9.0,9.78,2023-11-28,16.230937,1.960784,158,20,2.832244,6.100218,1.63348,1.041215,2.941176,13.054499,18.136273,89.0,22.670025,13.569451,20,9.422896,3.78975,False,False,0.504705,0.905044,0.770608,0.657292,健盛集团
cup_v1_legacy_mcst,杯柄 V1 旧版复原+MCST,603558.SH,2025-11-03,0.648832,legacy_confirmed_cup,12.1,12.2,9.62,12.08,2025-10-30,27.838828,6.782946,154,12,5.494505,4.120879,1.217194,1.548081,2.838828,34.981459,20.976027,72.0,29.794521,18.613567,20,10.840379,11.435218,False,False,0.62485,0.659279,1.0,0.326572,健盛集团
cup_v1_legacy_mcst,杯柄 V1 旧版复原+MCST,603578.SH,2023-09-05,0.703191,legacy_confirmed_cup,16.91,17.49,14.2,17.49,2023-09-01,22.610868,8.387097,76,9,3.185509,6.620862,1.916478,1.507869,1.061836,45.149592,20.328061,94.0,24.326293,17.620037,20,15.829289,10.491382,False,False,0.568925,0.989943,0.88273,0.400176,三星新材
cup_v1_legacy_mcst,杯柄 V1 旧版复原+MCST,603587.SH,2023-02-22,0.789093,legacy_confirmed_cup,17.02,17.2,15.75,17.07,2023-02-20,18.654434,3.669725,149,5,1.529052,4.464832,1.895422,1.524621,0.489297,13.380282,16.860465,83.0,17.388316,15.353444,20,16.152221,5.682063,False,False,0.761959,0.910041,0.811162,0.663323,地素时尚
cup_v1_legacy_mcst,杯柄 V1 旧版复原+MCST,603588.SH,2025-07-24,0.793991,legacy_confirmed_cup,6.43,6.57,5.92,6.54,2025-07-22,23.684211,2.631579,141,5,3.453947,6.578947,1.523014,1.372462,3.453947,39.429929,18.769231,74.0,27.810651,15.574977,20,6.035489,8.359081,False,False,0.852675,0.871904,0.936231,0.451663,高能环境
cup_v1_legacy_mcst,杯柄 V1 旧版复原+MCST,603588.SH,2025-08-21,0.698657,legacy_confirmed_cup,7.05,7.22,6.21,7.15,2025-08-19,28.943338,4.166667,91,19,0.765697,6.738132,1.840057,1.190361,0.765697,55.106888,24.752475,78.0,33.524904,19.629269,20,6.570471,8.820199,False,False,0.598994,0.967017,0.690892,0.545379,高能环境
cup_v1_legacy_mcst,杯柄 V1 旧版复原+MCST,603588.SH,2025-10-13,0.65061,legacy_confirmed_cup,7.95,8.45,6.41,8.38,2025-10-09,35.376045,10.724234,110,5,6.406685,9.749304,1.785571,2.900113,2.228412,59.619952,25.253807,80.0,55.11811,29.072767,20,7.270672,15.257577,False,False,0.354894,0.950671,1.0,0.443646,高能环境
cup_v1_legacy_mcst,杯柄 V1 旧版复原+MCST,603598.SH,2023-03-22,0.682811,legacy_confirmed_cup,11.13,11.59,9.36,11.45,2023-03-20,28.736741,9.739634,102,5,2.603664,6.943105,2.671307,2.73729,-1.157184,35.026738,24.526601,87.0,31.08747,22.034644,20,10.291355,11.258433,False,False,0.548516,1.0,0.605352,0.598802,引力传媒
cup_v1_legacy_mcst,杯柄 V1 旧版复原+MCST,603602.SH,2023-02-03,0.751757,legacy_confirmed_cup,13.46,14.1,11.81,13.85,2023-02-01,27.814029,3.670473,91,10,6.688418,7.748777,1.219429,1.410006,3.670473,36.352801,21.289355,88.0,23.112768,17.97364,20,12.469907,11.067389,False,False,0.709514,0.780829,0.955003,0.586097,纵横通信
cup_v1_legacy_mcst,杯柄 V1 旧版复原+MCST,603602.SH,2023-11-01,0.75811,legacy_confirmed_cup,15.59,15.99,13.29,15.67,2023-10-30,21.14208,3.904555,152,16,5.982325,4.826649,1.64581,1.615531,1.631543,66.214689,24.305107,92.0,24.154589,21.21768,20,14.521599,7.908226,False,False,0.773138,0.884907,0.953943,0.377483,纵横通信
cup_v1_legacy_mcst,杯柄 V1 旧版复原+MCST,603607.SH,2023-09-15,0.687015,legacy_confirmed_cup,18.6,21.96,14.11,21.96,2023-09-13,16.069142,7.47541,115,18,2.368758,27.848912,1.426177,4.08948,18.886044,25.562701,30.645969,96.0,35.389831,37.150314,20,18.094074,21.365702,False,False,0.613806,0.842853,1.0,0.307347,京华激光
cup_v1_legacy_mcst,杯柄 V1 旧版复原+MCST,603612.SH,2025-02-12,0.590685,legacy_confirmed_cup,16.98,18.57,12.89,18.57,2025-02-10,38.989395,14.352159,118,5,6.113537,3.618216,2.795525,1.632122,1.621959,82.782212,23.727811,75.0,46.99115,29.733529,20,15.253698,21.740967,False,False,0.36324,0.810005,0.952745,0.352502,索通发展
cup_v1_legacy_mcst,杯柄 V1 旧版复原+MCST,603612.SH,2025-07-29,0.800019,legacy_confirmed_cup,21.07,22.55,17.28,22.12,2025-07-25,27.948304,6.493506,93,19,0.484653,14.162628,1.457041,1.516255,12.277868,89.877301,31.36646,88.0,50.997151,22.158518,20,20.218945,9.402343,False,False,0.796901,0.852112,1.0,0.540376,索通发展
cup_v1_legacy_mcst,杯柄 V1 旧版复原+MCST,603612.SH,2026-02-06,0.692066,legacy_confirmed_cup,30.51,32.38,25.23,31.73,2026-02-04,15.669409,5.646971,89,9,1.944652,14.360509,1.766065,1.39337,10.620793,95.964126,29.065744,74.0,27.789386,20.016484,20,28.540742,11.174404,False,False,0.566975,0.94482,0.946685,0.340413,索通发展
cup_v1_legacy_mcst,杯柄 V1 旧版复原+MCST,603615.SH,2023-07-27,0.706938,legacy_confirmed_cup,9.5,9.68,8.81,9.57,2023-07-25,21.682848,4.962244,89,18,3.77562,3.020496,1.293584,1.442437,0.970874,37.867079,23.755187,83.0,16.605617,11.403824,20,9.400961,1.798101,False,False,0.773753,0.530894,0.842578,0.674428,茶花股份
cup_v1_legacy_mcst,杯柄 V1 旧版复原+MCST,603619.SH,2025-11-18,0.60996,legacy_confirmed_cup,23.88,25.45,21.74,24.93,2025-11-14,16.651543,1.361162,99,5,2.631579,7.894737,1.401956,1.064427,1.088929,49.860335,24.743957,75.0,33.821047,20.78679,20,21.616714,15.327428,False,False,0.526304,0.835587,0.66833,0.415955,中曼石油
cup_v1_legacy_mcst,杯柄 V1 旧版复原+MCST,603650.SH,2025-10-13,0.682065,legacy_confirmed_cup,42.98,48.18,33.35,47.93,2025-10-09,27.009223,12.121212,139,6,2.450593,15.019763,1.530298,1.442132,12.806324,47.313967,32.2948,72.0,44.011877,30.400038,20,39.999417,19.826746,False,False,0.610173,0.874089,0.971066,0.278847,彤程新材
cup_v1_legacy_mcst,杯柄 V1 旧版复原+MCST,603655.SH,2025-06-12,0.756858,legacy_confirmed_cup,30.5,31.84,27.02,31.65,2025-06-10,25.345958,1.602331,106,5,2.986162,4.552076,2.112611,1.692856,0.145666,111.260904,32.343234,82.0,17.32734,18.683772,20,27.463749,15.242826,False,False,0.741769,0.93841,0.768208,0.544972,朗博科技
cup_v1_legacy_mcst,杯柄 V1 旧版复原+MCST,603680.SH,2023-06-09,0.762877,legacy_confirmed_cup,10.73,11.86,9.6,11.86,2023-06-07,19.314642,0.311526,146,6,4.153686,19.2108,5.335829,2.760301,8.722741,39.848485,31.59204,89.0,31.350114,30.687208,20,10.74814,10.344674,False,False,0.603462,1.0,1.0,0.508329,今创集团
cup_v1_legacy_mcst,杯柄 V1 旧版复原+MCST,603697.SH,2025-04-22,0.586612,legacy_confirmed_cup,12.52,13.75,11.02,13.75,2025-04-18,22.272727,-0.181818,98,5,2.727273,3.272727,1.324529,2.452396,0.909091,100.750469,31.926752,97.0,72.644377,15.845471,20,11.228581,22.455372,False,False,0.630299,0.574859,0.863636,0.247829,有友食品
cup_v1_legacy_mcst,杯柄 V1 旧版复原+MCST,603713.SH,2025-08-21,0.674612,legacy_confirmed_cup,61.34,62.77,51.5,62.38,2025-08-19,24.086437,7.424052,130,5,2.266339,6.6409,1.615476,1.173608,5.762474,37.887597,22.539025,71.0,26.064382,18.308212,20,57.352814,8.765369,False,False,0.656733,0.899643,0.836804,0.262421,密尔克卫
cup_v1_legacy_mcst,杯柄 V1 旧版复原+MCST,603725.SH,2023-07-19,0.699352,legacy_confirmed_cup,8.54,8.77,8.04,8.68,2023-07-17,22.755228,1.107011,138,10,3.936039,4.059041,1.736386,1.163668,2.460025,22.03125,26.635514,76.0,17.012448,12.273562,20,8.170684,6.233451,False,False,0.684515,0.806534,0.831834,0.45886,天安新材
cup_v1_legacy_mcst,杯柄 V1 旧版复原+MCST,603729.SH,2023-11-06,0.575416,legacy_confirmed_cup,21.19,22.66,14.64,22.66,2023-11-02,17.880403,13.321492,81,5,4.262877,10.89402,3.141118,2.828458,0.118413,25.058005,21.836626,94.0,26.811104,20.782864,20,17.648631,28.395227,False,False,0.295043,1.0,0.764802,0.345953,龙韵股份
cup_v1_legacy_mcst,杯柄 V1 旧版复原+MCST,603733.SH,2025-08-19,0.589749,legacy_confirmed_cup,25.69,26.6,24.15,26.34,2025-08-15,19.179785,-0.041425,101,5,4.971002,4.722452,1.375578,1.220774,1.491301,56.480218,24.214203,72.0,24.04318,17.879292,20,23.883618,10.284798,False,False,0.501509,0.789511,0.7968,0.287415,仙鹤股份
cup_v1_legacy_mcst,杯柄 V1 旧版复原+MCST,603758.SH,2023-06-28,0.575272,legacy_confirmed_cup,10.72,10.78,10.1,10.77,2023-06-26,17.81889,0.883219,96,8,0.778968,3.0185,1.351894,1.019514,0.194742,34.073107,24.100719,87.0,34.263959,3.790783,20,10.166258,5.938689,False,False,0.589097,0.548112,0.5341,0.626202,秦安股份
cup_v1_legacy_mcst,杯柄 V1 旧版复原+MCST,603759.SH,2025-11-03,0.70496,legacy_confirmed_cup,10.78,11.82,9.1,11.74,2025-10-30,24.538545,1.194354,145,5,1.737242,17.806732,3.373977,2.388106,9.880565,68.843284,34.62867,74.0,32.478632,30.160952,20,9.831331,19.414149,False,False,0.549761,1.0,1.0,0.312717,海天股份
cup_v1_legacy_mcst,杯柄 V1 旧版复原+MCST,603798.SH,2025-05-08,0.604283,legacy_confirmed_cup,9.73,9.96,8.46,9.76,2025-05-06,19.0,6.0,95,5,0.0,6.111111,1.866546,1.46366,4.333333,30.813953,26.214575,73.0,15.199035,5.498633,20,8.966638,8.847936,False,False,0.373128,0.974964,0.98183,0.167904,康普顿
cup_v1_legacy_mcst,杯柄 V1 旧版复原+MCST,603799.SH,2025-07-03,0.652193,legacy_confirmed_cup,38.58,38.66,35.5,38.42,2025-07-01,25.94697,2.713072,145,7,1.271645,3.030303,1.541735,1.065914,-0.243506,77.521614,28.500522,82.0,26.637845,14.734506,20,36.621399,4.91134,False,False,0.721873,0.606687,0.502518,0.736809,华友钴业
cup_v1_legacy_mcst,杯柄 V1 旧版复原+MCST,603799.SH,2025-08-22,0.715676,legacy_confirmed_cup,45.7,49.0,40.08,47.94,2025-08-20,31.282953,-0.627668,89,20,1.782576,14.235501,1.269927,1.247454,9.490334,83.921016,30.601093,84.0,42.410016,23.839571,20,44.793783,7.02378,False,False,0.572012,0.795978,0.873727,0.708658,华友钴业
cup_v1_legacy_mcst,杯柄 V1 旧版复原+MCST,603810.SH,2025-10-21,0.574536,legacy_confirmed_cup,17.19,17.45,15.4,17.18,2025-10-17,12.47613,1.973265,96,8,4.519414,6.556334,1.949344,1.210605,5.155952,83.823529,21.963678,70.0,31.397174,6.761906,20,16.073613,6.883252,False,False,0.291201,0.999803,0.855303,0.258019,丰山集团
cup_v1_legacy_mcst,杯柄 V1 旧版复原+MCST,603823.SH,2023-02-02,0.814449,legacy_confirmed_cup,19.22,19.99,15.17,19.73,2023-01-31,23.506421,12.665515,78,5,3.015075,6.14182,2.985346,2.004518,1.005025,78.031809,26.909091,93.0,30.922865,16.96842,20,17.784622,10.93854,False,False,0.816974,1.0,0.875628,0.516915,百合花
cup_v1_legacy_mcst,杯柄 V1 旧版复原+MCST,603848.SH,2025-08-12,0.623408,legacy_confirmed_cup,20.8,21.13,17.19,21.01,2025-08-08,31.399132,6.778742,151,5,2.603037,3.796095,1.341403,1.31082,-1.247289,59.786477,28.747433,76.0,28.629032,26.878905,20,18.0169,16.612736,False,False,0.834,0.651884,0.499499,0.343187,好太太
cup_v1_legacy_mcst,杯柄 V1 旧版复原+MCST,603858.SH,2025-08-01,0.611192,legacy_confirmed_cup,18.2,18.6,15.8,18.38,2025-07-30,21.776018,6.231454,141,14,4.69457,3.959276,1.583131,1.110708,2.432127,24.682652,16.275347,70.0,25.375171,15.97617,20,17.842342,3.013384,False,False,0.592978,0.74684,0.805354,0.279347,步长制药
cup_v1_legacy_mcst,杯柄 V1 旧版复原+MCST,603858.SH,2025-08-25,0.764146,legacy_confirmed_cup,18.86,19.24,17.81,19.05,2025-08-21,23.209328,1.110494,149,20,4.164353,6.440866,1.241681,1.142682,3.831205,21.720733,18.68245,74.0,26.869623,17.600147,20,18.514401,2.892875,False,False,0.927649,0.787504,0.821341,0.391624,步长制药
cup_v1_legacy_mcst,杯柄 V1 旧版复原+MCST,603859.SH,2026-01-12,0.677545,legacy_confirmed_cup,50.6,52.8,37.81,52.8,2026-01-08,12.575406,5.545841,92,9,7.12297,5.011601,2.478,2.718842,2.598608,80.788591,22.309278,80.0,39.519112,7.32812,20,44.059286,19.838529,False,False,0.251145,1.0,1.0,0.698222,能科科技
cup_v1_legacy_mcst,杯柄 V1 旧版复原+MCST,603867.SH,2023-06-27,0.670306,legacy_confirmed_cup,41.0,41.78,35.86,41.5,2023-06-21,19.065421,4.245661,116,5,4.325768,5.473965,1.211919,1.524042,4.138852,43.32,26.875754,77.0,19.479734,11.283018,20,37.920288,9.440097,False,False,0.505749,0.778576,1.0,0.493252,新化股份
cup_v1_legacy_mcst,杯柄 V1 旧版复原+MCST,603879.SH,2023-07-07,0.6657,legacy_confirmed_cup,7.22,7.28,6.63,7.23,2023-07-05,25.839416,3.211679,124,5,2.189781,4.233577,1.842968,1.131644,0.583942,31.889764,30.027548,74.0,17.241379,15.356652,20,6.695932,7.976015,False,False,0.72007,0.862507,0.638815,0.351429,永悦科技
cup_v1_legacy_mcst,杯柄 V1 旧版复原+MCST,603879.SH,2025-04-17,0.7145,legacy_confirmed_cup,4.8,5.07,3.92,5.07,2025-04-15,24.318182,10.909091,65,5,6.590909,10.227273,2.156203,1.178653,4.545455,120.967742,29.278351,97.0,97.959184,26.910748,20,4.364817,16.156078,False,False,0.80812,1.0,0.839326,0.068966,永悦科技
cup_v1_legacy_mcst,杯柄 V1 旧版复原+MCST,603883.SH,2024-05-08,0.814398,legacy_confirmed_cup,35.26,36.0,31.61,35.46,2024-05-06,19.18443,2.347853,97,7,5.591597,8.804449,1.611339,1.577727,3.521779,33.976326,25.871352,95.0,35.670262,17.643457,20,32.583907,8.826729,False,False,0.840253,0.898402,1.0,0.478547,老百姓
cup_v1_legacy_mcst,杯柄 V1 旧版复原+MCST,603883.SH,2025-06-16,0.72593,legacy_confirmed_cup,21.13,22.97,16.76,22.52,2025-06-12,27.071291,18.003914,87,6,1.541426,6.406551,1.582609,1.833058,-0.04817,74.453782,26.555653,82.0,16.385669,22.933372,20,20.749095,8.534853,False,False,0.768073,0.889783,0.743979,0.429316,老百姓
cup_v1_legacy_mcst,杯柄 V1 旧版复原+MCST,603886.SH,2023-02-24,0.766663,legacy_confirmed_cup,21.73,21.91,18.34,21.72,2023-02-22,17.584098,6.523955,84,13,0.611621,10.142712,1.523975,1.226123,6.67686,27.45098,21.137093,89.0,26.079347,16.565079,20,20.472155,6.095331,False,False,0.722012,0.872192,0.863062,0.616494,元祖股份
cup_v1_legacy_mcst,杯柄 V1 旧版复原+MCST,603897.SH,2025-05-08,0.685924,legacy_confirmed_cup,27.15,28.9,22.3,28.32,2025-05-06,13.286094,0.579581,112,7,0.664305,20.726306,3.46335,2.586153,10.717449,42.012579,29.314079,80.0,21.642124,15.622791,20,24.816334,14.118388,False,False,0.333681,1.0,1.0,0.595679,长城科技
cup_v1_legacy_mcst,杯柄 V1 旧版复原+MCST,603898.SH,2025-05-22,0.736781,legacy_confirmed_cup,11.48,11.7,10.5,11.6,2025-05-20,23.404255,2.867715,105,5,3.792784,4.995375,1.889247,1.296617,0.462535,51.603499,29.651657,84.0,29.8627,18.102043,20,10.71812,8.227939,False,False,0.570013,0.981138,0.706125,0.753835,好莱客
cup_v1_legacy_mcst,杯柄 V1 旧版复原+MCST,603901.SH,2022-12-01,0.765529,legacy_confirmed_cup,16.0,16.16,11.95,15.9,2022-11-29,28.971309,16.375087,98,20,2.589223,9.447166,1.845077,1.450083,2.869139,10.651828,23.88535,81.0,17.241379,16.197576,20,14.966251,6.23903,False,False,0.611524,0.968523,0.975041,0.571785,永创智能
cup_v1_legacy_mcst,杯柄 V1 旧版复原+MCST,603922.SH,2023-11-28,0.728843,legacy_confirmed_cup,26.27,26.54,24.42,26.48,2023-11-24,22.431373,4.235294,110,14,3.411765,3.607843,1.698387,1.096084,2.039216,21.031941,25.778612,84.0,15.623632,13.530644,20,25.767545,2.764932,False,False,0.688044,0.733095,0.798042,0.725729,金鸿顺
cup_v1_legacy_mcst,杯柄 V1 旧版复原+MCST,603922.SH,2024-03-15,0.673362,legacy_confirmed_cup,27.28,27.98,25.07,27.98,2024-03-13,18.727915,1.570475,98,5,3.533569,5.261091,1.613497,1.51476,3.180212,24.21638,24.727273,91.0,17.125382,7.555137,20,25.425369,10.047569,False,False,0.47543,0.899049,1.0,0.410994,金鸿顺
cup_v1_legacy_mcst,杯柄 V1 旧版复原+MCST,603931.SH,2025-12-10,0.725004,legacy_confirmed_cup,37.4,40.0,31.48,39.96,2025-12-08,25.246914,2.839506,139,8,2.222222,11.759259,1.226756,1.245148,4.320988,51.578947,31.907545,84.0,45.890411,27.322167,20,33.978818,17.602678,False,False,0.628461,0.783027,0.872574,0.673855,格林达
cup_v1_legacy_mcst,杯柄 V1 旧版复原+MCST,603949.SH,2022-05-25,0.624397,legacy_confirmed_cup,27.9,29.05,23.09,28.92,2022-05-23,23.535994,13.87542,62,7,7.310705,5.147333,1.481676,1.104152,0.111899,87.972769,18.091522,96.0,46.062176,13.796305,20,25.573114,13.087517,False,False,0.547784,0.859503,0.566064,0.522919,雪龙集团
cup_v1_legacy_mcst,杯柄 V1 旧版复原+MCST,603950.SH,2023-02-01,0.855882,legacy_confirmed_cup,18.25,18.37,16.11,18.28,2023-01-30,25.508318,0.739372,120,7,3.388786,10.47443,2.932626,2.138761,4.744301,35.055986,31.177446,84.0,16.126943,22.852396,20,16.772834,8.985754,False,False,0.875252,1.0,1.0,0.497718,长源东谷
cup_v1_legacy_mcst,杯柄 V1 旧版复原+MCST,603955.SH,2022-07-20,0.666208,legacy_confirmed_cup,18.06,18.39,12.21,18.03,2022-07-18,26.098361,15.384615,75,12,5.377049,9.245902,1.744087,2.122828,-0.655738,30.901288,33.07601,93.0,25.075075,17.544685,20,14.84288,21.472386,False,False,0.597824,0.938226,0.668033,0.44403,大千生态
cup_v1_legacy_mcst,杯柄 V1 旧版复原+MCST,603960.SH,2026-02-12,0.561322,legacy_confirmed_cup,24.65,25.39,18.18,25.21,2026-02-10,22.172949,19.379157,92,5,5.321508,8.86918,2.413325,1.889736,-1.286031,43.577673,25.947047,73.0,26.286008,21.483033,20,22.300946,13.044531,False,False,0.407503,1.0,0.589246,0.254233,克来机电
cup_v1_legacy_mcst,杯柄 V1 旧版复原+MCST,603968.SH,2025-08-20,0.645393,legacy_confirmed_cup,12.95,13.06,12.0,13.02,2025-08-18,30.512612,2.359642,90,17,7.729862,4.393816,1.306143,1.072583,2.115541,36.791315,20.728929,75.0,28.043912,14.796147,20,12.665853,2.796078,False,False,0.587634,0.723493,0.786291,0.507949,醋化股份
cup_v1_legacy_mcst,杯柄 V1 旧版复原+MCST,603969.SH,2025-04-28,0.665835,legacy_confirmed_cup,6.75,6.9,5.77,6.77,2025-04-24,15.319865,2.861953,102,5,0.505051,10.43771,2.568209,2.238788,4.208754,50.765306,29.94429,81.0,16.725979,6.824443,20,6.126412,10.505137,False,False,0.335425,1.0,1.0,0.492181,银龙股份
cup_v1_legacy_mcst,杯柄 V1 旧版复原+MCST,603970.SH,2022-06-01,0.713706,legacy_confirmed_cup,29.4,30.88,26.54,30.66,2022-05-30,26.546112,4.014467,97,5,6.148282,7.703436,3.991907,2.322039,-0.216998,43.687708,32.748344,95.0,40.604344,16.026351,20,28.038812,9.348426,False,False,0.593958,1.0,0.722875,0.556229,中农立华
cup_v1_legacy_mcst,杯柄 V1 旧版复原+MCST,603979.SH,2024-03-07,0.617482,legacy_confirmed_cup,46.3,47.83,39.71,46.96,2024-03-05,16.930693,1.707921,94,14,3.762376,12.871287,1.236337,1.128441,8.663366,35.234783,24.278846,95.0,26.737076,21.577576,20,42.664872,10.067131,False,False,0.571401,0.785901,0.81422,0.290862,金诚信
cup_v1_legacy_mcst,杯柄 V1 旧版复原+MCST,603991.SH,2023-11-14,0.680715,legacy_confirmed_cup,48.87,53.46,34.49,53.46,2023-11-10,19.129353,7.160162,151,5,7.587065,13.557214,5.334521,6.218651,3.18408,17.475161,28.784228,91.0,27.549595,23.651302,20,45.506651,17.477334,False,False,0.429838,1.0,1.0,0.401358,至正股份
cup_v1_legacy_mcst,杯柄 V1 旧版复原+MCST,603992.SH,2024-10-18,0.661062,legacy_confirmed_cup,21.29,22.2,18.35,22.0,2024-10-16,22.193878,6.377551,122,5,2.44898,10.408163,1.879454,1.477024,2.704082,55.827221,31.244364,76.0,26.180758,22.372234,20,19.006919,15.747321,False,False,0.433632,0.978836,0.988512,0.334398,松霖科技
cup_v1_legacy_mcst,杯柄 V1 旧版复原+MCST,603992.SH,2025-08-01,0.767679,legacy_confirmed_cup,28.52,29.53,24.49,29.49,2025-07-30,29.068323,-1.407867,98,5,7.660455,18.592133,2.052726,1.398138,13.540373,46.229508,29.892993,89.0,52.828175,29.514622,20,25.776908,14.404724,False,False,0.67016,1.0,0.949069,0.466546,松霖科技
cup_v1_legacy_mcst,杯柄 V1 旧版复原+MCST,603998.SH,2022-05-16,0.625236,legacy_confirmed_cup,7.58,7.58,5.84,7.58,2022-05-12,20.745543,5.34846,154,5,5.996759,6.158833,1.406986,2.113167,0.972447,13.28125,33.649932,91.0,23.584906,8.551541,20,6.305376,20.214875,False,False,0.40443,0.837096,0.871556,0.5005,方盛制药
cup_v1_legacy_mcst,杯柄 V1 旧版复原+MCST,605005.SH,2025-06-03,0.725354,legacy_confirmed_cup,17.99,21.99,15.8,21.99,2025-05-29,23.151308,4.184354,125,5,6.200228,10.921502,2.705314,7.372289,2.332196,21.6609,30.717949,79.0,18.253487,19.346958,20,19.114996,15.040567,False,False,0.538607,1.0,1.0,0.434206,合兴股份
cup_v1_legacy_mcst,杯柄 V1 旧版复原+MCST,605020.SH,2025-08-13,0.723218,legacy_confirmed_cup,28.22,29.25,23.45,28.72,2025-08-11,18.834633,3.775133,104,18,7.263028,9.519902,1.592186,2.981373,6.114075,56.618157,24.227763,72.0,24.719626,18.303242,20,26.145236,9.84793,False,False,0.69525,0.892656,1.0,0.283581,永和股份
cup_v1_legacy_mcst,杯柄 V1 旧版复原+MCST,605050.SH,2025-05-06,0.618647,legacy_confirmed_cup,11.39,12.13,10.76,11.95,2025-04-29,18.829982,1.645338,98,5,4.387569,3.564899,1.652806,1.847038,-0.365631,37.270341,25.565801,86.0,23.555071,10.694077,20,10.717599,11.498858,False,False,0.440496,0.713515,0.704296,0.726178,福然德
cup_v1_legacy_mcst,杯柄 V1 旧版复原+MCST,605099.SH,2025-05-30,0.753446,legacy_confirmed_cup,23.2,25.43,21.13,25.43,2025-05-28,25.937362,0.798122,93,13,6.043229,4.631672,1.569822,1.999778,0.308778,39.938272,29.837025,84.0,23.413111,14.055826,20,22.603415,12.505125,False,False,0.653721,0.835302,0.788597,0.790494,共创草坪
cup_v1_legacy_mcst,杯柄 V1 旧版复原+MCST,605099.SH,2025-11-05,0.555165,legacy_confirmed_cup,34.26,36.8,32.4,36.04,2025-11-03,9.732883,0.521953,98,5,5.526558,6.079214,1.58246,1.365207,0.429843,83.263848,21.45338,90.0,65.390139,7.778734,20,32.931998,9.437635,False,False,0.284289,0.889738,0.736334,0.429813,共创草坪
cup_v1_legacy_mcst,杯柄 V1 旧版复原+MCST,605100.SH,2023-06-29,0.620628,legacy_confirmed_cup,16.62,18.41,16.15,18.41,2023-06-27,21.580547,1.823708,138,5,0.303951,3.282675,1.533619,1.398186,-1.155015,37.353434,27.487352,82.0,27.744361,16.085612,20,16.403543,12.231851,False,False,0.591792,0.638953,0.554716,0.714096,华丰股份
cup_v1_legacy_mcst,杯柄 V1 旧版复原+MCST,605128.SH,2025-05-08,0.682066,legacy_confirmed_cup,44.67,46.66,39.5,46.4,2025-05-06,17.363502,2.852927,97,5,0.688637,9.640925,2.389626,1.365434,2.484014,85.229358,29.765886,77.0,18.343509,13.455563,20,40.080667,15.766537,False,False,0.408108,1.0,0.932717,0.513425,上海沿浦
cup_v1_legacy_mcst,杯柄 V1 旧版复原+MCST,605155.SH,2025-08-12,0.632145,legacy_confirmed_cup,13.64,13.8,12.1,13.7,2025-08-08,25.267994,5.023548,94,9,2.45023,3.445636,1.629899,1.271109,-0.459418,68.952135,18.347953,77.0,30.154143,13.089882,20,12.787035,7.139767,False,False,0.61664,0.690245,0.578127,0.640674,西大门
cup_v1_legacy_mcst,杯柄 V1 旧版复原+MCST,605162.SH,2025-07-09,0.757215,legacy_confirmed_cup,10.36,11.36,7.06,11.36,2025-07-07,25.471698,11.860175,61,5,5.542453,10.731132,3.610963,7.107704,8.608491,44.217687,32.694356,87.0,47.641509,26.230886,20,9.44563,20.267261,False,False,0.542114,1.0,1.0,0.587378,新中港
cup_v1_legacy_mcst,杯柄 V1 旧版复原+MCST,605228.SH,2023-07-12,0.783978,legacy_confirmed_cup,10.56,11.81,9.5,11.81,2023-07-10,16.205128,1.144641,98,5,1.435897,13.846154,2.483776,3.054198,2.564103,32.653061,26.396396,85.0,27.002288,22.453482,20,10.189229,15.906711,False,False,0.601969,1.0,1.0,0.616444,神通科技
cup_v1_legacy_mcst,杯柄 V1 旧版复原+MCST,605228.SH,2025-08-13,0.838946,legacy_confirmed_cup,15.83,17.5,12.26,17.5,2025-08-11,35.036496,0.567721,141,19,1.135442,25.385239,2.262877,1.961739,15.977291,60.183968,34.202161,87.0,47.378456,35.427921,20,13.999426,25.005129,False,False,0.774127,1.0,1.0,0.590009,神通科技
cup_v1_legacy_mcst,杯柄 V1 旧版复原+MCST,605318.SH,2024-10-29,0.840803,legacy_confirmed_cup,21.72,22.18,16.59,22.13,2024-10-25,30.144605,0.599161,154,16,7.174638,12.958843,2.384034,1.57417,2.224694,35.289691,29.788282,77.0,25.293029,32.643232,20,18.870282,17.27435,False,False,0.919832,1.0,1.0,0.34431,法狮龙
cup_v1_legacy_mcst,杯柄 V1 旧版复原+MCST,605499.SH,2024-05-09,0.755444,legacy_confirmed_cup,226.08,232.67,184.78,229.68,2024-05-07,22.282718,2.870059,89,14,4.093567,13.188143,1.40868,1.1571,11.065739,31.73939,29.968413,91.0,23.031399,22.39947,20,204.412215,12.361191,False,False,0.874557,0.837604,0.82855,0.371189,东鹏饮料
cup_v1_legacy_mcst,杯柄 V1 旧版复原+MCST,605499.SH,2025-05-30,0.647698,legacy_confirmed_cup,315.0,321.88,282.45,320.0,2025-05-28,27.452827,1.485822,151,5,0.247637,8.635904,1.647917,1.074014,1.789264,54.778656,31.892755,93.0,47.267139,25.777097,20,286.616984,11.647257,False,False,0.546788,0.909375,0.760665,0.384225,东鹏饮料
cup_v1_legacy_mcst,杯柄 V1 旧版复原+MCST,605599.SH,2023-05-04,0.767556,legacy_confirmed_cup,12.4,12.89,10.06,12.74,2023-04-27,23.159785,5.893358,148,13,4.039497,12.746858,2.085138,1.336375,8.168761,18.763326,25.196232,90.0,36.521739,24.910908,20,11.629973,9.544535,False,False,0.653731,1.0,0.918188,0.525562,菜百股份
cup_v1_legacy_mcst,杯柄 V1 旧版复原+MCST,605599.SH,2026-01-28,0.87186,legacy_confirmed_cup,19.83,21.71,17.66,21.71,2026-01-26,26.769558,1.450893,149,5,4.630122,10.271421,2.129305,1.82098,3.618946,84.577603,33.620277,76.0,35.513407,35.071708,20,18.514666,17.258392,False,False,0.969868,1.0,1.0,0.412031,菜百股份
cup_v1_legacy_mcst,杯柄 V1 旧版复原+MCST,688009.SH,2023-03-02,0.819747,legacy_confirmed_cup,5.34,5.42,4.82,5.39,2023-02-28,15.226337,0.823045,158,17,2.263374,5.144033,2.058812,3.412084,3.08642,16.421569,10.546875,78.0,17.471264,10.7739,20,5.094391,5.80263,False,False,0.773607,1.0,1.0,0.494922,中国通号
cup_v1_legacy_mcst,杯柄 V1 旧版复原+MCST,688009.SH,2023-03-17,0.757893,legacy_confirmed_cup,5.51,5.65,4.87,5.59,2023-03-15,17.6,2.6,157,15,7.4,10.8,1.350281,1.099767,8.8,13.480392,18.650089,86.0,24.774775,17.69288,20,5.39039,3.703075,False,False,0.734729,0.820084,0.799883,0.678702,中国通号
cup_v1_legacy_mcst,杯柄 V1 旧版复原+MCST,688013.SH,2025-05-20,0.690342,legacy_confirmed_cup,22.92,23.77,21.54,23.65,2025-05-16,23.607915,0.874367,117,7,4.371836,4.003682,1.740215,1.254878,-0.460193,53.019146,26.810004,81.0,18.697479,17.914581,20,21.153232,11.803244,False,False,0.764733,0.800071,0.569915,0.543421,天臣医疗
cup_v1_legacy_mcst,杯柄 V1 旧版复原+MCST,688019.SH,2025-05-06,0.715361,legacy_confirmed_cup,185.6,192.54,164.87,188.3,2025-04-29,24.818578,4.28447,102,9,1.898403,4.963716,1.726227,1.076132,-0.441219,75.508932,20.939227,81.0,17.326411,16.976595,20,168.545527,11.720556,False,False,0.789076,0.927879,0.482914,0.55316,安集科技
cup_v1_legacy_mcst,杯柄 V1 旧版复原+MCST,688021.SH,2026-02-05,0.608686,legacy_confirmed_cup,23.23,23.88,17.02,23.6,2026-02-03,20.486436,20.392891,61,10,2.338634,7.343312,1.244571,1.075992,4.53695,122.601279,28.397139,70.0,21.879979,18.453141,20,21.590524,9.307214,False,False,0.621428,0.788371,0.787996,0.182471,奥福科技
cup_v1_legacy_mcst,杯柄 V1 旧版复原+MCST,688022.SH,2025-08-13,0.656701,legacy_confirmed_cup,16.7,17.25,13.92,17.01,2025-08-11,31.716907,8.781127,86,10,1.507208,10.288336,1.277264,1.176009,5.504587,83.965728,25.385528,74.0,27.596664,18.226947,20,15.451355,10.087435,False,False,0.608315,0.798179,0.838005,0.383224,瀚川智能
cup_v1_legacy_mcst,杯柄 V1 旧版复原+MCST,688026.SH,2025-07-17,0.828913,legacy_confirmed_cup,17.51,17.89,16.4,17.78,2025-07-15,30.072464,0.966184,157,8,6.702899,7.004831,2.459987,1.49788,1.388889,67.752443,26.538462,86.0,48.657718,20.011514,20,16.721212,6.332008,False,False,0.734629,1.0,0.922551,0.686411,洁特生物
cup_v1_legacy_mcst,杯柄 V1 旧版复原+MCST,688029.SH,2025-08-13,0.81573,legacy_confirmed_cup,96.1,98.6,72.88,97.85,2025-08-11,27.994616,0.164384,159,18,1.749664,24.347241,1.693655,1.50961,13.418573,34.163958,33.621518,78.0,32.117832,35.311973,20,86.312014,13.367764,False,False,0.844423,0.923097,1.0,0.44704,南微医学
cup_v1_legacy_mcst,杯柄 V1 旧版复原+MCST,688048.SH,2025-08-04,0.720416,legacy_confirmed_cup,69.53,77.34,50.46,75.93,2025-07-31,35.739144,18.547215,53,16,6.264185,4.857013,1.96558,1.649877,1.37691,182.79846,32.159183,88.0,47.133758,20.128276,20,65.026438,16.76789,False,False,0.4713,0.980339,0.922114,0.629766,长光华芯
cup_v1_legacy_mcst,杯柄 V1 旧版复原+MCST,688050.SH,2022-10-24,0.617773,legacy_confirmed_cup,219.99,225.88,179.69,221.88,2022-10-20,12.908163,8.321429,93,5,1.331633,7.923469,1.522373,1.743469,4.693878,49.04817,23.723133,82.0,23.333916,6.109591,20,202.183476,9.741906,False,False,0.242489,0.871712,1.0,0.574872,爱博医疗
cup_v1_legacy_mcst,杯柄 V1 旧版复原+MCST,688063.SH,2025-09-05,0.812743,legacy_confirmed_cup,60.35,63.81,42.5,63.27,2025-09-03,31.027297,11.439883,134,9,1.979579,21.046051,1.827094,1.977768,13.419462,44.60498,30.601642,82.0,33.54023,33.190159,20,53.290757,18.726031,False,False,0.720349,0.963128,1.0,0.599195,派能科技
cup_v1_legacy_mcst,杯柄 V1 旧版复原+MCST,688067.SH,2025-07-21,0.835653,legacy_confirmed_cup,23.7,23.86,21.3,23.45,2025-07-17,31.387868,2.113971,155,8,7.536765,5.560662,1.836994,1.373926,2.389706,63.577236,25.500213,83.0,38.624019,17.355041,20,21.975984,6.707394,False,False,0.690309,0.966098,0.936963,0.82564,爱威科技
cup_v1_legacy_mcst,杯柄 V1 旧版复原+MCST,688079.SH,2025-07-24,0.802764,legacy_confirmed_cup,10.81,11.01,9.8,10.89,2025-07-22,27.827828,1.803607,150,20,0.1001,7.507508,2.148839,1.370769,5.305305,69.609508,26.547085,75.0,29.241877,14.114699,20,10.253268,6.210036,False,False,0.737983,1.0,0.935385,0.536965,美迪凯
cup_v1_legacy_mcst,杯柄 V1 旧版复原+MCST,688098.SH,2025-08-01,0.731769,legacy_confirmed_cup,7.1,8.48,6.47,8.48,2025-07-30,26.07362,0.766871,148,5,3.374233,5.828221,1.863695,3.405597,3.98773,73.553719,20.815752,73.0,27.54159,17.41017,20,6.885437,23.158486,False,False,0.612915,0.974109,1.0,0.36861,申联生物
cup_v1_legacy_mcst,杯柄 V1 旧版复原+MCST,688109.SH,2023-03-24,0.838025,legacy_confirmed_cup,36.7,37.99,27.33,37.84,2023-03-22,26.401138,21.712976,55,16,0.682788,5.462304,2.683284,1.324656,1.70697,34.262796,28.078947,85.0,33.058148,18.808391,20,35.165437,7.605659,False,False,0.740739,1.0,0.875699,0.76813,品茗科技
cup_v1_legacy_mcst,杯柄 V1 旧版复原+MCST,688109.SH,2025-07-21,0.773691,legacy_confirmed_cup,34.69,36.81,28.33,36.5,2025-07-17,30.816993,7.114754,142,17,0.326797,13.267974,3.277996,1.872477,8.529412,32.754881,27.771679,88.0,48.373288,21.885248,20,32.644525,11.81048,False,False,0.597148,1.0,1.0,0.573446,品茗科技
cup_v1_legacy_mcst,杯柄 V1 旧版复原+MCST,688109.SH,2025-08-05,0.709854,legacy_confirmed_cup,40.1,40.86,30.21,40.78,2025-08-01,35.299511,7.671149,153,15,6.479218,19.682152,1.746441,1.357281,12.958435,32.754881,33.40081,88.0,43.653705,32.972266,20,35.978864,13.344323,False,False,0.488109,0.938932,0.928641,0.592773,品茗科技
cup_v1_legacy_mcst,杯柄 V1 旧版复原+MCST,688113.SH,2025-08-06,0.68494,legacy_confirmed_cup,40.0,40.85,34.2,40.7,2025-08-04,34.252183,6.659389,155,10,3.275109,6.959607,1.270203,1.277359,3.411572,56.814159,16.964961,78.0,27.613155,19.077823,20,37.391698,8.847692,False,False,0.594797,0.796061,0.888679,0.500048,联测科技
cup_v1_legacy_mcst,杯柄 V1 旧版复原+MCST,688118.SH,2023-03-22,0.7097,legacy_confirmed_cup,23.94,26.02,21.36,25.73,2023-03-20,24.11791,4.600268,77,14,7.860652,3.171059,1.395163,1.680544,1.295221,45.077356,30.454359,91.0,40.340219,13.128543,20,23.379112,10.055506,False,False,0.651295,0.58207,0.911903,0.769246,普元信息
cup_v1_legacy_mcst,杯柄 V1 旧版复原+MCST,688150.SH,2025-07-14,0.673833,legacy_confirmed_cup,26.33,26.56,24.51,26.42,2025-07-10,31.852741,0.849515,154,8,1.080432,6.802721,2.723985,1.360497,0.320128,64.841689,24.272931,71.0,25.540922,20.835298,20,25.035974,5.52815,False,False,0.688509,1.0,0.720265,0.19401,莱特光电
cup_v1_legacy_mcst,杯柄 V1 旧版复原+MCST,688210.SH,2023-04-07,0.843498,legacy_confirmed_cup,29.41,30.69,26.35,30.55,2023-04-04,23.922942,7.705779,85,18,0.035026,4.658494,1.841107,1.2277,2.451839,48.800834,27.245805,85.0,46.75835,15.449259,20,28.565754,6.946239,False,False,0.770988,0.920375,0.86385,0.853944,统联精密
cup_v1_legacy_mcst,杯柄 V1 旧版复原+MCST,688215.SH,2025-03-04,0.582936,legacy_confirmed_cup,26.08,27.5,24.68,27.44,2025-02-28,41.32,1.28,153,15,2.64,3.2,1.405598,1.023406,2.04,39.484241,33.691756,81.0,65.596919,21.378921,20,25.952072,5.733367,False,False,0.569524,0.589179,0.761703,0.419837,瑞晟智能
cup_v1_legacy_mcst,杯柄 V1 旧版复原+MCST,688217.SH,2023-02-03,0.605294,legacy_confirmed_cup,50.7,53.0,40.87,52.52,2023-02-01,20.445252,0.607977,152,8,6.587915,3.611995,2.458106,4.029324,-1.726488,25.413105,24.655766,83.0,17.038748,10.952539,20,44.63618,17.662397,False,False,0.464783,0.809149,0.534189,0.667477,睿昂基因
cup_v1_legacy_mcst,杯柄 V1 旧版复原+MCST,688217.SH,2025-07-28,0.742143,legacy_confirmed_cup,28.43,29.0,25.22,28.99,2025-07-24,32.806324,0.316206,127,18,5.6917,10.158103,1.697012,1.447474,6.205534,92.73021,28.409091,85.0,44.031008,20.932049,20,26.929174,7.652764,False,False,0.478686,0.924104,0.973737,0.744147,睿昂基因
cup_v1_legacy_mcst,杯柄 V1 旧版复原+MCST,688230.SH,2026-01-09,0.740931,legacy_confirmed_cup,76.08,78.44,70.5,78.0,2026-01-07,13.750699,1.481274,99,5,3.563443,7.154835,1.699586,1.328494,4.387926,95.219236,24.731707,83.0,47.831116,11.25015,20,71.380474,9.273581,False,False,0.461769,0.924876,0.914247,0.826218,芯导科技
cup_v1_legacy_mcst,杯柄 V1 旧版复原+MCST,688237.SH,2025-08-07,0.696797,legacy_confirmed_cup,34.64,35.35,28.86,34.47,2025-08-05,37.9686,4.342062,160,14,3.332265,8.522909,1.509916,1.021674,7.337392,107.789614,32.77573,87.0,44.558259,28.383394,20,32.005823,7.699154,False,False,0.582839,0.867975,0.760837,0.618211,超卓航科
cup_v1_legacy_mcst,杯柄 V1 旧版复原+MCST,688258.SH,2025-07-29,0.67271,legacy_confirmed_cup,55.23,57.22,43.18,56.95,2025-07-25,39.8,13.64,74,14,6.02,6.06,1.297514,1.296037,1.72,126.785714,25.646018,90.0,56.569235,18.746478,20,50.396833,13.003133,False,False,0.568128,0.804254,0.863019,0.500991,卓易信息
cup_v1_legacy_mcst,杯柄 V1 旧版复原+MCST,688270.SH,2025-08-04,0.639603,legacy_confirmed_cup,51.0,53.5,41.6,53.22,2025-07-31,38.016194,15.789474,98,5,7.995951,4.979757,2.178148,1.263666,0.82996,138.707983,22.024367,87.0,43.338861,20.755127,20,48.690461,9.302724,False,False,0.302509,0.997217,0.735578,0.686526,臻镭科技
cup_v1_legacy_mcst,杯柄 V1 旧版复原+MCST,688277.SH,2025-07-23,0.639486,legacy_confirmed_cup,15.05,15.28,13.96,15.05,2025-07-21,32.377049,3.257103,93,13,1.434426,3.278689,1.508442,1.02415,1.02459,139.607201,27.319922,90.0,56.846473,17.018052,20,14.469244,4.013724,False,False,0.701308,0.630852,0.640149,0.541429,天智航-U
cup_v1_legacy_mcst,杯柄 V1 旧版复原+MCST,688295.SH,2022-10-24,0.634801,legacy_confirmed_cup,46.99,50.18,36.41,49.37,2022-10-20,12.790698,2.04466,73,5,6.041456,13.220425,1.44787,1.494178,8.442872,51.80353,27.199831,92.0,48.803987,14.899184,20,42.27809,16.774434,False,False,0.291061,0.849361,0.997089,0.60586,中复神鹰
cup_v1_legacy_mcst,杯柄 V1 旧版复原+MCST,688309.SH,2025-05-20,0.631193,legacy_confirmed_cup,16.93,17.24,16.01,17.2,2025-05-16,28.932758,1.233806,126,8,5.181986,3.207896,1.264786,1.160406,0.616903,53.393214,27.283441,78.0,15.858726,16.780678,20,15.819242,8.728344,False,False,0.784966,0.548022,0.657316,0.439932,恒誉环保
cup_v1_legacy_mcst,杯柄 V1 旧版复原+MCST,688309.SH,2026-01-23,0.693808,legacy_confirmed_cup,28.53,29.28,24.46,28.92,2026-01-21,12.735282,2.042451,106,5,1.24149,14.21706,2.808223,1.242841,8.289948,99.837925,25.580601,79.0,39.462103,15.400956,20,25.833497,11.94768,False,False,0.344388,1.0,0.871421,0.744942,恒誉环保
cup_v1_legacy_mcst,杯柄 V1 旧版复原+MCST,688314.SH,2025-08-11,0.731079,legacy_confirmed_cup,39.5,42.49,33.11,41.5,2025-08-07,28.319905,1.046025,93,18,0.149209,10.414802,1.318045,2.059455,9.310654,59.799714,27.361647,76.0,29.099791,20.698748,20,36.999817,12.162717,False,False,0.706829,0.810414,1.0,0.405426,康拓医疗
cup_v1_legacy_mcst,杯柄 V1 旧版复原+MCST,688315.SH,2025-07-21,0.720897,legacy_confirmed_cup,15.73,15.98,12.73,15.77,2025-07-17,19.459459,13.401361,63,12,0.675676,6.959459,1.818238,1.425275,0.540541,63.898117,19.886721,81.0,35.763293,7.322034,20,14.661272,7.562294,False,False,0.530684,0.960471,0.780205,0.694994,诺禾致源
cup_v1_legacy_mcst,杯柄 V1 旧版复原+MCST,688322.SH,2026-01-16,0.655653,legacy_confirmed_cup,90.71,100.79,86.16,98.3,2026-01-14,12.900632,1.022401,98,10,1.815049,4.767375,1.428069,1.234011,2.550258,105.803034,23.259109,75.0,33.901042,9.537488,20,89.745162,9.532367,False,False,0.498345,0.811435,0.867005,0.524861,奥比中光-UW
cup_v1_legacy_mcst,杯柄 V1 旧版复原+MCST,688329.SH,2025-07-15,0.747873,legacy_confirmed_cup,19.18,19.37,17.76,19.21,2025-07-11,31.412742,1.278488,149,13,0.33241,5.041551,1.384568,1.054428,2.65928,55.202064,26.659857,86.0,43.963554,16.633858,20,18.45452,4.09374,False,False,0.632226,0.83037,0.777214,0.817794,艾隆科技
cup_v1_legacy_mcst,杯柄 V1 旧版复原+MCST,688329.SH,2025-08-05,0.736115,legacy_confirmed_cup,21.26,21.86,18.32,21.75,2025-08-01,35.654886,4.781705,153,13,6.185031,9.147609,1.533399,1.500622,4.313929,55.202064,24.220963,84.0,35.571336,23.748398,20,19.976072,8.880267,False,False,0.513329,0.87502,1.0,0.688472,艾隆科技
cup_v1_legacy_mcst,杯柄 V1 旧版复原+MCST,688333.SH,2025-12-12,0.566558,legacy_confirmed_cup,88.0,90.7,66.4,90.01,2025-12-10,37.332684,19.201752,114,5,7.033341,4.015576,1.427006,1.612674,0.450231,105.874427,24.244153,84.0,45.54742,21.077916,20,79.521693,13.18924,False,False,0.237996,0.707743,0.806279,0.725337,铂力特
cup_v1_legacy_mcst,杯柄 V1 旧版复原+MCST,688336.SH,2023-09-20,0.653919,legacy_confirmed_cup,21.99,22.61,17.97,22.13,2023-09-18,21.662592,12.127139,69,9,6.650367,5.819071,3.235875,2.216314,-1.222494,52.35435,27.214902,97.0,41.80865,18.950117,20,20.317777,8.919394,False,False,0.583017,1.0,0.597188,0.402126,三生国健
cup_v1_legacy_mcst,杯柄 V1 旧版复原+MCST,688347.SH,2025-08-06,0.639323,legacy_confirmed_cup,64.5,66.38,57.6,65.37,2025-08-04,37.276045,0.706775,107,7,3.76576,4.678169,2.348147,1.777629,-1.128069,126.616541,29.753356,79.0,28.670473,22.80366,20,58.81678,11.141753,False,False,0.537704,0.955748,0.608991,0.451958,华虹公司
cup_v1_legacy_mcst,杯柄 V1 旧版复原+MCST,688362.SH,2026-01-15,0.70264,legacy_confirmed_cup,42.79,44.39,36.0,43.51,2026-01-13,21.205479,1.369863,98,5,1.643836,14.054795,1.218901,1.178785,12.0,56.700131,33.885057,82.0,47.362832,24.879385,20,37.895827,14.814752,False,False,0.633032,0.78067,0.839393,0.590165,甬矽电子
cup_v1_legacy_mcst,杯柄 V1 旧版复原+MCST,688367.SH,2025-08-12,0.763929,legacy_confirmed_cup,21.19,21.25,18.3,20.91,2025-08-08,29.200653,0.489396,145,15,0.598151,12.724307,1.902723,1.201417,8.428494,73.59924,22.877358,71.0,23.761194,21.256434,20,19.468421,7.404704,False,False,0.897704,0.985817,0.850708,0.165684,工大高科
cup_v1_legacy_mcst,杯柄 V1 旧版复原+MCST,688370.SH,2025-08-06,0.790764,legacy_confirmed_cup,25.03,26.07,22.0,25.78,2025-08-04,26.573427,3.846154,157,5,5.332168,5.288462,1.32102,2.15427,3.277972,43.443709,25.483871,76.0,25.403436,23.011719,20,22.986426,12.153145,False,False,0.930719,0.811306,1.0,0.310931,丛麟科技
cup_v1_legacy_mcst,杯柄 V1 旧版复原+MCST,688385.SH,2022-06-27,0.590559,legacy_confirmed_cup,62.07,64.4,48.5,62.99,2022-06-23,39.55095,16.234888,102,5,5.803109,6.044905,1.748903,1.292727,-1.036269,51.5,32.13656,93.0,21.777073,28.60973,20,55.274872,13.95775,False,False,0.563834,0.939671,0.51683,0.274667,复旦微电
cup_v1_legacy_mcst,杯柄 V1 旧版复原+MCST,688396.SH,2023-04-06,0.672531,legacy_confirmed_cup,61.87,66.08,59.01,64.49,2023-04-03,26.599103,1.960459,137,10,3.721548,3.322811,1.603435,2.084129,0.448579,32.912844,17.958861,75.0,30.596388,14.163857,20,61.04157,5.649315,False,False,0.671731,0.665417,0.806072,0.549281,华润微
cup_v1_legacy_mcst,杯柄 V1 旧版复原+MCST,688401.SH,2025-08-13,0.623162,legacy_confirmed_cup,41.1,41.59,30.46,41.48,2025-08-11,20.867935,18.403429,37,5,6.804179,10.366997,2.786603,1.419118,-0.750067,91.258933,28.109511,88.0,50.694952,23.498731,20,36.654857,13.163721,False,False,0.415799,1.0,0.615801,0.522361,路维光电
cup_v1_legacy_mcst,杯柄 V1 旧版复原+MCST,688411.SH,2025-08-15,0.602362,legacy_confirmed_cup,95.6,101.0,84.0,99.98,2025-08-13,32.619048,9.090909,87,5,2.619048,4.52381,1.51574,1.308982,-0.411255,57.859649,31.225581,87.0,49.250502,23.365143,20,90.843299,10.05765,False,False,0.475503,0.804246,0.603084,0.571288,海博思创
cup_v1_legacy_mcst,杯柄 V1 旧版复原+MCST,688425.SH,2023-03-03,0.73495,legacy_confirmed_cup,4.94,5.06,3.92,5.02,2023-03-01,14.806378,9.468822,124,5,1.366743,12.300683,5.3205,2.643876,9.111617,16.755319,22.067594,85.0,23.869347,21.79606,20,4.644186,8.092143,False,False,0.4704,1.0,1.0,0.601551,铁建重工
cup_v1_legacy_mcst,杯柄 V1 旧版复原+MCST,688425.SH,2023-03-15,0.69737,legacy_confirmed_cup,5.53,5.91,3.92,5.83,2023-03-13,13.625866,9.468822,116,11,1.154734,24.48037,1.664979,1.495918,21.247113,13.829787,28.073394,89.0,32.432432,30.857004,20,5.021403,16.103011,False,False,0.472355,0.914494,0.997959,0.519152,铁建重工
cup_v1_legacy_mcst,杯柄 V1 旧版复原+MCST,688448.SH,2026-01-27,0.748387,legacy_confirmed_cup,51.98,55.65,38.9,55.38,2026-01-23,25.418262,21.588389,62,18,4.051602,6.188268,2.032436,1.225942,2.418867,108.863537,33.737086,87.0,60.805861,15.150268,20,51.622011,7.27982,False,False,0.558277,1.0,0.862971,0.651978,磁谷科技
cup_v1_legacy_mcst,杯柄 V1 旧版复原+MCST,688456.SH,2025-08-11,0.722684,legacy_confirmed_cup,42.8,45.77,39.5,45.09,2025-08-07,27.263682,1.741294,89,18,6.741294,5.845771,1.368562,1.246641,3.855721,49.184242,25.280899,76.0,28.939394,18.40659,20,41.740602,8.024315,False,False,0.712579,0.825569,0.873321,0.461126,有研粉材
cup_v1_legacy_mcst,杯柄 V1 旧版复原+MCST,688458.SH,2025-06-23,0.585978,legacy_confirmed_cup,42.76,44.98,38.0,44.8,2025-06-19,31.821403,10.229152,120,5,5.50437,3.047484,1.29852,1.217405,0.401606,100.0,33.28132,91.0,33.721643,17.98676,20,41.340496,8.368319,False,False,0.578555,0.536085,0.658903,0.58841,美芯晟
cup_v1_legacy_mcst,杯柄 V1 旧版复原+MCST,688485.SH,2025-07-23,0.755496,legacy_confirmed_cup,11.58,11.66,10.67,11.57,2025-07-21,27.915519,2.020202,131,13,5.050505,5.325987,1.546823,1.154894,3.673095,50.509461,17.474048,80.0,36.547619,13.003071,20,11.010134,5.085003,False,False,0.594854,0.879047,0.827447,0.810227,九州一轨
cup_v1_legacy_mcst,杯柄 V1 旧版复原+MCST,688501.SH,2025-03-14,0.70533,legacy_confirmed_cup,18.73,19.77,16.52,19.74,2025-03-12,24.187726,0.601685,100,5,5.595668,11.612515,1.469314,1.309492,8.904934,50.720461,34.203655,75.0,60.189983,31.764316,20,16.551352,19.265179,False,False,0.760941,0.855794,0.904746,0.220514,青达环保
cup_v1_legacy_mcst,杯柄 V1 旧版复原+MCST,688507.SH,2026-01-06,0.642166,legacy_confirmed_cup,108.99,112.78,91.2,110.16,2025-12-31,10.238296,2.229846,97,7,1.644876,5.74652,1.968809,2.728665,3.658794,49.096054,25.324561,88.0,53.630515,4.827365,20,97.265228,13.25733,False,False,0.241224,1.0,1.0,0.538689,索辰科技
cup_v1_legacy_mcst,杯柄 V1 旧版复原+MCST,688510.SH,2023-07-04,0.686141,legacy_confirmed_cup,20.13,20.47,17.67,20.26,2023-06-30,22.395833,7.96875,130,7,0.885417,3.59375,1.352052,1.118199,3.020833,37.698987,26.872885,82.0,28.571429,12.177469,20,19.1339,5.885365,False,False,0.60491,0.627256,0.8091,0.778944,航亚科技
cup_v1_legacy_mcst,杯柄 V1 旧版复原+MCST,688518.SH,2026-01-07,0.620196,legacy_confirmed_cup,26.76,28.69,23.61,28.11,2026-01-05,10.843373,1.911093,102,5,3.946822,8.766099,2.026039,1.772495,0.914001,74.096386,21.305464,76.0,30.183988,9.273424,20,24.435289,15.03854,False,False,0.269232,1.0,0.86425,0.515572,联赢激光
cup_v1_legacy_mcst,杯柄 V1 旧版复原+MCST,688523.SH,2025-08-28,0.787225,legacy_confirmed_cup,25.01,27.5,22.0,27.31,2025-08-26,27.241379,4.347826,153,17,0.862069,11.293103,1.254731,1.553978,6.551724,53.23646,30.490018,74.0,30.601922,22.327636,20,25.444341,7.332316,False,False,0.93491,0.791419,1.0,0.310759,航天环宇
cup_v1_legacy_mcst,杯柄 V1 旧版复原+MCST,688526.SH,2025-05-20,0.824447,legacy_confirmed_cup,17.39,18.56,15.85,18.38,2025-05-16,24.954901,4.690319,138,5,3.126879,4.690319,1.54727,1.87084,1.683704,46.454545,26.140156,80.0,17.794317,17.789004,20,16.61371,10.631518,False,False,0.921701,0.8366,0.960463,0.503046,科前生物
cup_v1_legacy_mcst,杯柄 V1 旧版复原+MCST,688531.SH,2025-03-19,0.590573,legacy_confirmed_cup,61.57,64.43,48.49,62.86,2025-03-17,18.173363,9.802827,76,18,3.422619,9.579613,1.264081,1.785429,4.408482,45.271405,25.892857,71.0,57.639818,13.304622,20,57.262609,9.774949,False,False,0.348352,0.794224,1.0,0.350469,日联科技
cup_v1_legacy_mcst,杯柄 V1 旧版复原+MCST,688539.SH,2025-08-12,0.806223,legacy_confirmed_cup,33.3,34.79,24.14,34.55,2025-08-08,26.312131,10.82379,41,12,5.908933,13.034411,3.55568,2.26896,6.430309,53.850267,28.304128,73.0,25.608343,23.356651,20,29.912378,15.504023,False,False,0.898048,1.0,1.0,0.209532,高华科技
cup_v1_legacy_mcst,杯柄 V1 旧版复原+MCST,688552.SH,2025-03-13,0.782584,legacy_confirmed_cup,20.85,21.4,19.45,21.25,2025-03-11,25.364139,2.310397,99,5,5.072828,5.876444,2.285455,1.508359,2.209945,54.159869,31.171839,76.0,61.656442,17.849306,20,19.653031,8.125815,False,False,0.739325,1.0,1.0,0.369099,航天南湖
cup_v1_legacy_mcst,杯柄 V1 旧版复原+MCST,688556.SH,2026-01-08,0.69452,legacy_confirmed_cup,12.69,14.18,10.9,13.91,2026-01-06,24.120603,8.710218,97,5,4.941374,6.700168,3.727394,2.467659,0.502513,62.142857,33.185841,91.0,71.467026,18.236659,20,11.922407,16.671067,False,False,0.57991,1.0,0.812814,0.394946,高测股份
cup_v1_legacy_mcst,杯柄 V1 旧版复原+MCST,688558.SH,2025-08-08,0.753559,legacy_confirmed_cup,28.2,29.44,23.23,29.25,2025-08-06,32.393321,9.681182,62,16,4.564007,6.456401,1.59785,1.40706,2.857143,78.595096,19.563712,73.0,24.793388,16.373322,20,27.03422,8.196204,False,False,0.759585,0.894355,0.95353,0.367049,国盛智科
cup_v1_legacy_mcst,杯柄 V1 旧版复原+MCST,688566.SH,2025-06-11,0.561936,legacy_confirmed_cup,28.28,28.76,26.38,28.65,2025-06-09,23.639706,0.037893,157,6,2.977941,3.492647,1.339951,1.148227,-0.772059,46.079484,27.148369,81.0,17.389491,19.656545,20,26.284635,8.999042,False,False,0.618929,0.609724,0.477606,0.486792,吉贝尔
cup_v1_legacy_mcst,杯柄 V1 旧版复原+MCST,688569.SH,2023-03-15,0.748768,legacy_confirmed_cup,24.58,27.52,19.95,27.35,2023-03-13,27.540835,2.540303,137,5,7.123412,3.947368,3.54701,4.086307,1.315789,56.756757,26.331615,84.0,22.317138,22.739814,20,22.609055,20.969233,False,False,0.684488,0.855263,0.914474,0.562435,铁科轨道
cup_v1_legacy_mcst,杯柄 V1 旧版复原+MCST,688578.SH,2023-04-17,0.758964,legacy_confirmed_cup,29.01,29.74,22.97,29.63,2023-04-13,27.833002,8.667992,94,5,3.578529,14.910537,2.011967,1.226956,10.218688,59.120735,30.016807,76.0,21.992402,27.112121,20,26.797098,10.571674,False,False,0.802585,1.0,0.863478,0.276821,艾力斯
cup_v1_legacy_mcst,杯柄 V1 旧版复原+MCST,688578.SH,2023-09-01,0.654265,legacy_confirmed_cup,29.98,31.07,22.6,30.73,2023-08-30,11.888668,2.586207,106,5,7.753479,16.10338,3.484867,2.193784,10.099404,38.567493,26.084056,90.0,18.795769,10.2119,20,26.52946,15.833493,False,False,0.281558,1.0,1.0,0.5286,艾力斯
cup_v1_legacy_mcst,杯柄 V1 旧版复原+MCST,688580.SH,2025-03-14,0.605786,legacy_confirmed_cup,35.55,38.18,31.39,37.82,2025-03-12,26.249282,9.850661,94,5,5.571511,5.686387,1.753446,1.162341,-0.34463,62.290227,32.774869,75.0,60.208968,26.404012,20,34.494961,9.639201,False,False,0.62527,0.941034,0.538092,0.220324,伟思医疗
cup_v1_legacy_mcst,杯柄 V1 旧版复原+MCST,688586.SH,2025-08-04,0.828028,legacy_confirmed_cup,12.08,13.5,10.71,13.38,2025-07-31,27.034121,4.968944,155,8,1.399825,8.136483,1.838114,2.158622,4.111986,55.510204,25.019011,81.0,32.618026,21.20915,20,11.890743,12.524512,False,False,0.761049,0.966434,1.0,0.600262,江航装备
cup_v1_legacy_mcst,杯柄 V1 旧版复原+MCST,688608.SH,2024-07-17,0.654238,legacy_confirmed_cup,173.62,176.18,135.94,172.47,2024-07-15,36.22869,5.780427,109,12,6.47566,8.115641,2.721822,1.626943,5.010696,45.578937,34.868912,93.0,17.210119,34.008684,20,152.848658,12.837105,False,False,0.45268,1.0,1.0,0.228998,恒玄科技
cup_v1_legacy_mcst,杯柄 V1 旧版复原+MCST,688610.SH,2025-07-30,0.694185,legacy_confirmed_cup,45.79,48.98,38.9,48.52,2025-07-28,31.318553,3.545748,150,9,5.88098,9.894982,2.815872,2.765057,0.303384,65.57187,28.679404,74.0,29.688791,25.777652,20,42.775148,13.430349,False,False,0.656104,1.0,0.787923,0.284819,埃科光电
cup_v1_legacy_mcst,杯柄 V1 旧版复原+MCST,688617.SH,2024-02-07,0.662197,legacy_confirmed_cup,427.94,457.47,310.02,456.99,2024-02-05,25.764855,21.613148,139,5,1.021492,6.523388,1.674039,1.681246,-1.896334,46.438725,28.731034,98.0,32.613554,16.436807,20,387.36959,17.972606,False,False,0.729609,0.917212,0.512958,0.374698,惠泰医疗
cup_v1_legacy_mcst,杯柄 V1 旧版复原+MCST,688630.SH,2026-01-09,0.653125,legacy_confirmed_cup,139.88,151.77,132.99,149.08,2026-01-07,20.600794,0.37456,99,10,5.161435,8.247809,1.227111,1.051481,2.62941,126.273458,28.965887,90.0,70.581986,14.308919,20,134.944834,10.474774,False,False,0.561911,0.783133,0.775741,0.527622,芯碁微装
cup_v1_legacy_mcst,杯柄 V1 旧版复原+MCST,688659.SH,2025-08-04,0.664051,legacy_confirmed_cup,9.43,9.65,8.52,9.61,2025-07-31,37.162162,3.510759,157,14,0.563063,4.166667,1.234901,1.280096,3.378378,82.716049,23.282051,80.0,31.205674,20.027249,20,9.125063,5.314346,False,False,0.577367,0.670887,0.890048,0.581203,元琛科技
cup_v1_legacy_mcst,杯柄 V1 旧版复原+MCST,688665.SH,2025-07-30,0.646297,legacy_confirmed_cup,56.55,59.29,39.56,58.05,2025-07-28,40.387858,16.610455,63,5,5.459528,14.354975,1.218722,1.600663,12.457841,104.70105,32.112069,89.0,55.221745,31.813663,20,50.448771,15.067223,False,False,0.464631,0.780617,1.0,0.44261,四方光电
cup_v1_legacy_mcst,杯柄 V1 旧版复原+MCST,688669.SH,2025-05-14,0.757748,legacy_confirmed_cup,18.3,19.2,15.2,18.88,2025-05-12,27.427184,3.061224,93,9,4.854369,6.18932,1.474076,2.137153,3.276699,79.716467,34.104683,89.0,32.776935,13.874835,20,16.462979,14.681553,False,False,0.552276,0.857223,1.0,0.750726,聚石化学
cup_v1_legacy_mcst,杯柄 V1 旧版复原+MCST,688670.SH,2023-04-18,0.752297,legacy_confirmed_cup,60.1,63.02,47.92,62.83,2023-04-14,28.824066,12.634458,72,6,1.731996,7.620784,1.388991,1.693011,5.524157,58.903302,24.903959,91.0,50.318309,23.419491,20,55.025617,14.183182,False,False,0.742392,0.831697,1.0,0.422679,金迪克
cup_v1_legacy_mcst,杯柄 V1 旧版复原+MCST,688671.SH,2025-08-06,0.688523,legacy_confirmed_cup,23.51,23.71,20.39,23.6,2025-08-04,32.983577,6.809872,155,11,0.182482,5.793796,1.617268,1.376743,3.695255,58.725561,20.14419,72.0,21.477213,17.411777,20,22.237044,6.129214,False,False,0.631756,0.90018,0.938372,0.273443,碧兴物联
cup_v1_legacy_mcst,杯柄 V1 旧版复原+MCST,688681.SH,2025-07-10,0.668067,legacy_confirmed_cup,14.33,14.46,13.81,14.34,2025-07-08,29.857143,1.357143,131,6,8.0,3.0,1.638012,1.0972,1.0,66.193548,21.831956,82.0,40.820312,13.614876,20,13.805258,3.873468,False,False,0.564149,0.631404,0.6736,0.890218,科汇股份
cup_v1_legacy_mcst,杯柄 V1 旧版复原+MCST,688681.SH,2025-08-06,0.708708,legacy_confirmed_cup,16.65,16.8,14.01,16.58,2025-08-04,29.750347,2.843273,89,16,7.42025,14.285714,1.308965,1.106466,10.263523,72.258065,22.872661,81.0,31.734612,23.989016,20,15.2633,8.626573,False,False,0.676593,0.807689,0.803233,0.546656,科汇股份
cup_v1_legacy_mcst,杯柄 V1 旧版复原+MCST,688683.SH,2026-01-27,0.619029,legacy_confirmed_cup,36.1,36.97,31.0,36.65,2026-01-23,15.232764,5.198777,94,5,3.653506,6.747201,1.240194,1.183242,2.298173,87.410271,22.515486,75.0,35.085757,12.207133,20,33.259559,10.193885,False,False,0.380714,0.787058,0.841621,0.60345,莱尔科技
cup_v1_legacy_mcst,杯柄 V1 旧版复原+MCST,688686.SH,2025-08-25,0.593702,legacy_confirmed_cup,125.9,133.48,107.31,131.19,2025-08-21,40.944737,0.996402,104,9,1.752929,11.633915,1.879468,1.646112,10.434542,149.04116,33.359314,70.0,22.96748,29.694619,20,111.731388,17.415528,False,False,0.380163,0.97884,1.0,0.079675,奥普特
cup_v1_legacy_mcst,杯柄 V1 旧版复原+MCST,688777.SH,2022-10-31,0.698654,legacy_confirmed_cup,94.41,97.44,82.83,96.87,2022-10-27,32.239991,3.315046,153,5,5.427804,11.462589,1.53829,1.415936,7.622272,14.435028,24.834983,89.0,55.116959,23.672486,20,87.071215,11.253759,False,False,0.569164,0.876487,0.957968,0.443658,中控技术
cup_v1_legacy_mcst,杯柄 V1 旧版复原+MCST,688779.SH,2025-09-08,0.805949,legacy_confirmed_cup,7.06,7.3,5.56,7.17,2025-09-04,31.023102,5.442177,152,19,2.970297,5.445545,2.435351,2.552741,3.79538,43.942993,26.783115,75.0,22.413793,21.007449,20,6.406546,11.916787,False,False,0.847646,1.0,1.0,0.296366,五矿新能
cup_v1_legacy_mcst,杯柄 V1 旧版复原+MCST,688786.SH,2026-01-12,0.635336,legacy_confirmed_cup,30.73,31.1,27.76,30.85,2026-01-08,9.72028,2.937063,95,5,2.797203,6.293706,1.489485,1.524046,4.58042,33.653846,21.8523,74.0,30.304329,9.835187,20,28.80211,7.110207,False,False,0.364296,0.861845,1.0,0.461854,悦安新材
cup_v1_legacy_mcst,杯柄 V1 旧版复原+MCST,688786.SH,2026-01-22,0.579046,legacy_confirmed_cup,32.02,32.95,29.8,32.29,2026-01-20,15.065789,1.973684,101,8,7.927632,3.486842,1.26926,1.11456,0.986842,34.567308,18.497475,75.0,31.30217,11.613716,20,30.207462,6.894117,False,False,0.530952,0.587719,0.680635,0.550778,悦安新材
