strategy_id,strategy_name,symbol,name,entry_type,signal_date,entry_date,exit_date,score,entry_price,exit_price,stop_price,hold_days,return_pct,max_favorable_excursion_pct,max_adverse_excursion_pct,exit_reason,signal_close,signal_low
cup_v1_legacy_mcst,杯柄 V1 旧版复原+MCST,000009.SZ,中国宝安,legacy_confirmed_cup,2025-09-12,2025-09-15,2025-09-17,0.810371,11.38,10.68,10.469600000000002,3,-6.151142355008799,1.0544815465729274,-7.029876977152904,trend_exit_ma10,11.38,8.92
cup_v1_legacy_mcst,杯柄 V1 旧版复原+MCST,000009.SZ,中国宝安,legacy_confirmed_cup,2025-09-29,2025-09-30,2025-10-14,0.80886,12.62,11.6104,11.6104,5,-7.9999999999999964,1.347068145800323,-10.301109350237711,stop_loss,12.02,9.17
cup_v1_legacy_mcst,杯柄 V1 旧版复原+MCST,000014.SZ,沙河股份,legacy_confirmed_cup,2025-08-18,2025-08-19,2025-08-22,0.826464,16.43,15.1156,15.1156,4,-7.9999999999999964,8.338405356056011,-10.103469263542298,stop_loss,16.53,11.85
cup_v1_legacy_mcst,杯柄 V1 旧版复原+MCST,000021.SZ,深科技,legacy_confirmed_cup,2024-10-25,2024-10-28,2024-11-06,0.704458,20.0,20.65,18.4,8,3.2499999999999973,24.49999999999999,-2.200000000000002,trend_exit_ma10,18.99,15.4
cup_v1_legacy_mcst,杯柄 V1 旧版复原+MCST,000021.SZ,深科技,legacy_confirmed_cup,2025-09-29,2025-09-30,2025-10-17,0.692349,26.75,27.4,24.61,8,2.4299065420560595,24.074766355140188,-0.0747663551401878,trend_exit_ma10,25.34,19.06
cup_v1_legacy_mcst,杯柄 V1 旧版复原+MCST,000021.SZ,深科技,legacy_confirmed_cup,2025-10-09,2025-10-10,2025-10-17,0.642489,29.89,27.498800000000003,27.498800000000003,6,-7.9999999999999964,11.040481766477072,-8.330545332887262,stop_loss,30.66,22.13
cup_v1_legacy_mcst,杯柄 V1 旧版复原+MCST,000026.SZ,飞亚达,legacy_confirmed_cup,2025-05-28,2025-05-29,2025-06-05,0.765675,14.3,13.32,13.156,5,-6.853146853146852,4.545454545454541,-6.853146853146852,trend_exit_ma10,14.34,11.15
cup_v1_legacy_mcst,杯柄 V1 旧版复原+MCST,000027.SZ,深圳能源,legacy_confirmed_cup,2024-04-17,2024-04-18,2024-04-19,0.659837,7.46,7.34,6.8632,2,-1.608579088471851,1.206434316353877,-2.4128686327077764,trend_exit_ma10,7.46,6.71
cup_v1_legacy_mcst,杯柄 V1 旧版复原+MCST,000045.SZ,深纺织Ａ,legacy_confirmed_cup,2023-11-14,2023-11-20,2023-11-20,0.798621,13.17,12.1164,12.1164,1,-7.9999999999999964,0.0,-9.187547456340162,stop_loss,13.29,11.9
cup_v1_legacy_mcst,杯柄 V1 旧版复原+MCST,000061.SZ,农产品,legacy_confirmed_cup,2025-09-10,2025-09-11,2025-09-22,0.645882,9.56,8.795200000000001,8.795200000000001,8,-7.9999999999999964,4.602510460251041,-8.577405857740583,stop_loss,9.28,6.25
cup_v1_legacy_mcst,杯柄 V1 旧版复原+MCST,000063.SZ,中兴通讯,legacy_confirmed_cup,2023-02-22,2023-02-23,2023-03-07,0.856684,30.5,31.15,28.06,9,2.1311475409836023,10.655737704918034,-3.6393442622950856,trend_exit_ma10,30.64,27.69
cup_v1_legacy_mcst,杯柄 V1 旧版复原+MCST,000070.SZ,特发信息,legacy_confirmed_cup,2025-06-10,2025-06-11,2025-06-19,0.726542,7.01,7.04,6.4492,7,0.4279600570613384,6.419400855920121,-0.5706134094151216,trend_exit_ma10,7.05,6.42
cup_v1_legacy_mcst,杯柄 V1 旧版复原+MCST,000156.SZ,华数传媒,legacy_confirmed_cup,2023-03-22,2023-03-23,2023-04-06,0.729282,8.69,8.71,7.9948,10,0.2301495972382161,5.293440736478727,-1.3808975834292192,trend_exit_ma10,8.69,7.88
cup_v1_legacy_mcst,杯柄 V1 旧版复原+MCST,000157.SZ,中联重科,legacy_confirmed_cup,2023-07-19,2023-07-20,2023-07-21,0.694951,7.07,6.62,6.5044,2,-6.364922206506362,0.7072135785006983,-6.930693069306937,trend_exit_ma10,7.07,6.61
cup_v1_legacy_mcst,杯柄 V1 旧版复原+MCST,000157.SZ,中联重科,legacy_confirmed_cup,2024-02-08,2024-02-19,2024-02-28,0.55728,7.76,7.79,7.1392,8,0.3865979381443285,6.314432989690721,-1.4175257731958713,trend_exit_ma10,7.74,7.11
cup_v1_legacy_mcst,杯柄 V1 旧版复原+MCST,000158.SZ,常山北明,legacy_confirmed_cup,2023-03-24,2023-03-27,2023-03-30,0.751325,9.35,8.602,8.602,4,-7.9999999999999964,10.053475935828882,-9.090909090909085,stop_loss,8.5,6.56
cup_v1_legacy_mcst,杯柄 V1 旧版复原+MCST,000166.SZ,申万宏源,legacy_confirmed_cup,2024-10-08,2024-10-09,2024-10-09,0.63008,6.27,5.7684,5.7684,1,-7.9999999999999964,2.7113237639553533,-9.728867623604454,stop_loss,6.29,4.16
cup_v1_legacy_mcst,杯柄 V1 旧版复原+MCST,000408.SZ,藏格矿业,legacy_confirmed_cup,2024-01-08,2024-01-09,2024-01-15,0.742841,26.76,26.67,24.619200000000003,5,-0.3363228699551523,3.0642750373691907,-1.3452914798206428,trend_exit_ma10,26.77,24.49
cup_v1_legacy_mcst,杯柄 V1 旧版复原+MCST,000410.SZ,沈阳机床,legacy_confirmed_cup,2022-08-29,2022-08-30,2022-09-06,0.77117,6.24,5.79,5.7408,6,-7.211538461538469,0.6410256410256387,-7.211538461538469,trend_exit_ma10,6.08,5.02
cup_v1_legacy_mcst,杯柄 V1 旧版复原+MCST,000410.SZ,沈阳机床,legacy_confirmed_cup,2023-02-07,2023-02-08,2023-02-14,0.652716,6.28,6.09,5.7776000000000005,5,-3.0254777070063743,1.9108280254777064,-3.1847133757961776,trend_exit_ma10,6.29,5.34
cup_v1_legacy_mcst,杯柄 V1 旧版复原+MCST,000410.SZ,沈阳机床,legacy_confirmed_cup,2023-04-28,2023-05-04,2023-05-05,0.635434,6.88,6.55,6.3296,2,-4.796511627906974,0.0,-4.796511627906974,trend_exit_ma10,6.94,5.7
cup_v1_legacy_mcst,杯柄 V1 旧版复原+MCST,000415.SZ,渤海租赁,legacy_confirmed_cup,2025-12-22,2025-12-23,2025-12-31,0.570833,4.07,4.05,3.7444000000000006,7,-0.4914004914005065,2.7027027027026973,-1.7199017199017286,trend_exit_ma10,4.07,3.61
cup_v1_legacy_mcst,杯柄 V1 旧版复原+MCST,000425.SZ,徐工机械,legacy_confirmed_cup,2023-07-25,2023-07-26,2023-07-27,0.622757,7.16,6.91,6.5872,2,-3.4916201117318413,0.2793296089385499,-3.910614525139666,trend_exit_ma10,7.19,6.47
cup_v1_legacy_mcst,杯柄 V1 旧版复原+MCST,000426.SZ,兴业银锡,legacy_confirmed_cup,2023-04-13,2023-04-14,2023-04-20,0.749442,9.49,8.7308,8.7308,5,-7.9999999999999964,1.3698630136986134,-8.851422550052689,stop_loss,9.28,7.41
cup_v1_legacy_mcst,杯柄 V1 旧版复原+MCST,000501.SZ,武商集团,legacy_confirmed_cup,2023-03-08,2023-03-09,2023-03-09,0.621645,11.96,11.76,11.0032,1,-1.6722408026755953,0.2508361204013321,-1.9230769230769276,trend_exit_ma10,11.96,11.49
cup_v1_legacy_mcst,杯柄 V1 旧版复原+MCST,000506.SZ,招金黄金,legacy_confirmed_cup,2023-03-16,2023-03-17,2023-03-27,0.763669,4.94,5.15,4.5448,7,4.251012145748989,34.81781376518218,-1.619433198380571,trend_exit_ma10,5.05,3.09
cup_v1_legacy_mcst,杯柄 V1 旧版复原+MCST,000513.SZ,丽珠集团,legacy_confirmed_cup,2023-04-04,2023-04-06,2023-04-19,0.562286,37.11,37.59,34.1412,10,1.2934518997574918,4.7696038803557,-0.269469145782808,trend_exit_ma10,37.12,33.8
cup_v1_legacy_mcst,杯柄 V1 旧版复原+MCST,000516.SZ,国际医学,legacy_confirmed_cup,2022-11-30,2022-12-01,2022-12-12,0.742525,12.82,12.44,11.7944,8,-2.9641185647425905,5.2262090483619295,-6.630265210608421,trend_exit_ma10,12.39,10.69
cup_v1_legacy_mcst,杯柄 V1 旧版复原+MCST,000521.SZ,长虹美菱,legacy_confirmed_cup,2023-04-19,2023-04-20,2023-05-08,0.74251,6.56,7.24,6.0352,10,10.365853658536594,22.25609756097562,-3.2012195121951192,trend_exit_ma10,6.5,4.74
cup_v1_legacy_mcst,杯柄 V1 旧版复原+MCST,000528.SZ,柳工,legacy_confirmed_cup,2024-04-03,2024-04-08,2024-04-22,0.763496,8.77,10.47,8.0684,11,19.384264538198416,31.812998859749158,-0.6841505131128689,trend_exit_ma10,8.76,7.81
cup_v1_legacy_mcst,杯柄 V1 旧版复原+MCST,000533.SZ,顺钠股份,legacy_confirmed_cup,2025-11-10,2025-11-11,2025-11-12,0.645051,10.11,9.3012,9.3012,2,-7.9999999999999964,4.253214638971303,-9.297725024727988,stop_loss,9.94,6.57
cup_v1_legacy_mcst,杯柄 V1 旧版复原+MCST,000541.SZ,佛山照明,legacy_confirmed_cup,2023-10-23,2023-10-24,2023-11-02,0.731121,7.36,7.29,6.7712,8,-0.9510869565217406,24.184782608695656,-6.114130434782606,trend_exit_ma10,7.26,5.15
cup_v1_legacy_mcst,杯柄 V1 旧版复原+MCST,000541.SZ,佛山照明,legacy_confirmed_cup,2025-03-24,2025-03-25,2025-03-28,0.608255,8.6,7.8,7.912,4,-9.302325581395344,9.651162790697663,-15.465116279069768,gap_stop,8.57,5.21
cup_v1_legacy_mcst,杯柄 V1 旧版复原+MCST,000550.SZ,江铃汽车,legacy_confirmed_cup,2024-07-31,2024-08-01,2024-08-01,0.565384,33.91,31.1972,31.1972,1,-7.9999999999999964,1.6809200825715245,-8.846947803007954,stop_loss,32.02,22.3
cup_v1_legacy_mcst,杯柄 V1 旧版复原+MCST,000551.SZ,创元科技,legacy_confirmed_cup,2023-06-29,2023-06-30,2023-07-07,0.608255,10.81,10.81,9.945200000000002,6,0.0,4.440333024976861,-1.757631822386696,trend_exit_ma10,10.93,9.11
cup_v1_legacy_mcst,杯柄 V1 旧版复原+MCST,000551.SZ,创元科技,legacy_confirmed_cup,2024-10-10,2024-10-11,2024-10-14,0.673998,12.96,11.9232,11.9232,2,-7.9999999999999964,5.555555555555536,-14.120370370370372,stop_loss,13.08,8.25
cup_v1_legacy_mcst,杯柄 V1 旧版复原+MCST,000555.SZ,神州信息,legacy_confirmed_cup,2023-03-02,2023-03-03,2023-03-07,0.742389,12.77,12.15,11.7484,3,-4.8551292090837865,0.9397024275646038,-4.933437744714164,trend_exit_ma10,12.82,10.09
cup_v1_legacy_mcst,杯柄 V1 旧版复原+MCST,000561.SZ,烽火电子,legacy_confirmed_cup,2023-06-19,2023-06-20,2023-06-27,0.704901,11.02,10.1384,10.1384,4,-7.999999999999985,1.6333938294010864,-11.161524500907449,stop_loss,11.11,9.39
cup_v1_legacy_mcst,杯柄 V1 旧版复原+MCST,000561.SZ,烽火电子,legacy_confirmed_cup,2023-06-29,2023-07-14,2023-07-14,0.634995,12.73,11.7116,11.7116,1,-7.9999999999999964,0.0,-18.22466614296937,stop_loss,11.57,9.39
cup_v1_legacy_mcst,杯柄 V1 旧版复原+MCST,000589.SZ,贵州轮胎,legacy_confirmed_cup,2023-07-17,2023-07-18,2023-07-28,0.78264,6.73,6.69,6.191600000000001,9,-0.5943536404160454,4.457652303120363,-2.08023774145617,trend_exit_ma10,6.73,5.77
cup_v1_legacy_mcst,杯柄 V1 旧版复原+MCST,000598.SZ,兴蓉环境,legacy_confirmed_cup,2023-05-10,2023-05-11,2023-05-19,0.661096,5.72,5.54,5.2624,7,-3.1468531468531458,1.2237762237762295,-3.6713286713286655,trend_exit_ma10,5.73,5.05
cup_v1_legacy_mcst,杯柄 V1 旧版复原+MCST,000612.SZ,焦作万方,legacy_confirmed_cup,2025-07-24,2025-07-25,2025-07-30,0.727758,8.86,8.57,8.1512,4,-3.2731376975169257,0.5643340857787837,-4.966139954853266,trend_exit_ma10,8.89,8.1
cup_v1_legacy_mcst,杯柄 V1 旧版复原+MCST,000612.SZ,焦作万方,legacy_confirmed_cup,2025-11-12,2025-11-13,2025-11-17,0.599598,11.29,10.52,10.3868,3,-6.820194862710361,1.6829052258636068,-7.085916740478293,trend_exit_ma10,11.4,9.36
cup_v1_legacy_mcst,杯柄 V1 旧版复原+MCST,000623.SZ,吉林敖东,legacy_confirmed_cup,2023-05-05,2023-05-08,2023-05-12,0.596133,17.4,16.94,16.008,5,-2.643678160919527,2.471264367816084,-2.873563218390806,trend_exit_ma10,17.48,16.1
cup_v1_legacy_mcst,杯柄 V1 旧版复原+MCST,000630.SZ,铜陵有色,legacy_confirmed_cup,2025-08-15,2025-08-18,2025-08-19,0.780753,4.21,4.11,3.8732,2,-2.375296912114011,2.13776722090262,-3.0878859857482177,trend_exit_ma10,4.32,3.46
cup_v1_legacy_mcst,杯柄 V1 旧版复原+MCST,000636.SZ,风华高科,legacy_confirmed_cup,2025-11-06,2025-11-07,2025-11-11,0.662044,17.86,17.02,16.4312,3,-4.703247480403139,2.183650615901467,-4.815229563269874,trend_exit_ma10,18.19,14.83
cup_v1_legacy_mcst,杯柄 V1 旧版复原+MCST,000651.SZ,格力电器,legacy_confirmed_cup,2023-04-20,2023-04-21,2023-04-26,0.78528,42.0,40.0,38.64,4,-4.761904761904767,1.4761904761904754,-5.880952380952376,trend_exit_ma10,41.81,37.88
cup_v1_legacy_mcst,杯柄 V1 旧版复原+MCST,000655.SZ,金岭矿业,legacy_confirmed_cup,2025-07-10,2025-07-11,2025-07-11,0.689806,10.14,9.3288,9.3288,1,-7.9999999999999964,6.015779092702167,-9.46745562130178,stop_loss,9.77,5.85
cup_v1_legacy_mcst,杯柄 V1 旧版复原+MCST,000657.SZ,中钨高新,legacy_confirmed_cup,2025-07-15,2025-07-16,2025-07-31,0.656502,12.57,16.11,11.5644,12,28.16229116945106,55.76770087509944,0.0,trend_exit_ma10,12.56,11.41
cup_v1_legacy_mcst,杯柄 V1 旧版复原+MCST,000661.SZ,长春高新,legacy_confirmed_cup,2025-09-05,2025-09-08,2025-09-11,0.7349,128.0,117.76,117.76,4,-7.9999999999999964,2.7890624999999947,-9.375,stop_loss,128.0,96.36
cup_v1_legacy_mcst,杯柄 V1 旧版复原+MCST,000680.SZ,山推股份,legacy_confirmed_cup,2023-06-09,2023-06-12,2023-06-19,0.713017,5.54,5.52,5.0968,6,-0.3610108303249149,6.678700361010836,-1.6245487364620947,trend_exit_ma10,5.57,4.33
cup_v1_legacy_mcst,杯柄 V1 旧版复原+MCST,000686.SZ,东北证券,legacy_confirmed_cup,2025-11-10,2025-11-11,2025-11-12,0.655764,10.72,9.8624,9.8624,2,-7.9999999999999964,3.4514925373134275,-9.888059701492546,stop_loss,10.2,8.12
cup_v1_legacy_mcst,杯柄 V1 旧版复原+MCST,000700.SZ,模塑科技,legacy_confirmed_cup,2025-08-15,2025-08-18,2025-08-29,0.753967,9.6,9.58,8.832,10,-0.2083333333333326,8.437500000000009,-3.9583333333333193,trend_exit_ma10,9.65,7.33
cup_v1_legacy_mcst,杯柄 V1 旧版复原+MCST,000715.SZ,中兴商业,legacy_confirmed_cup,2025-04-08,2025-04-09,2025-04-15,0.722961,8.07,7.4244,7.4244,5,-7.9999999999999964,11.152416356877335,-8.054522924411401,stop_loss,8.37,6.3
cup_v1_legacy_mcst,杯柄 V1 旧版复原+MCST,000719.SZ,中原传媒,legacy_confirmed_cup,2023-04-03,2023-04-04,2023-04-06,0.69333,10.99,10.37,10.1108,2,-5.64149226569609,3.730664240218373,-6.642402183803464,trend_exit_ma10,11.05,8.05
cup_v1_legacy_mcst,杯柄 V1 旧版复原+MCST,000729.SZ,燕京啤酒,legacy_confirmed_cup,2025-04-09,2025-04-10,2025-04-14,0.670656,13.05,12.74,12.006000000000002,3,-2.3754789272030674,4.827586206896539,-5.670498084291187,trend_exit_ma10,13.12,12.02
cup_v1_legacy_mcst,杯柄 V1 旧版复原+MCST,000735.SZ,罗牛山,legacy_confirmed_cup,2023-02-07,2023-02-08,2023-02-14,0.787013,7.66,7.45,7.0472,5,-2.741514360313313,0.1305483028720688,-4.308093994778073,trend_exit_ma10,7.63,6.54
cup_v1_legacy_mcst,杯柄 V1 旧版复原+MCST,000776.SZ,广发证券,legacy_confirmed_cup,2025-08-15,2025-08-18,2025-08-27,0.777005,21.36,21.19,19.6512,8,-0.7958801498127221,5.571161048689155,-3.979400749063655,trend_exit_ma10,21.28,17.9
cup_v1_legacy_mcst,杯柄 V1 旧版复原+MCST,000786.SZ,北新建材,legacy_confirmed_cup,2024-05-06,2024-05-07,2024-05-22,0.72405,33.01,34.51,30.3692,12,4.544077552256898,10.57255377158437,-0.484701605574056,trend_exit_ma10,33.01,28.03
cup_v1_legacy_mcst,杯柄 V1 旧版复原+MCST,000786.SZ,北新建材,legacy_confirmed_cup,2024-05-17,2024-05-20,2024-05-22,0.741671,36.29,34.51,33.3868,3,-4.904932488288793,0.0275558004960041,-5.015155690272799,trend_exit_ma10,36.03,28.03
cup_v1_legacy_mcst,杯柄 V1 旧版复原+MCST,000792.SZ,盐湖股份,legacy_confirmed_cup,2025-09-09,2025-09-10,2025-09-10,0.690888,20.26,19.99,18.6392,1,-1.332675222112556,0.4442250740375186,-2.418558736426468,trend_exit_ma10,20.71,17.81
cup_v1_legacy_mcst,杯柄 V1 旧版复原+MCST,000802.SZ,北京文化,legacy_confirmed_cup,2023-04-14,2023-04-17,2023-04-17,0.632935,6.3,5.796,5.796,1,-7.9999999999999964,0.6349206349206327,-8.730158730158733,stop_loss,6.15,4.4
cup_v1_legacy_mcst,杯柄 V1 旧版复原+MCST,000807.SZ,云铝股份,legacy_confirmed_cup,2023-01-16,2023-01-17,2023-02-08,0.617514,12.71,13.06,11.6932,12,2.753737214791508,9.992132179386305,-0.6294256490952055,trend_exit_ma10,12.78,10.42
cup_v1_legacy_mcst,杯柄 V1 旧版复原+MCST,000811.SZ,冰轮环境,legacy_confirmed_cup,2023-04-26,2023-04-27,2023-05-05,0.781534,14.89,14.3,13.6988,4,-3.96239086635326,1.3431833445265218,-5.305574210879794,trend_exit_ma10,14.86,13.61
cup_v1_legacy_mcst,杯柄 V1 旧版复原+MCST,000818.SZ,航锦科技,legacy_confirmed_cup,2023-04-07,2023-04-10,2023-04-19,0.68195,38.17,39.69,35.116400000000006,8,3.982184962012037,13.963845952318565,-1.8077023840712747,trend_exit_ma10,38.01,31.2
cup_v1_legacy_mcst,杯柄 V1 旧版复原+MCST,000830.SZ,鲁西化工,legacy_confirmed_cup,2025-09-01,2025-09-02,2025-09-03,0.680333,15.22,14.002400000000002,14.002400000000002,2,-7.9999999999999964,0.5256241787122251,-8.607095926412622,stop_loss,15.31,12.6
cup_v1_legacy_mcst,杯柄 V1 旧版复原+MCST,000831.SZ,中国稀土,legacy_confirmed_cup,2025-07-28,2025-07-29,2025-07-31,0.767504,45.3,42.36,41.676,3,-6.490066225165558,2.03090507726269,-7.064017660044142,trend_exit_ma10,45.89,33.9
cup_v1_legacy_mcst,杯柄 V1 旧版复原+MCST,000850.SZ,华茂股份,legacy_confirmed_cup,2025-12-29,2025-12-30,2026-01-13,0.764073,5.58,5.62,5.1336,9,0.7168458781362075,15.591397849462377,-6.093189964157708,trend_exit_ma10,5.56,4.97
cup_v1_legacy_mcst,杯柄 V1 旧版复原+MCST,000878.SZ,云南铜业,legacy_confirmed_cup,2023-02-01,2023-02-02,2023-02-06,0.782755,13.26,12.79,12.1992,3,-3.544494720965319,0.2262443438914019,-4.524886877828049,trend_exit_ma10,13.42,11.51
cup_v1_legacy_mcst,杯柄 V1 旧版复原+MCST,000883.SZ,湖北能源,legacy_confirmed_cup,2024-04-03,2024-04-08,2024-04-22,0.652774,5.56,5.76,5.1152,11,3.597122302158273,9.172661870503608,-1.4388489208632893,trend_exit_ma10,5.57,4.87
cup_v1_legacy_mcst,杯柄 V1 旧版复原+MCST,000888.SZ,峨眉山Ａ,legacy_confirmed_cup,2023-06-01,2023-06-02,2023-06-14,0.621633,12.41,12.15,11.4172,9,-2.095084609186137,9.347300564061234,-7.574536663980657,trend_exit_ma10,12.29,8.27
cup_v1_legacy_mcst,杯柄 V1 旧版复原+MCST,000898.SZ,鞍钢股份,legacy_confirmed_cup,2025-07-24,2025-07-25,2025-07-31,0.701624,2.87,2.74,2.6404,5,-4.529616724738672,3.4843205574912828,-5.226480836236935,trend_exit_ma10,2.87,2.61
cup_v1_legacy_mcst,杯柄 V1 旧版复原+MCST,000911.SZ,广农糖业,legacy_confirmed_cup,2023-04-11,2023-04-12,2023-04-20,0.862091,10.88,10.64,10.0096,7,-2.20588235294118,8.363970588235281,-4.687500000000011,trend_exit_ma10,10.79,7.9
cup_v1_legacy_mcst,杯柄 V1 旧版复原+MCST,000913.SZ,钱江摩托,legacy_confirmed_cup,2024-10-08,2024-10-09,2024-10-10,0.619842,19.72,18.1424,18.1424,2,-8.000000000000007,0.0,-9.330628803245434,stop_loss,20.73,15.88
cup_v1_legacy_mcst,杯柄 V1 旧版复原+MCST,000917.SZ,电广传媒,legacy_confirmed_cup,2023-03-23,2023-03-24,2023-03-30,0.800224,5.93,5.92,5.4556,5,-0.1686340640809414,4.721753794266448,-0.6745362563237767,trend_exit_ma10,5.9,5.41
cup_v1_legacy_mcst,杯柄 V1 旧版复原+MCST,000922.SZ,佳电股份,legacy_confirmed_cup,2023-05-18,2023-05-19,2023-05-23,0.606775,13.92,13.17,12.8064,3,-5.387931034482762,0.2155172413793149,-6.752873563218387,trend_exit_ma10,13.95,12.05
cup_v1_legacy_mcst,杯柄 V1 旧版复原+MCST,000922.SZ,佳电股份,legacy_confirmed_cup,2025-11-11,2025-11-12,2025-11-14,0.710505,15.03,13.8276,13.8276,3,-7.9999999999999964,0.2661343978709318,-8.982035928143706,stop_loss,15.33,12.85
cup_v1_legacy_mcst,杯柄 V1 旧版复原+MCST,000926.SZ,福星股份,legacy_confirmed_cup,2022-04-06,2022-04-07,2022-04-11,0.720657,5.29,4.92,4.8668000000000005,3,-6.994328922495274,0.1890359168241984,-7.561436672967869,trend_exit_ma10,5.43,3.81
cup_v1_legacy_mcst,杯柄 V1 旧版复原+MCST,000933.SZ,神火股份,legacy_confirmed_cup,2022-08-25,2022-08-26,2022-08-31,0.641894,18.8,17.296000000000003,17.296000000000003,4,-7.999999999999985,0.7446808510638281,-15.797872340425537,stop_loss,18.27,15.97
cup_v1_legacy_mcst,杯柄 V1 旧版复原+MCST,000949.SZ,新乡化纤,legacy_confirmed_cup,2025-11-13,2025-11-14,2025-11-19,0.627099,5.44,5.12,5.0048,4,-5.882352941176472,7.352941176470584,-7.720588235294135,trend_exit_ma10,5.45,4.08
cup_v1_legacy_mcst,杯柄 V1 旧版复原+MCST,000950.SZ,重药控股,legacy_confirmed_cup,2023-04-26,2023-04-27,2023-05-11,0.757359,7.24,7.41,6.6608,8,2.348066298342544,15.055248618784534,-3.4530386740331487,trend_exit_ma10,7.11,5.38
cup_v1_legacy_mcst,杯柄 V1 旧版复原+MCST,000950.SZ,重药控股,legacy_confirmed_cup,2023-05-09,2023-05-10,2023-05-11,0.732938,8.16,7.5072,7.5072,2,-7.9999999999999964,2.083333333333326,-10.416666666666677,stop_loss,7.96,5.38
cup_v1_legacy_mcst,杯柄 V1 旧版复原+MCST,000950.SZ,重药控股,legacy_confirmed_cup,2025-12-15,2025-12-16,2025-12-17,0.565074,6.79,6.2468,6.2468,2,-7.9999999999999964,4.123711340206193,-11.19293078055964,stop_loss,6.79,5.14
cup_v1_legacy_mcst,杯柄 V1 旧版复原+MCST,000959.SZ,首钢股份,legacy_confirmed_cup,2025-12-24,2025-12-25,2026-01-05,0.806824,4.99,4.86,4.590800000000001,6,-2.605210420841686,0.2004008016031955,-3.4068136272545124,trend_exit_ma10,4.99,4.05
cup_v1_legacy_mcst,杯柄 V1 旧版复原+MCST,000959.SZ,首钢股份,legacy_confirmed_cup,2026-01-14,2026-01-15,2026-02-02,0.661304,5.22,5.29,4.8024,13,1.3409961685823868,12.06896551724137,-1.9157088122605304,trend_exit_ma10,5.23,4.05
cup_v1_legacy_mcst,杯柄 V1 旧版复原+MCST,000960.SZ,锡业股份,legacy_confirmed_cup,2025-07-28,2025-07-29,2025-07-31,0.711927,18.6,17.84,17.112000000000002,3,-4.086021505376348,1.3440860215053752,-4.78494623655914,trend_exit_ma10,18.75,15.47
cup_v1_legacy_mcst,杯柄 V1 旧版复原+MCST,000960.SZ,锡业股份,legacy_confirmed_cup,2025-08-22,2025-08-25,2025-09-04,0.701977,20.13,20.38,18.5196,9,1.2419274714356776,15.598609041232002,-3.2290114257327307,trend_exit_ma10,19.49,17.68
cup_v1_legacy_mcst,杯柄 V1 旧版复原+MCST,000963.SZ,华东医药,legacy_confirmed_cup,2022-06-13,2022-06-14,2022-06-29,0.679828,41.61,42.25,38.2812,12,1.5380918048546022,6.753184330689743,-3.0761836097092043,trend_exit_ma10,42.1,35.71
cup_v1_legacy_mcst,杯柄 V1 旧版复原+MCST,000970.SZ,中科三环,legacy_confirmed_cup,2024-11-05,2024-11-06,2024-11-14,0.818383,11.56,10.95,10.6352,7,-5.2768166089965485,6.141868512110715,-5.622837370242218,trend_exit_ma10,11.54,8.79
cup_v1_legacy_mcst,杯柄 V1 旧版复原+MCST,000988.SZ,华工科技,legacy_confirmed_cup,2025-08-26,2025-08-27,2025-09-04,0.712231,60.18,64.8,55.3656,7,7.676969092721819,33.1339315387172,0.0,trend_exit_ma10,60.07,47.41
cup_v1_legacy_mcst,杯柄 V1 旧版复原+MCST,000989.SZ,九芝堂,legacy_confirmed_cup,2025-04-25,2025-04-28,2025-05-07,0.573456,9.18,8.64,8.4456,4,-5.88235294117646,1.089324618736387,-6.644880174291934,trend_exit_ma10,9.2,8.45
cup_v1_legacy_mcst,杯柄 V1 旧版复原+MCST,001207.SZ,联科科技,legacy_confirmed_cup,2024-10-28,2024-10-29,2024-11-13,0.640878,19.9,21.15,18.308,12,6.281407035175879,17.487437185929643,-7.08542713567839,trend_exit_ma10,20.03,15.56
cup_v1_legacy_mcst,杯柄 V1 旧版复原+MCST,001266.SZ,宏英智能,legacy_confirmed_cup,2025-07-16,2025-07-17,2025-07-31,0.725431,27.57,28.62,25.3644,11,3.80848748639826,12.803772216177013,-0.7616974972796564,trend_exit_ma10,27.51,25.85
cup_v1_legacy_mcst,杯柄 V1 旧版复原+MCST,001278.SZ,一彬科技,legacy_confirmed_cup,2026-02-03,2026-02-04,2026-02-13,0.634446,24.52,25.25,22.5584,8,2.9771615008156616,6.035889070146827,-2.9363784665579096,end_of_data,24.4,20.32
cup_v1_legacy_mcst,杯柄 V1 旧版复原+MCST,001368.SZ,通达创智,legacy_confirmed_cup,2025-08-25,2025-08-26,2025-08-27,0.691138,26.5,25.09,24.380000000000003,2,-5.320754716981135,1.8867924528301885,-5.471698113207546,trend_exit_ma10,26.87,23.09
cup_v1_legacy_mcst,杯柄 V1 旧版复原+MCST,001376.SZ,百通能源,legacy_confirmed_cup,2025-12-25,2025-12-26,2026-01-09,0.564,16.61,16.9,15.2812,9,1.7459361830222786,11.37868753762794,-2.649006622516548,trend_exit_ma10,16.53,12.23
cup_v1_legacy_mcst,杯柄 V1 旧版复原+MCST,001696.SZ,宗申动力,legacy_confirmed_cup,2023-07-06,2023-07-07,2023-07-10,0.557988,7.15,7.07,6.578,2,-1.118881118881121,0.2797202797202747,-1.6783216783216814,trend_exit_ma10,7.16,6.7
cup_v1_legacy_mcst,杯柄 V1 旧版复原+MCST,001872.SZ,招商港口,legacy_confirmed_cup,2023-04-26,2023-04-27,2023-05-09,0.744947,19.82,19.26,18.2344,6,-2.825428859737633,10.44399596367307,-3.128153380423815,trend_exit_ma10,19.9,17.93
cup_v1_legacy_mcst,杯柄 V1 旧版复原+MCST,001872.SZ,招商港口,legacy_confirmed_cup,2024-04-17,2024-04-18,2024-04-22,0.711858,19.27,18.58,17.7284,3,-3.5806953814219056,1.193565127140639,-4.047742605085636,trend_exit_ma10,19.27,16.47
cup_v1_legacy_mcst,杯柄 V1 旧版复原+MCST,001872.SZ,招商港口,legacy_confirmed_cup,2024-05-07,2024-05-08,2024-05-16,0.624541,19.21,19.14,17.6732,7,-0.3643935450286295,2.2384174908901544,-1.3014055179593975,trend_exit_ma10,19.28,16.47
cup_v1_legacy_mcst,杯柄 V1 旧版复原+MCST,001965.SZ,招商公路,legacy_confirmed_cup,2023-04-27,2023-04-28,2023-05-09,0.656996,9.09,9.17,8.3628,5,0.8800880088008833,15.181518151815188,-0.1100110011001076,trend_exit_ma10,9.08,8.34
cup_v1_legacy_mcst,杯柄 V1 旧版复原+MCST,002001.SZ,新和成,legacy_confirmed_cup,2024-05-06,2024-05-07,2024-05-17,0.648795,19.61,19.82,18.0412,9,1.0708822029576792,5.558388577256501,-1.4788373278939226,trend_exit_ma10,19.7,16.36
cup_v1_legacy_mcst,杯柄 V1 旧版复原+MCST,002003.SZ,伟星股份,legacy_confirmed_cup,2024-04-22,2024-04-23,2024-05-09,0.720187,11.82,11.93,10.8744,10,0.9306260575296044,4.0609137055837685,-3.0456852791878157,trend_exit_ma10,11.82,10.77
cup_v1_legacy_mcst,杯柄 V1 旧版复原+MCST,002006.SZ,精工科技,legacy_confirmed_cup,2025-05-08,2025-05-09,2025-05-15,0.694912,18.8,18.02,17.296000000000003,5,-4.148936170212769,3.5106382978723483,-4.787234042553202,trend_exit_ma10,19.02,15.25
cup_v1_legacy_mcst,杯柄 V1 旧版复原+MCST,002007.SZ,华兰生物,legacy_confirmed_cup,2023-04-12,2023-04-13,2023-04-19,0.784557,24.35,24.12,22.402,5,-0.944558521560579,3.039014373716631,-1.4373716632443578,trend_exit_ma10,24.35,20.55
cup_v1_legacy_mcst,杯柄 V1 旧版复原+MCST,002014.SZ,永新股份,legacy_confirmed_cup,2024-04-02,2024-04-03,2024-04-12,0.637384,10.48,10.09,9.6416,6,-3.7213740458015288,4.007633587786263,-7.25190839694656,trend_exit_ma10,10.46,9.58
cup_v1_legacy_mcst,杯柄 V1 旧版复原+MCST,002021.SZ,中捷资源,legacy_confirmed_cup,2023-12-14,2023-12-15,2023-12-29,0.655107,2.99,2.66,2.7508000000000004,10,-11.036789297658869,18.060200668896307,-11.036789297658869,gap_stop,2.94,2.23
cup_v1_legacy_mcst,杯柄 V1 旧版复原+MCST,002028.SZ,思源电气,legacy_confirmed_cup,2023-07-17,2023-07-18,2023-07-24,0.748533,51.99,50.67,47.8308,5,-2.538949798038081,3.1352183112136838,-3.827659165224084,trend_exit_ma10,51.87,44.0
cup_v1_legacy_mcst,杯柄 V1 旧版复原+MCST,002028.SZ,思源电气,legacy_confirmed_cup,2025-09-19,2025-09-22,2025-10-14,0.656639,99.62,102.83,91.6504,11,3.2222445292110047,15.30817104998996,-1.2246536839991995,trend_exit_ma10,99.62,89.02
cup_v1_legacy_mcst,杯柄 V1 旧版复原+MCST,002029.SZ,七匹狼,legacy_confirmed_cup,2023-05-05,2023-05-08,2023-05-18,0.576878,6.36,6.59,5.8512,9,3.616352201257844,16.82389937106916,-3.301886792452835,trend_exit_ma10,6.36,5.51
cup_v1_legacy_mcst,杯柄 V1 旧版复原+MCST,002034.SZ,旺能环境,legacy_confirmed_cup,2022-07-27,2022-07-28,2022-08-04,0.8543,24.4,23.65,22.448,6,-3.0737704918032738,5.122950819672134,-4.91803278688524,trend_exit_ma10,24.64,20.43
cup_v1_legacy_mcst,杯柄 V1 旧版复原+MCST,002035.SZ,华帝股份,legacy_confirmed_cup,2023-03-17,2023-03-20,2023-03-28,0.633147,7.25,6.93,6.67,7,-4.413793103448283,5.241379310344829,-4.82758620689655,trend_exit_ma10,7.3,5.48
cup_v1_legacy_mcst,杯柄 V1 旧版复原+MCST,002038.SZ,双鹭药业,legacy_confirmed_cup,2023-10-09,2023-10-10,2023-10-10,0.617784,12.45,11.454,11.454,1,-7.999999999999985,0.1606425702811442,-8.273092369477908,stop_loss,12.6,9.11
cup_v1_legacy_mcst,杯柄 V1 旧版复原+MCST,002052.SZ,同洲电子,legacy_confirmed_cup,2022-12-05,2022-12-06,2022-12-15,0.702346,2.87,2.84,2.6404,8,-1.0452961672474004,7.665505226480818,-2.7874564459930307,trend_exit_ma10,2.92,2.4
cup_v1_legacy_mcst,杯柄 V1 旧版复原+MCST,002063.SZ,远光软件,legacy_confirmed_cup,2023-02-06,2023-02-07,2023-02-13,0.6046,8.82,8.5,8.1144,5,-3.6281179138322073,0.5668934240362633,-4.53514739229025,trend_exit_ma10,8.93,6.84
cup_v1_legacy_mcst,杯柄 V1 旧版复原+MCST,002099.SZ,海翔药业,legacy_confirmed_cup,2023-05-24,2023-05-25,2023-06-02,0.698107,8.55,8.49,7.866000000000001,7,-0.7017543859649145,12.046783625730995,-1.286549707602358,trend_exit_ma10,8.55,6.97
cup_v1_legacy_mcst,杯柄 V1 旧版复原+MCST,002099.SZ,海翔药业,legacy_confirmed_cup,2023-10-09,2023-10-10,2023-10-18,0.591755,8.69,8.54,7.9948,7,-1.7261219792865434,16.340621403912547,-2.8768699654775576,trend_exit_ma10,8.69,7.69
cup_v1_legacy_mcst,杯柄 V1 旧版复原+MCST,002100.SZ,天康生物,legacy_confirmed_cup,2024-05-22,2024-05-23,2024-05-28,0.710663,8.69,8.28,7.9948,4,-4.718066743383198,1.150747986191014,-5.293440736478705,trend_exit_ma10,8.68,6.3
cup_v1_legacy_mcst,杯柄 V1 旧版复原+MCST,002102.SZ,能特科技,legacy_confirmed_cup,2023-04-11,2023-04-12,2023-04-18,0.745199,3.8,3.56,3.496,5,-6.315789473684208,7.36842105263158,-6.842105263157894,trend_exit_ma10,3.83,2.93
cup_v1_legacy_mcst,杯柄 V1 旧版复原+MCST,002104.SZ,恒宝股份,legacy_confirmed_cup,2025-06-05,2025-06-06,2025-07-03,0.725431,10.7,19.94,9.844,20,86.3551401869159,91.0280373831776,-5.1401869158878455,max_hold,10.56,7.13
cup_v1_legacy_mcst,杯柄 V1 旧版复原+MCST,002106.SZ,莱宝高科,legacy_confirmed_cup,2023-11-07,2023-11-08,2023-11-10,0.681435,11.08,10.65,10.1936,3,-3.880866425992779,1.9855595667870096,-5.415162454873645,trend_exit_ma10,11.25,9.25
cup_v1_legacy_mcst,杯柄 V1 旧版复原+MCST,002111.SZ,威海广泰,legacy_confirmed_cup,2023-02-27,2023-02-28,2023-03-07,0.765747,11.38,10.94,10.469600000000002,6,-3.866432337434112,0.7908611599297011,-3.866432337434112,trend_exit_ma10,11.38,10.45
cup_v1_legacy_mcst,杯柄 V1 旧版复原+MCST,002126.SZ,银轮股份,legacy_confirmed_cup,2026-02-09,2026-02-10,2026-02-13,0.797285,46.01,46.55,42.3292,4,1.1736579004564265,8.563355792219095,-0.7607041947402804,end_of_data,46.01,35.58
cup_v1_legacy_mcst,杯柄 V1 旧版复原+MCST,002128.SZ,电投能源,legacy_confirmed_cup,2024-02-19,2024-02-20,2024-03-12,0.652308,16.21,16.5,14.913200000000002,16,1.7890191239975373,9.7470697100555,-1.727328809376938,trend_exit_ma10,16.15,13.56
cup_v1_legacy_mcst,杯柄 V1 旧版复原+MCST,002141.SZ,贤丰控股,legacy_confirmed_cup,2025-04-11,2025-04-14,2025-05-14,0.664014,1.93,3.02,1.7756,20,56.47668393782384,56.47668393782384,-4.145077720207246,max_hold,1.85,1.56
cup_v1_legacy_mcst,杯柄 V1 旧版复原+MCST,002151.SZ,北斗星通,legacy_confirmed_cup,2025-12-31,2026-01-05,2026-01-05,0.791043,49.8,45.816,45.816,1,-7.999999999999985,0.3413654618473982,-8.654618473895571,stop_loss,45.43,33.61
cup_v1_legacy_mcst,杯柄 V1 旧版复原+MCST,002157.SZ,正邦科技,legacy_confirmed_cup,2024-05-28,2024-05-29,2024-06-03,0.725211,3.33,3.21,3.0636,4,-3.603603603603611,4.504504504504503,-4.20420420420421,trend_exit_ma10,3.33,2.68
cup_v1_legacy_mcst,杯柄 V1 旧版复原+MCST,002169.SZ,智光电气,legacy_confirmed_cup,2025-09-25,2025-09-26,2025-10-20,0.666515,7.8,7.38,7.176,3,-5.384615384615388,13.205128205128204,-6.923076923076921,trend_exit_ma10,7.89,7.07
cup_v1_legacy_mcst,杯柄 V1 旧版复原+MCST,002171.SZ,楚江新材,legacy_confirmed_cup,2025-10-29,2025-10-30,2025-11-03,0.757114,13.75,12.91,12.65,3,-6.1090909090909085,0.0,-7.636363636363641,trend_exit_ma10,14.01,11.32
cup_v1_legacy_mcst,杯柄 V1 旧版复原+MCST,002177.SZ,御银股份,legacy_confirmed_cup,2023-04-24,2023-04-25,2023-04-26,0.679264,3.59,3.3028,3.3028,2,-7.9999999999999964,0.0,-8.635097493036215,stop_loss,3.58,2.99
cup_v1_legacy_mcst,杯柄 V1 旧版复原+MCST,002202.SZ,金风科技,legacy_confirmed_cup,2025-09-05,2025-09-08,2025-10-13,0.626043,12.49,17.18,11.4908,20,37.55004003202562,37.630104083266616,-4.643714971977586,max_hold,12.22,9.58
cup_v1_legacy_mcst,杯柄 V1 旧版复原+MCST,002202.SZ,金风科技,legacy_confirmed_cup,2025-09-19,2025-09-22,2025-10-17,0.815461,13.66,14.9,12.5672,14,9.07759882869692,35.43191800878478,-5.417276720351394,trend_exit_ma10,13.71,10.43
cup_v1_legacy_mcst,杯柄 V1 旧版复原+MCST,002212.SZ,天融信,legacy_confirmed_cup,2023-03-27,2023-03-28,2023-03-30,0.64218,12.45,12.05,11.454,3,-3.2128514056224744,5.542168674698811,-4.819277108433728,trend_exit_ma10,12.41,10.9
cup_v1_legacy_mcst,杯柄 V1 旧版复原+MCST,002215.SZ,诺普信,legacy_confirmed_cup,2023-02-23,2023-02-24,2023-03-06,0.749916,7.5,7.25,6.9,7,-3.3333333333333326,5.733333333333324,-3.999999999999993,trend_exit_ma10,7.58,6.51
cup_v1_legacy_mcst,杯柄 V1 旧版复原+MCST,002221.SZ,东华能源,legacy_confirmed_cup,2023-08-22,2023-08-23,2023-08-25,0.706819,10.53,10.33,9.6876,3,-1.899335232668564,1.2345679012345734,-3.513770180436837,trend_exit_ma10,10.62,9.49
cup_v1_legacy_mcst,杯柄 V1 旧版复原+MCST,002223.SZ,鱼跃医疗,legacy_confirmed_cup,2024-05-07,2024-05-08,2024-05-16,0.622735,38.99,39.3,35.8708,7,0.795075660425737,4.847396768402157,-1.6414465247499344,trend_exit_ma10,39.1,35.87
cup_v1_legacy_mcst,杯柄 V1 旧版复原+MCST,002224.SZ,三力士,legacy_confirmed_cup,2023-11-24,2023-11-27,2023-11-29,0.698142,6.08,5.5936,5.5936,3,-7.9999999999999964,1.6447368421052655,-8.388157894736835,stop_loss,6.2,4.71
cup_v1_legacy_mcst,杯柄 V1 旧版复原+MCST,002229.SZ,鸿博股份,legacy_confirmed_cup,2023-02-09,2023-02-10,2023-03-01,0.693716,11.92,14.73,10.9664,14,23.57382550335572,39.76510067114094,-2.5167785234899376,trend_exit_ma10,10.84,6.41
cup_v1_legacy_mcst,杯柄 V1 旧版复原+MCST,002232.SZ,启明信息,legacy_confirmed_cup,2023-03-24,2023-03-27,2023-03-30,0.56948,16.15,15.57,14.858,4,-3.59133126934984,2.6625386996903977,-4.8297213622291,trend_exit_ma10,16.1,12.3
cup_v1_legacy_mcst,杯柄 V1 旧版复原+MCST,002233.SZ,塔牌集团,legacy_confirmed_cup,2023-08-03,2023-08-04,2023-08-11,0.733542,8.89,8.68,8.1788,6,-2.362204724409456,1.237345331833506,-2.5871766029246346,trend_exit_ma10,8.86,8.24
cup_v1_legacy_mcst,杯柄 V1 旧版复原+MCST,002237.SZ,恒邦股份,legacy_confirmed_cup,2023-04-14,2023-04-17,2023-04-20,0.699878,12.81,12.79,11.7852,4,-0.1561280249804952,4.449648711943799,-1.2490241998438734,trend_exit_ma10,13.32,11.04
cup_v1_legacy_mcst,杯柄 V1 旧版复原+MCST,002250.SZ,联化科技,legacy_confirmed_cup,2025-02-13,2025-02-14,2025-02-18,0.612881,6.86,6.65,6.3112,3,-3.0612244897959218,1.1661807580174877,-3.790087463556857,trend_exit_ma10,6.89,5.02
cup_v1_legacy_mcst,杯柄 V1 旧版复原+MCST,002250.SZ,联化科技,legacy_confirmed_cup,2025-11-13,2025-11-14,2025-11-20,0.584721,14.0,13.15,12.88,5,-6.071428571428572,15.785714285714292,-6.857142857142861,trend_exit_ma10,14.0,10.2
cup_v1_legacy_mcst,杯柄 V1 旧版复原+MCST,002252.SZ,上海莱士,legacy_confirmed_cup,2023-06-19,2023-06-20,2023-07-03,0.786246,7.71,7.52,7.0932,8,-2.4643320363164745,1.2970168612191912,-4.669260700389111,trend_exit_ma10,7.74,6.6
cup_v1_legacy_mcst,杯柄 V1 旧版复原+MCST,002252.SZ,上海莱士,legacy_confirmed_cup,2023-12-05,2023-12-06,2023-12-14,0.753173,8.11,8.2,7.4612,7,1.1097410604192337,7.028360049321836,-1.1097410604192337,trend_exit_ma10,8.12,7.34
cup_v1_legacy_mcst,杯柄 V1 旧版复原+MCST,002254.SZ,泰和新材,legacy_confirmed_cup,2022-11-17,2022-11-18,2022-11-23,0.570652,21.19,20.46,19.4948,4,-3.445021236432277,2.2180273714015986,-5.143935818782442,trend_exit_ma10,21.37,15.43
cup_v1_legacy_mcst,杯柄 V1 旧版复原+MCST,002258.SZ,利尔化学,legacy_confirmed_cup,2026-01-19,2026-01-20,2026-02-02,0.746565,16.68,16.02,15.3456,10,-3.9568345323740974,8.21342925659474,-3.9568345323740974,trend_exit_ma10,16.38,12.68
cup_v1_legacy_mcst,杯柄 V1 旧版复原+MCST,002262.SZ,恩华药业,legacy_confirmed_cup,2022-10-17,2022-10-18,2022-10-28,0.661922,18.66,20.32,17.1672,9,8.896034297963551,16.0235798499464,-0.8038585209003135,trend_exit_ma10,18.9,14.12
cup_v1_legacy_mcst,杯柄 V1 旧版复原+MCST,002267.SZ,陕天然气,legacy_confirmed_cup,2025-05-14,2025-05-15,2025-05-22,0.780102,9.29,9.18,8.5468,6,-1.1840688912809427,2.260495156081821,-2.152852529601712,trend_exit_ma10,9.3,8.47
cup_v1_legacy_mcst,杯柄 V1 旧版复原+MCST,002270.SZ,华明装备,legacy_confirmed_cup,2025-08-15,2025-08-18,2025-08-21,0.717462,20.57,19.16,18.9244,4,-6.854642683519685,0.048614487117149,-7.340787554691309,trend_exit_ma10,20.52,16.21
cup_v1_legacy_mcst,杯柄 V1 旧版复原+MCST,002271.SZ,东方雨虹,legacy_confirmed_cup,2026-01-12,2026-01-13,2026-01-16,0.680227,14.56,14.09,13.3952,4,-3.2280219780219777,0.2060439560439553,-3.708791208791218,trend_exit_ma10,14.64,11.93
cup_v1_legacy_mcst,杯柄 V1 旧版复原+MCST,002271.SZ,东方雨虹,legacy_confirmed_cup,2026-01-23,2026-01-26,2026-02-02,0.653824,17.21,16.25,15.8332,6,-5.5781522370714764,5.752469494479939,-7.321324811156316,trend_exit_ma10,17.29,13.29
cup_v1_legacy_mcst,杯柄 V1 旧版复原+MCST,002274.SZ,华昌化工,legacy_confirmed_cup,2024-04-03,2024-04-08,2024-04-15,0.592914,8.2,7.77,7.544,6,-5.243902439024383,1.3414634146341695,-7.073170731707313,trend_exit_ma10,8.19,7.46
cup_v1_legacy_mcst,杯柄 V1 旧版复原+MCST,002275.SZ,桂林三金,legacy_confirmed_cup,2023-03-31,2023-04-03,2023-04-14,0.807622,16.8,17.6,15.456,9,4.761904761904767,10.416666666666677,-2.79761904761906,trend_exit_ma10,16.88,14.98
cup_v1_legacy_mcst,杯柄 V1 旧版复原+MCST,002275.SZ,桂林三金,legacy_confirmed_cup,2023-05-05,2023-05-08,2023-05-10,0.749692,21.1,19.412000000000003,19.412000000000003,3,-7.9999999999999964,2.7014218009478785,-8.293838862559245,stop_loss,21.15,17.01
cup_v1_legacy_mcst,杯柄 V1 旧版复原+MCST,002283.SZ,天润工业,legacy_confirmed_cup,2023-07-06,2023-07-07,2023-07-14,0.796084,6.79,6.7,6.2468,6,-1.3254786450662692,8.247422680412363,-1.76730486008837,trend_exit_ma10,6.9,6.08
cup_v1_legacy_mcst,杯柄 V1 旧版复原+MCST,002284.SZ,亚太股份,legacy_confirmed_cup,2023-07-06,2023-07-07,2023-07-20,0.718203,10.13,10.16,9.3196,10,0.2961500493583457,15.893385982231,-2.1717670286278468,trend_exit_ma10,10.3,7.29
cup_v1_legacy_mcst,杯柄 V1 旧版复原+MCST,002284.SZ,亚太股份,legacy_confirmed_cup,2025-12-24,2025-12-25,2025-12-31,0.653828,15.77,14.93,14.5084,5,-5.3265694356372855,1.4584654407102216,-5.516804058338609,trend_exit_ma10,15.93,11.54
cup_v1_legacy_mcst,杯柄 V1 旧版复原+MCST,002287.SZ,奇正藏药,legacy_confirmed_cup,2025-08-01,2025-08-04,2025-08-04,0.725513,38.16,35.1072,35.1072,1,-7.9999999999999964,0.0,-11.294549266247367,stop_loss,34.69,21.8
cup_v1_legacy_mcst,杯柄 V1 旧版复原+MCST,002290.SZ,禾盛新材,legacy_confirmed_cup,2023-12-04,2023-12-05,2023-12-08,0.630932,12.89,12.44,11.8588,4,-3.4910783553142037,0.93095422808378,-3.5686578743211905,trend_exit_ma10,12.97,11.49
cup_v1_legacy_mcst,杯柄 V1 旧版复原+MCST,002293.SZ,罗莱生活,legacy_confirmed_cup,2025-04-29,2025-04-30,2025-05-14,0.871818,9.23,9.0,8.4916,8,-2.491874322860244,0.7583965330444142,-3.791982665222093,trend_exit_ma10,9.22,8.15
cup_v1_legacy_mcst,杯柄 V1 旧版复原+MCST,002294.SZ,信立泰,legacy_confirmed_cup,2022-10-18,2022-10-19,2022-10-28,0.620223,31.86,30.5,29.3112,8,-4.268675455116133,1.1613308223477723,-6.842435655994972,trend_exit_ma10,32.11,23.4
cup_v1_legacy_mcst,杯柄 V1 旧版复原+MCST,002309.SZ,中利集团,legacy_confirmed_cup,2025-11-13,2025-11-14,2025-11-17,0.598178,4.26,3.8,3.9192,2,-10.7981220657277,1.8779342723004744,-12.4413145539906,gap_stop,4.22,2.96
cup_v1_legacy_mcst,杯柄 V1 旧版复原+MCST,002312.SZ,川发龙蟒,legacy_confirmed_cup,2024-09-27,2024-09-30,2024-10-17,0.624955,9.23,9.62,8.4916,9,4.225352112676051,15.817984832069332,-3.4669555796316365,trend_exit_ma10,8.94,7.42
cup_v1_legacy_mcst,杯柄 V1 旧版复原+MCST,002316.SZ,亚联发展,legacy_confirmed_cup,2025-05-19,2025-05-20,2025-05-28,0.628213,3.9,3.85,3.588,7,-1.2820512820512775,3.589743589743599,-1.7948717948717885,trend_exit_ma10,3.91,3.09
cup_v1_legacy_mcst,杯柄 V1 旧版复原+MCST,002319.SZ,乐通股份,legacy_confirmed_cup,2022-04-18,2022-04-19,2022-04-22,0.571667,14.97,14.55,13.7724,4,-2.8056112224448926,2.40480961923848,-6.145624582498332,trend_exit_ma10,14.99,12.12
cup_v1_legacy_mcst,杯柄 V1 旧版复原+MCST,002319.SZ,乐通股份,legacy_confirmed_cup,2023-07-17,2023-07-18,2023-07-20,0.662434,17.55,16.96,16.146,3,-3.3618233618233573,1.139601139601143,-3.70370370370372,trend_exit_ma10,17.6,14.55
cup_v1_legacy_mcst,杯柄 V1 旧版复原+MCST,002320.SZ,海峡股份,legacy_confirmed_cup,2025-07-24,2025-07-25,2025-07-25,0.831274,8.96,8.243200000000002,8.243200000000002,1,-7.9999999999999964,0.1116071428571396,-9.82142857142858,stop_loss,8.15,6.45
cup_v1_legacy_mcst,杯柄 V1 旧版复原+MCST,002323.SZ,雅博股份,legacy_confirmed_cup,2026-02-12,2026-02-13,2026-02-13,0.710235,2.68,2.4656,2.4656,1,-7.9999999999999964,2.6119402985074647,-11.9402985074627,stop_loss,2.62,1.67
cup_v1_legacy_mcst,杯柄 V1 旧版复原+MCST,002324.SZ,普利特,legacy_confirmed_cup,2025-08-15,2025-08-18,2025-08-26,0.845469,14.38,14.06,13.2296,7,-2.2253129346314293,1.112656467315709,-3.963838664812236,trend_exit_ma10,14.25,11.77
cup_v1_legacy_mcst,杯柄 V1 旧版复原+MCST,002345.SZ,潮宏基,legacy_confirmed_cup,2023-01-09,2023-01-10,2023-01-18,0.810203,5.73,5.74,5.2716,7,0.1745200698080262,5.759162303664911,-2.0942408376963373,trend_exit_ma10,5.78,4.82
cup_v1_legacy_mcst,杯柄 V1 旧版复原+MCST,002352.SZ,顺丰控股,legacy_confirmed_cup,2025-06-16,2025-06-17,2025-06-26,0.755207,50.1,49.15,46.092000000000006,8,-1.896207584830345,2.055888223552893,-5.189620758483038,trend_exit_ma10,49.8,44.95
cup_v1_legacy_mcst,杯柄 V1 旧版复原+MCST,002353.SZ,杰瑞股份,legacy_confirmed_cup,2024-06-21,2024-06-24,2024-06-27,0.595948,36.71,35.01,33.7732,4,-4.6308907654590055,2.6150912557886263,-5.012258240261513,trend_exit_ma10,36.85,30.49
cup_v1_legacy_mcst,杯柄 V1 旧版复原+MCST,002353.SZ,杰瑞股份,legacy_confirmed_cup,2025-08-13,2025-08-14,2025-08-20,0.71991,46.4,45.87,42.688,5,-1.1422413793103492,1.961206896551726,-2.952586206896546,trend_exit_ma10,46.67,37.59
cup_v1_legacy_mcst,杯柄 V1 旧版复原+MCST,002357.SZ,富临运业,legacy_confirmed_cup,2026-01-20,2026-01-21,2026-01-28,0.640177,12.88,12.5,11.8496,6,-2.9503105590062195,8.229813664596254,-3.881987577639756,trend_exit_ma10,12.82,10.93
cup_v1_legacy_mcst,杯柄 V1 旧版复原+MCST,002361.SZ,神剑股份,legacy_confirmed_cup,2025-12-23,2025-12-24,2026-01-16,0.629848,9.57,14.68,8.804400000000001,16,53.39602925809821,89.44618599791012,0.0,trend_exit_ma10,9.89,6.05
cup_v1_legacy_mcst,杯柄 V1 旧版复原+MCST,002373.SZ,千方科技,legacy_confirmed_cup,2026-01-09,2026-01-12,2026-01-16,0.777368,13.31,12.83,12.2452,5,-3.606311044327581,3.981968444778361,-4.057099924868524,trend_exit_ma10,13.07,10.39
cup_v1_legacy_mcst,杯柄 V1 旧版复原+MCST,002380.SZ,科远智慧,legacy_confirmed_cup,2023-07-07,2023-07-10,2023-07-17,0.58475,23.99,23.29,22.0708,6,-2.917882451021258,9.128803668195085,-3.876615256356819,trend_exit_ma10,23.77,18.36
cup_v1_legacy_mcst,杯柄 V1 旧版复原+MCST,002380.SZ,科远智慧,legacy_confirmed_cup,2024-10-15,2024-10-16,2024-10-17,0.625973,20.0,19.43,18.4,2,-2.849999999999997,2.750000000000008,-3.1000000000000028,trend_exit_ma10,21.96,14.78
cup_v1_legacy_mcst,杯柄 V1 旧版复原+MCST,002382.SZ,蓝帆医疗,legacy_confirmed_cup,2025-07-11,2025-07-14,2025-07-15,0.748637,6.22,5.96,5.7224,2,-4.180064308681663,1.6077170418006492,-6.430868167202563,trend_exit_ma10,6.22,5.82
cup_v1_legacy_mcst,杯柄 V1 旧版复原+MCST,002386.SZ,天原股份,legacy_confirmed_cup,2025-07-28,2025-07-29,2025-07-31,0.676941,5.37,5.17,4.9404,3,-3.724394785847307,0.7448789571694592,-4.283054003724407,trend_exit_ma10,5.37,4.9
cup_v1_legacy_mcst,杯柄 V1 旧版复原+MCST,002388.SZ,新亚制程,legacy_confirmed_cup,2025-08-20,2025-08-21,2025-08-28,0.653151,5.0,4.92,4.6000000000000005,6,-1.6000000000000014,3.0000000000000027,-5.000000000000004,trend_exit_ma10,5.01,4.31
cup_v1_legacy_mcst,杯柄 V1 旧版复原+MCST,002392.SZ,北京利尔,legacy_confirmed_cup,2025-04-25,2025-04-28,2025-05-14,0.693914,5.65,6.26,5.198,10,10.79646017699114,26.725663716814157,-2.12389380530974,trend_exit_ma10,5.64,4.81
cup_v1_legacy_mcst,杯柄 V1 旧版复原+MCST,002394.SZ,联发股份,legacy_confirmed_cup,2025-07-17,2025-07-18,2025-07-18,0.885721,12.18,11.2056,11.2056,1,-7.9999999999999964,2.6272577996715896,-11.247947454844,stop_loss,11.74,8.41
cup_v1_legacy_mcst,杯柄 V1 旧版复原+MCST,002396.SZ,星网锐捷,legacy_confirmed_cup,2023-03-24,2023-03-27,2023-03-30,0.771955,24.73,24.35,22.7516,4,-1.5365952284674411,3.113627173473521,-3.1540638900121376,trend_exit_ma10,24.96,21.99
cup_v1_legacy_mcst,杯柄 V1 旧版复原+MCST,002396.SZ,星网锐捷,legacy_confirmed_cup,2025-06-27,2025-06-30,2025-07-02,0.81431,22.55,21.59,20.746,3,-4.257206208425723,1.2860310421286103,-4.567627494456772,trend_exit_ma10,22.54,19.8
cup_v1_legacy_mcst,杯柄 V1 旧版复原+MCST,002396.SZ,星网锐捷,legacy_confirmed_cup,2025-07-15,2025-07-16,2025-08-12,0.827646,25.2,30.41,23.184,20,20.674603174603167,21.3888888888889,-1.1904761904761971,max_hold,25.25,21.5
cup_v1_legacy_mcst,杯柄 V1 旧版复原+MCST,002401.SZ,中远海科,legacy_confirmed_cup,2022-11-23,2022-11-24,2022-11-24,0.738358,13.4,12.328,12.328,1,-7.9999999999999964,0.746268656716409,-10.373134328358214,stop_loss,13.34,10.4
cup_v1_legacy_mcst,杯柄 V1 旧版复原+MCST,002402.SZ,和而泰,legacy_confirmed_cup,2025-08-04,2025-08-05,2025-09-01,0.676033,25.64,40.0,23.588800000000003,20,56.00624024960999,64.1965678627145,-0.8970358814352597,max_hold,25.74,21.48
cup_v1_legacy_mcst,杯柄 V1 旧版复原+MCST,002405.SZ,四维图新,legacy_confirmed_cup,2026-01-12,2026-01-13,2026-01-19,0.604591,11.1,10.5,10.212,5,-5.405405405405405,0.4504504504504458,-6.396396396396387,trend_exit_ma10,11.1,8.8
cup_v1_legacy_mcst,杯柄 V1 旧版复原+MCST,002410.SZ,广联达,legacy_confirmed_cup,2023-01-05,2023-01-06,2023-01-11,0.706372,62.5,60.7,57.5,4,-2.8799999999999937,1.6000000000000014,-3.6799999999999935,trend_exit_ma10,62.45,55.18
cup_v1_legacy_mcst,杯柄 V1 旧版复原+MCST,002410.SZ,广联达,legacy_confirmed_cup,2023-01-16,2023-01-17,2023-02-06,0.663509,63.73,64.2,58.6316,10,0.7374862702024254,7.484701082692613,-1.773105287933463,trend_exit_ma10,63.47,59.5
cup_v1_legacy_mcst,杯柄 V1 旧版复原+MCST,002421.SZ,达实智能,legacy_confirmed_cup,2023-03-24,2023-03-27,2023-03-30,0.709597,4.15,4.02,3.818000000000001,4,-3.1325301204819467,3.8554216867469737,-3.614457831325313,trend_exit_ma10,4.15,3.79
cup_v1_legacy_mcst,杯柄 V1 旧版复原+MCST,002436.SZ,兴森科技,legacy_confirmed_cup,2025-07-25,2025-07-28,2025-08-05,0.716612,16.77,16.99,15.4284,7,1.3118664281454917,19.26058437686344,-1.7292784734645128,trend_exit_ma10,16.26,12.31
cup_v1_legacy_mcst,杯柄 V1 旧版复原+MCST,002437.SZ,誉衡药业,legacy_confirmed_cup,2025-07-30,2025-07-31,2025-08-07,0.795019,3.61,3.55,3.3212,6,-1.6620498614958512,13.01939058171746,-2.4930747922437657,trend_exit_ma10,3.62,3.09
cup_v1_legacy_mcst,杯柄 V1 旧版复原+MCST,002440.SZ,闰土股份,legacy_confirmed_cup,2026-01-28,2026-01-29,2026-02-13,0.769155,11.0,14.79,10.12,12,34.454545454545446,41.81818181818182,-0.8181818181818179,end_of_data,10.75,7.98
cup_v1_legacy_mcst,杯柄 V1 旧版复原+MCST,002444.SZ,巨星科技,legacy_confirmed_cup,2024-09-03,2024-09-04,2024-09-13,0.574236,27.58,27.34,25.3736,8,-0.870195794053652,3.843364757070344,-4.27846265409717,trend_exit_ma10,27.83,22.71
cup_v1_legacy_mcst,杯柄 V1 旧版复原+MCST,002446.SZ,盛路通信,legacy_confirmed_cup,2022-07-19,2022-07-20,2022-08-02,0.620852,7.84,7.9,7.2128,10,0.7653061224489832,7.780612244897944,-1.7857142857142794,trend_exit_ma10,7.65,7.12
cup_v1_legacy_mcst,杯柄 V1 旧版复原+MCST,002448.SZ,中原内配,legacy_confirmed_cup,2025-08-26,2025-08-27,2025-09-04,0.593443,10.27,10.09,9.4484,7,-1.7526777020447917,8.666017526777026,-6.913339824732223,trend_exit_ma10,10.37,8.51
cup_v1_legacy_mcst,杯柄 V1 旧版复原+MCST,002454.SZ,松芝股份,legacy_confirmed_cup,2025-07-16,2025-07-17,2025-07-24,0.705432,8.34,8.26,7.6728,6,-0.959232613908878,0.7194244604316502,-2.27817745803357,trend_exit_ma10,8.3,7.1
cup_v1_legacy_mcst,杯柄 V1 旧版复原+MCST,002455.SZ,百川股份,legacy_confirmed_cup,2026-02-03,2026-02-04,2026-02-13,0.670624,10.21,13.85,9.393200000000002,8,35.651322233104786,48.38393731635651,-4.701273261508332,end_of_data,10.31,6.92
cup_v1_legacy_mcst,杯柄 V1 旧版复原+MCST,002457.SZ,青龙管业,legacy_confirmed_cup,2023-10-30,2023-10-31,2023-11-01,0.613087,11.89,10.58,10.9388,2,-11.017661900756949,6.307821698906646,-12.867956265769564,gap_stop,12.79,7.75
cup_v1_legacy_mcst,杯柄 V1 旧版复原+MCST,002457.SZ,青龙管业,legacy_confirmed_cup,2024-10-09,2024-10-10,2024-10-10,0.627895,12.4,11.408,11.408,1,-7.9999999999999964,2.338709677419337,-11.209677419354849,stop_loss,11.54,7.76
cup_v1_legacy_mcst,杯柄 V1 旧版复原+MCST,002465.SZ,海格通信,legacy_confirmed_cup,2023-03-08,2023-03-09,2023-03-16,0.830429,10.29,10.26,9.4668,6,-0.2915451895043719,6.413994169096204,-2.818270165208936,trend_exit_ma10,10.32,8.77
cup_v1_legacy_mcst,杯柄 V1 旧版复原+MCST,002468.SZ,申通快递,legacy_confirmed_cup,2024-09-27,2024-09-30,2024-10-15,0.638247,11.09,11.03,10.2028,7,-0.5410279531109174,14.15689810640217,-2.4346257889990897,trend_exit_ma10,10.81,9.25
cup_v1_legacy_mcst,杯柄 V1 旧版复原+MCST,002468.SZ,申通快递,legacy_confirmed_cup,2025-07-30,2025-07-31,2025-08-12,0.738885,15.88,16.07,14.609600000000002,9,1.1964735516372782,13.979848866498743,-4.785894206549124,trend_exit_ma10,15.88,12.04
cup_v1_legacy_mcst,杯柄 V1 旧版复原+MCST,002475.SZ,立讯精密,legacy_confirmed_cup,2024-06-19,2024-06-20,2024-07-17,0.705794,37.9,42.05,34.868,20,10.949868073878632,14.24802110817942,-3.509234828496033,max_hold,38.07,25.92
cup_v1_legacy_mcst,杯柄 V1 旧版复原+MCST,002478.SZ,常宝股份,legacy_confirmed_cup,2025-11-06,2025-11-07,2025-11-14,0.599048,8.3,7.92,7.636000000000001,6,-4.578313253012056,12.650602409638534,-5.421686746987964,trend_exit_ma10,8.22,6.11
cup_v1_legacy_mcst,杯柄 V1 旧版复原+MCST,002484.SZ,江海股份,legacy_confirmed_cup,2026-01-12,2026-01-13,2026-01-13,0.605212,31.83,29.84,29.2836,1,-6.251963556393337,0.4084197298146463,-6.597549481621101,trend_exit_ma10,31.81,25.95
cup_v1_legacy_mcst,杯柄 V1 旧版复原+MCST,002487.SZ,大金重工,legacy_confirmed_cup,2025-04-17,2025-04-18,2025-05-16,0.816785,25.6,28.07,23.552000000000003,18,9.648437499999996,15.234375,0.0,trend_exit_ma10,25.8,20.55
cup_v1_legacy_mcst,杯柄 V1 旧版复原+MCST,002488.SZ,金固股份,legacy_confirmed_cup,2023-11-29,2023-11-30,2023-12-01,0.617857,8.31,8.04,7.645200000000001,2,-3.2490974729242006,1.9253910950661977,-3.971119133574008,trend_exit_ma10,8.31,6.32
cup_v1_legacy_mcst,杯柄 V1 旧版复原+MCST,002500.SZ,山西证券,legacy_confirmed_cup,2024-10-08,2024-10-09,2024-10-10,0.621741,7.0,6.44,6.44,2,-7.9999999999999964,4.000000000000004,-12.285714285714288,stop_loss,7.26,4.73
cup_v1_legacy_mcst,杯柄 V1 旧版复原+MCST,002511.SZ,中顺洁柔,legacy_confirmed_cup,2025-08-21,2025-08-22,2025-09-01,0.724344,8.85,8.64,8.142,7,-2.372881355932188,1.4689265536723228,-6.10169491525423,trend_exit_ma10,8.91,7.99
cup_v1_legacy_mcst,杯柄 V1 旧版复原+MCST,002517.SZ,恺英网络,legacy_confirmed_cup,2023-02-20,2023-02-21,2023-02-24,0.830816,9.49,8.7308,8.7308,4,-7.9999999999999964,2.212855637513167,-8.324552160168608,stop_loss,9.44,7.46
cup_v1_legacy_mcst,杯柄 V1 旧版复原+MCST,002521.SZ,齐峰新材,legacy_confirmed_cup,2024-03-21,2024-03-22,2024-04-15,0.690641,9.71,10.82,8.933200000000001,15,11.43151390319257,23.995880535530368,-1.6477857878475777,trend_exit_ma10,9.75,7.61
cup_v1_legacy_mcst,杯柄 V1 旧版复原+MCST,002540.SZ,亚太科技,legacy_confirmed_cup,2026-01-28,2026-01-29,2026-02-02,0.637753,8.07,7.4244,7.4244,3,-7.9999999999999964,0.123915737298641,-8.426270136307323,stop_loss,8.0,6.5
cup_v1_legacy_mcst,杯柄 V1 旧版复原+MCST,002550.SZ,千红制药,legacy_confirmed_cup,2022-12-12,2022-12-13,2022-12-15,0.829268,8.47,7.5,7.792400000000001,3,-11.452184179456914,6.965761511216062,-12.04250295159387,gap_stop,8.24,5.81
cup_v1_legacy_mcst,杯柄 V1 旧版复原+MCST,002558.SZ,巨人网络,legacy_confirmed_cup,2023-02-07,2023-02-08,2023-02-17,0.783213,10.6,10.16,9.752,8,-4.150943396226414,6.037735849056602,-5.377358490566042,trend_exit_ma10,10.53,9.35
cup_v1_legacy_mcst,杯柄 V1 旧版复原+MCST,002560.SZ,通达股份,legacy_confirmed_cup,2026-01-15,2026-01-16,2026-01-21,0.693302,10.9,10.57,10.028,4,-3.027522935779814,5.504587155963292,-4.403669724770642,trend_exit_ma10,10.51,9.63
cup_v1_legacy_mcst,杯柄 V1 旧版复原+MCST,002566.SZ,益盛药业,legacy_confirmed_cup,2025-08-05,2025-08-06,2025-08-06,0.722739,8.6,8.39,7.912,1,-2.4418604651162634,0.6976744186046657,-3.023255813953485,trend_exit_ma10,8.62,8.16
cup_v1_legacy_mcst,杯柄 V1 旧版复原+MCST,002571.SZ,德力股份,legacy_confirmed_cup,2025-08-15,2025-08-18,2025-09-01,0.673846,7.41,7.42,6.817200000000001,11,0.134952766531704,8.232118758434549,-5.128205128205132,trend_exit_ma10,7.35,5.73
cup_v1_legacy_mcst,杯柄 V1 旧版复原+MCST,002589.SZ,瑞康医药,legacy_confirmed_cup,2025-12-08,2025-12-09,2025-12-10,0.673968,4.43,3.85,4.0756,2,-13.092550790067714,1.5801354401805856,-13.995485327313762,gap_stop,4.69,3.07
cup_v1_legacy_mcst,杯柄 V1 旧版复原+MCST,002590.SZ,万安科技,legacy_confirmed_cup,2023-07-10,2023-07-11,2023-07-18,0.783624,12.07,12.52,11.1044,6,3.728251864125931,30.4059652029826,-0.4971002485501308,trend_exit_ma10,11.83,9.22
cup_v1_legacy_mcst,杯柄 V1 旧版复原+MCST,002595.SZ,豪迈科技,legacy_confirmed_cup,2024-04-18,2024-04-19,2024-04-25,0.746634,39.77,38.91,36.58840000000001,5,-2.162433995473989,2.061855670103085,-2.9419160170983227,trend_exit_ma10,39.47,35.58
cup_v1_legacy_mcst,杯柄 V1 旧版复原+MCST,002595.SZ,豪迈科技,legacy_confirmed_cup,2024-09-26,2024-09-27,2024-10-25,0.568308,43.41,47.85,39.9372,16,10.228058051140309,18.59018659295093,-3.2711356830223304,trend_exit_ma10,43.31,40.01
cup_v1_legacy_mcst,杯柄 V1 旧版复原+MCST,002596.SZ,海南瑞泽,legacy_confirmed_cup,2023-04-10,2023-04-11,2023-04-14,0.70815,4.15,4.01,3.818000000000001,4,-3.3734939759036298,4.337349397590362,-4.09638554216868,trend_exit_ma10,4.23,3.35
cup_v1_legacy_mcst,杯柄 V1 旧版复原+MCST,002606.SZ,大连电瓷,legacy_confirmed_cup,2024-10-10,2024-10-11,2024-10-16,0.653813,10.91,10.0372,10.0372,4,-7.9999999999999964,0.274977085242889,-10.357470210815778,stop_loss,11.18,8.25
cup_v1_legacy_mcst,杯柄 V1 旧版复原+MCST,002616.SZ,长青集团,legacy_confirmed_cup,2023-07-12,2023-07-13,2023-07-14,0.724781,6.75,6.21,6.21,2,-7.9999999999999964,4.740740740740734,-10.222222222222232,stop_loss,6.57,4.78
cup_v1_legacy_mcst,杯柄 V1 旧版复原+MCST,002624.SZ,完美世界,legacy_confirmed_cup,2023-04-12,2023-04-13,2023-04-14,0.724512,20.86,19.1912,19.1912,2,-7.999999999999985,0.6232023010546373,-8.916586768935764,stop_loss,20.46,15.33
cup_v1_legacy_mcst,杯柄 V1 旧版复原+MCST,002632.SZ,道明光学,legacy_confirmed_cup,2023-12-29,2024-01-02,2024-01-04,0.717388,10.25,9.43,9.43,3,-8.000000000000007,13.853658536585357,-9.365853658536594,stop_loss,9.88,7.21
cup_v1_legacy_mcst,杯柄 V1 旧版复原+MCST,002636.SZ,金安国纪,legacy_confirmed_cup,2025-07-03,2025-07-04,2025-07-15,0.699852,11.34,12.36,10.4328,8,8.994708994709,46.38447971781308,-3.0864197530864117,trend_exit_ma10,10.31,8.57
cup_v1_legacy_mcst,杯柄 V1 旧版复原+MCST,002639.SZ,雪人集团,legacy_confirmed_cup,2025-11-17,2025-11-18,2025-11-20,0.695432,16.01,14.729200000000002,14.729200000000002,3,-7.9999999999999964,6.74578388507181,-11.992504684572149,stop_loss,15.7,10.13
cup_v1_legacy_mcst,杯柄 V1 旧版复原+MCST,002641.SZ,公元股份,legacy_confirmed_cup,2023-08-02,2023-08-03,2023-08-10,0.610514,6.06,5.98,5.5752,6,-1.3201320132013028,1.1551155115511635,-2.8052805280528004,trend_exit_ma10,6.06,5.76
cup_v1_legacy_mcst,杯柄 V1 旧版复原+MCST,002644.SZ,佛慈制药,legacy_confirmed_cup,2023-04-17,2023-04-18,2023-04-26,0.840449,13.1,13.02,12.052,7,-0.6106870229007688,15.801526717557255,-1.5267175572518998,trend_exit_ma10,13.26,11.53
cup_v1_legacy_mcst,杯柄 V1 旧版复原+MCST,002648.SZ,卫星化学,legacy_confirmed_cup,2024-04-02,2024-04-03,2024-04-16,0.672956,18.94,18.94,17.4248,8,0.0,5.649419218585017,-1.1615628299894487,trend_exit_ma10,19.0,16.42
cup_v1_legacy_mcst,杯柄 V1 旧版复原+MCST,002649.SZ,博彦科技,legacy_confirmed_cup,2023-02-07,2023-02-08,2023-02-23,0.708119,13.4,14.45,12.328,12,7.835820895522372,22.46268656716417,-5.447761194029854,trend_exit_ma10,13.79,9.93
cup_v1_legacy_mcst,杯柄 V1 旧版复原+MCST,002649.SZ,博彦科技,legacy_confirmed_cup,2025-07-09,2025-07-10,2025-07-16,0.63606,15.45,14.91,14.214,5,-3.495145631067953,4.207119741100329,-4.466019417475731,trend_exit_ma10,15.46,13.06
cup_v1_legacy_mcst,杯柄 V1 旧版复原+MCST,002661.SZ,克明食品,legacy_confirmed_cup,2022-08-26,2022-08-29,2022-08-30,0.695764,13.1,12.72,12.052,2,-2.900763358778613,0.0,-3.8167938931297662,trend_exit_ma10,13.27,10.13
cup_v1_legacy_mcst,杯柄 V1 旧版复原+MCST,002664.SZ,信质集团,legacy_confirmed_cup,2023-10-09,2023-10-10,2023-10-19,0.659405,17.44,16.47,16.044800000000002,8,-5.561926605504597,3.784403669724768,-6.479357798165153,trend_exit_ma10,17.07,12.62
cup_v1_legacy_mcst,杯柄 V1 旧版复原+MCST,002668.SZ,TCL智家,legacy_confirmed_cup,2023-02-10,2023-02-13,2023-02-28,0.716263,6.47,6.54,5.9524,12,1.0819165378670892,6.027820710973741,-1.5455950540958163,trend_exit_ma10,6.47,5.81
cup_v1_legacy_mcst,杯柄 V1 旧版复原+MCST,002683.SZ,广东宏大,legacy_confirmed_cup,2025-06-30,2025-07-01,2025-07-03,0.696406,33.81,33.17,31.105200000000004,3,-1.892931085477667,1.5675835551612003,-2.5732031943212164,trend_exit_ma10,33.94,29.42
cup_v1_legacy_mcst,杯柄 V1 旧版复原+MCST,002690.SZ,美亚光电,legacy_confirmed_cup,2023-04-04,2023-04-06,2023-04-14,0.804409,32.19,31.71,29.6148,7,-1.491146318732517,2.1435228331780243,-2.45417831624728,trend_exit_ma10,32.52,28.0
cup_v1_legacy_mcst,杯柄 V1 旧版复原+MCST,002690.SZ,美亚光电,legacy_confirmed_cup,2025-09-01,2025-09-02,2025-09-09,0.653413,20.23,20.0,18.611600000000003,6,-1.1369253583786487,4.201680672268893,-4.448838358872975,trend_exit_ma10,20.26,16.33
cup_v1_legacy_mcst,杯柄 V1 旧版复原+MCST,002692.SZ,远程股份,legacy_confirmed_cup,2022-04-15,2022-04-18,2022-04-22,0.721814,4.1,3.76,3.772,5,-8.292682926829265,3.658536585365857,-8.536585365853655,gap_stop,4.08,3.05
cup_v1_legacy_mcst,杯柄 V1 旧版复原+MCST,002692.SZ,远程股份,legacy_confirmed_cup,2022-08-29,2022-08-30,2022-09-05,0.645182,4.28,4.13,3.9376,5,-3.5046728971962704,5.1401869158878455,-4.205607476635532,trend_exit_ma10,4.37,3.88
cup_v1_legacy_mcst,杯柄 V1 旧版复原+MCST,002697.SZ,红旗连锁,legacy_confirmed_cup,2023-03-31,2023-04-03,2023-04-11,0.6552,6.1,5.99,5.612,6,-1.8032786885245788,2.622950819672143,-2.6229508196721207,trend_exit_ma10,6.12,5.37
cup_v1_legacy_mcst,杯柄 V1 旧版复原+MCST,002714.SZ,牧原股份,legacy_confirmed_cup,2024-05-10,2024-05-13,2024-05-23,0.564628,46.3,47.65,42.596,9,2.9157667386609187,8.14254859611232,-0.496760259179263,trend_exit_ma10,47.29,41.92
cup_v1_legacy_mcst,杯柄 V1 旧版复原+MCST,002714.SZ,牧原股份,legacy_confirmed_cup,2025-07-23,2025-07-24,2025-07-29,0.616323,48.5,47.28,44.620000000000005,4,-2.515463917525773,1.4432989690721598,-2.8865979381443307,trend_exit_ma10,49.09,41.28
cup_v1_legacy_mcst,杯柄 V1 旧版复原+MCST,002715.SZ,登云股份,legacy_confirmed_cup,2025-08-27,2025-08-28,2025-09-02,0.673686,22.28,20.4976,20.4976,4,-7.9999999999999964,6.283662477558338,-10.412926391382404,stop_loss,22.59,16.47
cup_v1_legacy_mcst,杯柄 V1 旧版复原+MCST,002721.SZ,金一文化,legacy_confirmed_cup,2025-06-11,2025-06-12,2025-06-16,0.735349,3.51,3.2292,3.2292,2,-7.9999999999999964,1.4245014245014342,-9.686609686609682,stop_loss,3.51,2.99
cup_v1_legacy_mcst,杯柄 V1 旧版复原+MCST,002737.SZ,葵花药业,legacy_confirmed_cup,2022-10-21,2022-10-24,2022-11-18,0.779199,22.47,28.79,20.6724,20,28.12639074321317,32.88829550511794,-4.761904761904767,max_hold,22.75,16.12
cup_v1_legacy_mcst,杯柄 V1 旧版复原+MCST,002748.SZ,世龙实业,legacy_confirmed_cup,2025-05-06,2025-05-07,2025-05-19,0.663226,9.16,9.36,8.427200000000001,9,2.183406113537112,6.4410480349345045,-1.9650655021834047,trend_exit_ma10,9.08,7.66
cup_v1_legacy_mcst,杯柄 V1 旧版复原+MCST,002748.SZ,世龙实业,legacy_confirmed_cup,2025-10-23,2025-10-24,2025-10-30,0.577768,14.45,13.294,13.294,5,-7.9999999999999964,19.65397923875432,-13.079584775086497,stop_loss,13.98,9.03
cup_v1_legacy_mcst,杯柄 V1 旧版复原+MCST,002755.SZ,奥赛康,legacy_confirmed_cup,2024-10-21,2024-10-22,2024-10-23,0.759934,14.72,13.5424,13.5424,2,-7.9999999999999964,1.154891304347827,-8.084239130434788,stop_loss,14.73,12.11
cup_v1_legacy_mcst,杯柄 V1 旧版复原+MCST,002766.SZ,索菱股份,legacy_confirmed_cup,2023-12-04,2023-12-05,2023-12-11,0.624876,6.68,6.1456,6.1456,5,-7.9999999999999964,5.838323353293418,-8.982035928143706,stop_loss,6.85,5.48
cup_v1_legacy_mcst,杯柄 V1 旧版复原+MCST,002768.SZ,国恩股份,legacy_confirmed_cup,2025-07-08,2025-07-09,2025-08-04,0.707717,30.98,35.2,28.501600000000003,19,13.621691413815372,23.402194964493205,-1.291155584247905,trend_exit_ma10,31.07,24.81
cup_v1_legacy_mcst,杯柄 V1 旧版复原+MCST,002769.SZ,普路通,legacy_confirmed_cup,2022-12-08,2022-12-09,2022-12-12,0.71653,10.8,9.91,9.936000000000002,2,-8.240740740740748,3.5185185185184986,-10.555555555555562,gap_stop,10.54,8.3
cup_v1_legacy_mcst,杯柄 V1 旧版复原+MCST,002772.SZ,众兴菌业,legacy_confirmed_cup,2025-09-17,2025-09-18,2025-09-22,0.729189,10.55,9.706,9.706,3,-7.9999999999999964,2.938388625592414,-9.57345971563982,stop_loss,10.54,7.8
cup_v1_legacy_mcst,杯柄 V1 旧版复原+MCST,002773.SZ,康弘药业,legacy_confirmed_cup,2023-05-31,2023-06-01,2023-06-06,0.777935,21.29,19.5868,19.5868,4,-7.9999999999999964,0.5166744950681146,-8.2667919210897,stop_loss,21.4,16.83
cup_v1_legacy_mcst,杯柄 V1 旧版复原+MCST,002773.SZ,康弘药业,legacy_confirmed_cup,2024-04-29,2024-04-30,2024-05-15,0.784415,20.99,22.92,19.3108,9,9.19485469271084,16.00762267746547,-0.4287756074321081,trend_exit_ma10,21.0,16.72
cup_v1_legacy_mcst,杯柄 V1 旧版复原+MCST,002775.SZ,文科股份,legacy_confirmed_cup,2025-08-05,2025-08-06,2025-08-07,0.730084,5.91,5.18,5.437200000000001,2,-12.351945854483937,8.291032148900168,-12.351945854483937,gap_stop,5.85,3.99
cup_v1_legacy_mcst,杯柄 V1 旧版复原+MCST,002782.SZ,可立克,legacy_confirmed_cup,2025-08-15,2025-08-18,2025-08-20,0.782459,18.77,17.18,17.2684,3,-8.470964304741614,0.9589770911028196,-11.188066062866264,gap_stop,18.0,13.24
cup_v1_legacy_mcst,杯柄 V1 旧版复原+MCST,002790.SZ,瑞尔特,legacy_confirmed_cup,2023-01-13,2023-01-16,2023-01-18,0.724297,10.06,9.67,9.2552,3,-3.876739562624265,0.0,-4.473161033797224,trend_exit_ma10,10.04,8.1
cup_v1_legacy_mcst,杯柄 V1 旧版复原+MCST,002807.SZ,江阴银行,legacy_confirmed_cup,2025-06-25,2025-06-26,2025-06-27,0.612469,4.9,4.8,4.508000000000001,2,-2.0408163265306256,2.6530612244897838,-2.448979591836742,trend_exit_ma10,4.92,4.65
cup_v1_legacy_mcst,杯柄 V1 旧版复原+MCST,002810.SZ,山东赫达,legacy_confirmed_cup,2026-01-23,2026-01-26,2026-01-27,0.592533,18.8,17.296000000000003,17.296000000000003,2,-7.999999999999985,0.0,-10.372340425531911,stop_loss,18.59,14.3
cup_v1_legacy_mcst,杯柄 V1 旧版复原+MCST,002811.SZ,郑中设计,legacy_confirmed_cup,2023-11-09,2023-11-10,2023-12-05,0.646656,9.51,9.62,8.7492,18,1.1566771819137678,5.1524710830704645,-4.311251314405896,trend_exit_ma10,9.65,7.64
cup_v1_legacy_mcst,杯柄 V1 旧版复原+MCST,002817.SZ,黄山胶囊,legacy_confirmed_cup,2025-08-05,2025-08-06,2025-08-14,0.725791,8.28,8.01,7.617599999999999,7,-3.260869565217384,1.328502415458943,-4.1062801932367,trend_exit_ma10,8.28,7.5
cup_v1_legacy_mcst,杯柄 V1 旧版复原+MCST,002824.SZ,和胜股份,legacy_confirmed_cup,2026-01-27,2026-01-28,2026-01-30,0.619273,23.8,21.896,21.896,3,-7.9999999999999964,2.4789915966386467,-9.327731092436986,stop_loss,24.03,20.01
cup_v1_legacy_mcst,杯柄 V1 旧版复原+MCST,002832.SZ,比音勒芬,legacy_confirmed_cup,2023-02-08,2023-02-09,2023-02-24,0.773332,28.01,29.61,25.7692,12,5.71224562656194,12.459835772938233,-1.106747590146384,trend_exit_ma10,28.02,26.0
cup_v1_legacy_mcst,杯柄 V1 旧版复原+MCST,002851.SZ,麦格米特,legacy_confirmed_cup,2023-06-30,2023-07-03,2023-07-05,0.755791,36.1,35.26,33.212,3,-2.326869806094189,0.8033240997229907,-2.631578947368429,trend_exit_ma10,36.47,29.07
cup_v1_legacy_mcst,杯柄 V1 旧版复原+MCST,002856.SZ,美芝股份,legacy_confirmed_cup,2023-11-27,2023-11-28,2023-12-08,0.670564,13.3,13.9,12.236,9,4.511278195488711,21.052631578947366,-4.4360902255639045,trend_exit_ma10,12.61,9.81
cup_v1_legacy_mcst,杯柄 V1 旧版复原+MCST,002859.SZ,洁美科技,legacy_confirmed_cup,2025-08-01,2025-08-04,2025-08-29,0.836939,25.61,30.8,23.5612,20,20.26552128074972,20.81218274111676,-3.4361577508785546,max_hold,25.59,21.4
cup_v1_legacy_mcst,杯柄 V1 旧版复原+MCST,002859.SZ,洁美科技,legacy_confirmed_cup,2025-08-13,2025-08-14,2025-09-03,0.770494,26.39,28.87,24.2788,15,9.397499052671463,18.226600985221665,-1.8567639257294544,trend_exit_ma10,26.21,22.38
cup_v1_legacy_mcst,杯柄 V1 旧版复原+MCST,002859.SZ,洁美科技,legacy_confirmed_cup,2026-01-27,2026-01-28,2026-02-02,0.681468,39.0,36.93,35.88,4,-5.307692307692314,2.2564102564102573,-5.641025641025643,trend_exit_ma10,39.05,32.08
cup_v1_legacy_mcst,杯柄 V1 旧版复原+MCST,002860.SZ,星帅尔,legacy_confirmed_cup,2025-05-06,2025-05-07,2025-05-21,0.759913,12.94,13.13,11.9048,11,1.4683153013910433,11.514683153013916,-3.786707882534779,trend_exit_ma10,13.04,10.02
cup_v1_legacy_mcst,杯柄 V1 旧版复原+MCST,002877.SZ,智能自控,legacy_confirmed_cup,2023-02-02,2023-02-03,2023-02-08,0.684439,10.99,10.1108,10.1108,4,-7.9999999999999964,17.652411282984538,-10.373066424021848,stop_loss,10.68,6.61
cup_v1_legacy_mcst,杯柄 V1 旧版复原+MCST,002901.SZ,大博医疗,legacy_confirmed_cup,2025-08-07,2025-08-08,2025-08-19,0.711789,56.62,57.88,52.0904,8,2.225362062875313,17.4496644295302,-3.99152243023666,trend_exit_ma10,57.4,35.05
cup_v1_legacy_mcst,杯柄 V1 旧版复原+MCST,002905.SZ,金逸影视,legacy_confirmed_cup,2025-07-11,2025-07-14,2025-07-15,0.811923,9.92,9.1264,9.1264,2,-7.9999999999999964,0.4032258064516236,-8.266129032258062,stop_loss,9.96,9.2
cup_v1_legacy_mcst,杯柄 V1 旧版复原+MCST,002908.SZ,德生科技,legacy_confirmed_cup,2025-07-14,2025-07-15,2025-07-16,0.768058,13.04,11.9968,11.9968,2,-7.9999999999999964,0.0,-11.73312883435582,stop_loss,12.96,9.7
cup_v1_legacy_mcst,杯柄 V1 旧版复原+MCST,002910.SZ,庄园牧场,legacy_confirmed_cup,2024-12-03,2024-12-04,2024-12-16,0.55914,8.85,9.18,8.142,9,3.7288135593220417,11.412429378531064,-1.1299435028248594,trend_exit_ma10,8.93,7.73
cup_v1_legacy_mcst,杯柄 V1 旧版复原+MCST,002911.SZ,佛燃能源,legacy_confirmed_cup,2024-04-17,2024-04-18,2024-04-23,0.599966,14.6,14.26,13.432,4,-2.328767123287667,1.2328767123287676,-4.109589041095885,trend_exit_ma10,14.3,13.88
cup_v1_legacy_mcst,杯柄 V1 旧版复原+MCST,002913.SZ,奥士康,legacy_confirmed_cup,2025-12-12,2025-12-15,2025-12-19,0.732073,42.48,41.72,39.0816,5,-1.7890772128060228,2.4952919020715614,-2.306967984934083,trend_exit_ma10,42.9,37.7
cup_v1_legacy_mcst,杯柄 V1 旧版复原+MCST,002929.SZ,润建股份,legacy_confirmed_cup,2023-01-06,2023-01-09,2023-01-31,0.858142,45.58,45.64,41.9336,12,0.1316366827555981,6.143045195261099,-3.4444931987713923,trend_exit_ma10,45.42,35.33
cup_v1_legacy_mcst,杯柄 V1 旧版复原+MCST,002948.SZ,青岛银行,legacy_confirmed_cup,2024-05-22,2024-05-23,2024-05-29,0.712986,3.81,3.68,3.5052000000000003,5,-3.4120734908136496,1.5748031496062964,-4.461942257217844,trend_exit_ma10,3.82,3.5
cup_v1_legacy_mcst,杯柄 V1 旧版复原+MCST,002951.SZ,金时科技,legacy_confirmed_cup,2025-05-19,2025-05-20,2025-05-23,0.778662,9.04,8.316799999999999,8.316799999999999,3,-8.000000000000007,0.0,-9.623893805309724,stop_loss,8.95,7.4
cup_v1_legacy_mcst,杯柄 V1 旧版复原+MCST,002958.SZ,青农商行,legacy_confirmed_cup,2025-06-26,2025-06-27,2025-06-27,0.672094,3.74,3.67,3.4408000000000003,1,-1.871657754010703,1.6042780748662944,-2.406417112299475,trend_exit_ma10,3.74,3.56
cup_v1_legacy_mcst,杯柄 V1 旧版复原+MCST,002981.SZ,朝阳科技,legacy_confirmed_cup,2022-12-14,2022-12-15,2023-01-03,0.695836,28.52,28.66,26.2384,13,0.4908835904628317,8.590462833099565,-5.259467040673216,trend_exit_ma10,29.09,23.0
cup_v1_legacy_mcst,杯柄 V1 旧版复原+MCST,002985.SZ,北摩高科,legacy_confirmed_cup,2026-01-22,2026-01-23,2026-01-26,0.755187,41.5,38.18,38.18,2,-7.9999999999999964,0.6024096385542244,-10.120481927710845,stop_loss,41.98,32.47
cup_v1_legacy_mcst,杯柄 V1 旧版复原+MCST,002986.SZ,宇新股份,legacy_confirmed_cup,2023-03-15,2023-03-16,2023-03-24,0.896167,27.6,27.35,25.392000000000003,7,-0.9057971014492794,3.550724637681157,-2.065217391304353,trend_exit_ma10,27.43,24.02
cup_v1_legacy_mcst,杯柄 V1 旧版复原+MCST,002988.SZ,豪美新材,legacy_confirmed_cup,2023-11-03,2023-11-06,2023-11-17,0.779303,20.6,28.9,18.952,10,40.29126213592231,86.79611650485435,-1.4077669902912704,trend_exit_ma10,20.48,18.3
cup_v1_legacy_mcst,杯柄 V1 旧版复原+MCST,003000.SZ,劲仔食品,legacy_confirmed_cup,2023-02-22,2023-02-23,2023-03-10,0.828903,13.44,14.89,12.3648,12,10.788690476190489,23.809523809523814,-1.4880952380952328,trend_exit_ma10,14.24,12.3
cup_v1_legacy_mcst,杯柄 V1 旧版复原+MCST,003002.SZ,壶化股份,legacy_confirmed_cup,2025-05-07,2025-05-08,2025-05-15,0.704206,28.0,26.67,25.76,6,-4.749999999999998,1.749999999999985,-4.999999999999993,trend_exit_ma10,27.8,25.05
cup_v1_legacy_mcst,杯柄 V1 旧版复原+MCST,003011.SZ,海象新材,legacy_confirmed_cup,2025-08-05,2025-08-06,2025-08-13,0.824036,22.01,21.41,20.2492,6,-2.7260336210813363,1.317582916855975,-2.9532030895047745,trend_exit_ma10,21.75,19.71
cup_v1_legacy_mcst,杯柄 V1 旧版复原+MCST,003018.SZ,金富科技,legacy_confirmed_cup,2025-04-25,2025-04-28,2025-05-09,0.667763,11.69,11.0,10.7548,7,-5.902480752780148,2.3952095808383422,-6.672369546621038,trend_exit_ma10,12.07,9.48
cup_v1_legacy_mcst,杯柄 V1 旧版复原+MCST,003019.SZ,宸展光电,legacy_confirmed_cup,2025-02-26,2025-02-27,2025-02-28,0.675626,34.71,31.933200000000003,31.933200000000003,2,-7.9999999999999964,0.0,-8.354940939210609,stop_loss,34.72,22.06
cup_v1_legacy_mcst,杯柄 V1 旧版复原+MCST,003022.SZ,联泓新科,legacy_confirmed_cup,2025-08-20,2025-08-21,2025-08-26,0.669824,21.51,19.7892,19.7892,4,-8.000000000000007,1.5806601580660162,-8.647140864714098,stop_loss,21.22,15.83
cup_v1_legacy_mcst,杯柄 V1 旧版复原+MCST,003027.SZ,同兴科技,legacy_confirmed_cup,2025-11-17,2025-11-18,2025-11-21,0.659297,23.8,21.896,21.896,4,-7.9999999999999964,8.781512605042007,-9.075630252100842,stop_loss,23.79,18.07
cup_v1_legacy_mcst,杯柄 V1 旧版复原+MCST,003031.SZ,中瓷电子,legacy_confirmed_cup,2025-08-28,2025-08-29,2025-09-02,0.685001,64.02,58.8984,58.8984,3,-7.9999999999999964,0.671665104654795,-8.825367072789748,stop_loss,62.17,50.43
cup_v1_legacy_mcst,杯柄 V1 旧版复原+MCST,003031.SZ,中瓷电子,legacy_confirmed_cup,2025-12-10,2025-12-11,2025-12-16,0.602138,72.17,66.3964,66.3964,4,-8.000000000000007,7.717888319246224,-9.394485243175833,stop_loss,71.84,51.75
cup_v1_legacy_mcst,杯柄 V1 旧版复原+MCST,003035.SZ,南网能源,legacy_confirmed_cup,2026-02-02,2026-02-03,2026-02-11,0.663639,6.5,6.62,5.98,7,1.846153846153853,22.92307692307693,-0.7692307692307665,trend_exit_ma10,6.76,5.56
cup_v1_legacy_mcst,杯柄 V1 旧版复原+MCST,003816.SZ,中国广核,legacy_confirmed_cup,2024-01-31,2024-02-01,2024-02-26,0.608979,3.77,3.81,3.4684000000000004,12,1.0610079575596787,7.692307692307687,-4.50928381962864,trend_exit_ma10,3.82,3.19
cup_v1_legacy_mcst,杯柄 V1 旧版复原+MCST,003816.SZ,中国广核,legacy_confirmed_cup,2024-02-19,2024-02-20,2024-02-26,0.661925,3.88,3.81,3.5696,5,-1.8041237113402,4.639175257731942,-2.8350515463917536,trend_exit_ma10,3.88,3.2
cup_v1_legacy_mcst,杯柄 V1 旧版复原+MCST,300002.SZ,神州泰岳,legacy_confirmed_cup,2023-02-03,2023-02-06,2023-02-17,0.77649,5.27,5.9,4.8484,10,11.95445920303606,25.047438330170777,-0.3795066413662118,trend_exit_ma10,5.37,4.09
cup_v1_legacy_mcst,杯柄 V1 旧版复原+MCST,300013.SZ,新宁物流,legacy_confirmed_cup,2025-04-18,2025-04-21,2025-04-28,0.73501,4.2,4.16,3.864,6,-0.952380952380949,7.380952380952377,-2.619047619047632,trend_exit_ma10,4.22,3.17
cup_v1_legacy_mcst,杯柄 V1 旧版复原+MCST,300017.SZ,网宿科技,legacy_confirmed_cup,2023-02-06,2023-02-07,2023-02-17,0.77309,6.06,6.04,5.5752,9,-0.3300330033003229,8.0858085808581,-0.99009900990098,trend_exit_ma10,6.1,5.2
cup_v1_legacy_mcst,杯柄 V1 旧版复原+MCST,300033.SZ,同花顺,legacy_confirmed_cup,2023-02-01,2023-02-02,2023-02-06,0.754057,126.0,119.04,115.92,3,-5.52380952380952,0.0,-6.904761904761902,trend_exit_ma10,123.0,107.59
cup_v1_legacy_mcst,杯柄 V1 旧版复原+MCST,300037.SZ,新宙邦,legacy_confirmed_cup,2023-04-12,2023-04-13,2023-04-21,0.658135,55.78,51.317600000000006,51.317600000000006,7,-7.9999999999999964,1.7569021154535625,-8.927931158121194,stop_loss,56.88,42.01
cup_v1_legacy_mcst,杯柄 V1 旧版复原+MCST,300042.SZ,朗科科技,legacy_confirmed_cup,2023-03-08,2023-03-09,2023-04-06,0.748646,18.33,26.56,16.863599999999998,20,44.89907255864702,60.93835242771415,-4.691762138570644,max_hold,18.05,11.97
cup_v1_legacy_mcst,杯柄 V1 旧版复原+MCST,300048.SZ,合康新能,legacy_confirmed_cup,2025-08-19,2025-08-20,2025-08-27,0.625937,6.85,6.56,6.302,6,-4.233576642335768,3.649635036496357,-4.525547445255473,trend_exit_ma10,6.79,5.98
cup_v1_legacy_mcst,杯柄 V1 旧版复原+MCST,300051.SZ,琏升科技,legacy_confirmed_cup,2023-06-16,2023-06-19,2023-06-28,0.569596,12.44,12.49,11.4448,6,0.4019292604501734,19.614147909967848,-2.411575562700952,trend_exit_ma10,12.41,10.01
cup_v1_legacy_mcst,杯柄 V1 旧版复原+MCST,300056.SZ,中创环保,legacy_confirmed_cup,2023-11-30,2023-12-01,2023-12-05,0.697221,9.0,8.280000000000001,8.280000000000001,3,-7.999999999999985,1.6666666666666607,-11.111111111111116,stop_loss,9.09,7.79
cup_v1_legacy_mcst,杯柄 V1 旧版复原+MCST,300082.SZ,奥克股份,legacy_confirmed_cup,2025-11-06,2025-11-07,2025-11-19,0.665412,9.38,10.85,8.629600000000002,9,15.671641791044769,53.3049040511727,-2.23880597014926,trend_exit_ma10,9.39,8.08
cup_v1_legacy_mcst,杯柄 V1 旧版复原+MCST,300101.SZ,振芯科技,legacy_confirmed_cup,2026-01-09,2026-01-12,2026-01-15,0.720823,30.98,28.501600000000003,28.501600000000003,4,-7.999999999999985,15.881213686249197,-9.651387992253069,stop_loss,30.65,25.45
cup_v1_legacy_mcst,杯柄 V1 旧版复原+MCST,300102.SZ,乾照光电,legacy_confirmed_cup,2025-08-15,2025-08-18,2025-09-02,0.689435,14.3,14.18,13.156,12,-0.8391608391608463,9.090909090909085,-4.475524475524484,trend_exit_ma10,14.15,12.5
cup_v1_legacy_mcst,杯柄 V1 旧版复原+MCST,300111.SZ,向日葵,legacy_confirmed_cup,2023-01-11,2023-01-12,2023-02-15,0.737206,3.52,4.18,3.2384,20,18.75,20.45454545454546,-1.988636363636353,max_hold,3.53,3.06
cup_v1_legacy_mcst,杯柄 V1 旧版复原+MCST,300111.SZ,向日葵,legacy_confirmed_cup,2023-01-30,2023-01-31,2023-02-16,0.728682,3.9,4.08,3.588,13,4.615384615384621,8.717948717948731,-3.076923076923077,trend_exit_ma10,3.92,3.35
cup_v1_legacy_mcst,杯柄 V1 旧版复原+MCST,300151.SZ,昌红科技,legacy_confirmed_cup,2026-01-05,2026-01-06,2026-01-13,0.625061,15.48,15.59,14.241600000000002,6,0.7105943152454719,9.689922480620153,-1.4857881136950968,trend_exit_ma10,15.43,12.95
cup_v1_legacy_mcst,杯柄 V1 旧版复原+MCST,300154.SZ,瑞凌股份,legacy_confirmed_cup,2023-05-22,2023-05-23,2023-05-29,0.723973,7.78,7.29,7.1576,5,-6.298200514138818,0.2570694087403513,-6.812339331619544,trend_exit_ma10,7.69,5.74
cup_v1_legacy_mcst,杯柄 V1 旧版复原+MCST,300165.SZ,天瑞仪器,legacy_confirmed_cup,2026-01-27,2026-01-28,2026-01-29,0.647948,5.3,4.91,4.876,2,-7.358490566037734,0.0,-7.735849056603772,trend_exit_ma10,5.3,4.32
cup_v1_legacy_mcst,杯柄 V1 旧版复原+MCST,300168.SZ,万达信息,legacy_confirmed_cup,2023-03-31,2023-04-03,2023-04-17,0.761871,11.12,13.93,10.2304,10,25.26978417266188,45.68345323741008,0.0,trend_exit_ma10,11.24,9.6
cup_v1_legacy_mcst,杯柄 V1 旧版复原+MCST,300170.SZ,汉得信息,legacy_confirmed_cup,2023-02-03,2023-02-06,2023-02-17,0.733831,10.48,10.74,9.6416,10,2.4809160305343525,18.98854961832061,-1.4312977099236623,trend_exit_ma10,10.48,7.85
cup_v1_legacy_mcst,杯柄 V1 旧版复原+MCST,300185.SZ,通裕重工,legacy_confirmed_cup,2023-06-29,2023-06-30,2023-07-04,0.586482,2.76,2.74,2.5392,3,-0.7246376811594013,2.1739130434782705,-1.4492753623188248,trend_exit_ma10,2.76,2.37
cup_v1_legacy_mcst,杯柄 V1 旧版复原+MCST,300188.SZ,国投智能,legacy_confirmed_cup,2023-02-07,2023-02-08,2023-02-17,0.593445,15.05,15.2,13.846000000000002,8,0.9966777408637828,10.63122923588038,-2.3255813953488413,trend_exit_ma10,15.03,12.31
cup_v1_legacy_mcst,杯柄 V1 旧版复原+MCST,300221.SZ,银禧科技,legacy_confirmed_cup,2025-12-29,2025-12-30,2026-01-20,0.56159,10.2,10.65,9.384,14,4.41176470588236,22.450980392156872,-1.6666666666666607,trend_exit_ma10,10.41,8.88
cup_v1_legacy_mcst,杯柄 V1 旧版复原+MCST,300236.SZ,上海新阳,legacy_confirmed_cup,2025-08-15,2025-08-18,2025-09-02,0.813088,49.99,53.35,45.99080000000001,12,6.7213442688537794,25.785157031406293,-2.5805161032206425,trend_exit_ma10,49.0,40.73
cup_v1_legacy_mcst,杯柄 V1 旧版复原+MCST,300242.SZ,佳云科技,legacy_confirmed_cup,2023-02-03,2023-02-06,2023-02-14,0.76193,3.77,3.77,3.4684000000000004,7,0.0,5.039787798408479,-1.8567639257294437,trend_exit_ma10,3.78,3.3
cup_v1_legacy_mcst,杯柄 V1 旧版复原+MCST,300271.SZ,华宇软件,legacy_confirmed_cup,2023-02-09,2023-02-10,2023-02-27,0.795053,9.01,9.39,8.289200000000001,12,4.217536071032191,18.201997780244184,-2.885682574916759,trend_exit_ma10,8.99,7.86
cup_v1_legacy_mcst,杯柄 V1 旧版复原+MCST,300275.SZ,梅安森,legacy_confirmed_cup,2023-02-03,2023-02-06,2023-02-16,0.741276,16.31,16.39,15.0052,9,0.4904966278356903,7.909258123850416,-2.2072348252605734,trend_exit_ma10,16.53,13.68
cup_v1_legacy_mcst,杯柄 V1 旧版复原+MCST,300279.SZ,和晶科技,legacy_confirmed_cup,2025-08-19,2025-08-20,2025-08-21,0.727715,8.96,8.38,8.243200000000002,2,-6.47321428571429,0.1116071428571396,-7.142857142857151,trend_exit_ma10,9.12,7.76
cup_v1_legacy_mcst,杯柄 V1 旧版复原+MCST,300286.SZ,安科瑞,legacy_confirmed_cup,2023-01-09,2023-01-10,2023-02-13,0.771353,34.2,42.77,31.46400000000001,20,25.058479532163737,36.403508771929815,-4.064327485380115,max_hold,34.17,28.11
cup_v1_legacy_mcst,杯柄 V1 旧版复原+MCST,300295.SZ,三六五网,legacy_confirmed_cup,2023-02-09,2023-02-10,2023-02-17,0.675542,10.89,10.27,10.0188,6,-5.693296602387521,0.550964187327807,-6.244260789715328,trend_exit_ma10,10.78,8.53
cup_v1_legacy_mcst,杯柄 V1 旧版复原+MCST,300304.SZ,云意电气,legacy_confirmed_cup,2023-07-12,2023-07-13,2023-07-19,0.712129,5.91,5.437200000000001,5.437200000000001,5,-7.999999999999985,8.291032148900168,-8.121827411167516,stop_loss,6.02,4.96
cup_v1_legacy_mcst,杯柄 V1 旧版复原+MCST,300353.SZ,东土科技,legacy_confirmed_cup,2023-02-15,2023-02-16,2023-02-27,0.697093,11.83,11.68,10.8836,8,-1.2679628064243498,8.960270498732047,-3.46576500422654,trend_exit_ma10,11.86,8.86
cup_v1_legacy_mcst,杯柄 V1 旧版复原+MCST,300370.SZ,安控科技,legacy_confirmed_cup,2023-05-30,2023-05-31,2023-06-06,0.775369,3.27,3.0084,3.0084,5,-8.000000000000007,3.363914373088672,-9.480122324159025,stop_loss,3.27,2.57
cup_v1_legacy_mcst,杯柄 V1 旧版复原+MCST,300373.SZ,扬杰科技,legacy_confirmed_cup,2024-07-18,2024-07-19,2024-07-23,0.591357,43.73,42.12,40.2316,3,-3.681683055110907,2.9041847701806622,-3.8646238280356737,trend_exit_ma10,43.75,34.36
cup_v1_legacy_mcst,杯柄 V1 旧版复原+MCST,300373.SZ,扬杰科技,legacy_confirmed_cup,2025-08-07,2025-08-08,2025-08-19,0.702613,55.66,57.19,51.2072,8,2.748832195472506,7.527847646424735,-0.5210204814947828,trend_exit_ma10,56.14,49.2
cup_v1_legacy_mcst,杯柄 V1 旧版复原+MCST,300373.SZ,扬杰科技,legacy_confirmed_cup,2025-08-22,2025-08-25,2025-09-02,0.754657,62.15,64.19,57.178,7,3.28238133547869,14.561544650040226,-2.7835880933225976,trend_exit_ma10,61.49,49.2
cup_v1_legacy_mcst,杯柄 V1 旧版复原+MCST,300376.SZ,易事特,legacy_confirmed_cup,2025-08-20,2025-08-21,2025-09-03,0.750222,4.84,5.0,4.4528,10,3.3057851239669533,13.636363636363647,-2.066115702479332,trend_exit_ma10,4.84,3.91
cup_v1_legacy_mcst,杯柄 V1 旧版复原+MCST,300377.SZ,赢时胜,legacy_confirmed_cup,2023-03-24,2023-03-27,2023-03-30,0.782196,10.26,9.94,9.4392,4,-3.1189083820662766,1.7543859649122862,-3.898635477582846,trend_exit_ma10,10.22,9.03
cup_v1_legacy_mcst,杯柄 V1 旧版复原+MCST,300377.SZ,赢时胜,legacy_confirmed_cup,2023-04-07,2023-04-10,2023-04-10,0.716279,10.59,10.08,9.7428,1,-4.815864022662886,0.8498583569405138,-5.099150141643049,trend_exit_ma10,10.59,9.78
cup_v1_legacy_mcst,杯柄 V1 旧版复原+MCST,300386.SZ,飞天诚信,legacy_confirmed_cup,2023-04-03,2023-04-04,2023-04-17,0.828612,13.31,12.91,12.2452,9,-3.005259203606314,11.194590533433502,-3.23065364387678,trend_exit_ma10,13.44,9.24
cup_v1_legacy_mcst,杯柄 V1 旧版复原+MCST,300398.SZ,飞凯材料,legacy_confirmed_cup,2025-08-15,2025-08-18,2025-08-26,0.774062,24.06,23.38,22.1352,7,-2.826267664172899,6.691604322527023,-4.696591853699084,trend_exit_ma10,23.69,17.89
cup_v1_legacy_mcst,杯柄 V1 旧版复原+MCST,300408.SZ,三环集团,legacy_confirmed_cup,2023-01-19,2023-01-20,2023-02-02,0.740434,34.81,33.1,32.025200000000005,5,-4.912381499569096,1.35018672795173,-6.090203964378061,trend_exit_ma10,35.0,30.94
cup_v1_legacy_mcst,杯柄 V1 旧版复原+MCST,300416.SZ,苏试试验,legacy_confirmed_cup,2022-10-26,2022-10-27,2022-11-02,0.573697,35.15,33.44,32.338,5,-4.86486486486487,3.527738264580371,-5.889046941678522,trend_exit_ma10,35.2,25.5
cup_v1_legacy_mcst,杯柄 V1 旧版复原+MCST,300433.SZ,蓝思科技,legacy_confirmed_cup,2023-02-01,2023-02-02,2023-02-16,0.80874,13.2,13.49,12.144,11,2.196969696969697,6.287878787878798,-0.8333333333333304,trend_exit_ma10,13.32,10.35
cup_v1_legacy_mcst,杯柄 V1 旧版复原+MCST,300433.SZ,蓝思科技,legacy_confirmed_cup,2024-06-04,2024-06-05,2024-07-03,0.742526,15.5,17.85,14.26,20,15.161290322580644,19.870967741935463,-2.3870967741935423,max_hold,15.43,14.07
cup_v1_legacy_mcst,杯柄 V1 旧版复原+MCST,300433.SZ,蓝思科技,legacy_confirmed_cup,2024-06-28,2024-07-01,2024-07-05,0.745841,18.02,17.74,16.578400000000002,5,-1.5538290788013387,2.663706992230863,-3.88457269700333,trend_exit_ma10,18.25,14.65
cup_v1_legacy_mcst,杯柄 V1 旧版复原+MCST,300441.SZ,鲍斯股份,legacy_confirmed_cup,2023-11-21,2023-11-22,2023-11-24,0.675081,7.02,6.79,6.4584,3,-3.276353276353272,1.2820512820512997,-3.846153846153844,trend_exit_ma10,7.06,5.74
cup_v1_legacy_mcst,杯柄 V1 旧版复原+MCST,300444.SZ,双杰电气,legacy_confirmed_cup,2023-05-10,2023-05-11,2023-05-22,0.686358,7.36,7.59,6.7712,8,3.125,25.40760869565217,-3.125000000000011,trend_exit_ma10,7.59,5.05
cup_v1_legacy_mcst,杯柄 V1 旧版复原+MCST,300453.SZ,三鑫医疗,legacy_confirmed_cup,2025-08-18,2025-08-19,2025-08-22,0.704962,10.89,10.26,10.0188,4,-5.785123966942152,6.887052341597788,-7.62167125803489,trend_exit_ma10,11.1,8.7
cup_v1_legacy_mcst,杯柄 V1 旧版复原+MCST,300456.SZ,赛微电子,legacy_confirmed_cup,2023-05-04,2023-05-05,2023-05-12,0.613316,20.3,19.68,18.676,6,-3.054187192118229,11.576354679802936,-5.56650246305418,trend_exit_ma10,20.75,14.47
cup_v1_legacy_mcst,杯柄 V1 旧版复原+MCST,300493.SZ,润欣科技,legacy_confirmed_cup,2023-03-24,2023-03-27,2023-03-28,0.725964,8.12,7.87,7.4704,2,-3.078817733990136,0.6157635467980427,-3.078817733990136,trend_exit_ma10,8.17,7.22
cup_v1_legacy_mcst,杯柄 V1 旧版复原+MCST,300493.SZ,润欣科技,legacy_confirmed_cup,2023-04-03,2023-04-04,2023-04-17,0.740805,8.25,9.45,7.590000000000001,9,14.545454545454527,36.96969696969698,-1.696969696969708,trend_exit_ma10,8.32,7.74
cup_v1_legacy_mcst,杯柄 V1 旧版复原+MCST,300510.SZ,金冠股份,legacy_confirmed_cup,2023-01-20,2023-01-30,2023-02-07,0.759793,6.39,6.3,5.8788,7,-1.4084507042253502,3.7558685446009488,-4.225352112676051,trend_exit_ma10,6.3,4.88
cup_v1_legacy_mcst,杯柄 V1 旧版复原+MCST,300510.SZ,金冠股份,legacy_confirmed_cup,2025-08-08,2025-08-11,2025-08-25,0.803069,5.83,5.7,5.3636,11,-2.229845626072036,8.576329331046306,-3.9451114922813058,trend_exit_ma10,5.76,4.91
cup_v1_legacy_mcst,杯柄 V1 旧版复原+MCST,300512.SZ,中亚股份,legacy_confirmed_cup,2023-07-18,2023-07-19,2023-07-24,0.696184,8.98,8.87,8.261600000000001,4,-1.2249443207127064,17.817371937639194,-1.5590200445434357,trend_exit_ma10,9.11,8.54
cup_v1_legacy_mcst,杯柄 V1 旧版复原+MCST,300519.SZ,新光药业,legacy_confirmed_cup,2025-07-21,2025-07-22,2025-08-07,0.634238,16.09,17.47,14.8028,13,8.576755748912369,26.53822249844624,-1.7402113113735185,trend_exit_ma10,16.11,13.71
cup_v1_legacy_mcst,杯柄 V1 旧版复原+MCST,300531.SZ,优博讯,legacy_confirmed_cup,2023-03-24,2023-03-27,2023-03-30,0.65023,16.42,15.86,15.106400000000002,4,-3.410475030450688,2.618757612667477,-4.3848964677223,trend_exit_ma10,16.44,14.4
cup_v1_legacy_mcst,杯柄 V1 旧版复原+MCST,300535.SZ,达威股份,legacy_confirmed_cup,2025-07-09,2025-07-10,2025-07-15,0.592005,17.07,16.82,15.7044,4,-1.464557703573521,1.288810779144689,-2.811950790861162,trend_exit_ma10,17.17,14.76
cup_v1_legacy_mcst,杯柄 V1 旧版复原+MCST,300535.SZ,达威股份,legacy_confirmed_cup,2025-08-13,2025-08-14,2025-08-22,0.818129,22.69,21.94,20.8748,7,-3.3054208902600246,4.936095196121637,-6.478624944909662,trend_exit_ma10,22.68,16.59
cup_v1_legacy_mcst,杯柄 V1 旧版复原+MCST,300536.SZ,农尚环境,legacy_confirmed_cup,2023-11-20,2023-11-21,2023-12-05,0.617349,19.93,20.11,18.3356,11,0.9031610637230348,9.934771700953338,-4.766683391871551,trend_exit_ma10,20.04,15.2
cup_v1_legacy_mcst,杯柄 V1 旧版复原+MCST,300539.SZ,横河精密,legacy_confirmed_cup,2023-02-06,2023-02-07,2023-02-20,0.725742,12.57,14.54,11.5644,10,15.672235481304677,26.332537788385046,-1.2728719172633296,trend_exit_ma10,12.48,9.87
cup_v1_legacy_mcst,杯柄 V1 旧版复原+MCST,300541.SZ,先进数通,legacy_confirmed_cup,2023-03-24,2023-03-27,2023-03-29,0.665681,15.38,14.6,14.1496,3,-5.071521456436933,0.0,-6.762028608582583,trend_exit_ma10,15.15,12.85
cup_v1_legacy_mcst,杯柄 V1 旧版复原+MCST,300556.SZ,丝路视觉,legacy_confirmed_cup,2023-03-22,2023-03-23,2023-03-30,0.725865,26.51,24.96,24.3892,6,-5.846850245190494,7.43115805356469,-6.148623161071298,trend_exit_ma10,26.64,19.83
cup_v1_legacy_mcst,杯柄 V1 旧版复原+MCST,300583.SZ,赛托生物,legacy_confirmed_cup,2023-08-03,2023-08-04,2023-08-07,0.726565,33.38,30.709600000000005,30.709600000000005,2,-7.9999999999999964,1.2582384661473878,-9.227082085080896,stop_loss,34.27,26.9
cup_v1_legacy_mcst,杯柄 V1 旧版复原+MCST,300596.SZ,利安隆,legacy_confirmed_cup,2022-09-07,2022-09-08,2022-09-16,0.659328,57.3,57.31,52.716,6,0.0174520069808226,8.080279232111698,-1.3961605584642212,trend_exit_ma10,57.29,43.84
cup_v1_legacy_mcst,杯柄 V1 旧版复原+MCST,300599.SZ,雄塑科技,legacy_confirmed_cup,2023-07-21,2023-07-24,2023-08-01,0.736397,8.5,8.56,7.82,7,0.7058823529411784,3.88235294117647,0.0,trend_exit_ma10,8.58,8.26
cup_v1_legacy_mcst,杯柄 V1 旧版复原+MCST,300602.SZ,飞荣达,legacy_confirmed_cup,2026-01-23,2026-01-26,2026-01-29,0.619026,34.05,33.37,31.326,4,-1.997063142437594,10.132158590308382,-2.496328928046976,trend_exit_ma10,34.75,31.07
cup_v1_legacy_mcst,杯柄 V1 旧版复原+MCST,300611.SZ,美力科技,legacy_confirmed_cup,2023-07-11,2023-07-12,2023-07-17,0.618273,10.08,9.96,9.2736,4,-1.1904761904761862,12.698412698412698,-2.678571428571419,trend_exit_ma10,10.03,9.4
cup_v1_legacy_mcst,杯柄 V1 旧版复原+MCST,300614.SZ,百川畅银,legacy_confirmed_cup,2025-07-17,2025-07-18,2025-07-28,0.648944,15.4,15.01,14.168,7,-2.5324675324675416,1.6233766233766156,-3.571428571428581,trend_exit_ma10,15.43,12.14
cup_v1_legacy_mcst,杯柄 V1 旧版复原+MCST,300617.SZ,安靠智电,legacy_confirmed_cup,2023-07-10,2023-07-11,2023-07-14,0.735464,44.14,42.57,40.6088,4,-3.556864521975533,4.191209787041239,-3.783416402356144,trend_exit_ma10,44.71,36.35
cup_v1_legacy_mcst,杯柄 V1 旧版复原+MCST,300626.SZ,华瑞股份,legacy_confirmed_cup,2025-08-08,2025-08-11,2025-08-14,0.58849,11.99,11.48,11.0308,4,-4.253544620517092,1.0842368640533673,-4.587155963302758,trend_exit_ma10,11.93,11.0
cup_v1_legacy_mcst,杯柄 V1 旧版复原+MCST,300652.SZ,雷迪克,legacy_confirmed_cup,2023-11-17,2023-11-20,2023-11-22,0.690696,28.36,26.0912,26.0912,3,-7.9999999999999964,4.971791255289149,-8.110014104372354,stop_loss,28.13,19.81
cup_v1_legacy_mcst,杯柄 V1 旧版复原+MCST,300695.SZ,兆丰股份,legacy_confirmed_cup,2023-11-27,2023-11-28,2023-12-04,0.694096,54.55,54.24,50.186,5,-0.5682859761686476,4.087992667277729,-0.8615948670944062,trend_exit_ma10,54.55,50.19
cup_v1_legacy_mcst,杯柄 V1 旧版复原+MCST,300702.SZ,天宇股份,legacy_confirmed_cup,2025-04-30,2025-05-06,2025-05-09,0.700802,22.25,21.3,20.47,4,-4.269662921348316,1.0337078651685427,-4.539325842696639,trend_exit_ma10,22.26,16.4
cup_v1_legacy_mcst,杯柄 V1 旧版复原+MCST,300717.SZ,华信新材,legacy_confirmed_cup,2023-07-17,2023-07-18,2023-07-18,0.638923,16.79,16.87,15.4468,1,0.4764740917212684,1.3698630136986356,-0.0595592614651474,trend_exit_ma10,16.92,14.95
cup_v1_legacy_mcst,杯柄 V1 旧版复原+MCST,300736.SZ,百邦科技,legacy_confirmed_cup,2022-11-21,2022-11-22,2022-12-02,0.68583,13.19,14.52,12.1348,9,10.083396512509468,21.00075815011373,-1.1372251705837777,trend_exit_ma10,13.3,11.1
cup_v1_legacy_mcst,杯柄 V1 旧版复原+MCST,300745.SZ,欣锐科技,legacy_confirmed_cup,2025-03-11,2025-03-12,2025-03-19,0.731059,22.0,21.22,20.24,6,-3.545454545454552,10.363636363636374,-4.545454545454541,trend_exit_ma10,21.2,17.65
cup_v1_legacy_mcst,杯柄 V1 旧版复原+MCST,300766.SZ,每日互动,legacy_confirmed_cup,2023-02-20,2023-02-21,2023-02-23,0.790974,14.4,13.248,13.248,3,-7.9999999999999964,2.083333333333326,-10.555555555555552,stop_loss,14.64,10.32
cup_v1_legacy_mcst,杯柄 V1 旧版复原+MCST,300770.SZ,新媒股份,legacy_confirmed_cup,2023-02-07,2023-02-08,2023-02-16,0.761326,41.05,40.66,37.766,7,-0.9500609013398332,4.409257003654088,-2.8014616321558994,trend_exit_ma10,41.3,37.12
cup_v1_legacy_mcst,杯柄 V1 旧版复原+MCST,300777.SZ,中简科技,legacy_confirmed_cup,2023-02-01,2023-02-02,2023-02-08,0.643881,57.22,55.69,52.6424,5,-2.6738902481649784,1.5379238028661255,-2.8661307235232414,trend_exit_ma10,57.44,46.09
cup_v1_legacy_mcst,杯柄 V1 旧版复原+MCST,300781.SZ,因赛集团,legacy_confirmed_cup,2023-02-15,2023-02-16,2023-02-16,0.730936,27.98,25.7416,25.7416,1,-7.9999999999999964,0.0,-9.07791279485346,stop_loss,28.14,17.0
cup_v1_legacy_mcst,杯柄 V1 旧版复原+MCST,300789.SZ,唐源电气,legacy_confirmed_cup,2023-03-22,2023-03-23,2023-03-30,0.601092,25.66,25.08,23.6072,6,-2.260327357755265,5.105222135619636,-2.766952455183169,trend_exit_ma10,25.75,24.04
cup_v1_legacy_mcst,杯柄 V1 旧版复原+MCST,300815.SZ,玉禾田,legacy_confirmed_cup,2023-05-08,2023-05-09,2023-05-15,0.666841,21.19,20.05,19.4948,5,-5.379896177442189,6.087777253421423,-6.984426616328454,trend_exit_ma10,21.5,16.8
cup_v1_legacy_mcst,杯柄 V1 旧版复原+MCST,300832.SZ,新产业,legacy_confirmed_cup,2023-11-01,2023-11-02,2023-11-09,0.740442,67.85,68.0,62.422,6,0.2210759027266196,5.37951363301401,-2.358142962417087,trend_exit_ma10,67.93,59.2
cup_v1_legacy_mcst,杯柄 V1 旧版复原+MCST,300835.SZ,龙磁科技,legacy_confirmed_cup,2026-01-30,2026-02-02,2026-02-06,0.747853,79.0,73.9,72.68,5,-6.455696202531636,2.5316455696202445,-6.55696202531646,trend_exit_ma10,80.41,69.0
cup_v1_legacy_mcst,杯柄 V1 旧版复原+MCST,300836.SZ,佰奥智能,legacy_confirmed_cup,2026-01-16,2026-01-19,2026-01-28,0.613466,63.76,63.0,58.6592,8,-1.1919698870765385,12.421580928481823,-5.583437892095356,trend_exit_ma10,64.3,54.1
cup_v1_legacy_mcst,杯柄 V1 旧版复原+MCST,300852.SZ,四会富仕,legacy_confirmed_cup,2026-01-26,2026-01-27,2026-02-04,0.754536,44.45,45.33,40.894000000000005,7,1.979752530933632,13.498312710911131,-1.7772778402699752,trend_exit_ma10,45.99,37.9
cup_v1_legacy_mcst,杯柄 V1 旧版复原+MCST,300868.SZ,杰美特,legacy_confirmed_cup,2023-07-19,2023-07-20,2023-07-26,0.680767,22.0,20.8,20.24,5,-5.454545454545457,34.909090909090914,-6.36363636363636,trend_exit_ma10,22.84,18.01
cup_v1_legacy_mcst,杯柄 V1 旧版复原+MCST,300889.SZ,爱克股份,legacy_confirmed_cup,2025-03-17,2025-03-18,2025-03-20,0.688515,17.35,16.86,15.962000000000002,3,-2.8242074927954053,3.458213256484144,-3.170028818443804,trend_exit_ma10,17.36,15.26
cup_v1_legacy_mcst,杯柄 V1 旧版复原+MCST,300910.SZ,瑞丰新材,legacy_confirmed_cup,2025-03-31,2025-04-01,2025-04-03,0.644353,56.92,53.81,52.366400000000006,3,-5.463808854532681,1.159522136331681,-6.359803232607176,trend_exit_ma10,57.21,49.06
cup_v1_legacy_mcst,杯柄 V1 旧版复原+MCST,300920.SZ,润阳科技,legacy_confirmed_cup,2023-11-15,2023-11-16,2023-11-22,0.690266,21.65,21.5,19.918,5,-0.6928406466512604,3.4180138568129514,-1.385681293302532,trend_exit_ma10,21.79,19.62
cup_v1_legacy_mcst,杯柄 V1 旧版复原+MCST,300923.SZ,研奥股份,legacy_confirmed_cup,2023-07-11,2023-07-12,2023-07-13,0.709638,26.61,24.4812,24.4812,2,-7.9999999999999964,0.1127395715896373,-8.718526869597898,stop_loss,27.0,22.41
cup_v1_legacy_mcst,杯柄 V1 旧版复原+MCST,300929.SZ,华骐环保,legacy_confirmed_cup,2025-07-28,2025-07-29,2025-07-31,0.751533,11.27,11.03,10.3684,3,-2.129547471162385,1.2422360248447228,-2.573203194321194,trend_exit_ma10,11.29,10.41
cup_v1_legacy_mcst,杯柄 V1 旧版复原+MCST,300932.SZ,三友联众,legacy_confirmed_cup,2025-03-14,2025-03-17,2025-03-19,0.687221,18.12,16.6704,16.6704,3,-7.9999999999999964,4.856512141280356,-9.10596026490067,stop_loss,17.8,14.58
cup_v1_legacy_mcst,杯柄 V1 旧版复原+MCST,300933.SZ,中辰股份,legacy_confirmed_cup,2023-11-01,2023-11-02,2023-11-09,0.697685,9.76,9.37,8.9792,6,-3.995901639344268,7.581967213114749,-6.762295081967218,trend_exit_ma10,9.75,7.54
cup_v1_legacy_mcst,杯柄 V1 旧版复原+MCST,300979.SZ,华利集团,legacy_confirmed_cup,2024-04-16,2024-04-17,2024-04-23,0.735591,64.9,63.74,59.708000000000006,5,-1.7873651771956878,5.7935285053928975,-2.34206471494608,trend_exit_ma10,65.38,58.92
cup_v1_legacy_mcst,杯柄 V1 旧版复原+MCST,300990.SZ,同飞股份,legacy_confirmed_cup,2025-08-05,2025-08-06,2025-08-21,0.660199,61.4,69.03,56.488,12,12.426710097719871,31.563517915309447,-2.8013029315960947,trend_exit_ma10,62.1,50.4
cup_v1_legacy_mcst,杯柄 V1 旧版复原+MCST,300995.SZ,奇德新材,legacy_confirmed_cup,2023-07-31,2023-08-01,2023-08-02,0.750653,26.04,23.9568,23.9568,2,-7.9999999999999964,5.414746543778803,-12.365591397849462,stop_loss,26.09,20.2
cup_v1_legacy_mcst,杯柄 V1 旧版复原+MCST,301003.SZ,江苏博云,legacy_confirmed_cup,2025-08-20,2025-08-21,2025-08-27,0.645686,38.71,36.32,35.6132,5,-6.174115215706532,3.177473521053975,-6.277447687935933,trend_exit_ma10,38.73,27.43
cup_v1_legacy_mcst,杯柄 V1 旧版复原+MCST,301006.SZ,迈拓股份,legacy_confirmed_cup,2023-05-08,2023-05-09,2023-05-16,0.636647,26.73,24.591600000000003,24.591600000000003,6,-7.999999999999985,4.302282080059849,-8.342686120463904,stop_loss,27.09,19.8
cup_v1_legacy_mcst,杯柄 V1 旧版复原+MCST,301015.SZ,百洋医药,legacy_confirmed_cup,2025-09-10,2025-09-11,2025-09-18,0.583312,30.88,29.4,28.4096,6,-4.792746113989644,4.857512953367893,-6.897668393782386,trend_exit_ma10,31.29,24.24
cup_v1_legacy_mcst,杯柄 V1 旧版复原+MCST,301020.SZ,密封科技,legacy_confirmed_cup,2025-07-21,2025-07-22,2025-07-29,0.766245,23.52,23.02,21.6384,6,-2.12585034013606,2.7210884353741527,-2.9336734693877653,trend_exit_ma10,23.84,21.48
cup_v1_legacy_mcst,杯柄 V1 旧版复原+MCST,301035.SZ,润丰股份,legacy_confirmed_cup,2022-08-30,2022-08-31,2022-09-15,0.748187,99.16,102.0,91.2272,11,2.864058087938681,12.827753126260587,-3.388463089955629,trend_exit_ma10,102.91,68.12
cup_v1_legacy_mcst,杯柄 V1 旧版复原+MCST,301037.SZ,保立佳,legacy_confirmed_cup,2025-08-07,2025-08-08,2025-08-18,0.780684,14.55,14.91,13.386,7,2.4742268041237025,16.42611683848798,-1.6494845360824797,trend_exit_ma10,14.54,12.85
cup_v1_legacy_mcst,杯柄 V1 旧版复原+MCST,301048.SZ,金鹰重工,legacy_confirmed_cup,2023-04-25,2023-04-26,2023-04-27,0.777816,13.6,12.512,12.512,2,-7.9999999999999964,4.558823529411771,-11.102941176470582,stop_loss,14.37,9.5
cup_v1_legacy_mcst,杯柄 V1 旧版复原+MCST,301053.SZ,远信工业,legacy_confirmed_cup,2026-01-16,2026-01-19,2026-01-22,0.62013,37.73,36.53,34.7116,4,-3.180492976411331,0.1855287569573205,-5.194805194805174,trend_exit_ma10,37.73,34.83
cup_v1_legacy_mcst,杯柄 V1 旧版复原+MCST,301068.SZ,大地海洋,legacy_confirmed_cup,2023-02-28,2023-03-01,2023-03-22,0.719678,33.98,36.96,31.2616,16,8.769864626250756,15.361977633902324,-0.8534432018834637,trend_exit_ma10,34.2,29.5
cup_v1_legacy_mcst,杯柄 V1 旧版复原+MCST,301072.SZ,中捷精工,legacy_confirmed_cup,2023-07-10,2023-07-11,2023-07-12,0.709836,31.81,29.2652,29.2652,2,-7.9999999999999964,6.884627475636607,-9.52530650738761,stop_loss,33.39,24.95
cup_v1_legacy_mcst,杯柄 V1 旧版复原+MCST,301081.SZ,严牌股份,legacy_confirmed_cup,2025-05-12,2025-05-13,2025-05-19,0.576598,10.03,9.85,9.2276,5,-1.7946161515453585,0.2991026919242356,-3.489531405782653,trend_exit_ma10,10.01,9.21
cup_v1_legacy_mcst,杯柄 V1 旧版复原+MCST,301083.SZ,百胜智能,legacy_confirmed_cup,2025-11-12,2025-11-13,2025-11-19,0.614229,20.45,19.79,18.814,5,-3.2273838630806906,2.542787286063564,-4.352078239608803,trend_exit_ma10,20.63,17.71
cup_v1_legacy_mcst,杯柄 V1 旧版复原+MCST,301095.SZ,广立微,legacy_confirmed_cup,2026-01-09,2026-01-12,2026-01-26,0.710656,81.09,78.0,74.6028,11,-3.810580836108035,5.228758169934644,-6.042668639782967,trend_exit_ma10,79.34,70.21
cup_v1_legacy_mcst,杯柄 V1 旧版复原+MCST,301103.SZ,何氏眼科,legacy_confirmed_cup,2023-05-04,2023-05-05,2023-05-08,0.582491,44.56,40.9952,40.9952,2,-7.9999999999999964,0.6059245960502668,-10.21095152603233,stop_loss,45.39,29.9
cup_v1_legacy_mcst,杯柄 V1 旧版复原+MCST,301106.SZ,骏成科技,legacy_confirmed_cup,2023-06-29,2023-06-30,2023-07-20,0.780022,35.49,37.02,32.650800000000004,15,4.311073541842769,25.95097210481827,-0.6198929275852305,trend_exit_ma10,35.67,28.33
cup_v1_legacy_mcst,杯柄 V1 旧版复原+MCST,301130.SZ,西点药业,legacy_confirmed_cup,2025-08-12,2025-08-13,2025-08-14,0.756051,36.52,34.1,33.598400000000005,2,-6.62650602409639,0.4928806133625452,-6.872946330777674,trend_exit_ma10,36.51,30.85
cup_v1_legacy_mcst,杯柄 V1 旧版复原+MCST,301155.SZ,海力风电,legacy_confirmed_cup,2025-08-18,2025-08-19,2025-08-22,0.637971,80.36,75.94,73.9312,4,-5.500248880039827,0.41065206570432,-6.545545047287216,trend_exit_ma10,80.3,63.42
cup_v1_legacy_mcst,杯柄 V1 旧版复原+MCST,301163.SZ,宏德股份,legacy_confirmed_cup,2025-08-05,2025-08-06,2025-08-21,0.707241,27.82,28.66,25.5944,12,3.0194104960460155,7.153127246585189,-1.2221423436376666,trend_exit_ma10,27.83,25.03
cup_v1_legacy_mcst,杯柄 V1 旧版复原+MCST,301167.SZ,建研设计,legacy_confirmed_cup,2025-07-08,2025-07-09,2025-07-15,0.820717,16.74,16.5,15.400799999999998,5,-1.4336917562723928,5.017921146953408,-3.524492234169652,trend_exit_ma10,16.71,15.65
cup_v1_legacy_mcst,杯柄 V1 旧版复原+MCST,301169.SZ,零点有数,legacy_confirmed_cup,2026-01-12,2026-01-13,2026-01-20,0.72235,63.5,58.42,58.42,6,-7.9999999999999964,3.385826771653555,-8.125984251968498,stop_loss,64.05,49.08
cup_v1_legacy_mcst,杯柄 V1 旧版复原+MCST,301188.SZ,力诺药包,legacy_confirmed_cup,2025-03-28,2025-03-31,2025-04-07,0.650847,17.6,16.192000000000004,16.192000000000004,5,-7.999999999999985,9.034090909090908,-11.363636363636376,stop_loss,17.82,16.55
cup_v1_legacy_mcst,杯柄 V1 旧版复原+MCST,301200.SZ,大族数控,legacy_confirmed_cup,2025-07-23,2025-07-24,2025-08-18,0.74797,51.48,89.6,47.3616,18,74.04817404817405,108.81895881895883,-1.3209013209013245,trend_exit_ma10,50.62,43.08
cup_v1_legacy_mcst,杯柄 V1 旧版复原+MCST,301219.SZ,腾远钴业,legacy_confirmed_cup,2026-01-28,2026-01-29,2026-01-30,0.699502,79.01,72.68920000000001,72.68920000000001,2,-7.999999999999985,2.075686621946593,-11.023921022655369,stop_loss,79.19,70.16
cup_v1_legacy_mcst,杯柄 V1 旧版复原+MCST,301232.SZ,飞沃科技,legacy_confirmed_cup,2025-08-04,2025-08-05,2025-08-19,0.697897,32.98,38.61,30.3416,11,17.070952092177084,33.89933292904792,-0.3032140691327956,trend_exit_ma10,32.98,29.5
cup_v1_legacy_mcst,杯柄 V1 旧版复原+MCST,301237.SZ,和顺科技,legacy_confirmed_cup,2025-07-10,2025-07-11,2025-08-07,0.818693,30.09,39.2,27.6828,20,30.27583914921903,41.24293785310735,-3.655699567962778,max_hold,29.93,27.64
cup_v1_legacy_mcst,杯柄 V1 旧版复原+MCST,301257.SZ,普蕊斯,legacy_confirmed_cup,2025-07-21,2025-07-22,2025-08-01,0.755905,39.5,40.78,36.34,9,3.240506329113924,12.151898734177212,-1.4936708860759595,trend_exit_ma10,40.76,28.71
cup_v1_legacy_mcst,杯柄 V1 旧版复原+MCST,301276.SZ,嘉曼服饰,legacy_confirmed_cup,2025-08-04,2025-08-05,2025-08-12,0.633704,26.0,25.3,23.92,6,-2.692307692307694,2.8846153846153744,-3.61538461538462,trend_exit_ma10,25.75,21.1
cup_v1_legacy_mcst,杯柄 V1 旧版复原+MCST,301312.SZ,智立方,legacy_confirmed_cup,2026-01-23,2026-01-26,2026-02-05,0.797408,64.15,66.94,59.01800000000001,9,4.34918160561184,20.01558846453621,0.0,trend_exit_ma10,62.01,52.88
cup_v1_legacy_mcst,杯柄 V1 旧版复原+MCST,301387.SZ,光大同创,legacy_confirmed_cup,2023-11-06,2023-11-07,2023-11-09,0.56814,63.82,58.714400000000005,58.714400000000005,3,-7.9999999999999964,18.505170792854894,-8.602319022250082,stop_loss,64.32,49.88
cup_v1_legacy_mcst,杯柄 V1 旧版复原+MCST,301515.SZ,港通医疗,legacy_confirmed_cup,2025-08-11,2025-08-12,2025-08-18,0.779623,24.0,23.3,22.08,5,-2.9166666666666674,4.000000000000004,-3.833333333333344,trend_exit_ma10,23.98,21.7
cup_v1_legacy_mcst,杯柄 V1 旧版复原+MCST,301567.SZ,贝隆精密,legacy_confirmed_cup,2025-12-01,2025-12-02,2025-12-03,0.609999,60.01,55.2092,55.2092,2,-7.9999999999999964,5.815697383769369,-13.147808698550245,stop_loss,55.63,42.9
cup_v1_legacy_mcst,杯柄 V1 旧版复原+MCST,301568.SZ,思泰克,legacy_confirmed_cup,2026-01-09,2026-01-12,2026-01-13,0.723419,53.0,49.92,48.760000000000005,2,-5.811320754716975,0.5660377358490454,-6.169811320754725,trend_exit_ma10,52.26,48.25
cup_v1_legacy_mcst,杯柄 V1 旧版复原+MCST,600000.SH,浦发银行,legacy_confirmed_cup,2025-05-14,2025-05-15,2025-05-26,0.685832,12.17,12.05,11.1964,8,-0.9860312243220926,2.958093672966311,-1.6433853738701654,trend_exit_ma10,12.15,10.8
cup_v1_legacy_mcst,杯柄 V1 旧版复原+MCST,600006.SH,东风股份,legacy_confirmed_cup,2024-03-15,2024-03-18,2024-03-27,0.72845,7.8,7.7,7.176,8,-1.2820512820512775,24.871794871794872,-1.6666666666666607,trend_exit_ma10,7.56,6.45
cup_v1_legacy_mcst,杯柄 V1 旧版复原+MCST,600011.SH,华能国际,legacy_confirmed_cup,2023-04-28,2023-05-04,2023-05-11,0.657325,9.66,9.69,8.8872,6,0.3105590062111751,8.79917184265009,-1.552795031055909,trend_exit_ma10,9.7,8.68
cup_v1_legacy_mcst,杯柄 V1 旧版复原+MCST,600012.SH,皖通高速,legacy_confirmed_cup,2023-03-01,2023-03-02,2023-03-16,0.867552,8.59,8.88,7.9028,11,3.3760186263096736,7.683352735739235,-0.4656577415599439,trend_exit_ma10,8.59,7.66
cup_v1_legacy_mcst,杯柄 V1 旧版复原+MCST,600012.SH,皖通高速,legacy_confirmed_cup,2024-02-05,2024-02-06,2024-02-26,0.607333,12.85,13.33,11.822,9,3.735408560311293,12.762645914396886,-1.1673151750972832,trend_exit_ma10,13.01,10.86
cup_v1_legacy_mcst,杯柄 V1 旧版复原+MCST,600016.SH,民生银行,legacy_confirmed_cup,2025-06-12,2025-06-13,2025-06-19,0.74344,4.8,4.68,4.416,5,-2.500000000000002,0.4166666666666874,-3.124999999999989,trend_exit_ma10,4.8,4.42
cup_v1_legacy_mcst,杯柄 V1 旧版复原+MCST,600016.SH,民生银行,legacy_confirmed_cup,2025-07-08,2025-07-09,2025-07-22,0.675859,5.26,5.26,4.8392,10,0.0,7.984790874524705,-1.1406844106463754,trend_exit_ma10,5.27,4.42
cup_v1_legacy_mcst,杯柄 V1 旧版复原+MCST,600019.SH,宝钢股份,legacy_confirmed_cup,2024-04-19,2024-04-22,2024-04-26,0.6797,7.39,7.09,6.7988,5,-4.059539918809197,1.2178619756427755,-5.548037889039237,trend_exit_ma10,7.36,6.43
cup_v1_legacy_mcst,杯柄 V1 旧版复原+MCST,600023.SH,浙能电力,legacy_confirmed_cup,2023-04-20,2023-04-21,2023-05-23,0.639508,4.33,4.73,3.9836,20,9.237875288683606,17.321016166281744,-2.540415704388,trend_exit_ma10,4.34,3.56
cup_v1_legacy_mcst,杯柄 V1 旧版复原+MCST,600025.SH,华能水电,legacy_confirmed_cup,2023-12-05,2023-12-06,2023-12-28,0.659551,8.31,8.66,7.645200000000001,17,4.211793020457266,8.784596871239447,-0.9626955475330988,trend_exit_ma10,8.34,7.96
cup_v1_legacy_mcst,杯柄 V1 旧版复原+MCST,600028.SH,中国石化,legacy_confirmed_cup,2023-03-13,2023-03-14,2023-03-24,0.752272,5.5,5.52,5.0600000000000005,9,0.363636363636366,7.818181818181813,-2.3636363636363567,trend_exit_ma10,5.53,4.3
cup_v1_legacy_mcst,杯柄 V1 旧版复原+MCST,600033.SH,福建高速,legacy_confirmed_cup,2023-05-08,2023-05-09,2023-05-16,0.704456,3.42,3.32,3.1464,6,-2.92397660818714,1.7543859649122862,-4.678362573099415,trend_exit_ma10,3.43,2.86
cup_v1_legacy_mcst,杯柄 V1 旧版复原+MCST,600035.SH,楚天高速,legacy_confirmed_cup,2023-05-05,2023-05-08,2023-05-16,0.755452,4.39,4.32,4.0388,7,-1.5945330296127436,5.011389521640108,-2.733485193621865,trend_exit_ma10,4.4,3.4
cup_v1_legacy_mcst,杯柄 V1 旧版复原+MCST,600039.SH,四川路桥,legacy_confirmed_cup,2023-03-03,2023-03-06,2023-03-21,0.756045,13.21,13.06,12.153200000000002,12,-1.1355034065102187,4.693414080242242,-2.0439061317184093,trend_exit_ma10,13.21,12.06
cup_v1_legacy_mcst,杯柄 V1 旧版复原+MCST,600066.SH,宇通客车,legacy_confirmed_cup,2023-03-03,2023-03-06,2023-03-10,0.799591,10.73,9.8716,9.8716,5,-7.9999999999999964,0.6523765144454741,-8.201304753028893,stop_loss,10.66,9.4
cup_v1_legacy_mcst,杯柄 V1 旧版复原+MCST,600066.SH,宇通客车,legacy_confirmed_cup,2024-01-18,2024-01-19,2024-01-22,0.702832,15.75,15.01,14.49,2,-4.698412698412701,0.5714285714285783,-5.3968253968254,trend_exit_ma10,15.93,12.36
cup_v1_legacy_mcst,杯柄 V1 旧版复原+MCST,600082.SH,海泰发展,legacy_confirmed_cup,2025-11-10,2025-11-11,2025-11-18,0.731627,5.37,5.13,4.9404,6,-4.469273743016766,5.772811918063314,-5.959031657355684,trend_exit_ma10,5.38,4.36
cup_v1_legacy_mcst,杯柄 V1 旧版复原+MCST,600085.SH,同仁堂,legacy_confirmed_cup,2023-04-04,2023-04-06,2023-04-14,0.651693,56.35,54.71,51.842000000000006,7,-2.910381543921914,1.3309671694764935,-4.081632653061229,trend_exit_ma10,56.36,48.41
cup_v1_legacy_mcst,杯柄 V1 旧版复原+MCST,600095.SH,湘财股份,legacy_confirmed_cup,2025-07-08,2025-07-09,2025-07-17,0.759515,11.09,10.94,10.2028,7,-1.352569882777277,12.082957619476996,-3.3363390441839447,trend_exit_ma10,11.3,7.74
cup_v1_legacy_mcst,杯柄 V1 旧版复原+MCST,600096.SH,云天化,legacy_confirmed_cup,2024-04-17,2024-04-18,2024-04-23,0.742051,20.86,20.06,19.1912,4,-3.8350910834132335,4.841802492809211,-4.122722914669219,trend_exit_ma10,21.05,18.25
cup_v1_legacy_mcst,杯柄 V1 旧版复原+MCST,600097.SH,开创国际,legacy_confirmed_cup,2025-11-19,2025-11-20,2025-11-20,0.567625,15.72,14.4624,14.4624,1,-7.9999999999999964,0.0,-14.567430025445294,stop_loss,14.29,10.72
cup_v1_legacy_mcst,杯柄 V1 旧版复原+MCST,600098.SH,广州发展,legacy_confirmed_cup,2023-05-08,2023-05-09,2023-05-10,0.607078,6.4,6.25,5.888000000000001,2,-2.34375,0.3124999999999822,-2.6562499999999933,trend_exit_ma10,6.4,5.78
cup_v1_legacy_mcst,杯柄 V1 旧版复原+MCST,600098.SH,广州发展,legacy_confirmed_cup,2024-04-10,2024-04-11,2024-04-16,0.690686,6.92,6.7,6.3664000000000005,4,-3.1791907514450823,2.023121387283222,-3.757225433526013,trend_exit_ma10,6.99,5.81
cup_v1_legacy_mcst,杯柄 V1 旧版复原+MCST,600099.SH,林海股份,legacy_confirmed_cup,2023-12-05,2023-12-06,2023-12-08,0.703892,10.4,10.26,9.568,3,-1.3461538461538525,10.769230769230752,-1.4423076923076985,trend_exit_ma10,10.47,9.46
cup_v1_legacy_mcst,杯柄 V1 旧版复原+MCST,600099.SH,林海股份,legacy_confirmed_cup,2023-12-15,2023-12-18,2023-12-18,0.739937,12.66,11.6472,11.6472,1,-8.000000000000007,5.055292259083744,-8.451816745655616,stop_loss,12.3,10.13
cup_v1_legacy_mcst,杯柄 V1 旧版复原+MCST,600099.SH,林海股份,legacy_confirmed_cup,2025-07-18,2025-07-21,2025-07-25,0.645953,11.42,11.33,10.5064,5,-0.7880910683012221,3.5026269702276736,-1.2259194395796924,trend_exit_ma10,11.42,9.85
cup_v1_legacy_mcst,杯柄 V1 旧版复原+MCST,600100.SH,同方股份,legacy_confirmed_cup,2023-02-08,2023-02-09,2023-02-23,0.729776,5.14,5.55,4.7288,11,7.976653696498048,21.01167315175097,-1.7509727626459082,trend_exit_ma10,5.18,4.22
cup_v1_legacy_mcst,杯柄 V1 旧版复原+MCST,600111.SH,北方稀土,legacy_confirmed_cup,2026-01-28,2026-01-29,2026-02-02,0.638001,53.99,49.02,49.67080000000001,3,-9.205408408964622,7.705130579736985,-11.835525097240229,gap_stop,52.89,48.26
cup_v1_legacy_mcst,杯柄 V1 旧版复原+MCST,600114.SH,东睦股份,legacy_confirmed_cup,2025-07-29,2025-07-30,2025-08-26,0.777123,24.4,29.24,22.448,20,19.83606557377049,22.13114754098362,-4.508196721311464,max_hold,24.66,18.19
cup_v1_legacy_mcst,杯柄 V1 旧版复原+MCST,600138.SH,中青旅,legacy_confirmed_cup,2022-06-28,2022-06-29,2022-07-05,0.623593,12.59,11.86,11.5828,5,-5.798252581413821,4.60683081810962,-6.989674344718022,trend_exit_ma10,12.6,10.5
cup_v1_legacy_mcst,杯柄 V1 旧版复原+MCST,600143.SH,金发科技,legacy_confirmed_cup,2025-07-28,2025-07-29,2025-08-01,0.826605,13.44,12.3648,12.3648,4,-7.9999999999999964,2.3809523809523725,-8.333333333333325,stop_loss,13.55,9.79
cup_v1_legacy_mcst,杯柄 V1 旧版复原+MCST,600143.SH,金发科技,legacy_confirmed_cup,2025-08-13,2025-08-14,2025-08-27,0.658797,15.21,15.76,13.993200000000002,10,3.616042077580528,16.239316239316224,-2.03813280736358,trend_exit_ma10,15.22,12.25
cup_v1_legacy_mcst,杯柄 V1 旧版复原+MCST,600160.SH,巨化股份,legacy_confirmed_cup,2024-02-23,2024-02-26,2024-03-08,0.641176,20.17,20.24,18.556400000000004,10,0.3470500743678606,5.850272682201285,-1.3386217154189528,trend_exit_ma10,20.06,14.35
cup_v1_legacy_mcst,杯柄 V1 旧版复原+MCST,600161.SH,天坛生物,legacy_confirmed_cup,2023-04-10,2023-04-11,2023-04-19,0.752246,27.16,26.98,24.9872,7,-0.6627393225331346,2.798232695139924,-1.5095729013254844,trend_exit_ma10,27.11,22.35
cup_v1_legacy_mcst,杯柄 V1 旧版复原+MCST,600166.SH,福田汽车,legacy_confirmed_cup,2023-02-02,2023-02-03,2023-02-08,0.842168,3.53,3.29,3.2476,4,-6.798866855524077,2.8328611898017053,-7.082152974504252,trend_exit_ma10,3.55,2.99
cup_v1_legacy_mcst,杯柄 V1 旧版复原+MCST,600177.SH,雅戈尔,legacy_confirmed_cup,2024-05-07,2024-05-08,2024-05-22,0.71546,7.96,8.05,7.3232,11,1.1306532663316604,3.5175879396984966,-1.3819095477387022,trend_exit_ma10,7.95,7.42
cup_v1_legacy_mcst,杯柄 V1 旧版复原+MCST,600186.SH,莲花控股,legacy_confirmed_cup,2023-07-28,2023-07-31,2023-08-11,0.679551,3.28,3.32,3.0176,10,1.2195121951219523,7.012195121951215,-2.439024390243893,trend_exit_ma10,3.28,2.58
cup_v1_legacy_mcst,杯柄 V1 旧版复原+MCST,600188.SH,兖矿能源,legacy_confirmed_cup,2022-08-29,2022-08-30,2022-09-15,0.67909,50.78,52.45,46.7176,12,3.288696337140617,10.555336746750688,-6.912170145726659,trend_exit_ma10,51.29,42.04
cup_v1_legacy_mcst,杯柄 V1 旧版复原+MCST,600191.SH,华资实业,legacy_confirmed_cup,2023-08-10,2023-08-11,2023-08-11,0.699861,8.0,7.36,7.36,1,-7.9999999999999964,0.0,-9.375,stop_loss,7.45,5.57
cup_v1_legacy_mcst,杯柄 V1 旧版复原+MCST,600195.SH,中牧股份,legacy_confirmed_cup,2023-02-13,2023-02-14,2023-02-17,0.693356,15.42,14.81,14.1864,4,-3.955901426718544,0.1945525291828787,-4.085603112840475,trend_exit_ma10,15.42,13.86
cup_v1_legacy_mcst,杯柄 V1 旧版复原+MCST,600196.SH,复星医药,legacy_confirmed_cup,2025-09-03,2025-09-04,2025-09-04,0.613039,30.95,29.33,28.474,1,-5.234248788368334,0.1938610662358675,-6.6235864297253695,trend_exit_ma10,30.97,26.14
cup_v1_legacy_mcst,杯柄 V1 旧版复原+MCST,600198.SH,大唐电信,legacy_confirmed_cup,2023-03-24,2023-03-27,2023-03-30,0.68584,7.65,7.57,7.038,4,-1.0457516339869244,5.228758169934644,-1.437908496732032,trend_exit_ma10,7.66,6.84
cup_v1_legacy_mcst,杯柄 V1 旧版复原+MCST,600211.SH,西藏药业,legacy_confirmed_cup,2023-02-23,2023-02-24,2023-03-17,0.759914,51.32,55.09,47.214400000000005,16,7.3460639127046035,18.43335931410757,0.0,trend_exit_ma10,51.6,44.87
cup_v1_legacy_mcst,杯柄 V1 旧版复原+MCST,600215.SH,派斯林,legacy_confirmed_cup,2023-06-20,2023-06-21,2023-06-27,0.765491,8.7,8.004,8.004,3,-7.9999999999999964,7.931034482758625,-8.045977011494243,stop_loss,8.54,6.78
cup_v1_legacy_mcst,杯柄 V1 旧版复原+MCST,600216.SH,浙江医药,legacy_confirmed_cup,2024-07-22,2024-07-23,2024-08-13,0.709276,12.66,14.92,11.6472,16,17.851500789889418,38.2306477093207,-4.18641390205371,trend_exit_ma10,12.65,9.47
cup_v1_legacy_mcst,杯柄 V1 旧版复原+MCST,600216.SH,浙江医药,legacy_confirmed_cup,2024-08-01,2024-08-02,2024-08-05,0.708625,15.06,13.855200000000002,13.855200000000002,2,-7.9999999999999964,2.1912350597609542,-9.09694555112882,stop_loss,14.81,11.1
cup_v1_legacy_mcst,杯柄 V1 旧版复原+MCST,600219.SH,南山铝业,legacy_confirmed_cup,2024-04-15,2024-04-16,2024-04-16,0.622264,3.57,3.5,3.2844,1,-1.9607843137254832,1.1204481792717047,-2.2408963585434094,trend_exit_ma10,3.59,3.45
cup_v1_legacy_mcst,杯柄 V1 旧版复原+MCST,600230.SH,沧州大化,legacy_confirmed_cup,2023-02-02,2023-02-03,2023-02-08,0.690918,20.38,19.77,18.7496,4,-2.99313052011776,2.8949950932286583,-3.042198233562299,trend_exit_ma10,20.42,17.4
cup_v1_legacy_mcst,杯柄 V1 旧版复原+MCST,600232.SH,金鹰股份,legacy_confirmed_cup,2023-12-06,2023-12-07,2023-12-20,0.77584,6.38,6.49,5.8696,10,1.7241379310344973,9.561128526645769,-3.9184952978056464,trend_exit_ma10,6.35,5.12
cup_v1_legacy_mcst,杯柄 V1 旧版复原+MCST,600233.SH,圆通速递,legacy_confirmed_cup,2024-05-21,2024-05-22,2024-05-27,0.597785,17.5,17.14,16.1,4,-2.0571428571428574,0.0,-2.4571428571428577,trend_exit_ma10,17.52,15.57
cup_v1_legacy_mcst,杯柄 V1 旧版复原+MCST,600235.SH,民丰特纸,legacy_confirmed_cup,2023-12-06,2023-12-07,2023-12-08,0.605495,6.28,6.02,5.7776000000000005,2,-4.140127388535042,2.8662420382165488,-4.458598726114649,trend_exit_ma10,6.32,5.9
cup_v1_legacy_mcst,杯柄 V1 旧版复原+MCST,600239.SH,云南城投,legacy_confirmed_cup,2023-05-04,2023-05-05,2023-05-16,0.706802,2.27,2.26,2.0884,7,-0.440528634361248,13.215859030836995,-4.8458149779735615,trend_exit_ma10,2.27,1.89
cup_v1_legacy_mcst,杯柄 V1 旧版复原+MCST,600248.SH,陕建股份,legacy_confirmed_cup,2023-05-04,2023-05-05,2023-05-10,0.69753,6.5,6.25,5.98,4,-3.846153846153844,18.92307692307693,-6.769230769230772,trend_exit_ma10,6.39,5.12
cup_v1_legacy_mcst,杯柄 V1 旧版复原+MCST,600249.SH,两面针,legacy_confirmed_cup,2025-04-16,2025-04-17,2025-04-18,0.807262,7.2,6.6240000000000006,6.6240000000000006,2,-7.9999999999999964,10.83333333333334,-10.277777777777786,stop_loss,7.36,4.43
cup_v1_legacy_mcst,杯柄 V1 旧版复原+MCST,600250.SH,南京商旅,legacy_confirmed_cup,2023-11-30,2023-12-01,2023-12-18,0.649934,10.65,13.81,9.798,12,29.671361502347416,65.16431924882629,0.0,trend_exit_ma10,9.68,7.1
cup_v1_legacy_mcst,杯柄 V1 旧版复原+MCST,600259.SH,中稀有色,legacy_confirmed_cup,2025-05-14,2025-05-15,2025-05-27,0.698841,41.75,42.77,38.41,9,2.4431137724550966,11.712574850299395,-2.610778443113781,trend_exit_ma10,41.76,33.01
cup_v1_legacy_mcst,杯柄 V1 旧版复原+MCST,600262.SH,北方股份,legacy_confirmed_cup,2025-10-27,2025-10-28,2025-11-03,0.781762,29.24,28.58,26.9008,5,-2.2571819425444617,4.8563611491108105,-3.4541723666210555,trend_exit_ma10,30.27,20.85
cup_v1_legacy_mcst,杯柄 V1 旧版复原+MCST,600266.SH,城建发展,legacy_confirmed_cup,2023-07-28,2023-07-31,2023-08-10,0.719189,7.47,7.32,6.8724,9,-2.008032128514048,10.040160642570296,-7.7643908969210145,trend_exit_ma10,6.79,4.89
cup_v1_legacy_mcst,杯柄 V1 旧版复原+MCST,600269.SH,赣粤高速,legacy_confirmed_cup,2023-05-08,2023-05-09,2023-05-16,0.724979,4.08,3.89,3.7536,6,-4.656862745098033,1.225490196078427,-5.882352941176472,trend_exit_ma10,4.06,3.34
cup_v1_legacy_mcst,杯柄 V1 旧版复原+MCST,600271.SH,航天信息,legacy_confirmed_cup,2026-01-08,2026-01-09,2026-01-14,0.693654,12.53,11.75,11.5276,4,-6.225059856344773,11.65203511572228,-7.901037509976061,trend_exit_ma10,12.56,9.54
cup_v1_legacy_mcst,杯柄 V1 旧版复原+MCST,600276.SH,恒瑞医药,legacy_confirmed_cup,2023-04-17,2023-04-18,2023-04-21,0.744813,49.3,47.32,45.356,4,-4.016227180527377,0.8113590263691739,-4.016227180527377,trend_exit_ma10,49.29,40.09
cup_v1_legacy_mcst,杯柄 V1 旧版复原+MCST,600284.SH,浦东建设,legacy_confirmed_cup,2025-08-25,2025-08-26,2025-09-02,0.677107,8.7,8.64,8.004,6,-0.6896551724137834,13.67816091954024,-4.367816091954014,trend_exit_ma10,8.95,6.38
cup_v1_legacy_mcst,杯柄 V1 旧版复原+MCST,600287.SH,苏豪时尚,legacy_confirmed_cup,2025-06-05,2025-06-06,2025-07-03,0.745779,5.33,6.23,4.9036,20,16.885553470919334,24.953095684803,-0.5628517823639823,trend_exit_ma10,5.33,4.94
cup_v1_legacy_mcst,杯柄 V1 旧版复原+MCST,600302.SH,标准股份,legacy_confirmed_cup,2022-11-23,2022-11-24,2022-11-24,0.683845,8.26,7.5992,7.5992,1,-7.9999999999999964,4.237288135593209,-10.8958837772397,stop_loss,7.83,4.65
cup_v1_legacy_mcst,杯柄 V1 旧版复原+MCST,600302.SH,标准股份,legacy_confirmed_cup,2023-12-06,2023-12-07,2023-12-15,0.709056,7.0,6.73,6.44,7,-3.857142857142848,19.285714285714285,-5.999999999999995,trend_exit_ma10,6.36,4.86
cup_v1_legacy_mcst,杯柄 V1 旧版复原+MCST,600303.SH,曙光股份,legacy_confirmed_cup,2025-04-22,2025-04-23,2025-04-29,0.754656,4.15,4.1,3.818000000000001,5,-1.2048192771084487,14.457831325301186,-4.578313253012056,trend_exit_ma10,4.2,2.91
cup_v1_legacy_mcst,杯柄 V1 旧版复原+MCST,600309.SH,万华化学,legacy_confirmed_cup,2023-02-06,2023-02-07,2023-02-08,0.716057,98.78,97.26,90.8776,2,-1.5387730309779246,0.222717149220486,-1.8019842073294208,trend_exit_ma10,99.19,94.59
cup_v1_legacy_mcst,杯柄 V1 旧版复原+MCST,600312.SH,平高电气,legacy_confirmed_cup,2024-03-05,2024-03-06,2024-03-12,0.632327,14.42,14.11,13.2664,5,-2.1497919556171974,3.328710124826628,-2.7045769764216354,trend_exit_ma10,14.53,13.27
cup_v1_legacy_mcst,杯柄 V1 旧版复原+MCST,600315.SH,上海家化,legacy_confirmed_cup,2025-04-29,2025-04-30,2025-05-14,0.816407,23.88,23.88,21.9696,8,0.0,7.202680067001688,-2.8056951423785503,trend_exit_ma10,24.05,20.6
cup_v1_legacy_mcst,杯柄 V1 旧版复原+MCST,600316.SH,洪都航空,legacy_confirmed_cup,2025-07-25,2025-07-28,2025-07-31,0.615434,43.91,41.68,40.3972,4,-5.07856980186745,3.621043042587124,-5.6479161922113335,trend_exit_ma10,43.79,32.8
cup_v1_legacy_mcst,杯柄 V1 旧版复原+MCST,600318.SH,新力金融,legacy_confirmed_cup,2025-09-01,2025-09-02,2025-09-02,0.558724,11.1,10.72,10.212,1,-3.4234234234234107,0.1801801801801783,-5.045045045045049,trend_exit_ma10,11.18,9.62
cup_v1_legacy_mcst,杯柄 V1 旧版复原+MCST,600329.SH,达仁堂,legacy_confirmed_cup,2025-08-13,2025-08-14,2025-08-26,0.74937,42.72,44.67,39.3024,9,4.564606741573041,19.311797752808975,-0.0468164794007353,trend_exit_ma10,42.76,35.25
cup_v1_legacy_mcst,杯柄 V1 旧版复原+MCST,600331.SH,宏达股份,legacy_confirmed_cup,2023-05-18,2023-05-19,2023-06-15,0.680417,4.08,4.83,3.7536,20,18.38235294117647,23.529411764705888,-4.41176470588236,max_hold,4.05,3.09
cup_v1_legacy_mcst,杯柄 V1 旧版复原+MCST,600331.SH,宏达股份,legacy_confirmed_cup,2025-07-25,2025-07-28,2025-07-31,0.627056,9.7,9.42,8.924,4,-2.88659793814432,3.6082474226804218,-3.2989690721649367,trend_exit_ma10,9.76,8.3
cup_v1_legacy_mcst,杯柄 V1 旧版复原+MCST,600350.SH,山东高速,legacy_confirmed_cup,2023-03-08,2023-03-09,2023-03-23,0.628122,6.22,6.29,5.7224,11,1.12540192926045,5.62700964630225,-1.9292604501607744,trend_exit_ma10,6.2,5.79
cup_v1_legacy_mcst,杯柄 V1 旧版复原+MCST,600350.SH,山东高速,legacy_confirmed_cup,2024-02-06,2024-02-07,2024-02-26,0.558875,8.08,7.98,7.4336,8,-1.2376237623762387,4.455445544554459,-3.5891089108910923,trend_exit_ma10,8.06,7.0
cup_v1_legacy_mcst,杯柄 V1 旧版复原+MCST,600352.SH,浙江龙盛,legacy_confirmed_cup,2026-01-30,2026-02-02,2026-02-02,0.751009,15.0,13.8,13.8,1,-7.9999999999999964,0.0,-8.666666666666668,stop_loss,15.22,10.97
cup_v1_legacy_mcst,杯柄 V1 旧版复原+MCST,600362.SH,江西铜业,legacy_confirmed_cup,2023-01-31,2023-02-01,2023-02-06,0.76001,19.51,19.04,17.9492,4,-2.409021014864188,2.460276781137871,-3.639159405433112,trend_exit_ma10,19.44,18.25
cup_v1_legacy_mcst,杯柄 V1 旧版复原+MCST,600362.SH,江西铜业,legacy_confirmed_cup,2024-04-03,2024-04-08,2024-04-16,0.675749,25.35,25.25,23.322000000000003,7,-0.3944773175542426,8.481262327416172,-2.1696252465483234,trend_exit_ma10,25.32,21.0
cup_v1_legacy_mcst,杯柄 V1 旧版复原+MCST,600368.SH,五洲交通,legacy_confirmed_cup,2023-05-05,2023-05-08,2023-05-16,0.681114,4.44,4.33,4.0848,7,-2.477477477477485,3.378378378378377,-3.828828828828845,trend_exit_ma10,4.44,4.05
cup_v1_legacy_mcst,杯柄 V1 旧版复原+MCST,600368.SH,五洲交通,legacy_confirmed_cup,2024-04-17,2024-04-18,2024-04-18,0.610271,4.37,4.29,4.0204,1,-1.830663615560646,0.2288329519450682,-2.059496567505714,trend_exit_ma10,4.36,4.22
cup_v1_legacy_mcst,杯柄 V1 旧版复原+MCST,600368.SH,五洲交通,legacy_confirmed_cup,2024-05-08,2024-05-09,2024-05-23,0.765933,4.69,4.87,4.314800000000001,11,3.8379530916844207,10.234541577825151,-0.4264392324093924,trend_exit_ma10,4.69,4.23
cup_v1_legacy_mcst,杯柄 V1 旧版复原+MCST,600372.SH,中航机载,legacy_confirmed_cup,2026-01-22,2026-01-23,2026-01-30,0.558823,16.77,15.4284,15.4284,6,-7.9999999999999964,0.7155635062611854,-9.600477042337507,stop_loss,16.55,13.38
cup_v1_legacy_mcst,杯柄 V1 旧版复原+MCST,600388.SH,龙净环保,legacy_confirmed_cup,2022-11-01,2022-11-02,2022-11-14,0.674224,14.5,14.63,13.34,9,0.8965517241379395,13.44827586206896,-4.3448275862069,trend_exit_ma10,14.6,12.06
cup_v1_legacy_mcst,杯柄 V1 旧版复原+MCST,600388.SH,龙净环保,legacy_confirmed_cup,2023-07-07,2023-07-10,2023-07-18,0.618008,19.0,18.3,17.48,6,-3.68421052631579,2.7368421052631486,-5.263157894736848,trend_exit_ma10,18.88,16.75
cup_v1_legacy_mcst,杯柄 V1 旧版复原+MCST,600389.SH,江山股份,legacy_confirmed_cup,2025-12-26,2025-12-29,2026-01-05,0.61301,26.8,24.656,24.656,4,-7.9999999999999964,2.9850746268656803,-10.783582089552246,stop_loss,26.52,23.25
cup_v1_legacy_mcst,杯柄 V1 旧版复原+MCST,600391.SH,航发科技,legacy_confirmed_cup,2025-04-21,2025-04-22,2025-04-24,0.824721,26.67,24.536400000000004,24.536400000000004,3,-7.9999999999999964,8.061492313460805,-10.011248593925773,stop_loss,26.63,22.12
cup_v1_legacy_mcst,杯柄 V1 旧版复原+MCST,600391.SH,航发科技,legacy_confirmed_cup,2026-01-06,2026-01-07,2026-01-15,0.739299,37.71,39.55,34.693200000000004,7,4.879342349509397,24.9005568814638,-1.9358260408379848,trend_exit_ma10,38.86,33.0
cup_v1_legacy_mcst,杯柄 V1 旧版复原+MCST,600396.SH,华电辽能,legacy_confirmed_cup,2024-05-07,2024-05-08,2024-05-31,0.724391,2.97,3.36,2.7324,18,13.131313131313128,27.27272727272725,-1.3468013468013518,trend_exit_ma10,2.97,2.3
cup_v1_legacy_mcst,杯柄 V1 旧版复原+MCST,600396.SH,华电辽能,legacy_confirmed_cup,2024-05-17,2024-05-20,2024-05-31,0.724246,3.15,3.36,2.898,10,6.666666666666665,20.0,-0.3174603174603052,trend_exit_ma10,3.16,2.82
cup_v1_legacy_mcst,杯柄 V1 旧版复原+MCST,600415.SH,小商品城,legacy_confirmed_cup,2023-04-13,2023-04-14,2023-05-11,0.7537,7.7,9.36,7.0840000000000005,17,21.558441558441555,41.2987012987013,-5.1948051948051965,trend_exit_ma10,7.7,4.88
cup_v1_legacy_mcst,杯柄 V1 旧版复原+MCST,600418.SH,江淮汽车,legacy_confirmed_cup,2025-08-22,2025-08-25,2025-09-03,0.757576,52.15,51.93,47.978,8,-0.4218600191754573,6.232023010546506,-4.352828379674012,trend_exit_ma10,52.2,44.19
cup_v1_legacy_mcst,杯柄 V1 旧版复原+MCST,600422.SH,昆药集团,legacy_confirmed_cup,2022-11-02,2022-11-03,2022-11-11,0.811708,16.3,16.0,14.996,7,-1.8404907975460127,7.852760736196296,-5.582822085889571,trend_exit_ma10,16.7,13.89
cup_v1_legacy_mcst,杯柄 V1 旧版复原+MCST,600423.SH,柳化股份,legacy_confirmed_cup,2025-11-13,2025-11-14,2025-11-19,0.647782,4.45,4.21,4.094,4,-5.393258426966296,4.269662921348294,-6.292134831460682,trend_exit_ma10,4.47,3.44
cup_v1_legacy_mcst,杯柄 V1 旧版复原+MCST,600425.SH,青松建化,legacy_confirmed_cup,2022-09-08,2022-09-09,2022-09-14,0.59493,4.63,4.46,4.2596,3,-3.67170626349892,1.295896328293744,-4.751619870410362,trend_exit_ma10,4.63,4.1
cup_v1_legacy_mcst,杯柄 V1 旧版复原+MCST,600426.SH,华鲁恒升,legacy_confirmed_cup,2023-02-06,2023-02-07,2023-02-22,0.711115,35.02,36.24,32.2184,12,3.4837235865219807,10.079954311821805,-0.9423186750428524,trend_exit_ma10,35.02,31.91
cup_v1_legacy_mcst,杯柄 V1 旧版复原+MCST,600426.SH,华鲁恒升,legacy_confirmed_cup,2025-08-28,2025-08-29,2025-09-04,0.616333,26.74,25.9,24.6008,5,-3.141361256544506,5.646970830216902,-4.263275991024673,trend_exit_ma10,26.75,23.3
cup_v1_legacy_mcst,杯柄 V1 旧版复原+MCST,600428.SH,中远海特,legacy_confirmed_cup,2022-08-18,2022-08-19,2022-08-31,0.668959,6.7,7.66,6.164000000000001,9,14.328358208955216,54.32835820895521,-0.8955223880597107,trend_exit_ma10,6.62,4.54
cup_v1_legacy_mcst,杯柄 V1 旧版复原+MCST,600429.SH,三元股份,legacy_confirmed_cup,2025-11-13,2025-11-14,2025-11-14,0.598326,7.2,6.6240000000000006,6.6240000000000006,1,-7.9999999999999964,0.0,-9.02777777777778,stop_loss,7.28,4.54
cup_v1_legacy_mcst,杯柄 V1 旧版复原+MCST,600469.SH,风神股份,legacy_confirmed_cup,2025-11-05,2025-11-06,2025-11-13,0.695005,7.12,7.09,6.550400000000001,6,-0.4213483146067398,3.6516853932584192,-2.3876404494382,trend_exit_ma10,7.09,6.31
cup_v1_legacy_mcst,杯柄 V1 旧版复原+MCST,600479.SH,千金药业,legacy_confirmed_cup,2023-04-04,2023-04-06,2023-04-25,0.677418,11.89,12.37,10.9388,14,4.037005887300249,9.16736753574432,-2.9436501261564496,trend_exit_ma10,11.89,10.9
cup_v1_legacy_mcst,杯柄 V1 旧版复原+MCST,600480.SH,凌云股份,legacy_confirmed_cup,2023-07-19,2023-07-20,2023-07-25,0.795649,10.17,9.68,9.3564,4,-4.818092428711895,0.0,-6.981317600786618,trend_exit_ma10,10.15,7.86
cup_v1_legacy_mcst,杯柄 V1 旧版复原+MCST,600487.SH,亨通光电,legacy_confirmed_cup,2025-09-01,2025-09-02,2025-09-04,0.770578,20.91,19.2372,19.2372,3,-7.9999999999999964,5.260640841702546,-9.995217599234818,stop_loss,20.71,17.48
cup_v1_legacy_mcst,杯柄 V1 旧版复原+MCST,600488.SH,津药药业,legacy_confirmed_cup,2023-05-09,2023-05-10,2023-05-18,0.687499,5.68,5.61,5.2256,7,-1.232394366197176,10.2112676056338,-2.992957746478875,trend_exit_ma10,5.54,4.42
cup_v1_legacy_mcst,杯柄 V1 旧版复原+MCST,600489.SH,中金黄金,legacy_confirmed_cup,2023-02-01,2023-02-02,2023-02-06,0.639512,8.97,8.57,8.252400000000002,3,-4.4593088071348985,0.7803790412485911,-6.243032329988862,trend_exit_ma10,8.86,7.52
cup_v1_legacy_mcst,杯柄 V1 旧版复原+MCST,600493.SH,凤竹纺织,legacy_confirmed_cup,2025-08-12,2025-08-13,2025-08-14,0.636171,7.1,6.83,6.532,2,-3.8028169014084456,1.8309859154929773,-3.8028169014084456,trend_exit_ma10,7.09,6.43
cup_v1_legacy_mcst,杯柄 V1 旧版复原+MCST,600495.SH,晋西车轴,legacy_confirmed_cup,2023-07-10,2023-07-11,2023-07-14,0.707875,5.02,4.7,4.618399999999999,4,-6.374501992031856,1.5936254980079667,-7.17131474103585,trend_exit_ma10,5.08,4.15
cup_v1_legacy_mcst,杯柄 V1 旧版复原+MCST,600498.SH,烽火通信,legacy_confirmed_cup,2023-03-02,2023-03-03,2023-03-10,0.751289,17.01,16.95,15.649200000000002,6,-0.3527336860670305,4.467960023515571,-1.3521457965902428,trend_exit_ma10,17.12,12.87
cup_v1_legacy_mcst,杯柄 V1 旧版复原+MCST,600499.SH,科达制造,legacy_confirmed_cup,2025-05-12,2025-05-13,2025-05-26,0.690094,10.08,9.96,9.2736,10,-1.1904761904761862,3.2738095238095344,-4.166666666666663,trend_exit_ma10,10.02,8.33
cup_v1_legacy_mcst,杯柄 V1 旧版复原+MCST,600507.SH,方大特钢,legacy_confirmed_cup,2025-07-04,2025-07-07,2025-08-01,0.714035,4.8,5.94,4.416,20,23.750000000000004,37.70833333333334,-1.6666666666666718,max_hold,4.82,4.16
cup_v1_legacy_mcst,杯柄 V1 旧版复原+MCST,600510.SH,黑牡丹,legacy_confirmed_cup,2025-08-20,2025-08-21,2025-08-27,0.850572,7.8,7.176,7.176,5,-7.9999999999999964,2.3076923076923217,-8.461538461538465,stop_loss,7.71,5.59
cup_v1_legacy_mcst,杯柄 V1 旧版复原+MCST,600517.SH,国网英大,legacy_confirmed_cup,2024-11-04,2024-11-05,2024-11-12,0.789976,6.2,5.91,5.704000000000001,6,-4.677419354838708,2.9032258064516148,-5.967741935483872,trend_exit_ma10,6.11,5.09
cup_v1_legacy_mcst,杯柄 V1 旧版复原+MCST,600540.SH,新赛股份,legacy_confirmed_cup,2023-07-14,2023-07-17,2023-07-24,0.723476,5.14,5.21,4.7288,6,1.3618677042801508,8.94941634241244,-0.3891050583657462,trend_exit_ma10,5.33,4.35
cup_v1_legacy_mcst,杯柄 V1 旧版复原+MCST,600546.SH,山煤国际,legacy_confirmed_cup,2023-09-15,2023-09-18,2023-09-22,0.795774,19.43,18.89,17.875600000000002,5,-2.779207411219764,2.6762738033968114,-3.75707668553783,trend_exit_ma10,19.47,17.71
cup_v1_legacy_mcst,杯柄 V1 旧版复原+MCST,600547.SH,山东黄金,legacy_confirmed_cup,2024-04-03,2024-04-08,2024-04-16,0.751816,30.18,30.61,27.7656,7,1.4247846255798446,10.172299536116626,-0.2650762094101977,trend_exit_ma10,29.74,25.05
cup_v1_legacy_mcst,杯柄 V1 旧版复原+MCST,600559.SH,老白干酒,legacy_confirmed_cup,2023-02-13,2023-02-14,2023-03-03,0.714354,34.93,37.5,32.135600000000004,14,7.357572287432013,12.281706269682214,-1.2024048096192397,trend_exit_ma10,35.17,28.1
cup_v1_legacy_mcst,杯柄 V1 旧版复原+MCST,600566.SH,济川药业,legacy_confirmed_cup,2022-06-13,2022-06-14,2022-06-28,0.595127,28.08,27.71,25.8336,11,-1.3176638176638056,8.440170940170955,-3.846153846153844,trend_exit_ma10,28.08,22.5
cup_v1_legacy_mcst,杯柄 V1 旧版复原+MCST,600566.SH,济川药业,legacy_confirmed_cup,2024-02-22,2024-02-23,2024-03-12,0.61918,35.61,36.69,32.7612,13,3.0328559393428822,10.418421791631571,-1.1513619769727534,trend_exit_ma10,35.62,28.6
cup_v1_legacy_mcst,杯柄 V1 旧版复原+MCST,600573.SH,惠泉啤酒,legacy_confirmed_cup,2025-05-27,2025-05-28,2025-06-10,0.56732,12.15,12.62,11.178,9,3.868312757201631,16.131687242798343,-0.6584362139917754,trend_exit_ma10,12.21,11.37
cup_v1_legacy_mcst,杯柄 V1 旧版复原+MCST,600576.SH,祥源文旅,legacy_confirmed_cup,2022-12-30,2023-01-03,2023-01-10,0.569064,7.62,7.24,7.010400000000001,6,-4.986876640419946,3.4120734908136496,-6.036745406824151,trend_exit_ma10,7.98,5.74
cup_v1_legacy_mcst,杯柄 V1 旧版复原+MCST,600577.SH,精达股份,legacy_confirmed_cup,2025-08-28,2025-08-29,2025-09-02,0.630064,9.05,8.42,8.326,3,-6.96132596685084,3.867403314917128,-7.513812154696153,trend_exit_ma10,8.95,7.06
cup_v1_legacy_mcst,杯柄 V1 旧版复原+MCST,600582.SH,天地科技,legacy_confirmed_cup,2024-02-29,2024-03-01,2024-03-12,0.725492,6.82,6.67,6.274400000000001,8,-2.1994134897360795,3.665689149560114,-2.346041055718473,trend_exit_ma10,6.85,5.96
cup_v1_legacy_mcst,杯柄 V1 旧版复原+MCST,600584.SH,长电科技,legacy_confirmed_cup,2023-04-07,2023-04-10,2023-04-13,0.63871,37.82,34.7944,34.7944,4,-7.9999999999999964,0.3701745108408261,-8.725542041248014,stop_loss,37.67,30.35
cup_v1_legacy_mcst,杯柄 V1 旧版复原+MCST,600592.SH,龙溪股份,legacy_confirmed_cup,2023-06-29,2023-06-30,2023-07-06,0.765593,11.01,10.1292,10.1292,5,-7.999999999999985,3.542234332425065,-10.081743869209802,stop_loss,10.99,8.59
cup_v1_legacy_mcst,杯柄 V1 旧版复原+MCST,600596.SH,新安股份,legacy_confirmed_cup,2025-07-29,2025-07-30,2025-08-01,0.717573,10.61,10.0,9.7612,3,-5.749293119698395,3.2987747408105728,-5.937794533458995,trend_exit_ma10,10.53,8.3
cup_v1_legacy_mcst,杯柄 V1 旧版复原+MCST,600611.SH,大众交通,legacy_confirmed_cup,2024-07-12,2024-07-15,2024-08-08,0.755239,4.3,9.46,3.956,19,120.0,160.93023255813955,-2.558139534883708,trend_exit_ma10,4.2,2.65
cup_v1_legacy_mcst,杯柄 V1 旧版复原+MCST,600612.SH,老凤祥,legacy_confirmed_cup,2024-03-08,2024-03-11,2024-03-19,0.682381,77.11,73.97,70.94120000000001,7,-4.072104785371544,0.8948255738555178,-4.292569057191031,trend_exit_ma10,77.19,61.2
cup_v1_legacy_mcst,杯柄 V1 旧版复原+MCST,600615.SH,鑫源智造,legacy_confirmed_cup,2022-04-21,2022-04-22,2022-04-22,0.574626,9.27,8.98,8.5284,1,-3.1283710895361305,2.373247033441217,-3.1283710895361305,trend_exit_ma10,9.45,7.6
cup_v1_legacy_mcst,杯柄 V1 旧版复原+MCST,600623.SH,华谊集团,legacy_confirmed_cup,2025-07-22,2025-07-23,2025-07-29,0.688658,8.85,8.44,8.142,5,-4.632768361581919,0.4519774011299438,-6.779661016949145,trend_exit_ma10,8.85,7.67
cup_v1_legacy_mcst,杯柄 V1 旧版复原+MCST,600649.SH,城投控股,legacy_confirmed_cup,2023-08-03,2023-08-04,2023-08-07,0.714789,5.16,4.7472,4.7472,2,-7.9999999999999964,0.9689922480620172,-8.527131782945741,stop_loss,5.06,4.22
cup_v1_legacy_mcst,杯柄 V1 旧版复原+MCST,600651.SH,飞乐音响,legacy_confirmed_cup,2022-05-25,2022-05-26,2022-05-26,0.667402,4.1,3.772,3.772,1,-7.9999999999999964,0.0,-9.756097560975595,stop_loss,3.84,3.28
cup_v1_legacy_mcst,杯柄 V1 旧版复原+MCST,600651.SH,飞乐音响,legacy_confirmed_cup,2023-04-26,2023-04-27,2023-05-09,0.712146,4.81,4.54,4.4252,6,-5.613305613305608,10.395010395010406,-6.029106029106035,trend_exit_ma10,4.94,3.75
cup_v1_legacy_mcst,杯柄 V1 旧版复原+MCST,600658.SH,电子城,legacy_confirmed_cup,2025-08-15,2025-08-18,2025-08-25,0.657058,6.91,7.1,6.357200000000001,6,2.749638205499272,28.79884225759768,-4.775687409551377,trend_exit_ma10,6.84,4.35
cup_v1_legacy_mcst,杯柄 V1 旧版复原+MCST,600660.SH,福耀玻璃,legacy_confirmed_cup,2024-09-20,2024-09-23,2024-10-16,0.615321,52.39,55.71,48.198800000000006,13,6.337087230387484,22.198892918495883,-3.2258064516129004,trend_exit_ma10,52.2,47.7
cup_v1_legacy_mcst,杯柄 V1 旧版复原+MCST,600667.SH,太极实业,legacy_confirmed_cup,2025-11-03,2025-11-04,2025-11-05,0.711697,9.77,8.9884,8.9884,2,-7.9999999999999964,1.6376663254861867,-8.700102354145345,stop_loss,9.54,7.72
cup_v1_legacy_mcst,杯柄 V1 旧版复原+MCST,600668.SH,尖峰集团,legacy_confirmed_cup,2025-05-08,2025-05-09,2025-05-23,0.828398,13.96,14.44,12.8432,11,3.4383954154727725,15.759312320916896,-2.865329512893988,trend_exit_ma10,13.89,11.69
cup_v1_legacy_mcst,杯柄 V1 旧版复原+MCST,600674.SH,川投能源,legacy_confirmed_cup,2023-05-04,2023-05-05,2023-05-23,0.693889,14.78,14.92,13.5976,13,0.9472259810554772,6.156968876860613,-1.4884979702300294,trend_exit_ma10,14.71,13.74
cup_v1_legacy_mcst,杯柄 V1 旧版复原+MCST,600675.SH,中华企业,legacy_confirmed_cup,2022-04-08,2022-04-11,2022-04-13,0.770732,4.17,3.8364,3.8364,3,-7.9999999999999964,15.827338129496416,-9.592326139088724,stop_loss,4.39,2.73
cup_v1_legacy_mcst,杯柄 V1 旧版复原+MCST,600686.SH,金龙汽车,legacy_confirmed_cup,2023-05-10,2023-05-11,2023-05-16,0.602151,9.31,8.5652,8.5652,4,-7.9999999999999964,4.403866809881851,-11.49301825993555,stop_loss,8.84,5.45
cup_v1_legacy_mcst,杯柄 V1 旧版复原+MCST,600689.SH,上海三毛,legacy_confirmed_cup,2023-08-02,2023-08-03,2023-08-04,0.84427,11.11,10.3,10.2212,2,-7.290729072907276,0.0,-7.740774077407742,trend_exit_ma10,11.18,9.42
cup_v1_legacy_mcst,杯柄 V1 旧版复原+MCST,600690.SH,海尔智家,legacy_confirmed_cup,2024-05-07,2024-05-08,2024-05-17,0.827563,31.29,31.58,28.7868,8,0.9268136784915226,5.465004793863848,-1.182486417385742,trend_exit_ma10,31.28,26.01
cup_v1_legacy_mcst,杯柄 V1 旧版复原+MCST,600697.SH,欧亚集团,legacy_confirmed_cup,2025-04-16,2025-04-17,2025-04-18,0.640118,14.35,13.202,13.202,2,-7.9999999999999964,8.571428571428585,-9.19860627177701,stop_loss,15.06,10.01
cup_v1_legacy_mcst,杯柄 V1 旧版复原+MCST,600710.SH,苏美达,legacy_confirmed_cup,2023-05-08,2023-05-09,2023-05-16,0.574699,7.68,7.52,7.0656,6,-2.083333333333337,15.104166666666677,-3.255208333333337,trend_exit_ma10,7.39,6.66
cup_v1_legacy_mcst,杯柄 V1 旧版复原+MCST,600710.SH,苏美达,legacy_confirmed_cup,2024-04-15,2024-04-16,2024-04-23,0.611696,8.95,8.7,8.234,6,-2.793296089385477,2.4581005586592264,-3.240223463687142,trend_exit_ma10,9.01,7.72
cup_v1_legacy_mcst,杯柄 V1 旧版复原+MCST,600714.SH,金瑞矿业,legacy_confirmed_cup,2025-06-19,2025-06-20,2025-06-24,0.741596,13.66,12.11,12.5672,3,-11.346998535871167,4.319180087847729,-11.346998535871167,gap_stop,14.3,9.98
cup_v1_legacy_mcst,杯柄 V1 旧版复原+MCST,600718.SH,东软集团,legacy_confirmed_cup,2023-04-07,2023-04-10,2023-04-10,0.694761,13.57,12.4844,12.4844,1,-7.9999999999999964,0.0,-9.653647752394988,stop_loss,13.2,9.71
cup_v1_legacy_mcst,杯柄 V1 旧版复原+MCST,600736.SH,苏州高新,legacy_confirmed_cup,2026-01-09,2026-01-12,2026-01-13,0.624861,7.78,7.1576,7.1576,2,-7.9999999999999964,3.341902313624656,-8.097686375321334,stop_loss,7.5,5.5
cup_v1_legacy_mcst,杯柄 V1 旧版复原+MCST,600737.SH,中粮糖业,legacy_confirmed_cup,2024-04-02,2024-04-03,2024-04-16,0.579025,9.98,10.19,9.1816,8,2.104208416833653,10.921843687374745,0.0,trend_exit_ma10,9.96,9.1
cup_v1_legacy_mcst,杯柄 V1 旧版复原+MCST,600737.SH,中粮糖业,legacy_confirmed_cup,2025-08-18,2025-08-19,2025-08-25,0.827722,16.0,14.72,14.72,5,-7.9999999999999964,3.125,-9.062499999999996,stop_loss,15.27,9.68
cup_v1_legacy_mcst,杯柄 V1 旧版复原+MCST,600741.SH,华域汽车,legacy_confirmed_cup,2025-09-05,2025-09-08,2025-09-12,0.707682,21.54,20.31,19.8168,5,-5.710306406685239,0.0,-5.89600742804085,trend_exit_ma10,20.75,17.4
cup_v1_legacy_mcst,杯柄 V1 旧版复原+MCST,600745.SH,闻泰科技,legacy_confirmed_cup,2025-09-22,2025-09-23,2025-09-30,0.830506,48.9,46.48,44.988,6,-4.94887525562373,3.885480572597144,-5.153374233128827,trend_exit_ma10,48.96,38.67
cup_v1_legacy_mcst,杯柄 V1 旧版复原+MCST,600749.SH,西藏旅游,legacy_confirmed_cup,2025-07-24,2025-07-25,2025-08-06,0.72579,19.26,23.88,17.7192,9,23.98753894080996,55.7632398753894,0.0,trend_exit_ma10,17.51,10.96
cup_v1_legacy_mcst,杯柄 V1 旧版复原+MCST,600750.SH,华润江中,legacy_confirmed_cup,2023-03-30,2023-03-31,2023-04-26,0.675556,19.23,22.01,17.6916,18,14.456578263130538,24.492979719188774,-0.832033281331257,trend_exit_ma10,19.25,14.1
cup_v1_legacy_mcst,杯柄 V1 旧版复原+MCST,600755.SH,厦门国贸,legacy_confirmed_cup,2023-03-15,2023-03-16,2023-03-20,0.709178,8.91,8.65,8.1972,3,-2.918069584736249,1.122334455667784,-3.030303030303028,trend_exit_ma10,8.95,7.8
cup_v1_legacy_mcst,杯柄 V1 旧版复原+MCST,600756.SH,浪潮软件,legacy_confirmed_cup,2023-02-03,2023-02-06,2023-02-16,0.58314,16.03,16.21,14.747600000000002,9,1.1228945726762252,6.550218340611336,-1.7467248908296984,trend_exit_ma10,16.22,12.92
cup_v1_legacy_mcst,杯柄 V1 旧版复原+MCST,600768.SH,宁波富邦,legacy_confirmed_cup,2025-07-02,2025-07-03,2025-07-30,0.734215,11.57,12.43,10.6444,20,7.433016421780469,12.186689714779607,-2.5064822817631893,trend_exit_ma10,11.57,10.38
cup_v1_legacy_mcst,杯柄 V1 旧版复原+MCST,600768.SH,宁波富邦,legacy_confirmed_cup,2026-01-16,2026-01-19,2026-02-06,0.731503,15.94,17.2,14.6648,15,7.90464240903388,21.079046424090357,-2.007528230865752,trend_exit_ma10,16.0,12.12
cup_v1_legacy_mcst,杯柄 V1 旧版复原+MCST,600773.SH,西藏城投,legacy_confirmed_cup,2024-11-07,2024-11-08,2024-11-14,0.610614,14.77,14.02,13.5884,5,-5.077860528097499,1.1509817197020933,-5.822613405551791,trend_exit_ma10,14.77,10.5
cup_v1_legacy_mcst,杯柄 V1 旧版复原+MCST,600780.SH,通宝能源,legacy_confirmed_cup,2023-02-15,2023-02-16,2023-03-15,0.792112,7.82,9.36,7.194400000000001,20,19.693094629156004,21.61125319693093,-1.278772378516635,max_hold,7.82,5.98
cup_v1_legacy_mcst,杯柄 V1 旧版复原+MCST,600780.SH,通宝能源,legacy_confirmed_cup,2023-11-24,2023-11-27,2023-12-04,0.731468,11.22,10.76,10.322400000000002,6,-4.099821746880583,4.456327985739761,-6.149732620320869,trend_exit_ma10,11.22,9.81
cup_v1_legacy_mcst,杯柄 V1 旧版复原+MCST,600792.SH,云煤能源,legacy_confirmed_cup,2023-09-06,2023-09-07,2023-09-08,0.672898,4.32,3.9744000000000006,3.9744000000000006,2,-7.9999999999999964,6.481481481481466,-9.95370370370371,stop_loss,4.8,3.3
cup_v1_legacy_mcst,杯柄 V1 旧版复原+MCST,600803.SH,新奥股份,legacy_confirmed_cup,2024-06-12,2024-06-13,2024-06-25,0.73325,20.55,20.85,18.906,9,1.4598540145985384,5.985401459854023,-0.9245742092457432,trend_exit_ma10,20.61,17.37
cup_v1_legacy_mcst,杯柄 V1 旧版复原+MCST,600820.SH,隧道股份,legacy_confirmed_cup,2023-04-28,2023-05-04,2023-05-12,0.635468,6.57,6.44,6.0444,7,-1.9786910197869043,5.783866057838649,-2.283105022831056,trend_exit_ma10,6.54,6.03
cup_v1_legacy_mcst,杯柄 V1 旧版复原+MCST,600828.SH,茂业商业,legacy_confirmed_cup,2023-07-21,2023-07-24,2023-08-04,0.590874,4.31,4.33,3.9652,10,0.4640371229698514,4.408352668213467,-1.6241299303944134,trend_exit_ma10,4.33,3.48
cup_v1_legacy_mcst,杯柄 V1 旧版复原+MCST,600831.SH,广电网络,legacy_confirmed_cup,2025-06-16,2025-06-17,2025-07-09,0.718941,3.59,4.07,3.3028,17,13.370473537604475,18.10584958217272,-1.671309192200554,trend_exit_ma10,3.59,3.11
cup_v1_legacy_mcst,杯柄 V1 旧版复原+MCST,600843.SH,上工申贝,legacy_confirmed_cup,2023-06-28,2023-06-29,2023-07-05,0.601621,5.77,5.73,5.3084,5,-0.6932409012131546,2.9462738301559988,-1.0398613518197486,trend_exit_ma10,5.77,5.5
cup_v1_legacy_mcst,杯柄 V1 旧版复原+MCST,600846.SH,同济科技,legacy_confirmed_cup,2022-12-12,2022-12-13,2022-12-21,0.643926,9.38,9.27,8.629600000000002,7,-1.1727078891258125,4.3710021321961445,-2.1321961620469176,trend_exit_ma10,9.39,8.28
cup_v1_legacy_mcst,杯柄 V1 旧版复原+MCST,600846.SH,同济科技,legacy_confirmed_cup,2025-05-07,2025-05-08,2025-05-15,0.629206,9.45,9.31,8.693999999999999,6,-1.4814814814814723,1.90476190476192,-1.5873015873015706,trend_exit_ma10,9.43,8.6
cup_v1_legacy_mcst,杯柄 V1 旧版复原+MCST,600846.SH,同济科技,legacy_confirmed_cup,2025-06-30,2025-07-01,2025-07-04,0.78996,11.38,10.54,10.469600000000002,4,-7.381370826010558,0.3514938488576424,-7.996485061511427,trend_exit_ma10,11.38,9.96
cup_v1_legacy_mcst,杯柄 V1 旧版复原+MCST,600857.SH,宁波中百,legacy_confirmed_cup,2025-07-24,2025-07-25,2025-08-15,0.715995,11.9,12.88,10.948,16,8.23529411764705,18.403361344537817,-1.6806722689075682,trend_exit_ma10,12.13,10.15
cup_v1_legacy_mcst,杯柄 V1 旧版复原+MCST,600861.SH,北京人力,legacy_confirmed_cup,2023-02-23,2023-02-24,2023-03-09,0.644635,25.19,25.17,23.1748,10,-0.0793965859468004,7.066296149265572,-4.168320762207223,trend_exit_ma10,25.08,20.88
cup_v1_legacy_mcst,杯柄 V1 旧版复原+MCST,600867.SH,通化东宝,legacy_confirmed_cup,2023-02-14,2023-02-15,2023-02-22,0.864203,11.69,11.38,10.7548,6,-2.651839178785276,1.9674935842600492,-4.619332763045336,trend_exit_ma10,11.65,9.76
cup_v1_legacy_mcst,杯柄 V1 旧版复原+MCST,600872.SH,中炬高新,legacy_confirmed_cup,2022-12-01,2022-12-02,2022-12-15,0.66142,38.18,39.4,35.1256,10,3.195390256678876,11.419591409114728,-0.8381351492928291,trend_exit_ma10,38.23,33.34
cup_v1_legacy_mcst,杯柄 V1 旧版复原+MCST,600886.SH,国投电力,legacy_confirmed_cup,2023-05-08,2023-05-09,2023-05-19,0.707884,12.7,12.53,11.684,9,-1.3385826771653564,4.173228346456703,-3.307086614173227,trend_exit_ma10,12.71,11.13
cup_v1_legacy_mcst,杯柄 V1 旧版复原+MCST,600889.SH,南京化纤,legacy_confirmed_cup,2023-12-06,2023-12-07,2023-12-08,0.755617,6.85,6.302,6.302,2,-7.9999999999999964,3.649635036496357,-12.554744525547434,stop_loss,7.11,5.56
cup_v1_legacy_mcst,杯柄 V1 旧版复原+MCST,600894.SH,广日股份,legacy_confirmed_cup,2023-03-28,2023-03-29,2023-03-31,0.584438,7.64,7.38,7.0288,3,-3.4031413612565453,0.654450261780104,-3.6649214659685736,trend_exit_ma10,7.69,6.9
cup_v1_legacy_mcst,杯柄 V1 旧版复原+MCST,600901.SH,江苏金租,legacy_confirmed_cup,2025-06-12,2025-06-13,2025-06-19,0.709904,6.02,6.06,5.5384,5,0.6644518272425293,3.1561461794020085,-0.4983388704318803,trend_exit_ma10,6.28,5.86
cup_v1_legacy_mcst,杯柄 V1 旧版复原+MCST,600938.SH,中国海油,legacy_confirmed_cup,2024-02-05,2024-02-06,2024-03-12,0.567627,23.04,27.47,21.1968,20,19.22743055555556,34.02777777777777,-2.864583333333337,max_hold,23.04,19.88
cup_v1_legacy_mcst,杯柄 V1 旧版复原+MCST,600959.SH,江苏有线,legacy_confirmed_cup,2023-05-05,2023-05-08,2023-05-15,0.721709,4.0,3.68,3.68,6,-7.9999999999999964,9.250000000000004,-7.9999999999999964,stop_loss,3.99,3.38
cup_v1_legacy_mcst,杯柄 V1 旧版复原+MCST,600963.SH,岳阳林纸,legacy_confirmed_cup,2023-02-20,2023-02-21,2023-03-06,0.763355,7.32,7.55,6.734400000000001,10,3.1420765027322384,9.97267759562841,-3.0054644808743203,trend_exit_ma10,7.29,6.0
cup_v1_legacy_mcst,杯柄 V1 旧版复原+MCST,600963.SH,岳阳林纸,legacy_confirmed_cup,2026-02-04,2026-02-05,2026-02-10,0.624224,6.1,5.612,5.612,4,-7.9999999999999964,2.622950819672143,-8.03278688524589,stop_loss,6.15,4.55
cup_v1_legacy_mcst,杯柄 V1 旧版复原+MCST,600967.SH,内蒙一机,legacy_confirmed_cup,2023-03-08,2023-03-09,2023-03-09,0.587662,9.77,9.68,8.9884,1,-0.92118730808598,0.0,-1.5353121801433,trend_exit_ma10,9.77,9.46
cup_v1_legacy_mcst,杯柄 V1 旧版复原+MCST,600968.SH,海油发展,legacy_confirmed_cup,2024-04-09,2024-04-10,2024-04-26,0.681145,3.7,4.18,3.4040000000000004,13,12.97297297297295,25.40540540540539,-0.5405405405405461,trend_exit_ma10,3.71,3.2
cup_v1_legacy_mcst,杯柄 V1 旧版复原+MCST,600969.SH,郴电国际,legacy_confirmed_cup,2025-04-24,2025-04-25,2025-04-29,0.712812,8.13,7.479600000000001,7.479600000000001,3,-7.9999999999999964,9.225092250922518,-11.316113161131623,stop_loss,8.07,6.97
cup_v1_legacy_mcst,杯柄 V1 旧版复原+MCST,600969.SH,郴电国际,legacy_confirmed_cup,2026-01-06,2026-01-07,2026-01-30,0.699217,10.41,11.81,9.5772,18,13.44860710854947,20.845341018251684,-1.056676272814594,trend_exit_ma10,10.36,8.53
cup_v1_legacy_mcst,杯柄 V1 旧版复原+MCST,600970.SH,中材国际,legacy_confirmed_cup,2023-03-15,2023-03-16,2023-03-27,0.650033,11.12,11.39,10.2304,8,2.4280575539568527,9.35251798561152,-0.989208633093519,trend_exit_ma10,11.27,8.43
cup_v1_legacy_mcst,杯柄 V1 旧版复原+MCST,600971.SH,恒源煤电,legacy_confirmed_cup,2023-12-04,2023-12-05,2023-12-19,0.717652,11.11,11.19,10.2212,11,0.7200720072007227,7.020702070207041,-4.230423042304221,trend_exit_ma10,11.2,9.63
cup_v1_legacy_mcst,杯柄 V1 旧版复原+MCST,600983.SH,惠而浦,legacy_confirmed_cup,2024-01-09,2024-01-10,2024-01-19,0.648848,9.76,9.42,8.9792,8,-3.4836065573770503,0.7172131147541005,-5.225409836065575,trend_exit_ma10,9.8,7.95
cup_v1_legacy_mcst,杯柄 V1 旧版复原+MCST,600986.SH,浙文互联,legacy_confirmed_cup,2023-03-24,2023-03-27,2023-03-30,0.780195,6.9,6.43,6.348000000000001,4,-6.811594202898563,0.2898550724637516,-7.246376811594201,trend_exit_ma10,6.89,5.65
cup_v1_legacy_mcst,杯柄 V1 旧版复原+MCST,600988.SH,赤峰黄金,legacy_confirmed_cup,2025-09-09,2025-09-10,2025-09-17,0.659559,29.3,28.5,26.956000000000003,6,-2.730375426621168,4.368600682593837,-4.095563139931735,trend_exit_ma10,30.8,23.9
cup_v1_legacy_mcst,杯柄 V1 旧版复原+MCST,600989.SH,宝丰能源,legacy_confirmed_cup,2024-04-02,2024-04-03,2024-04-18,0.684835,16.91,16.53,15.557200000000002,10,-2.247191011235949,2.4837374334713003,-4.790065050266112,trend_exit_ma10,16.89,15.44
cup_v1_legacy_mcst,杯柄 V1 旧版复原+MCST,600993.SH,马应龙,legacy_confirmed_cup,2023-02-21,2023-02-22,2023-03-03,0.704697,26.39,26.78,24.2788,8,1.4778325123152802,5.683971201212579,-0.5305039787798393,trend_exit_ma10,26.47,21.47
cup_v1_legacy_mcst,杯柄 V1 旧版复原+MCST,600999.SH,招商证券,legacy_confirmed_cup,2024-09-30,2024-10-08,2024-10-14,0.764366,21.38,19.6696,19.6696,5,-7.9999999999999964,10.009354536950422,-10.851262862488309,stop_loss,19.44,14.89
cup_v1_legacy_mcst,杯柄 V1 旧版复原+MCST,601000.SH,唐山港,legacy_confirmed_cup,2024-07-29,2024-07-30,2024-08-05,0.662678,5.26,5.15,4.8392,5,-2.091254752851701,5.323193916349811,-3.802281368821292,trend_exit_ma10,5.27,4.7
cup_v1_legacy_mcst,杯柄 V1 旧版复原+MCST,601002.SH,晋亿实业,legacy_confirmed_cup,2025-08-13,2025-08-14,2025-08-20,0.749465,6.1,5.612,5.612,5,-7.9999999999999964,1.3114754098360717,-8.03278688524589,stop_loss,6.08,5.12
cup_v1_legacy_mcst,杯柄 V1 旧版复原+MCST,601006.SH,大秦铁路,legacy_confirmed_cup,2023-05-04,2023-05-05,2023-05-11,0.622088,7.92,7.72,7.2864,5,-2.5252525252525304,3.661616161616177,-2.777777777777779,trend_exit_ma10,7.96,7.42
cup_v1_legacy_mcst,杯柄 V1 旧版复原+MCST,601009.SH,南京银行,legacy_confirmed_cup,2022-04-08,2022-04-11,2022-04-26,0.664682,11.51,11.75,10.5892,12,2.0851433536055675,8.079930495221554,-3.3883579496090444,trend_exit_ma10,11.57,9.2
cup_v1_legacy_mcst,杯柄 V1 旧版复原+MCST,601009.SH,南京银行,legacy_confirmed_cup,2022-04-19,2022-04-20,2022-04-26,0.729557,11.83,11.75,10.8836,5,-0.6762468300929858,5.156382079458988,-2.197802197802201,trend_exit_ma10,11.77,10.59
cup_v1_legacy_mcst,杯柄 V1 旧版复原+MCST,601019.SH,山东出版,legacy_confirmed_cup,2023-03-22,2023-03-23,2023-04-06,0.609625,7.59,7.74,6.9828,10,1.976284584980248,7.114624505928857,-1.3175230566534912,trend_exit_ma10,7.58,6.87
cup_v1_legacy_mcst,杯柄 V1 旧版复原+MCST,601019.SH,山东出版,legacy_confirmed_cup,2023-04-19,2023-04-20,2023-05-11,0.737622,8.56,11.23,7.8752,13,31.191588785046733,57.82710280373831,-0.1168224299065379,trend_exit_ma10,8.62,7.31
cup_v1_legacy_mcst,杯柄 V1 旧版复原+MCST,601020.SH,华钰矿业,legacy_confirmed_cup,2024-11-05,2024-11-06,2024-11-07,0.642707,16.3,14.996,14.996,2,-7.9999999999999964,2.1472392638036686,-9.202453987730063,stop_loss,15.57,11.58
cup_v1_legacy_mcst,杯柄 V1 旧版复原+MCST,601038.SH,一拖股份,legacy_confirmed_cup,2023-11-29,2023-11-30,2023-12-18,0.666349,13.49,13.64,12.4108,13,1.111934766493694,6.226834692364713,-0.7412898443291294,trend_exit_ma10,13.48,11.15
cup_v1_legacy_mcst,杯柄 V1 旧版复原+MCST,601058.SH,赛轮轮胎,legacy_confirmed_cup,2025-12-12,2025-12-15,2025-12-18,0.709385,17.88,17.33,16.4496,4,-3.076062639821031,0.0,-4.138702460850108,trend_exit_ma10,17.9,15.48
cup_v1_legacy_mcst,杯柄 V1 旧版复原+MCST,601068.SH,中铝国际,legacy_confirmed_cup,2023-04-27,2023-04-28,2023-05-09,0.67077,6.73,6.31,6.191600000000001,5,-6.240713224368511,11.292719167904908,-6.240713224368511,trend_exit_ma10,6.83,5.98
cup_v1_legacy_mcst,杯柄 V1 旧版复原+MCST,601086.SH,国芳集团,legacy_confirmed_cup,2023-05-12,2023-05-15,2023-05-22,0.635605,4.81,4.79,4.4252,6,-0.4158004158004047,2.494802494802495,-2.494802494802484,trend_exit_ma10,4.83,3.78
cup_v1_legacy_mcst,杯柄 V1 旧版复原+MCST,601088.SH,中国神华,legacy_confirmed_cup,2024-01-08,2024-01-09,2024-01-19,0.743195,33.5,33.25,30.82,9,-0.7462686567164201,3.462686567164175,-2.0597014925373025,trend_exit_ma10,33.65,30.07
cup_v1_legacy_mcst,杯柄 V1 旧版复原+MCST,601089.SH,福元医药,legacy_confirmed_cup,2026-01-09,2026-01-12,2026-01-15,0.706922,29.89,27.498800000000003,27.498800000000003,4,-7.9999999999999964,3.0444964871194413,-9.267313482770156,stop_loss,30.27,22.74
cup_v1_legacy_mcst,杯柄 V1 旧版复原+MCST,601099.SH,太平洋,legacy_confirmed_cup,2023-07-28,2023-07-31,2023-08-18,0.669844,4.0,4.65,3.68,15,16.250000000000007,32.00000000000001,0.0,trend_exit_ma10,3.64,2.62
cup_v1_legacy_mcst,杯柄 V1 旧版复原+MCST,601106.SH,中国一重,legacy_confirmed_cup,2023-05-05,2023-05-08,2023-05-10,0.557161,3.47,3.42,3.1924,3,-1.4409221902017322,5.7636887608069065,-2.017291066282434,trend_exit_ma10,3.48,3.29
cup_v1_legacy_mcst,杯柄 V1 旧版复原+MCST,601107.SH,四川成渝,legacy_confirmed_cup,2023-05-08,2023-05-09,2023-05-16,0.708189,4.53,4.36,4.1676,6,-3.752759381898452,1.103752759381904,-5.298013245033117,trend_exit_ma10,4.54,3.69
cup_v1_legacy_mcst,杯柄 V1 旧版复原+MCST,601111.SH,中国国航,legacy_confirmed_cup,2022-06-30,2022-07-01,2022-07-04,0.752845,11.32,10.4144,10.4144,2,-7.9999999999999964,0.6183745583038913,-8.127208480565374,stop_loss,11.61,9.85
cup_v1_legacy_mcst,杯柄 V1 旧版复原+MCST,601118.SH,海南橡胶,legacy_confirmed_cup,2025-11-05,2025-11-06,2025-11-19,0.664391,5.97,5.9,5.4924,10,-1.1725293132328174,7.035175879396993,-3.1825795644891075,trend_exit_ma10,6.02,5.06
cup_v1_legacy_mcst,杯柄 V1 旧版复原+MCST,601126.SH,四方股份,legacy_confirmed_cup,2025-10-15,2025-10-16,2025-11-11,0.701822,26.66,29.84,24.5272,19,11.927981995498872,27.344336084021027,-6.18904726181545,trend_exit_ma10,24.88,18.73
cup_v1_legacy_mcst,杯柄 V1 旧版复原+MCST,601138.SH,工业富联,legacy_confirmed_cup,2023-03-13,2023-03-14,2023-04-11,0.847704,11.6,17.35,10.672,20,49.5689655172414,63.793103448275865,-1.551724137931032,trend_exit_ma10,11.61,9.2
cup_v1_legacy_mcst,杯柄 V1 旧版复原+MCST,601156.SH,东航物流,legacy_confirmed_cup,2022-05-10,2022-05-11,2022-05-17,0.553284,24.67,23.31,22.696400000000004,5,-5.512768544791258,3.567085528982572,-7.377381434941221,trend_exit_ma10,24.71,20.02
cup_v1_legacy_mcst,杯柄 V1 旧版复原+MCST,601162.SH,天风证券,legacy_confirmed_cup,2023-08-03,2023-08-04,2023-08-08,0.60142,4.1,3.772,3.772,3,-7.9999999999999964,4.3902439024390505,-9.024390243902436,stop_loss,3.98,2.9
cup_v1_legacy_mcst,杯柄 V1 旧版复原+MCST,601168.SH,西部矿业,legacy_confirmed_cup,2023-04-18,2023-04-19,2023-04-21,0.748944,14.21,13.23,13.073200000000002,3,-6.896551724137934,3.589021815622795,-7.10767065446869,trend_exit_ma10,14.22,10.79
cup_v1_legacy_mcst,杯柄 V1 旧版复原+MCST,601169.SH,北京银行,legacy_confirmed_cup,2025-06-20,2025-06-23,2025-06-30,0.611142,6.83,6.83,6.283600000000001,6,0.0,3.8067349926793614,-1.024890190336758,trend_exit_ma10,6.84,6.35
cup_v1_legacy_mcst,杯柄 V1 旧版复原+MCST,601177.SH,杭齿前进,legacy_confirmed_cup,2023-03-28,2023-03-29,2023-04-03,0.626035,10.35,10.01,9.522,4,-3.2850241545893666,1.5458937198067568,-4.444444444444439,trend_exit_ma10,10.38,8.96
cup_v1_legacy_mcst,杯柄 V1 旧版复原+MCST,601177.SH,杭齿前进,legacy_confirmed_cup,2023-05-11,2023-05-12,2023-05-19,0.679332,11.16,10.85,10.2672,6,-2.777777777777779,0.7168458781362075,-3.4946236559139865,trend_exit_ma10,11.17,8.99
cup_v1_legacy_mcst,杯柄 V1 旧版复原+MCST,601187.SH,厦门银行,legacy_confirmed_cup,2024-05-24,2024-05-27,2024-05-29,0.73036,5.95,5.9,5.474,3,-0.8403361344537785,2.184873949579824,-1.3445378151260567,trend_exit_ma10,5.97,5.63
cup_v1_legacy_mcst,杯柄 V1 旧版复原+MCST,601187.SH,厦门银行,legacy_confirmed_cup,2025-06-24,2025-06-25,2025-07-21,0.755017,6.92,7.64,6.3664000000000005,19,10.404624277456652,15.462427745664751,-3.757225433526013,trend_exit_ma10,6.95,6.12
cup_v1_legacy_mcst,杯柄 V1 旧版复原+MCST,601198.SH,东兴证券,legacy_confirmed_cup,2024-11-04,2024-11-05,2024-11-13,0.772068,12.66,12.42,11.6472,7,-1.8957345971563957,11.532385466034745,-4.660347551342814,trend_exit_ma10,12.51,9.34
cup_v1_legacy_mcst,杯柄 V1 旧版复原+MCST,601225.SH,陕西煤业,legacy_confirmed_cup,2024-01-08,2024-01-09,2024-01-22,0.812584,22.05,22.56,20.286,10,2.3129251700680253,5.804988662131505,-0.8616780045351491,trend_exit_ma10,22.25,18.87
cup_v1_legacy_mcst,杯柄 V1 旧版复原+MCST,601228.SH,广州港,legacy_confirmed_cup,2022-06-14,2022-06-15,2022-06-15,0.666821,4.4,4.048000000000001,4.048000000000001,1,-7.999999999999985,6.136363636363629,-8.18181818181819,stop_loss,4.31,3.41
cup_v1_legacy_mcst,杯柄 V1 旧版复原+MCST,601279.SH,英利汽车,legacy_confirmed_cup,2023-11-30,2023-12-01,2023-12-01,0.750132,7.55,6.946,6.946,1,-7.9999999999999964,2.251655629139071,-12.185430463576164,stop_loss,7.02,6.03
cup_v1_legacy_mcst,杯柄 V1 旧版复原+MCST,601288.SH,农业银行,legacy_confirmed_cup,2025-06-25,2025-06-26,2025-07-17,0.606742,6.01,6.13,5.5292,16,1.996672212978368,8.319467554076532,-3.4941763727121438,trend_exit_ma10,6.02,5.48
cup_v1_legacy_mcst,杯柄 V1 旧版复原+MCST,601318.SH,中国平安,legacy_confirmed_cup,2023-01-11,2023-01-12,2023-01-31,0.763089,50.9,50.98,46.828,9,0.1571709233791685,5.304518664047153,-0.9233791748526454,trend_exit_ma10,50.7,44.58
cup_v1_legacy_mcst,杯柄 V1 旧版复原+MCST,601318.SH,中国平安,legacy_confirmed_cup,2026-01-05,2026-01-06,2026-01-08,0.681806,72.4,70.38,66.608,3,-2.7900552486187946,3.425414364640877,-3.784530386740348,trend_exit_ma10,72.36,63.52
cup_v1_legacy_mcst,杯柄 V1 旧版复原+MCST,601319.SH,中国人保,legacy_confirmed_cup,2023-04-26,2023-04-27,2023-05-12,0.688959,5.88,6.35,5.4096,9,7.993197278911568,18.19727891156464,-1.530612244897955,trend_exit_ma10,5.82,5.01
cup_v1_legacy_mcst,杯柄 V1 旧版复原+MCST,601319.SH,中国人保,legacy_confirmed_cup,2024-09-05,2024-09-06,2024-09-11,0.616661,6.15,6.0,5.658,4,-2.4390243902439046,1.6260162601625885,-3.089430894308953,trend_exit_ma10,6.16,5.68
cup_v1_legacy_mcst,杯柄 V1 旧版复原+MCST,601319.SH,中国人保,legacy_confirmed_cup,2024-09-26,2024-09-27,2024-10-15,0.711286,6.77,7.09,6.2284,8,4.726735598227472,20.82717872968982,-3.249630723781382,trend_exit_ma10,6.64,5.68
cup_v1_legacy_mcst,杯柄 V1 旧版复原+MCST,601319.SH,中国人保,legacy_confirmed_cup,2025-06-26,2025-06-27,2025-06-30,0.690591,9.02,8.71,8.298399999999999,2,-3.436807095343664,0.77605321507761,-4.6563192904656265,trend_exit_ma10,9.0,8.08
cup_v1_legacy_mcst,杯柄 V1 旧版复原+MCST,601326.SH,秦港股份,legacy_confirmed_cup,2023-05-08,2023-05-09,2023-05-10,0.645118,4.93,4.5356,4.5356,2,-8.000000000000007,0.0,-13.995943204868144,stop_loss,4.48,2.98
cup_v1_legacy_mcst,杯柄 V1 旧版复原+MCST,601333.SH,广深铁路,legacy_confirmed_cup,2023-03-07,2023-03-08,2023-03-10,0.565158,2.36,2.31,2.1712,3,-2.1186440677966045,1.271186440677985,-2.1186440677966045,trend_exit_ma10,2.36,2.12
cup_v1_legacy_mcst,杯柄 V1 旧版复原+MCST,601336.SH,新华保险,legacy_confirmed_cup,2025-06-26,2025-06-27,2025-07-09,0.689202,60.3,59.24,55.476,9,-1.7578772802653295,2.122719734660028,-4.096185737976777,trend_exit_ma10,60.33,46.35
cup_v1_legacy_mcst,杯柄 V1 旧版复原+MCST,601336.SH,新华保险,legacy_confirmed_cup,2025-07-25,2025-07-28,2025-08-08,0.738607,63.5,63.58,58.42,10,0.1259842519685028,8.15748031496064,-0.2992125984251914,trend_exit_ma10,63.79,57.83
cup_v1_legacy_mcst,杯柄 V1 旧版复原+MCST,601339.SH,百隆东方,legacy_confirmed_cup,2023-02-15,2023-02-16,2023-02-21,0.689067,7.01,6.72,6.4492,4,-4.1369472182596345,0.7132667617689048,-4.850213980028528,trend_exit_ma10,7.0,6.15
cup_v1_legacy_mcst,杯柄 V1 旧版复原+MCST,601390.SH,中国中铁,legacy_confirmed_cup,2023-03-15,2023-03-16,2023-03-24,0.699267,7.43,7.35,6.8356,7,-1.076716016150736,8.8829071332436,-2.826379542395696,trend_exit_ma10,7.48,6.42
cup_v1_legacy_mcst,杯柄 V1 旧版复原+MCST,601398.SH,工商银行,legacy_confirmed_cup,2024-07-15,2024-07-16,2024-07-16,0.565582,5.92,5.89,5.446400000000001,1,-0.5067567567567655,0.8445945945945832,-1.520270270270263,trend_exit_ma10,6.2,5.59
cup_v1_legacy_mcst,杯柄 V1 旧版复原+MCST,601398.SH,工商银行,legacy_confirmed_cup,2025-06-26,2025-06-27,2025-07-15,0.594618,7.72,7.8,7.1024,13,1.0362694300518172,8.290155440414493,-3.886010362694303,trend_exit_ma10,7.72,6.93
cup_v1_legacy_mcst,杯柄 V1 旧版复原+MCST,601555.SH,东吴证券,legacy_confirmed_cup,2023-07-28,2023-07-31,2023-08-11,0.743963,9.13,9.01,8.399600000000001,10,-1.3143483023001168,8.652792990142387,-3.6144578313253017,trend_exit_ma10,9.13,7.45
cup_v1_legacy_mcst,杯柄 V1 旧版复原+MCST,601577.SH,长沙银行,legacy_confirmed_cup,2025-06-04,2025-06-05,2025-06-13,0.656398,10.2,9.94,9.384,7,-2.5490196078431397,1.7647058823529571,-3.039215686274499,trend_exit_ma10,10.17,8.67
cup_v1_legacy_mcst,杯柄 V1 旧版复原+MCST,601577.SH,长沙银行,legacy_confirmed_cup,2025-06-25,2025-06-26,2025-06-27,0.587846,10.16,10.01,9.3472,2,-1.476377952755914,2.460629921259838,-1.9685039370078703,trend_exit_ma10,10.17,9.79
cup_v1_legacy_mcst,杯柄 V1 旧版复原+MCST,601579.SH,会稽山,legacy_confirmed_cup,2025-04-10,2025-04-11,2025-04-16,0.74432,13.38,12.3096,12.3096,4,-7.9999999999999964,0.8968609865470878,-10.463378176382664,stop_loss,13.65,10.36
cup_v1_legacy_mcst,杯柄 V1 旧版复原+MCST,601595.SH,上海电影,legacy_confirmed_cup,2025-08-01,2025-08-04,2025-08-05,0.689409,36.91,34.41,33.9572,2,-6.773232186399348,3.982660525602833,-6.96288268761851,trend_exit_ma10,39.5,27.1
cup_v1_legacy_mcst,杯柄 V1 旧版复原+MCST,601598.SH,中国外运,legacy_confirmed_cup,2023-05-08,2023-05-09,2023-05-12,0.733157,5.65,5.18,5.198,4,-8.318584070796476,9.02654867256636,-9.734513274336296,gap_stop,5.14,4.02
cup_v1_legacy_mcst,杯柄 V1 旧版复原+MCST,601598.SH,中国外运,legacy_confirmed_cup,2025-09-15,2025-09-16,2025-09-29,0.744853,6.17,6.53,5.6764,10,5.834683954619124,28.849270664505667,-0.8103727714748765,trend_exit_ma10,6.26,5.45
cup_v1_legacy_mcst,杯柄 V1 旧版复原+MCST,601598.SH,中国外运,legacy_confirmed_cup,2025-09-25,2025-09-26,2025-09-26,0.787773,7.7,7.0840000000000005,7.0840000000000005,1,-7.9999999999999964,2.7272727272727337,-8.831168831168835,stop_loss,7.8,5.51
cup_v1_legacy_mcst,杯柄 V1 旧版复原+MCST,601599.SH,浙文影业,legacy_confirmed_cup,2026-02-10,2026-02-11,2026-02-11,0.825041,5.59,5.1428,5.1428,1,-7.9999999999999964,0.0,-9.123434704830046,stop_loss,5.64,4.28
cup_v1_legacy_mcst,杯柄 V1 旧版复原+MCST,601600.SH,中国铝业,legacy_confirmed_cup,2025-10-27,2025-10-28,2025-11-18,0.70441,9.35,10.75,8.602,16,14.973262032085575,31.550802139037447,-1.17647058823529,trend_exit_ma10,9.4,7.32
cup_v1_legacy_mcst,杯柄 V1 旧版复原+MCST,601601.SH,中国太保,legacy_confirmed_cup,2023-02-13,2023-02-14,2023-02-24,0.624577,27.0,27.66,24.84,9,2.444444444444449,6.62962962962963,-0.5555555555555536,trend_exit_ma10,27.13,23.45
cup_v1_legacy_mcst,杯柄 V1 旧版复原+MCST,601608.SH,中信重工,legacy_confirmed_cup,2025-03-26,2025-03-27,2025-03-27,0.735531,6.23,5.7316,5.7316,1,-8.000000000000007,0.0,-8.828250401284121,stop_loss,6.11,4.46
cup_v1_legacy_mcst,杯柄 V1 旧版复原+MCST,601609.SH,金田股份,legacy_confirmed_cup,2026-01-22,2026-01-23,2026-01-30,0.638028,12.07,11.91,11.1044,6,-1.3256006628003305,7.125103562551782,-4.473902236951122,trend_exit_ma10,12.09,10.72
cup_v1_legacy_mcst,杯柄 V1 旧版复原+MCST,601618.SH,中国中冶,legacy_confirmed_cup,2023-03-17,2023-03-20,2023-03-24,0.713817,4.07,3.8,3.7444000000000006,5,-6.6339066339066495,3.9312039312039415,-6.6339066339066495,trend_exit_ma10,4.07,3.13
cup_v1_legacy_mcst,杯柄 V1 旧版复原+MCST,601619.SH,嘉泽新能,legacy_confirmed_cup,2025-09-25,2025-09-26,2025-10-14,0.584522,5.3,5.18,4.876,7,-2.264150943396226,15.84905660377358,-2.8301886792452717,trend_exit_ma10,5.07,4.0
cup_v1_legacy_mcst,杯柄 V1 旧版复原+MCST,601628.SH,中国人寿,legacy_confirmed_cup,2022-12-05,2022-12-06,2022-12-12,0.740443,36.88,35.35,33.9296,5,-4.148590021691978,0.7863340563991406,-4.772234273318887,trend_exit_ma10,37.1,32.25
cup_v1_legacy_mcst,杯柄 V1 旧版复原+MCST,601628.SH,中国人寿,legacy_confirmed_cup,2023-05-04,2023-05-05,2023-05-10,0.692097,40.0,38.0,36.8,4,-5.000000000000004,1.1749999999999927,-6.199999999999994,trend_exit_ma10,40.16,35.0
cup_v1_legacy_mcst,杯柄 V1 旧版复原+MCST,601628.SH,中国人寿,legacy_confirmed_cup,2024-09-20,2024-09-23,2024-10-16,0.657094,35.0,42.94,32.2,13,22.685714285714287,38.28571428571428,-0.9714285714285786,trend_exit_ma10,34.99,28.96
cup_v1_legacy_mcst,杯柄 V1 旧版复原+MCST,601665.SH,齐鲁银行,legacy_confirmed_cup,2024-10-14,2024-10-15,2024-10-25,0.666418,5.5,5.45,5.0600000000000005,9,-0.9090909090909038,2.1818181818181737,-3.4545454545454657,trend_exit_ma10,5.58,4.72
cup_v1_legacy_mcst,杯柄 V1 旧版复原+MCST,601668.SH,中国建筑,legacy_confirmed_cup,2022-04-08,2022-04-11,2022-04-18,0.68883,6.11,5.94,5.621200000000001,6,-2.782324058919805,2.127659574468077,-4.418985270049102,trend_exit_ma10,6.12,4.67
cup_v1_legacy_mcst,杯柄 V1 旧版复原+MCST,601686.SH,友发集团,legacy_confirmed_cup,2023-08-01,2023-08-02,2023-08-11,0.782593,7.51,7.52,6.9092,8,0.133155792276951,2.130492676431417,-2.130492676431428,trend_exit_ma10,7.54,6.93
cup_v1_legacy_mcst,杯柄 V1 旧版复原+MCST,601702.SH,华峰铝业,legacy_confirmed_cup,2024-03-28,2024-03-29,2024-04-22,0.674038,19.05,19.03,17.526,15,-0.1049868766404227,6.5616797900262425,-5.511811023622048,trend_exit_ma10,19.04,17.18
cup_v1_legacy_mcst,杯柄 V1 旧版复原+MCST,601766.SH,中国中车,legacy_confirmed_cup,2024-04-17,2024-04-18,2024-04-23,0.714354,7.8,7.28,7.176,4,-6.666666666666665,3.589743589743599,-7.948717948717954,trend_exit_ma10,7.88,6.36
cup_v1_legacy_mcst,杯柄 V1 旧版复原+MCST,601777.SH,千里科技,legacy_confirmed_cup,2025-09-01,2025-09-02,2025-09-04,0.582386,12.13,11.1596,11.1596,3,-7.9999999999999964,0.4122011541632275,-9.56306677658697,stop_loss,12.1,10.25
cup_v1_legacy_mcst,杯柄 V1 旧版复原+MCST,601778.SH,晶科科技,legacy_confirmed_cup,2026-01-23,2026-01-26,2026-01-26,0.623789,4.44,4.22,4.0848,1,-4.954954954954971,0.4504504504504458,-6.081081081081086,trend_exit_ma10,4.44,4.02
cup_v1_legacy_mcst,杯柄 V1 旧版复原+MCST,601788.SH,光大证券,legacy_confirmed_cup,2022-11-15,2022-11-16,2022-11-21,0.648418,16.89,15.538800000000002,15.538800000000002,4,-7.9999999999999964,0.2368265245707546,-9.177027827116646,stop_loss,16.96,13.11
cup_v1_legacy_mcst,杯柄 V1 旧版复原+MCST,601788.SH,光大证券,legacy_confirmed_cup,2023-08-10,2023-08-11,2023-08-11,0.635115,19.2,18.23,17.664,1,-5.052083333333323,0.0520833333333525,-5.156249999999996,trend_exit_ma10,19.5,15.16
cup_v1_legacy_mcst,杯柄 V1 旧版复原+MCST,601801.SH,皖新传媒,legacy_confirmed_cup,2023-02-02,2023-02-03,2023-02-13,0.709738,5.61,5.54,5.161200000000001,7,-1.2477718360071388,2.852049910873422,-1.9607843137254943,trend_exit_ma10,5.61,5.02
cup_v1_legacy_mcst,杯柄 V1 旧版复原+MCST,601808.SH,中海油服,legacy_confirmed_cup,2024-04-03,2024-04-08,2024-04-16,0.706998,18.25,18.64,16.79,7,2.13698630136987,6.301369863013684,-1.8630136986301336,trend_exit_ma10,19.84,15.82
cup_v1_legacy_mcst,杯柄 V1 旧版复原+MCST,601827.SH,三峰环境,legacy_confirmed_cup,2023-05-08,2023-05-09,2023-05-19,0.709969,7.83,7.85,7.203600000000001,9,0.2554278416347255,4.7254150702426445,0.0,trend_exit_ma10,7.86,7.29
cup_v1_legacy_mcst,杯柄 V1 旧版复原+MCST,601838.SH,成都银行,legacy_confirmed_cup,2024-05-07,2024-05-08,2024-05-23,0.805685,14.73,15.84,13.5516,12,7.535641547861505,10.251188051595372,-0.5431093007467802,trend_exit_ma10,14.72,13.56
cup_v1_legacy_mcst,杯柄 V1 旧版复原+MCST,601838.SH,成都银行,legacy_confirmed_cup,2025-06-20,2025-06-23,2025-06-27,0.740857,20.05,20.16,18.446,5,0.5486284289276888,4.538653366583545,-1.4463840399002503,trend_exit_ma10,20.07,18.22
cup_v1_legacy_mcst,杯柄 V1 旧版复原+MCST,601857.SH,中国石油,legacy_confirmed_cup,2023-04-12,2023-04-13,2023-05-10,0.622511,6.86,7.77,6.3112,17,13.265306122448962,25.94752186588922,-2.3323615160349864,trend_exit_ma10,6.83,5.9
cup_v1_legacy_mcst,杯柄 V1 旧版复原+MCST,601872.SH,招商轮船,legacy_confirmed_cup,2024-03-04,2024-03-05,2024-03-12,0.698214,7.71,7.31,7.0932,6,-5.188067444876787,0.0,-6.6147859922178975,trend_exit_ma10,7.68,6.57
cup_v1_legacy_mcst,杯柄 V1 旧版复原+MCST,601872.SH,招商轮船,legacy_confirmed_cup,2024-03-20,2024-03-21,2024-03-28,0.747564,7.78,7.71,7.1576,6,-0.899742930591263,1.0282776349614495,-3.470437017994865,trend_exit_ma10,7.81,7.13
cup_v1_legacy_mcst,杯柄 V1 旧版复原+MCST,601898.SH,中煤能源,legacy_confirmed_cup,2024-01-08,2024-01-09,2024-01-19,0.747837,10.44,10.58,9.6048,9,1.3409961685823868,4.980842911877415,-1.245210727969337,trend_exit_ma10,10.52,9.58
cup_v1_legacy_mcst,杯柄 V1 旧版复原+MCST,601899.SH,紫金矿业,legacy_confirmed_cup,2024-03-18,2024-03-19,2024-04-17,0.67694,15.7,18.08,14.444,20,15.159235668789805,18.66242038216561,-3.3757961783439483,max_hold,15.78,14.18
cup_v1_legacy_mcst,杯柄 V1 旧版复原+MCST,601900.SH,南方传媒,legacy_confirmed_cup,2023-03-21,2023-03-22,2023-03-30,0.777882,9.46,9.52,8.7032,7,0.6342494714587588,8.668076109936562,-1.374207188160681,trend_exit_ma10,9.43,8.39
cup_v1_legacy_mcst,杯柄 V1 旧版复原+MCST,601916.SH,浙商银行,legacy_confirmed_cup,2024-03-27,2024-03-28,2024-04-09,0.681286,2.97,2.98,2.7324,7,0.336700336700324,1.683501683501687,-2.020202020202022,trend_exit_ma10,2.98,2.75
cup_v1_legacy_mcst,杯柄 V1 旧版复原+MCST,601916.SH,浙商银行,legacy_confirmed_cup,2025-06-25,2025-06-26,2025-06-27,0.742215,3.62,3.41,3.3304,2,-5.8011049723756924,1.933701657458564,-6.353591160220995,trend_exit_ma10,3.63,3.23
cup_v1_legacy_mcst,杯柄 V1 旧版复原+MCST,601921.SH,浙版传媒,legacy_confirmed_cup,2023-04-25,2023-04-26,2023-05-09,0.746088,9.6,9.76,8.832,7,1.6666666666666607,14.583333333333348,-2.9166666666666563,trend_exit_ma10,9.82,8.36
cup_v1_legacy_mcst,杯柄 V1 旧版复原+MCST,601939.SH,建设银行,legacy_confirmed_cup,2024-08-22,2024-08-23,2024-08-29,0.594821,8.22,7.91,7.562400000000001,5,-3.771289537712896,2.311435523114347,-4.014598540145997,trend_exit_ma10,8.22,7.29
cup_v1_legacy_mcst,杯柄 V1 旧版复原+MCST,601963.SH,重庆银行,legacy_confirmed_cup,2025-05-12,2025-05-13,2025-05-26,0.597071,11.01,11.22,10.1292,10,1.9073569482289,6.721162579473217,-1.180744777475018,trend_exit_ma10,11.11,10.22
cup_v1_legacy_mcst,杯柄 V1 旧版复原+MCST,601985.SH,中国核电,legacy_confirmed_cup,2023-05-08,2023-05-09,2023-05-15,0.611879,7.26,7.02,6.6792,5,-3.3057851239669422,0.8264462809917328,-4.407713498622579,trend_exit_ma10,7.23,6.5
cup_v1_legacy_mcst,杯柄 V1 旧版复原+MCST,601988.SH,中国银行,legacy_confirmed_cup,2024-02-19,2024-02-20,2024-02-26,0.645967,4.5,4.46,4.140000000000001,5,-0.8888888888888946,3.777777777777769,-1.1111111111111072,trend_exit_ma10,4.51,3.89
cup_v1_legacy_mcst,杯柄 V1 旧版复原+MCST,601998.SH,中信银行,legacy_confirmed_cup,2025-06-04,2025-06-05,2025-06-27,0.695057,8.35,8.46,7.682,17,1.3173652694610904,6.347305389221569,-2.754491017964078,trend_exit_ma10,8.36,7.4
cup_v1_legacy_mcst,杯柄 V1 旧版复原+MCST,603006.SH,联明股份,legacy_confirmed_cup,2023-06-14,2023-06-15,2023-06-16,0.729569,13.46,11.78,12.383200000000002,2,-12.48142644873701,0.0,-13.744427934621106,gap_stop,14.07,8.69
cup_v1_legacy_mcst,杯柄 V1 旧版复原+MCST,603009.SH,北特科技,legacy_confirmed_cup,2023-10-27,2023-10-30,2023-10-30,0.686325,10.87,10.0004,10.0004,1,-8.000000000000007,3.4958601655933785,-9.84360625574976,stop_loss,10.23,6.62
cup_v1_legacy_mcst,杯柄 V1 旧版复原+MCST,603013.SH,亚普股份,legacy_confirmed_cup,2025-05-20,2025-05-21,2025-05-28,0.620061,17.71,18.35,16.293200000000002,6,3.613777526821016,18.40767927724449,0.0,trend_exit_ma10,17.9,16.52
cup_v1_legacy_mcst,杯柄 V1 旧版复原+MCST,603058.SH,永吉股份,legacy_confirmed_cup,2023-04-14,2023-04-17,2023-04-27,0.692446,10.32,10.92,9.4944,9,5.813953488372081,10.949612403100772,-2.3255813953488413,trend_exit_ma10,10.13,8.24
cup_v1_legacy_mcst,杯柄 V1 旧版复原+MCST,603058.SH,永吉股份,legacy_confirmed_cup,2023-05-09,2023-05-10,2023-05-12,0.670644,12.0,11.04,11.04,3,-7.9999999999999964,2.583333333333337,-9.999999999999998,stop_loss,12.58,9.45
cup_v1_legacy_mcst,杯柄 V1 旧版复原+MCST,603059.SH,倍加洁,legacy_confirmed_cup,2025-07-31,2025-08-01,2025-08-11,0.774821,33.78,32.95,31.077600000000004,7,-2.457075192421543,46.4476021314387,-2.960331557134399,trend_exit_ma10,30.71,26.02
cup_v1_legacy_mcst,杯柄 V1 旧版复原+MCST,603073.SH,彩蝶实业,legacy_confirmed_cup,2025-08-12,2025-08-13,2025-08-14,0.732386,18.99,18.27,17.4708,2,-3.791469194312791,0.3159557661927437,-3.791469194312791,trend_exit_ma10,18.91,17.26
cup_v1_legacy_mcst,杯柄 V1 旧版复原+MCST,603080.SH,新疆火炬,legacy_confirmed_cup,2025-08-08,2025-08-11,2025-08-15,0.840437,24.3,22.13,22.356,5,-8.93004115226338,19.34156378600822,-13.251028806584376,gap_stop,22.1,18.23
cup_v1_legacy_mcst,杯柄 V1 旧版复原+MCST,603087.SH,甘李药业,legacy_confirmed_cup,2025-06-03,2025-06-04,2025-06-13,0.671848,56.98,55.83,52.4216,8,-2.0182520182520203,3.82590382590382,-2.4043524043523945,trend_exit_ma10,57.23,49.97
cup_v1_legacy_mcst,杯柄 V1 旧版复原+MCST,603093.SH,南华期货,legacy_confirmed_cup,2023-07-28,2023-07-31,2023-08-11,0.633108,13.5,13.8,12.42,10,2.2222222222222365,13.925925925925942,-0.0740740740740708,trend_exit_ma10,13.39,12.36
cup_v1_legacy_mcst,杯柄 V1 旧版复原+MCST,603098.SH,森特股份,legacy_confirmed_cup,2025-08-25,2025-08-26,2025-08-29,0.767723,15.18,13.9656,13.9656,4,-7.9999999999999964,9.68379446640315,-9.74967061923584,stop_loss,14.73,10.26
cup_v1_legacy_mcst,杯柄 V1 旧版复原+MCST,603105.SH,芯能科技,legacy_confirmed_cup,2025-11-11,2025-11-12,2025-11-14,0.637255,10.9,10.49,10.028,3,-3.7614678899082543,0.7339449541284404,-4.862385321100926,trend_exit_ma10,11.08,9.01
cup_v1_legacy_mcst,杯柄 V1 旧版复原+MCST,603110.SH,东方材料,legacy_confirmed_cup,2023-03-23,2023-03-24,2023-04-04,0.828726,46.0,44.69,42.32,8,-2.8478260869565286,1.0652173913043628,-6.28260869565217,trend_exit_ma10,45.79,34.99
cup_v1_legacy_mcst,杯柄 V1 旧版复原+MCST,603115.SH,海星股份,legacy_confirmed_cup,2025-07-18,2025-07-21,2025-07-21,0.701037,19.64,18.068800000000003,18.068800000000003,1,-7.999999999999985,0.0,-9.92871690427698,stop_loss,19.64,13.81
cup_v1_legacy_mcst,杯柄 V1 旧版复原+MCST,603117.SH,万林物流,legacy_confirmed_cup,2024-06-28,2024-07-01,2024-07-09,0.658417,4.31,4.51,3.9652,7,4.640371229698381,14.849187935034823,-1.1600928074245953,trend_exit_ma10,4.4,2.81
cup_v1_legacy_mcst,杯柄 V1 旧版复原+MCST,603118.SH,共进股份,legacy_confirmed_cup,2023-02-09,2023-02-10,2023-02-17,0.627178,9.39,9.3,8.638800000000002,6,-0.9584664536741228,3.194888178913735,-1.5974440894568676,trend_exit_ma10,9.42,8.75
cup_v1_legacy_mcst,杯柄 V1 旧版复原+MCST,603118.SH,共进股份,legacy_confirmed_cup,2023-03-03,2023-03-06,2023-03-07,0.65479,9.85,9.5,9.062,2,-3.5532994923857864,0.7106598984771617,-3.654822335025376,trend_exit_ma10,9.85,9.24
cup_v1_legacy_mcst,杯柄 V1 旧版复原+MCST,603118.SH,共进股份,legacy_confirmed_cup,2023-03-24,2023-03-27,2023-04-06,0.665549,10.55,10.41,9.706,8,-1.3270142180094813,4.1706161137440745,-3.5071090047393505,trend_exit_ma10,10.53,9.35
cup_v1_legacy_mcst,杯柄 V1 旧版复原+MCST,603121.SH,华培动力,legacy_confirmed_cup,2023-11-21,2023-11-22,2023-11-30,0.668688,9.3,9.23,8.556000000000001,7,-0.7526881720430145,2.3655913978494425,-1.8279569892473144,trend_exit_ma10,9.24,8.8
cup_v1_legacy_mcst,杯柄 V1 旧版复原+MCST,603129.SH,春风动力,legacy_confirmed_cup,2023-07-11,2023-07-12,2023-07-13,0.726805,169.0,155.48000000000002,155.48000000000002,2,-7.999999999999985,0.2366863905325367,-8.284023668639051,stop_loss,169.31,153.44
cup_v1_legacy_mcst,杯柄 V1 旧版复原+MCST,603132.SH,金徽股份,legacy_confirmed_cup,2025-09-11,2025-09-12,2025-09-17,0.630615,14.14,13.94,13.0088,4,-1.4144271570014189,7.920792079207906,-2.4045261669023987,trend_exit_ma10,14.14,13.23
cup_v1_legacy_mcst,杯柄 V1 旧版复原+MCST,603137.SH,恒尚节能,legacy_confirmed_cup,2025-05-08,2025-05-09,2025-05-22,0.76584,13.16,12.98,12.1072,10,-1.3677811550151908,4.331306990881467,-1.9756838905775065,trend_exit_ma10,13.2,11.9
cup_v1_legacy_mcst,杯柄 V1 旧版复原+MCST,603167.SH,渤海轮渡,legacy_confirmed_cup,2023-12-01,2023-12-04,2023-12-20,0.651904,8.45,8.94,7.774,13,5.798816568047349,11.124260355029602,-0.2366863905325367,trend_exit_ma10,8.44,7.62
cup_v1_legacy_mcst,杯柄 V1 旧版复原+MCST,603168.SH,莎普爱思,legacy_confirmed_cup,2023-10-11,2023-10-12,2023-10-20,0.615963,11.54,11.26,10.6168,7,-2.426343154246091,36.91507798960141,-2.426343154246091,trend_exit_ma10,10.49,8.66
cup_v1_legacy_mcst,杯柄 V1 旧版复原+MCST,603171.SH,税友股份,legacy_confirmed_cup,2026-01-07,2026-01-08,2026-01-21,0.644916,63.0,78.98,57.96,10,25.365079365079367,43.80952380952381,-4.253968253968255,trend_exit_ma10,63.95,46.0
cup_v1_legacy_mcst,杯柄 V1 旧版复原+MCST,603172.SH,万丰股份,legacy_confirmed_cup,2025-07-30,2025-07-31,2025-07-31,0.667007,16.99,16.62,15.6308,1,-2.1777516185991663,0.5297233666862855,-2.707474985285452,trend_exit_ma10,16.88,15.54
cup_v1_legacy_mcst,杯柄 V1 旧版复原+MCST,603173.SH,福斯达,legacy_confirmed_cup,2025-04-29,2025-04-30,2025-05-21,0.721087,30.66,32.11,28.2072,13,4.72928897586431,12.78538812785388,-3.392041748206132,trend_exit_ma10,30.42,23.4
cup_v1_legacy_mcst,杯柄 V1 旧版复原+MCST,603180.SH,金牌家居,legacy_confirmed_cup,2023-01-17,2023-01-18,2023-01-30,0.785144,35.92,34.44,33.046400000000006,4,-4.12026726057908,1.6425389755011066,-5.540089086859689,trend_exit_ma10,36.44,30.97
cup_v1_legacy_mcst,杯柄 V1 旧版复原+MCST,603182.SH,嘉华股份,legacy_confirmed_cup,2025-07-16,2025-07-17,2025-07-31,0.561687,14.25,14.12,13.11,11,-0.9122807017543866,1.614035087719312,-1.8245614035087727,trend_exit_ma10,14.26,13.62
cup_v1_legacy_mcst,杯柄 V1 旧版复原+MCST,603187.SH,海容冷链,legacy_confirmed_cup,2025-08-26,2025-08-27,2025-09-03,0.828523,15.15,14.77,13.938,6,-2.508250825082514,4.290429042904287,-3.1023102310231088,trend_exit_ma10,15.1,12.61
cup_v1_legacy_mcst,杯柄 V1 旧版复原+MCST,603191.SH,望变电气,legacy_confirmed_cup,2026-01-15,2026-01-16,2026-02-05,0.611561,19.0,19.43,17.48,15,2.2631578947368336,13.99999999999999,-7.210526315789478,trend_exit_ma10,17.98,14.7
cup_v1_legacy_mcst,杯柄 V1 旧版复原+MCST,603195.SH,公牛集团,legacy_confirmed_cup,2024-05-08,2024-05-09,2024-05-17,0.722956,123.44,126.16,113.5648,7,2.203499675955922,6.602397926117964,-0.3564484769928655,trend_exit_ma10,123.34,106.81
cup_v1_legacy_mcst,杯柄 V1 旧版复原+MCST,603203.SH,快克智能,legacy_confirmed_cup,2023-02-07,2023-02-08,2023-02-16,0.808582,35.76,35.35,32.8992,7,-1.1465324384787423,3.076062639821031,-4.41834451901566,trend_exit_ma10,35.95,31.91
cup_v1_legacy_mcst,杯柄 V1 旧版复原+MCST,603213.SH,镇洋发展,legacy_confirmed_cup,2025-07-18,2025-07-21,2025-07-25,0.774082,13.2,12.99,12.144,5,-1.5909090909090873,16.287878787878785,-2.27272727272726,trend_exit_ma10,13.24,11.12
cup_v1_legacy_mcst,杯柄 V1 旧版复原+MCST,603216.SH,梦天家居,legacy_confirmed_cup,2025-05-13,2025-05-14,2025-05-23,0.655015,12.78,12.78,11.7576,8,0.0,4.225352112676073,-1.6431924882629012,trend_exit_ma10,12.86,11.42
cup_v1_legacy_mcst,杯柄 V1 旧版复原+MCST,603217.SH,元利科技,legacy_confirmed_cup,2025-09-08,2025-09-09,2025-09-12,0.64716,21.48,20.63,19.7616,4,-3.9571694599627616,4.3761638733705865,-5.074487895716951,trend_exit_ma10,21.43,18.21
cup_v1_legacy_mcst,杯柄 V1 旧版复原+MCST,603221.SH,爱丽家居,legacy_confirmed_cup,2025-04-09,2025-04-10,2025-04-11,0.858379,12.56,11.5552,11.5552,2,-7.9999999999999964,16.64012738853502,-9.31528662420382,stop_loss,13.95,9.15
cup_v1_legacy_mcst,杯柄 V1 旧版复原+MCST,603228.SH,景旺电子,legacy_confirmed_cup,2025-07-01,2025-07-02,2025-07-29,0.80038,42.33,68.01,38.9436,20,60.6661941885188,62.34349161351287,-5.126387904559415,max_hold,42.34,30.5
cup_v1_legacy_mcst,杯柄 V1 旧版复原+MCST,603236.SH,移远通信,legacy_confirmed_cup,2025-08-28,2025-08-29,2025-09-02,0.652307,110.0,101.2,101.2,3,-7.9999999999999964,2.645454545454551,-11.090909090909095,stop_loss,110.85,79.69
cup_v1_legacy_mcst,杯柄 V1 旧版复原+MCST,603258.SH,电魂网络,legacy_confirmed_cup,2023-02-07,2023-02-08,2023-02-21,0.766856,24.64,25.3,22.6688,10,2.678571428571419,10.79545454545454,-2.0698051948051965,trend_exit_ma10,24.64,21.9
cup_v1_legacy_mcst,杯柄 V1 旧版复原+MCST,603259.SH,药明康德,legacy_confirmed_cup,2025-06-12,2025-06-13,2025-06-18,0.650366,67.71,65.7,62.2932,4,-2.9685423128045896,3.2934573918180554,-3.2639196573622686,trend_exit_ma10,67.71,61.42
cup_v1_legacy_mcst,杯柄 V1 旧版复原+MCST,603259.SH,药明康德,legacy_confirmed_cup,2025-07-28,2025-07-29,2025-08-07,0.691474,93.45,91.21,85.974,8,-2.39700374531836,9.673622257891925,-4.109149277688607,trend_exit_ma10,91.62,68.9
cup_v1_legacy_mcst,杯柄 V1 旧版复原+MCST,603271.SH,永杰新材,legacy_confirmed_cup,2026-02-05,2026-02-06,2026-02-10,0.652345,51.98,47.8216,47.8216,3,-7.9999999999999964,1.6929588303193688,-9.580607926125428,stop_loss,52.45,39.99
cup_v1_legacy_mcst,杯柄 V1 旧版复原+MCST,603278.SH,大业股份,legacy_confirmed_cup,2023-06-02,2023-06-05,2023-06-27,0.715724,9.46,10.8,8.7032,15,14.164904862579286,19.45031712473573,0.0,trend_exit_ma10,9.54,7.58
cup_v1_legacy_mcst,杯柄 V1 旧版复原+MCST,603278.SH,大业股份,legacy_confirmed_cup,2023-06-13,2023-06-14,2023-06-27,0.852965,10.75,10.8,9.89,8,0.4651162790697771,5.116279069767438,-4.279069767441868,trend_exit_ma10,11.01,8.68
cup_v1_legacy_mcst,杯柄 V1 旧版复原+MCST,603278.SH,大业股份,legacy_confirmed_cup,2023-11-16,2023-11-17,2023-11-27,0.562015,12.55,13.0,11.546,7,3.585657370517925,23.18725099601593,-0.876494023904395,trend_exit_ma10,12.56,11.49
cup_v1_legacy_mcst,杯柄 V1 旧版复原+MCST,603290.SH,斯达半导,legacy_confirmed_cup,2026-01-27,2026-01-28,2026-02-02,0.647495,111.44,102.99,102.5248,4,-7.582555635319455,5.043072505384072,-7.591529073941128,trend_exit_ma10,111.3,103.8
cup_v1_legacy_mcst,杯柄 V1 旧版复原+MCST,603298.SH,杭叉集团,legacy_confirmed_cup,2025-09-19,2025-09-22,2025-09-30,0.708951,29.0,28.73,26.68,7,-0.9310344827586192,4.000000000000004,-5.862068965517242,trend_exit_ma10,28.97,22.96
cup_v1_legacy_mcst,杯柄 V1 旧版复原+MCST,603301.SH,振德医疗,legacy_confirmed_cup,2025-09-10,2025-09-11,2025-10-16,0.783211,29.45,67.53,27.094,20,129.30390492359933,134.60101867572155,0.0,max_hold,29.45,22.66
cup_v1_legacy_mcst,杯柄 V1 旧版复原+MCST,603303.SH,得邦照明,legacy_confirmed_cup,2025-08-21,2025-08-22,2025-08-27,0.65126,15.53,14.99,14.2876,4,-3.4771410173856987,9.07920154539601,-3.992273019961357,trend_exit_ma10,15.52,11.49
cup_v1_legacy_mcst,杯柄 V1 旧版复原+MCST,603306.SH,华懋科技,legacy_confirmed_cup,2025-05-20,2025-06-05,2025-06-05,0.757593,41.0,37.72,37.72,1,-8.000000000000007,0.0,-8.560975609756094,stop_loss,41.65,34.54
cup_v1_legacy_mcst,杯柄 V1 旧版复原+MCST,603308.SH,应流股份,legacy_confirmed_cup,2025-07-17,2025-07-18,2025-07-30,0.712735,28.14,26.32,25.888800000000003,9,-6.467661691542292,4.832977967306329,-7.107320540156358,trend_exit_ma10,27.59,21.21
cup_v1_legacy_mcst,杯柄 V1 旧版复原+MCST,603316.SH,诚邦股份,legacy_confirmed_cup,2023-07-13,2023-07-14,2023-07-24,0.770912,7.05,7.1,6.486,7,0.7092198581560183,6.099290780141842,-2.127659574468077,trend_exit_ma10,7.2,6.15
cup_v1_legacy_mcst,杯柄 V1 旧版复原+MCST,603320.SH,迪贝电气,legacy_confirmed_cup,2023-06-29,2023-06-30,2023-07-10,0.60301,14.44,14.34,13.2848,7,-0.6925207756232621,2.4930747922437657,-1.8005540166204923,trend_exit_ma10,14.43,13.33
cup_v1_legacy_mcst,杯柄 V1 旧版复原+MCST,603323.SH,苏农银行,legacy_confirmed_cup,2024-04-25,2024-04-26,2024-04-26,0.732928,4.88,4.74,4.4896,1,-2.868852459016391,0.2049180327868827,-4.303278688524593,trend_exit_ma10,4.9,4.56
cup_v1_legacy_mcst,杯柄 V1 旧版复原+MCST,603323.SH,苏农银行,legacy_confirmed_cup,2025-06-04,2025-06-05,2025-06-12,0.640192,6.16,5.54,5.6672,6,-10.064935064935066,1.6233766233766156,-10.71428571428572,gap_stop,6.17,5.66
cup_v1_legacy_mcst,杯柄 V1 旧版复原+MCST,603331.SH,百达精工,legacy_confirmed_cup,2025-12-31,2026-01-05,2026-01-06,0.632993,14.84,13.6528,13.6528,2,-7.9999999999999964,0.2021563342317955,-9.433962264150942,stop_loss,14.25,10.91
cup_v1_legacy_mcst,杯柄 V1 旧版复原+MCST,603337.SH,杰克科技,legacy_confirmed_cup,2024-04-23,2024-04-24,2024-04-29,0.784974,24.87,24.13,22.8804,4,-2.975472456775241,1.2866907921190274,-4.583835946924008,trend_exit_ma10,25.04,22.52
cup_v1_legacy_mcst,杯柄 V1 旧版复原+MCST,603337.SH,杰克科技,legacy_confirmed_cup,2025-05-09,2025-05-12,2025-05-23,0.778158,36.8,39.99,33.856,10,8.668478260869584,21.35869565217392,-0.5434782608695565,trend_exit_ma10,37.15,30.41
cup_v1_legacy_mcst,杯柄 V1 旧版复原+MCST,603338.SH,浙江鼎力,legacy_confirmed_cup,2023-02-06,2023-02-07,2023-02-22,0.652642,57.5,59.08,52.900000000000006,12,2.7478260869565174,7.095652173913036,-0.8521739130434858,trend_exit_ma10,57.5,45.31
cup_v1_legacy_mcst,杯柄 V1 旧版复原+MCST,603356.SH,华菱精工,legacy_confirmed_cup,2022-11-03,2022-11-04,2022-11-11,0.592236,15.92,15.07,14.6464,6,-5.339195979899492,0.6281407035175768,-5.590452261306533,trend_exit_ma10,15.95,13.82
cup_v1_legacy_mcst,杯柄 V1 旧版复原+MCST,603356.SH,华菱精工,legacy_confirmed_cup,2025-10-28,2025-10-29,2025-11-17,0.627362,15.95,15.75,14.674,14,-1.253918495297801,3.94984326018808,-5.893416927899686,trend_exit_ma10,16.05,11.93
cup_v1_legacy_mcst,杯柄 V1 旧版复原+MCST,603365.SH,水星家纺,legacy_confirmed_cup,2025-04-29,2025-04-30,2025-05-14,0.611173,16.26,16.12,14.959200000000004,8,-0.8610086100861003,2.952029520295185,-4.735547355473557,trend_exit_ma10,16.2,14.85
cup_v1_legacy_mcst,杯柄 V1 旧版复原+MCST,603365.SH,水星家纺,legacy_confirmed_cup,2025-11-03,2025-11-04,2025-11-07,0.663451,23.0,21.16,21.16,4,-7.9999999999999964,3.782608695652168,-8.260869565217387,stop_loss,22.95,18.33
cup_v1_legacy_mcst,杯柄 V1 旧版复原+MCST,603367.SH,辰欣药业,legacy_confirmed_cup,2023-05-04,2023-05-05,2023-05-10,0.64442,16.7,15.68,15.364,4,-6.10778443113772,1.0778443113772518,-6.886227544910173,trend_exit_ma10,16.74,13.51
cup_v1_legacy_mcst,杯柄 V1 旧版复原+MCST,603368.SH,柳药集团,legacy_confirmed_cup,2022-11-21,2022-11-22,2022-11-23,0.607033,20.79,19.48,19.1268,2,-6.301106301106296,3.7999037999038032,-7.359307359307343,trend_exit_ma10,20.66,17.81
cup_v1_legacy_mcst,杯柄 V1 旧版复原+MCST,603379.SH,三美股份,legacy_confirmed_cup,2024-02-20,2024-02-21,2024-03-04,0.718551,42.5,43.42,39.1,9,2.1647058823529357,10.941176470588232,-0.5647058823529449,trend_exit_ma10,43.18,29.75
cup_v1_legacy_mcst,杯柄 V1 旧版复原+MCST,603385.SH,惠达卫浴,legacy_confirmed_cup,2023-02-20,2023-02-21,2023-02-28,0.825932,9.13,9.02,8.399600000000001,6,-1.2048192771084487,5.366922234392102,-2.5191675794085437,trend_exit_ma10,9.15,7.69
cup_v1_legacy_mcst,杯柄 V1 旧版复原+MCST,603393.SH,新天然气,legacy_confirmed_cup,2023-09-13,2023-09-14,2023-09-22,0.740687,29.31,28.87,26.9652,7,-1.50119413169566,2.9682702149437024,-3.172978505629476,trend_exit_ma10,29.3,24.17
cup_v1_legacy_mcst,杯柄 V1 旧版复原+MCST,603393.SH,新天然气,legacy_confirmed_cup,2024-07-03,2024-07-04,2024-07-17,0.7239,36.83,36.69,33.8836,10,-0.3801248981808336,5.566114580505044,-1.6834102633722423,trend_exit_ma10,36.99,32.49
cup_v1_legacy_mcst,杯柄 V1 旧版复原+MCST,603408.SH,建霖家居,legacy_confirmed_cup,2023-12-28,2023-12-29,2024-01-22,0.727028,13.1,12.65,12.052,16,-3.435114503816794,5.343511450381677,-4.198473282442738,trend_exit_ma10,13.1,11.43
cup_v1_legacy_mcst,杯柄 V1 旧版复原+MCST,603444.SH,吉比特,legacy_confirmed_cup,2023-03-24,2023-03-27,2023-04-14,0.591268,431.0,529.99,396.52,14,22.96751740139211,36.89095127610209,-0.9280742459396808,trend_exit_ma10,434.34,347.3
cup_v1_legacy_mcst,杯柄 V1 旧版复原+MCST,603456.SH,九洲药业,legacy_confirmed_cup,2025-07-29,2025-07-30,2025-08-04,0.669202,19.66,18.07,18.0872,4,-8.087487283825023,1.6276703967446515,-9.308240081383534,gap_stop,19.68,14.04
cup_v1_legacy_mcst,杯柄 V1 旧版复原+MCST,603486.SH,科沃斯,legacy_confirmed_cup,2025-07-16,2025-07-17,2025-08-13,0.770987,70.09,89.41,64.48280000000001,20,27.564559851619343,30.603509773148808,-4.579825938079618,max_hold,69.72,51.34
cup_v1_legacy_mcst,杯柄 V1 旧版复原+MCST,603501.SH,豪威集团,legacy_confirmed_cup,2025-02-19,2025-02-20,2025-02-25,0.703842,161.0,146.0,148.12,4,-9.3167701863354,0.5962732919254643,-9.627329192546586,gap_stop,157.96,119.8
cup_v1_legacy_mcst,杯柄 V1 旧版复原+MCST,603508.SH,思维列控,legacy_confirmed_cup,2025-06-10,2025-06-11,2025-06-13,0.612681,27.66,26.74,25.4472,3,-3.3261026753434675,0.7953723788864719,-5.965292841648584,trend_exit_ma10,27.65,25.8
cup_v1_legacy_mcst,杯柄 V1 旧版复原+MCST,603518.SH,锦泓集团,legacy_confirmed_cup,2025-06-03,2025-06-04,2025-06-13,0.676755,11.74,11.95,10.8008,8,1.7887563884156688,14.395229982964231,-6.218057921635434,trend_exit_ma10,11.44,8.03
cup_v1_legacy_mcst,杯柄 V1 旧版复原+MCST,603533.SH,掌阅科技,legacy_confirmed_cup,2023-02-09,2023-02-10,2023-02-17,0.852377,18.18,18.1,16.7256,6,-0.4400440044004305,8.52585258525853,-2.7502750275027465,trend_exit_ma10,18.67,16.03
cup_v1_legacy_mcst,杯柄 V1 旧版复原+MCST,603536.SH,惠发食品,legacy_confirmed_cup,2025-11-10,2025-11-11,2025-11-13,0.740922,14.16,13.0272,13.0272,3,-7.9999999999999964,5.084745762711873,-8.6864406779661,stop_loss,14.08,9.86
cup_v1_legacy_mcst,杯柄 V1 旧版复原+MCST,603551.SH,奥普科技,legacy_confirmed_cup,2023-01-31,2023-02-01,2023-02-16,0.711136,11.05,11.43,10.166,12,3.438914027149309,8.597285067873294,-0.5429864253393757,trend_exit_ma10,10.99,9.17
cup_v1_legacy_mcst,杯柄 V1 旧版复原+MCST,603556.SH,海兴电力,legacy_confirmed_cup,2024-01-03,2024-01-04,2024-01-22,0.747183,29.5,31.1,27.14,13,5.423728813559325,16.915254237288146,-0.4745762711864443,trend_exit_ma10,29.75,27.24
cup_v1_legacy_mcst,杯柄 V1 旧版复原+MCST,603558.SH,健盛集团,legacy_confirmed_cup,2023-11-30,2023-12-01,2023-12-18,0.688488,9.76,9.87,8.9792,12,1.127049180327866,6.25,-2.3565573770491843,trend_exit_ma10,9.78,9.0
cup_v1_legacy_mcst,杯柄 V1 旧版复原+MCST,603558.SH,健盛集团,legacy_confirmed_cup,2025-11-03,2025-11-04,2025-11-07,0.648832,12.01,11.83,11.0492,4,-1.4987510407993287,12.406328059950036,-1.582014987510405,trend_exit_ma10,12.08,9.62
cup_v1_legacy_mcst,杯柄 V1 旧版复原+MCST,603578.SH,三星新材,legacy_confirmed_cup,2023-09-05,2023-09-06,2023-09-07,0.703191,17.49,16.090799999999998,16.090799999999998,2,-8.000000000000007,0.0571755288736541,-9.662664379645502,stop_loss,17.49,14.2
cup_v1_legacy_mcst,杯柄 V1 旧版复原+MCST,603587.SH,地素时尚,legacy_confirmed_cup,2023-02-22,2023-02-23,2023-03-02,0.789093,17.0,16.89,15.64,6,-0.6470588235294117,3.235294117647069,-1.8235294117647016,trend_exit_ma10,17.07,15.75
cup_v1_legacy_mcst,杯柄 V1 旧版复原+MCST,603588.SH,高能环境,legacy_confirmed_cup,2025-07-24,2025-07-25,2025-07-30,0.793991,6.65,6.36,6.118,4,-4.360902255639099,0.7518796992481258,-5.112781954887224,trend_exit_ma10,6.54,5.92
cup_v1_legacy_mcst,杯柄 V1 旧版复原+MCST,603588.SH,高能环境,legacy_confirmed_cup,2025-08-21,2025-08-22,2025-08-29,0.698657,7.11,7.0,6.541200000000001,6,-1.5471167369901615,2.8129395218002617,-4.360056258790445,trend_exit_ma10,7.15,6.21
cup_v1_legacy_mcst,杯柄 V1 旧版复原+MCST,603588.SH,高能环境,legacy_confirmed_cup,2025-10-13,2025-10-14,2025-10-16,0.65061,8.57,7.8844,7.8844,3,-7.9999999999999964,1.6336056009334854,-8.051341890315056,stop_loss,8.38,6.41
cup_v1_legacy_mcst,杯柄 V1 旧版复原+MCST,603598.SH,引力传媒,legacy_confirmed_cup,2023-03-22,2023-03-23,2023-03-29,0.682811,11.13,10.74,10.2396,5,-3.5040431266846417,2.8751123090745567,-4.222821203953286,trend_exit_ma10,11.45,9.36
cup_v1_legacy_mcst,杯柄 V1 旧版复原+MCST,603602.SH,纵横通信,legacy_confirmed_cup,2023-02-03,2023-02-06,2023-02-17,0.751757,13.85,14.19,12.742,10,2.4548736462093768,10.108303249097483,-0.5776173285198527,trend_exit_ma10,13.85,11.81
cup_v1_legacy_mcst,杯柄 V1 旧版复原+MCST,603602.SH,纵横通信,legacy_confirmed_cup,2023-11-01,2023-11-02,2023-11-21,0.75811,15.62,16.06,14.3704,14,2.8169014084507005,5.697823303457117,-2.688860435339313,trend_exit_ma10,15.67,13.29
cup_v1_legacy_mcst,杯柄 V1 旧版复原+MCST,603607.SH,京华激光,legacy_confirmed_cup,2023-09-15,2023-09-18,2023-09-19,0.687015,21.01,18.58,19.329200000000004,2,-11.565920990004772,2.3322227510709004,-15.373631603998096,gap_stop,21.96,14.11
cup_v1_legacy_mcst,杯柄 V1 旧版复原+MCST,603612.SH,索通发展,legacy_confirmed_cup,2025-02-12,2025-02-13,2025-02-17,0.590685,18.79,17.2868,17.2868,3,-7.9999999999999964,1.1176157530601527,-8.461947844598194,stop_loss,18.57,12.89
cup_v1_legacy_mcst,杯柄 V1 旧版复原+MCST,603612.SH,索通发展,legacy_confirmed_cup,2025-07-29,2025-07-30,2025-08-12,0.800019,22.08,23.25,20.3136,10,5.298913043478271,12.998188405797118,-1.7210144927536142,trend_exit_ma10,22.12,17.28
cup_v1_legacy_mcst,杯柄 V1 旧版复原+MCST,603612.SH,索通发展,legacy_confirmed_cup,2026-02-06,2026-02-09,2026-02-13,0.692066,32.0,30.86,29.44,5,-3.5625000000000018,2.8750000000000053,-6.187500000000002,end_of_data,31.73,25.23
cup_v1_legacy_mcst,杯柄 V1 旧版复原+MCST,603615.SH,茶花股份,legacy_confirmed_cup,2023-07-27,2023-07-28,2023-08-04,0.706938,9.61,9.66,8.8412,6,0.5202913631633832,4.058272632674309,-1.3527575442247586,trend_exit_ma10,9.57,8.81
cup_v1_legacy_mcst,杯柄 V1 旧版复原+MCST,603619.SH,中曼石油,legacy_confirmed_cup,2025-11-18,2025-11-19,2025-11-21,0.60996,24.81,23.26,22.8252,3,-6.247480854494148,7.456670697299472,-7.174526400644887,trend_exit_ma10,24.93,21.74
cup_v1_legacy_mcst,杯柄 V1 旧版复原+MCST,603650.SH,彤程新材,legacy_confirmed_cup,2025-10-13,2025-10-14,2025-10-15,0.682065,47.82,43.9944,43.9944,2,-8.000000000000007,0.0,-12.275198661647844,stop_loss,47.93,33.35
cup_v1_legacy_mcst,杯柄 V1 旧版复原+MCST,603655.SH,朗博科技,legacy_confirmed_cup,2025-06-12,2025-06-13,2025-06-18,0.756858,31.83,29.93,29.2836,4,-5.969211435752431,8.828149544454922,-7.320138234370088,trend_exit_ma10,31.65,27.02
cup_v1_legacy_mcst,杯柄 V1 旧版复原+MCST,603680.SH,今创集团,legacy_confirmed_cup,2023-06-09,2023-06-12,2023-06-16,0.762877,11.83,10.8836,10.8836,5,-7.999999999999985,4.395604395604402,-9.5519864750634,stop_loss,11.86,9.6
cup_v1_legacy_mcst,杯柄 V1 旧版复原+MCST,603697.SH,有友食品,legacy_confirmed_cup,2025-04-22,2025-04-23,2025-04-28,0.586612,13.45,12.374,12.374,4,-7.9999999999999964,10.631970260223069,-9.66542750929368,stop_loss,13.75,11.02
cup_v1_legacy_mcst,杯柄 V1 旧版复原+MCST,603713.SH,密尔克卫,legacy_confirmed_cup,2025-08-21,2025-08-22,2025-09-16,0.674612,62.51,66.79,57.5092,18,6.846904495280759,13.373860182370834,-2.6715725483922537,trend_exit_ma10,62.38,51.5
cup_v1_legacy_mcst,杯柄 V1 旧版复原+MCST,603725.SH,天安新材,legacy_confirmed_cup,2023-07-19,2023-07-20,2023-08-01,0.699352,8.69,8.73,7.9948,9,0.4602991944764101,21.40391254315306,-2.7617951668584606,trend_exit_ma10,8.68,8.04
cup_v1_legacy_mcst,杯柄 V1 旧版复原+MCST,603729.SH,龙韵股份,legacy_confirmed_cup,2023-11-06,2023-11-07,2023-11-10,0.575416,24.93,22.21,22.9356,4,-10.91054953870838,20.97874047332531,-10.91054953870838,gap_stop,22.66,14.64
cup_v1_legacy_mcst,杯柄 V1 旧版复原+MCST,603733.SH,仙鹤股份,legacy_confirmed_cup,2025-08-19,2025-08-20,2025-08-26,0.589749,26.01,25.41,23.9292,5,-2.3068050749711744,3.6139946174548183,-3.883121876201467,trend_exit_ma10,26.34,24.15
cup_v1_legacy_mcst,杯柄 V1 旧版复原+MCST,603758.SH,秦安股份,legacy_confirmed_cup,2023-06-28,2023-06-29,2023-06-30,0.575272,10.71,10.64,9.8532,2,-0.6535947712418277,1.5873015873015817,-0.8403361344538007,trend_exit_ma10,10.77,10.1
cup_v1_legacy_mcst,杯柄 V1 旧版复原+MCST,603759.SH,海天股份,legacy_confirmed_cup,2025-11-03,2025-11-04,2025-11-11,0.70496,11.63,12.92,10.699600000000002,6,11.092003439380903,41.61650902837488,-1.1177987962166849,trend_exit_ma10,11.74,9.1
cup_v1_legacy_mcst,杯柄 V1 旧版复原+MCST,603798.SH,康普顿,legacy_confirmed_cup,2025-05-08,2025-05-09,2025-06-06,0.604283,9.77,10.95,8.9884,20,12.077789150460582,16.683725690890494,-1.0235414534288556,max_hold,9.76,8.46
cup_v1_legacy_mcst,杯柄 V1 旧版复原+MCST,603799.SH,华友钴业,legacy_confirmed_cup,2025-07-03,2025-07-04,2025-07-04,0.652193,38.3,37.65,35.236,1,-1.6971279373368064,0.0261096605744359,-3.054830287206256,trend_exit_ma10,38.42,35.5
cup_v1_legacy_mcst,杯柄 V1 旧版复原+MCST,603799.SH,华友钴业,legacy_confirmed_cup,2025-08-22,2025-08-25,2025-09-04,0.715676,49.01,47.27,45.0892,9,-3.5502958579881505,2.468883901244645,-7.7739236890430385,trend_exit_ma10,47.94,40.08
cup_v1_legacy_mcst,杯柄 V1 旧版复原+MCST,603810.SH,丰山集团,legacy_confirmed_cup,2025-10-21,2025-10-22,2025-10-29,0.574536,17.21,17.05,15.8332,6,-0.929692039511909,7.495642068564789,-2.7309703660662543,trend_exit_ma10,17.18,15.4
cup_v1_legacy_mcst,杯柄 V1 旧版复原+MCST,603823.SH,百合花,legacy_confirmed_cup,2023-02-02,2023-02-03,2023-02-16,0.814449,19.8,19.57,18.216,10,-1.1616161616161635,7.777777777777772,-3.0303030303030387,trend_exit_ma10,19.73,15.17
cup_v1_legacy_mcst,杯柄 V1 旧版复原+MCST,603848.SH,好太太,legacy_confirmed_cup,2025-08-12,2025-08-13,2025-09-09,0.623408,21.15,29.5,19.458,20,39.47990543735224,44.964539007092206,-3.167848699763587,max_hold,21.01,17.19
cup_v1_legacy_mcst,杯柄 V1 旧版复原+MCST,603858.SH,步长制药,legacy_confirmed_cup,2025-08-01,2025-08-04,2025-08-06,0.611192,18.27,18.12,16.8084,3,-0.8210180623973606,1.1494252873563315,-1.2041598248494711,trend_exit_ma10,18.38,15.8
cup_v1_legacy_mcst,杯柄 V1 旧版复原+MCST,603858.SH,步长制药,legacy_confirmed_cup,2025-08-25,2025-08-26,2025-09-03,0.764146,19.04,19.07,17.5168,7,0.1575630252100834,8.088235294117641,-0.6302521008403228,trend_exit_ma10,19.05,17.81
cup_v1_legacy_mcst,杯柄 V1 旧版复原+MCST,603859.SH,能科科技,legacy_confirmed_cup,2026-01-12,2026-01-13,2026-01-19,0.677545,55.0,50.6,50.6,5,-7.9999999999999964,8.836363636363643,-8.763636363636362,stop_loss,52.8,37.81
cup_v1_legacy_mcst,杯柄 V1 旧版复原+MCST,603867.SH,新化股份,legacy_confirmed_cup,2023-06-27,2023-06-28,2023-07-03,0.670306,41.27,37.9684,37.9684,4,-7.9999999999999964,0.7026896050399856,-11.67918584928519,stop_loss,41.5,35.86
cup_v1_legacy_mcst,杯柄 V1 旧版复原+MCST,603879.SH,永悦科技,legacy_confirmed_cup,2023-07-07,2023-07-10,2023-07-24,0.6657,7.27,8.74,6.6884,11,20.220082530949117,34.11279229711142,-0.5502063273727487,trend_exit_ma10,7.23,6.63
cup_v1_legacy_mcst,杯柄 V1 旧版复原+MCST,603879.SH,永悦科技,legacy_confirmed_cup,2025-04-17,2025-04-18,2025-05-09,0.7145,5.08,5.21,4.6736,12,2.559055118110232,13.188976377952756,-6.496062992125983,trend_exit_ma10,5.07,3.92
cup_v1_legacy_mcst,杯柄 V1 旧版复原+MCST,603883.SH,老百姓,legacy_confirmed_cup,2024-05-08,2024-05-09,2024-05-16,0.814398,35.58,35.18,32.7336,6,-1.1242270938729535,3.709949409780777,-1.7425519955030833,trend_exit_ma10,35.46,31.61
cup_v1_legacy_mcst,杯柄 V1 旧版复原+MCST,603883.SH,老百姓,legacy_confirmed_cup,2025-06-16,2025-06-17,2025-06-18,0.72593,22.0,21.36,20.24,2,-2.9090909090909167,1.5454545454545388,-4.909090909090896,trend_exit_ma10,22.52,16.76
cup_v1_legacy_mcst,杯柄 V1 旧版复原+MCST,603886.SH,元祖股份,legacy_confirmed_cup,2023-02-24,2023-02-27,2023-03-07,0.766663,21.9,21.74,20.148,7,-0.7305936073059405,2.511415525114158,-2.328767123287667,trend_exit_ma10,21.72,18.34
cup_v1_legacy_mcst,杯柄 V1 旧版复原+MCST,603897.SH,长城科技,legacy_confirmed_cup,2025-05-08,2025-05-09,2025-05-20,0.685924,28.01,27.64,25.7692,8,-1.3209568011424475,11.210282042127794,-5.819350232059984,trend_exit_ma10,28.32,22.3
cup_v1_legacy_mcst,杯柄 V1 旧版复原+MCST,603898.SH,好莱客,legacy_confirmed_cup,2025-05-22,2025-05-23,2025-06-03,0.736781,11.53,11.54,10.6076,7,0.0867302688638327,2.862098872506502,-4.596704249783167,trend_exit_ma10,11.6,10.5
cup_v1_legacy_mcst,杯柄 V1 旧版复原+MCST,603901.SH,永创智能,legacy_confirmed_cup,2022-12-01,2022-12-02,2022-12-09,0.765529,15.8,15.8,14.536,6,0.0,3.1012658227848044,-0.75949367088608,trend_exit_ma10,15.9,11.95
cup_v1_legacy_mcst,杯柄 V1 旧版复原+MCST,603922.SH,金鸿顺,legacy_confirmed_cup,2023-11-28,2023-11-29,2023-11-30,0.728843,26.63,26.15,24.4996,2,-1.802478407810737,0.1877581674802897,-3.041682313180616,trend_exit_ma10,26.48,24.42
cup_v1_legacy_mcst,杯柄 V1 旧版复原+MCST,603922.SH,金鸿顺,legacy_confirmed_cup,2024-03-15,2024-03-18,2024-03-26,0.673362,27.94,27.8,25.7048,7,-0.5010737294201872,4.867573371510381,-0.8947745168217613,trend_exit_ma10,27.98,25.07
cup_v1_legacy_mcst,杯柄 V1 旧版复原+MCST,603931.SH,格林达,legacy_confirmed_cup,2025-12-10,2025-12-11,2025-12-15,0.725004,39.46,36.3032,36.3032,3,-7.9999999999999964,0.9883426254434946,-8.261530663963502,stop_loss,39.96,31.48
cup_v1_legacy_mcst,杯柄 V1 旧版复原+MCST,603949.SH,雪龙集团,legacy_confirmed_cup,2022-05-25,2022-05-26,2022-06-07,0.624397,28.91,27.95,26.5972,8,-3.3206502940159144,1.6603251470079572,-5.015565548253198,trend_exit_ma10,28.92,23.09
cup_v1_legacy_mcst,杯柄 V1 旧版复原+MCST,603950.SH,长源东谷,legacy_confirmed_cup,2023-02-01,2023-02-02,2023-03-01,0.855882,18.19,20.44,16.734800000000003,20,12.369433754810345,13.029136888400195,-1.869158878504673,max_hold,18.28,16.11
cup_v1_legacy_mcst,杯柄 V1 旧版复原+MCST,603955.SH,大千生态,legacy_confirmed_cup,2022-07-20,2022-07-21,2022-07-21,0.666208,18.1,16.652,16.652,1,-8.000000000000007,0.0,-9.944751381215475,stop_loss,18.03,12.21
cup_v1_legacy_mcst,杯柄 V1 旧版复原+MCST,603960.SH,克来机电,legacy_confirmed_cup,2026-02-12,2026-02-13,2026-02-13,0.561322,24.85,27.73,22.862,1,11.589537223340042,11.589537223340042,-0.3219315895372276,end_of_data,25.21,18.18
cup_v1_legacy_mcst,杯柄 V1 旧版复原+MCST,603968.SH,醋化股份,legacy_confirmed_cup,2025-08-20,2025-08-21,2025-08-22,0.645393,13.05,12.89,12.006000000000002,2,-1.226053639846747,0.9961685823754785,-1.992337164750968,trend_exit_ma10,13.02,12.0
cup_v1_legacy_mcst,杯柄 V1 旧版复原+MCST,603969.SH,银龙股份,legacy_confirmed_cup,2025-04-28,2025-04-29,2025-05-09,0.665835,6.82,6.44,6.274400000000001,6,-5.571847507331373,1.4662756598240456,-6.011730205278598,trend_exit_ma10,6.77,5.77
cup_v1_legacy_mcst,杯柄 V1 旧版复原+MCST,603970.SH,中农立华,legacy_confirmed_cup,2022-06-01,2022-06-02,2022-06-20,0.713706,30.5,32.67,28.06,12,7.114754098360665,11.278688524590152,-2.590163934426226,trend_exit_ma10,30.66,26.54
cup_v1_legacy_mcst,杯柄 V1 旧版复原+MCST,603979.SH,金诚信,legacy_confirmed_cup,2024-03-07,2024-03-08,2024-03-22,0.617482,46.75,49.6,43.010000000000005,11,6.096256684491985,15.251336898395728,-1.6042780748663057,trend_exit_ma10,46.96,39.71
cup_v1_legacy_mcst,杯柄 V1 旧版复原+MCST,603991.SH,至正股份,legacy_confirmed_cup,2023-11-14,2023-11-15,2023-11-23,0.680715,56.0,51.52,51.52,7,-7.9999999999999964,10.232142857142843,-12.321428571428571,stop_loss,53.46,34.49
cup_v1_legacy_mcst,杯柄 V1 旧版复原+MCST,603992.SH,松霖科技,legacy_confirmed_cup,2024-10-18,2024-10-21,2024-10-23,0.661062,22.0,20.24,20.24,3,-7.9999999999999964,7.499999999999996,-8.363636363636362,stop_loss,22.0,18.35
cup_v1_legacy_mcst,杯柄 V1 旧版复原+MCST,603992.SH,松霖科技,legacy_confirmed_cup,2025-08-01,2025-08-04,2025-08-06,0.767679,29.84,27.4528,27.4528,3,-7.9999999999999964,2.4463806970509427,-9.249329758713143,stop_loss,29.49,24.49
cup_v1_legacy_mcst,杯柄 V1 旧版复原+MCST,603998.SH,方盛制药,legacy_confirmed_cup,2022-05-16,2022-05-17,2022-05-18,0.625236,8.11,7.29,7.4612,2,-10.110974106041915,2.836004932182501,-10.110974106041915,gap_stop,7.58,5.84
cup_v1_legacy_mcst,杯柄 V1 旧版复原+MCST,605005.SH,合兴股份,legacy_confirmed_cup,2025-06-03,2025-06-04,2025-06-05,0.725354,24.19,22.254800000000003,22.254800000000003,2,-7.9999999999999964,10.004133939644476,-8.929309632079374,stop_loss,21.99,15.8
cup_v1_legacy_mcst,杯柄 V1 旧版复原+MCST,605020.SH,永和股份,legacy_confirmed_cup,2025-08-13,2025-08-14,2025-08-27,0.723218,28.73,29.62,26.431600000000003,10,3.097807170205358,14.862513052558302,-4.002784545770977,trend_exit_ma10,28.72,23.45
cup_v1_legacy_mcst,杯柄 V1 旧版复原+MCST,605050.SH,福然德,legacy_confirmed_cup,2025-05-06,2025-05-07,2025-06-04,0.618647,11.96,13.62,11.0032,20,13.879598662207338,18.14381270903009,-1.9230769230769276,max_hold,11.95,10.76
cup_v1_legacy_mcst,杯柄 V1 旧版复原+MCST,605099.SH,共创草坪,legacy_confirmed_cup,2025-05-30,2025-06-03,2025-06-17,0.753446,27.97,36.63,25.7324,11,30.96174472649269,71.64819449410082,0.0,trend_exit_ma10,25.43,21.13
cup_v1_legacy_mcst,杯柄 V1 旧版复原+MCST,605099.SH,共创草坪,legacy_confirmed_cup,2025-11-05,2025-11-06,2025-11-18,0.555165,36.1,35.73,33.212,9,-1.024930747922448,3.130193905817169,-4.432132963988922,trend_exit_ma10,36.04,32.4
cup_v1_legacy_mcst,杯柄 V1 旧版复原+MCST,605100.SH,华丰股份,legacy_confirmed_cup,2023-06-29,2023-06-30,2023-07-05,0.620628,18.5,17.02,17.02,4,-8.000000000000007,0.972972972972963,-8.594594594594597,stop_loss,18.41,16.15
cup_v1_legacy_mcst,杯柄 V1 旧版复原+MCST,605128.SH,上海沿浦,legacy_confirmed_cup,2025-05-08,2025-05-09,2025-05-19,0.682066,46.7,44.99,42.964000000000006,7,-3.661670235546044,4.368308351177719,-5.182012847965744,trend_exit_ma10,46.4,39.5
cup_v1_legacy_mcst,杯柄 V1 旧版复原+MCST,605155.SH,西大门,legacy_confirmed_cup,2025-08-12,2025-08-13,2025-08-27,0.632145,13.74,14.51,12.6408,11,5.604075691411925,16.229985443959237,-2.8384279475982543,trend_exit_ma10,13.7,12.1
cup_v1_legacy_mcst,杯柄 V1 旧版复原+MCST,605162.SH,新中港,legacy_confirmed_cup,2025-07-09,2025-07-10,2025-07-11,0.757215,10.85,9.55,9.982,2,-11.981566820276491,2.580645161290329,-14.009216589861753,gap_stop,11.36,7.06
cup_v1_legacy_mcst,杯柄 V1 旧版复原+MCST,605228.SH,神通科技,legacy_confirmed_cup,2023-07-12,2023-07-13,2023-07-13,0.783978,12.99,11.9508,11.9508,1,-7.9999999999999964,0.0,-13.85681293302541,stop_loss,11.81,9.5
cup_v1_legacy_mcst,杯柄 V1 旧版复原+MCST,605228.SH,神通科技,legacy_confirmed_cup,2025-08-13,2025-08-14,2025-08-25,0.838946,18.08,17.17,16.633599999999998,8,-5.033185840707944,3.59513274336285,-5.641592920353977,trend_exit_ma10,17.5,12.26
cup_v1_legacy_mcst,杯柄 V1 旧版复原+MCST,605318.SH,法狮龙,legacy_confirmed_cup,2024-10-29,2024-10-30,2024-11-07,0.840803,21.6,20.39,19.872000000000003,7,-5.601851851851858,6.481481481481466,-7.037037037037052,trend_exit_ma10,22.13,16.59
cup_v1_legacy_mcst,杯柄 V1 旧版复原+MCST,605499.SH,东鹏饮料,legacy_confirmed_cup,2024-05-09,2024-05-10,2024-05-20,0.755444,230.0,220.3,211.6,7,-4.217391304347817,1.6521739130434865,-4.347826086956519,trend_exit_ma10,229.68,184.78
cup_v1_legacy_mcst,杯柄 V1 旧版复原+MCST,605499.SH,东鹏饮料,legacy_confirmed_cup,2025-05-30,2025-06-03,2025-06-13,0.647698,321.06,324.61,295.3752,9,1.1057123279137882,5.562823148321194,-3.124026661683188,trend_exit_ma10,320.0,282.45
cup_v1_legacy_mcst,杯柄 V1 旧版复原+MCST,605599.SH,菜百股份,legacy_confirmed_cup,2023-05-04,2023-05-05,2023-05-10,0.767556,12.63,12.07,11.619600000000002,4,-4.433887569279493,0.7917656373713333,-4.988123515439435,trend_exit_ma10,12.74,10.06
cup_v1_legacy_mcst,杯柄 V1 旧版复原+MCST,605599.SH,菜百股份,legacy_confirmed_cup,2026-01-28,2026-01-29,2026-02-02,0.87186,22.41,20.31,20.6172,3,-9.370816599732269,4.105310129406514,-9.370816599732269,gap_stop,21.71,17.66
cup_v1_legacy_mcst,杯柄 V1 旧版复原+MCST,688009.SH,中国通号,legacy_confirmed_cup,2023-03-02,2023-03-03,2023-03-10,0.819747,5.38,5.35,4.9496,6,-0.5576208178438735,4.646840148698894,-0.9293680297397744,trend_exit_ma10,5.39,4.82
cup_v1_legacy_mcst,杯柄 V1 旧版复原+MCST,688009.SH,中国通号,legacy_confirmed_cup,2023-03-17,2023-03-20,2023-03-24,0.757893,5.6,5.48,5.152,5,-2.142857142857124,1.9642857142857293,-3.214285714285714,trend_exit_ma10,5.59,4.87
cup_v1_legacy_mcst,杯柄 V1 旧版复原+MCST,688013.SH,天臣医疗,legacy_confirmed_cup,2025-05-20,2025-05-21,2025-06-18,0.690342,23.78,27.5,21.8776,20,15.643397813288471,18.5870479394449,-4.667788057190913,max_hold,23.65,21.54
cup_v1_legacy_mcst,杯柄 V1 旧版复原+MCST,688019.SH,安集科技,legacy_confirmed_cup,2025-05-06,2025-05-07,2025-05-13,0.715361,188.0,180.2,172.96,5,-4.148936170212769,1.5957446808510634,-5.159574468085104,trend_exit_ma10,188.3,164.87
cup_v1_legacy_mcst,杯柄 V1 旧版复原+MCST,688021.SH,奥福科技,legacy_confirmed_cup,2026-02-05,2026-02-06,2026-02-13,0.608686,23.37,23.9,21.500400000000003,6,2.267864783910989,4.364569961489084,-1.4976465554129237,end_of_data,23.6,17.02
cup_v1_legacy_mcst,杯柄 V1 旧版复原+MCST,688022.SH,瀚川智能,legacy_confirmed_cup,2025-08-13,2025-08-14,2025-08-25,0.656701,17.14,16.71,15.7688,8,-2.5087514585764303,5.600933488914817,-4.434072345390905,trend_exit_ma10,17.01,13.92
cup_v1_legacy_mcst,杯柄 V1 旧版复原+MCST,688026.SH,洁特生物,legacy_confirmed_cup,2025-07-17,2025-07-18,2025-08-14,0.828913,17.87,19.77,16.4404,20,10.632344711807496,21.20872971460548,-1.79071068830442,trend_exit_ma10,17.78,16.4
cup_v1_legacy_mcst,杯柄 V1 旧版复原+MCST,688029.SH,南微医学,legacy_confirmed_cup,2025-08-13,2025-08-14,2025-08-21,0.81573,97.98,93.12,90.1416,6,-4.960195958358849,3.7048377219840662,-5.817513778322114,trend_exit_ma10,97.85,72.88
cup_v1_legacy_mcst,杯柄 V1 旧版复原+MCST,688048.SH,长光华芯,legacy_confirmed_cup,2025-08-04,2025-08-05,2025-08-13,0.720416,75.79,74.32,69.72680000000001,7,-1.9395698640981784,5.502045124686616,-5.660377358490576,trend_exit_ma10,75.93,50.46
cup_v1_legacy_mcst,杯柄 V1 旧版复原+MCST,688050.SH,爱博医疗,legacy_confirmed_cup,2022-10-24,2022-10-25,2022-10-27,0.617773,220.29,202.6668,202.6668,3,-7.9999999999999964,4.353352399110255,-11.480321394525394,stop_loss,221.88,179.69
cup_v1_legacy_mcst,杯柄 V1 旧版复原+MCST,688063.SH,派能科技,legacy_confirmed_cup,2025-09-05,2025-09-08,2025-09-10,0.812743,63.45,58.02,58.374,3,-8.55791962174941,2.2852639873916614,-8.589440504334123,gap_stop,63.27,42.5
cup_v1_legacy_mcst,杯柄 V1 旧版复原+MCST,688067.SH,爱威科技,legacy_confirmed_cup,2025-07-21,2025-07-22,2025-08-14,0.835653,23.59,26.41,21.7028,18,11.95421788893598,25.052988554472243,-1.441288681644759,trend_exit_ma10,23.45,21.3
cup_v1_legacy_mcst,杯柄 V1 旧版复原+MCST,688079.SH,美迪凯,legacy_confirmed_cup,2025-07-24,2025-07-25,2025-08-14,0.802764,10.91,11.85,10.0372,15,8.615948670944086,14.940421631530686,-0.7332722273143966,trend_exit_ma10,10.89,9.8
cup_v1_legacy_mcst,杯柄 V1 旧版复原+MCST,688098.SH,申联生物,legacy_confirmed_cup,2025-08-01,2025-08-04,2025-08-04,0.731769,8.48,7.8016,7.8016,1,-7.9999999999999964,0.0,-10.49528301886793,stop_loss,8.48,6.47
cup_v1_legacy_mcst,杯柄 V1 旧版复原+MCST,688109.SH,品茗科技,legacy_confirmed_cup,2023-03-24,2023-03-27,2023-03-30,0.838025,38.06,36.65,35.0152,4,-3.704676826064124,10.325801366263798,-4.492905937992642,trend_exit_ma10,37.84,27.33
cup_v1_legacy_mcst,杯柄 V1 旧版复原+MCST,688109.SH,品茗科技,legacy_confirmed_cup,2025-07-21,2025-07-22,2025-08-13,0.773691,36.48,40.6,33.5616,17,11.293859649122815,22.752192982456144,-7.97697368421052,trend_exit_ma10,36.5,28.33
cup_v1_legacy_mcst,杯柄 V1 旧版复原+MCST,688109.SH,品茗科技,legacy_confirmed_cup,2025-08-05,2025-08-06,2025-08-13,0.709854,40.78,40.6,37.5176,6,-0.4413928396272637,9.80872976949485,-1.446787641000502,trend_exit_ma10,40.78,30.21
cup_v1_legacy_mcst,杯柄 V1 旧版复原+MCST,688113.SH,联测科技,legacy_confirmed_cup,2025-08-06,2025-08-07,2025-08-14,0.68494,40.84,39.74,37.57280000000001,6,-2.693437806072485,5.754162585700273,-3.036238981390793,trend_exit_ma10,40.7,34.2
cup_v1_legacy_mcst,杯柄 V1 旧版复原+MCST,688118.SH,普元信息,legacy_confirmed_cup,2023-03-22,2023-03-23,2023-04-10,0.7097,25.76,26.17,23.6992,12,1.591614906832306,9.627329192546563,-2.8726708074534257,trend_exit_ma10,25.73,21.36
cup_v1_legacy_mcst,杯柄 V1 旧版复原+MCST,688150.SH,莱特光电,legacy_confirmed_cup,2025-07-14,2025-07-15,2025-07-22,0.673833,26.4,26.09,24.288,6,-1.174242424242422,0.7575757575757791,-2.348484848484844,trend_exit_ma10,26.42,24.51
cup_v1_legacy_mcst,杯柄 V1 旧版复原+MCST,688210.SH,统联精密,legacy_confirmed_cup,2023-04-07,2023-04-10,2023-04-11,0.843498,30.51,29.1,28.0692,2,-4.621435594886925,1.5732546705997883,-5.178629957391023,trend_exit_ma10,30.55,26.35
cup_v1_legacy_mcst,杯柄 V1 旧版复原+MCST,688215.SH,瑞晟智能,legacy_confirmed_cup,2025-03-04,2025-03-05,2025-03-17,0.582936,27.44,27.2,25.2448,9,-0.8746355685131268,3.1705539358600543,-3.24344023323615,trend_exit_ma10,27.44,24.68
cup_v1_legacy_mcst,杯柄 V1 旧版复原+MCST,688217.SH,睿昂基因,legacy_confirmed_cup,2023-02-03,2023-02-06,2023-02-14,0.605294,52.4,51.58,48.208,7,-1.5648854961832104,6.8511450381679495,-6.335877862595418,trend_exit_ma10,52.52,40.87
cup_v1_legacy_mcst,杯柄 V1 旧版复原+MCST,688217.SH,睿昂基因,legacy_confirmed_cup,2025-07-28,2025-07-29,2025-08-14,0.742143,28.9,29.61,26.588,13,2.456747404844295,10.34602076124569,-2.491349480968852,trend_exit_ma10,28.99,25.22
cup_v1_legacy_mcst,杯柄 V1 旧版复原+MCST,688230.SH,芯导科技,legacy_confirmed_cup,2026-01-09,2026-01-12,2026-01-26,0.740931,77.84,78.74,71.61280000000001,11,1.1562178828365743,6.025179856115104,-2.325282631038028,trend_exit_ma10,78.0,70.5
cup_v1_legacy_mcst,杯柄 V1 旧版复原+MCST,688237.SH,超卓航科,legacy_confirmed_cup,2025-08-07,2025-08-08,2025-08-14,0.696797,34.73,32.99,31.9516,5,-5.010077742585651,1.612438813705741,-5.902677800172751,trend_exit_ma10,34.47,28.86
cup_v1_legacy_mcst,杯柄 V1 旧版复原+MCST,688258.SH,卓易信息,legacy_confirmed_cup,2025-07-29,2025-07-30,2025-08-12,0.67271,56.64,67.41,52.1088,10,19.014830508474567,36.1228813559322,-0.1059322033898357,trend_exit_ma10,56.95,43.18
cup_v1_legacy_mcst,杯柄 V1 旧版复原+MCST,688270.SH,臻镭科技,legacy_confirmed_cup,2025-08-04,2025-08-05,2025-09-01,0.639603,53.53,79.16,49.247600000000006,20,47.87969362974032,58.35979824397533,-1.3637212777881658,max_hold,53.22,41.6
cup_v1_legacy_mcst,杯柄 V1 旧版复原+MCST,688277.SH,天智航-U,legacy_confirmed_cup,2025-07-23,2025-07-24,2025-08-14,0.639486,15.08,18.41,13.8736,16,22.08222811671088,31.69761273209548,-0.1989389920424411,trend_exit_ma10,15.05,13.96
cup_v1_legacy_mcst,杯柄 V1 旧版复原+MCST,688295.SH,中复神鹰,legacy_confirmed_cup,2022-10-24,2022-10-25,2022-11-04,0.634801,48.45,49.42,44.574000000000005,9,2.002063983488122,8.813209494324026,-0.5985552115583159,trend_exit_ma10,49.37,36.41
cup_v1_legacy_mcst,杯柄 V1 旧版复原+MCST,688309.SH,恒誉环保,legacy_confirmed_cup,2025-05-20,2025-05-21,2025-05-23,0.631193,17.2,16.62,15.824,3,-3.3720930232558066,0.3488372093023439,-3.837209302325584,trend_exit_ma10,17.2,16.01
cup_v1_legacy_mcst,杯柄 V1 旧版复原+MCST,688309.SH,恒誉环保,legacy_confirmed_cup,2026-01-23,2026-01-26,2026-02-13,0.693808,28.85,35.38,26.542,15,22.63431542461005,23.050259965337936,-5.025996533795507,end_of_data,28.92,24.46
cup_v1_legacy_mcst,杯柄 V1 旧版复原+MCST,688314.SH,康拓医疗,legacy_confirmed_cup,2025-08-11,2025-08-12,2025-08-21,0.731079,41.07,39.7,37.784400000000005,8,-3.33576820063306,6.306306306306286,-4.894083272461646,trend_exit_ma10,41.5,33.11
cup_v1_legacy_mcst,杯柄 V1 旧版复原+MCST,688315.SH,诺禾致源,legacy_confirmed_cup,2025-07-21,2025-07-22,2025-08-07,0.720897,15.69,16.31,14.4348,13,3.951561504142753,8.922880815806256,-1.7845761631612445,trend_exit_ma10,15.77,12.73
cup_v1_legacy_mcst,杯柄 V1 旧版复原+MCST,688322.SH,奥比中光-UW,legacy_confirmed_cup,2026-01-16,2026-01-19,2026-01-26,0.655653,99.98,98.18,91.9816,6,-1.8003600720143953,8.90178035607121,-2.260452090418086,trend_exit_ma10,98.3,86.16
cup_v1_legacy_mcst,杯柄 V1 旧版复原+MCST,688329.SH,艾隆科技,legacy_confirmed_cup,2025-07-15,2025-07-16,2025-08-12,0.747873,19.23,23.13,17.6916,20,20.28081123244929,21.424856994279786,-0.572022880915235,max_hold,19.21,17.76
cup_v1_legacy_mcst,杯柄 V1 旧版复原+MCST,688329.SH,艾隆科技,legacy_confirmed_cup,2025-08-05,2025-08-06,2025-08-14,0.736115,21.81,21.52,20.0652,7,-1.3296652911508389,9.445208619899148,-2.2008253094910613,trend_exit_ma10,21.75,18.32
cup_v1_legacy_mcst,杯柄 V1 旧版复原+MCST,688333.SH,铂力特,legacy_confirmed_cup,2025-12-12,2025-12-15,2026-01-07,0.566558,90.01,101.25,82.8092,16,12.48750138873458,28.863459615598263,-7.421397622486392,trend_exit_ma10,90.01,66.4
cup_v1_legacy_mcst,杯柄 V1 旧版复原+MCST,688336.SH,三生国健,legacy_confirmed_cup,2023-09-20,2023-09-21,2023-09-28,0.653919,21.86,21.62,20.1112,6,-1.097895699908502,3.1107044830741115,-2.470265324794141,trend_exit_ma10,22.13,17.97
cup_v1_legacy_mcst,杯柄 V1 旧版复原+MCST,688347.SH,华虹公司,legacy_confirmed_cup,2025-08-06,2025-08-07,2025-09-04,0.639323,64.0,69.35,58.88,11,8.359374999999991,46.75,-4.062500000000002,trend_exit_ma10,65.37,57.6
cup_v1_legacy_mcst,杯柄 V1 旧版复原+MCST,688362.SH,甬矽电子,legacy_confirmed_cup,2026-01-15,2026-01-16,2026-01-26,0.70264,45.3,46.37,41.676,7,2.3620309050772725,20.0,-3.31125827814569,trend_exit_ma10,43.51,36.0
cup_v1_legacy_mcst,杯柄 V1 旧版复原+MCST,688367.SH,工大高科,legacy_confirmed_cup,2025-08-12,2025-08-13,2025-08-14,0.763929,21.01,19.95,19.329200000000004,2,-5.045216563541177,0.1903855306996549,-5.045216563541177,trend_exit_ma10,20.91,18.3
cup_v1_legacy_mcst,杯柄 V1 旧版复原+MCST,688370.SH,丛麟科技,legacy_confirmed_cup,2025-08-06,2025-08-07,2025-08-14,0.790764,25.58,24.49,23.5336,6,-4.261141516810008,6.958561376075068,-7.114933541829538,trend_exit_ma10,25.78,22.0
cup_v1_legacy_mcst,杯柄 V1 旧版复原+MCST,688385.SH,复旦微电,legacy_confirmed_cup,2022-06-27,2022-06-28,2022-07-05,0.590559,63.5,62.0,58.42,6,-2.3622047244094446,8.06299212598427,-4.598425196850398,trend_exit_ma10,62.99,48.5
cup_v1_legacy_mcst,杯柄 V1 旧版复原+MCST,688396.SH,华润微,legacy_confirmed_cup,2023-04-06,2023-04-07,2023-04-13,0.672531,64.7,60.94,59.52400000000001,5,-5.811437403400321,1.9319938176197928,-5.99690880989181,trend_exit_ma10,64.49,59.01
cup_v1_legacy_mcst,杯柄 V1 旧版复原+MCST,688401.SH,路维光电,legacy_confirmed_cup,2025-08-13,2025-08-14,2025-08-21,0.623162,41.8,42.56,38.456,6,1.81818181818183,10.239234449760758,-1.9377990430621936,trend_exit_ma10,41.48,30.46
cup_v1_legacy_mcst,杯柄 V1 旧版复原+MCST,688411.SH,海博思创,legacy_confirmed_cup,2025-08-15,2025-08-18,2025-09-12,0.602362,101.64,182.5,93.5088,20,79.55529319165682,94.6871310507674,-0.4329004329004293,max_hold,99.98,84.0
cup_v1_legacy_mcst,杯柄 V1 旧版复原+MCST,688425.SH,铁建重工,legacy_confirmed_cup,2023-03-03,2023-03-06,2023-03-24,0.73495,5.06,5.5,4.6552,15,8.69565217391306,18.97233201581028,-1.9762845849802255,trend_exit_ma10,5.02,3.92
cup_v1_legacy_mcst,杯柄 V1 旧版复原+MCST,688425.SH,铁建重工,legacy_confirmed_cup,2023-03-15,2023-03-16,2023-03-24,0.69737,5.77,5.5,5.3084,7,-4.679376083188902,4.33275563258233,-5.54592720970536,trend_exit_ma10,5.83,3.92
cup_v1_legacy_mcst,杯柄 V1 旧版复原+MCST,688448.SH,磁谷科技,legacy_confirmed_cup,2026-01-27,2026-01-28,2026-02-11,0.748387,56.0,64.25,51.52,11,14.73214285714286,27.05357142857143,-2.6071428571428634,trend_exit_ma10,55.38,38.9
cup_v1_legacy_mcst,杯柄 V1 旧版复原+MCST,688456.SH,有研粉材,legacy_confirmed_cup,2025-08-11,2025-08-12,2025-09-02,0.722684,44.8,49.9,41.216,16,11.38392857142858,20.535714285714302,-1.7633928571428537,trend_exit_ma10,45.09,39.5
cup_v1_legacy_mcst,杯柄 V1 旧版复原+MCST,688458.SH,美芯晟,legacy_confirmed_cup,2025-06-23,2025-06-24,2025-07-02,0.585978,44.84,45.45,41.25280000000001,7,1.3603925066904443,7.604817127564667,-1.2042818911686126,trend_exit_ma10,44.8,38.0
cup_v1_legacy_mcst,杯柄 V1 旧版复原+MCST,688485.SH,九州一轨,legacy_confirmed_cup,2025-07-23,2025-07-24,2025-08-20,0.755496,11.63,13.99,10.699600000000002,20,20.29234737747205,21.668099742046422,-0.4299226139295009,max_hold,11.57,10.67
cup_v1_legacy_mcst,杯柄 V1 旧版复原+MCST,688501.SH,青达环保,legacy_confirmed_cup,2025-03-14,2025-03-17,2025-03-25,0.70533,20.13,19.27,18.5196,7,-4.272230501738694,2.632886239443621,-7.898658718330854,trend_exit_ma10,19.74,16.52
cup_v1_legacy_mcst,杯柄 V1 旧版复原+MCST,688507.SH,索辰科技,legacy_confirmed_cup,2026-01-06,2026-01-07,2026-01-20,0.642166,113.99,118.02,104.8708,10,3.535397841915966,16.676901482586203,-5.8864812702868585,trend_exit_ma10,110.16,91.2
cup_v1_legacy_mcst,杯柄 V1 旧版复原+MCST,688510.SH,航亚科技,legacy_confirmed_cup,2023-07-04,2023-07-05,2023-07-07,0.686141,20.01,19.61,18.4092,3,-1.9990004997501365,2.148925537231383,-2.048975512243878,trend_exit_ma10,20.26,17.67
cup_v1_legacy_mcst,杯柄 V1 旧版复原+MCST,688518.SH,联赢激光,legacy_confirmed_cup,2026-01-07,2026-01-08,2026-01-28,0.620196,28.43,31.09,26.1556,15,9.356313753077728,18.29053816391137,-5.029897995075627,trend_exit_ma10,28.11,23.61
cup_v1_legacy_mcst,杯柄 V1 旧版复原+MCST,688523.SH,航天环宇,legacy_confirmed_cup,2025-08-28,2025-08-29,2025-09-02,0.787225,27.29,25.1068,25.1068,3,-7.9999999999999964,0.0732869182850759,-12.202271894466833,stop_loss,27.31,22.0
cup_v1_legacy_mcst,杯柄 V1 旧版复原+MCST,688526.SH,科前生物,legacy_confirmed_cup,2025-05-20,2025-05-21,2025-05-22,0.824447,18.2,17.03,16.744,2,-6.428571428571416,0.5494505494505475,-6.6483516483516585,trend_exit_ma10,18.38,15.85
cup_v1_legacy_mcst,杯柄 V1 旧版复原+MCST,688531.SH,日联科技,legacy_confirmed_cup,2025-03-19,2025-03-20,2025-03-25,0.590573,62.8,59.33,57.776,4,-5.525477707006365,1.624203821656045,-7.324840764331197,trend_exit_ma10,62.86,48.49
cup_v1_legacy_mcst,杯柄 V1 旧版复原+MCST,688539.SH,高华科技,legacy_confirmed_cup,2025-08-12,2025-08-13,2025-08-22,0.806223,34.12,33.84,31.3904,8,-0.8206330597889666,9.144196951934358,-6.858147713950746,trend_exit_ma10,34.55,24.14
cup_v1_legacy_mcst,杯柄 V1 旧版复原+MCST,688552.SH,航天南湖,legacy_confirmed_cup,2025-03-13,2025-03-14,2025-03-17,0.782584,21.22,20.31,19.5224,2,-4.28840716305372,0.0942507068802944,-5.372290292177196,trend_exit_ma10,21.25,19.45
cup_v1_legacy_mcst,杯柄 V1 旧版复原+MCST,688556.SH,高测股份,legacy_confirmed_cup,2026-01-08,2026-01-09,2026-01-14,0.69452,14.0,12.88,12.88,4,-7.9999999999999964,2.714285714285713,-10.71428571428571,stop_loss,13.91,10.9
cup_v1_legacy_mcst,杯柄 V1 旧版复原+MCST,688558.SH,国盛智科,legacy_confirmed_cup,2025-08-08,2025-08-11,2025-08-14,0.753559,29.52,28.12,27.1584,4,-4.742547425474253,2.1002710027100413,-5.1151761517615135,trend_exit_ma10,29.25,23.23
cup_v1_legacy_mcst,杯柄 V1 旧版复原+MCST,688566.SH,吉贝尔,legacy_confirmed_cup,2025-06-11,2025-06-12,2025-06-19,0.561936,28.66,28.21,26.3672,6,-1.5701325889741824,7.920446615491983,-3.279832519190517,trend_exit_ma10,28.65,26.38
cup_v1_legacy_mcst,杯柄 V1 旧版复原+MCST,688569.SH,铁科轨道,legacy_confirmed_cup,2023-03-15,2023-03-16,2023-03-20,0.748768,27.4,25.208,25.208,3,-7.9999999999999964,1.751824817518255,-8.102189781021895,stop_loss,27.35,19.95
cup_v1_legacy_mcst,杯柄 V1 旧版复原+MCST,688578.SH,艾力斯,legacy_confirmed_cup,2023-04-17,2023-04-18,2023-04-25,0.758964,29.22,28.99,26.8824,6,-0.7871321013004806,5.646817248459968,-2.4298425735797324,trend_exit_ma10,29.63,22.97
cup_v1_legacy_mcst,杯柄 V1 旧版复原+MCST,688578.SH,艾力斯,legacy_confirmed_cup,2023-09-01,2023-09-04,2023-10-09,0.654265,30.95,36.6,28.474,20,18.255250403877238,29.854604200323088,-7.689822294022619,max_hold,30.73,22.6
cup_v1_legacy_mcst,杯柄 V1 旧版复原+MCST,688580.SH,伟思医疗,legacy_confirmed_cup,2025-03-14,2025-03-17,2025-03-21,0.605786,37.9,34.868,34.868,5,-7.9999999999999964,2.8232189973614874,-9.050131926121374,stop_loss,37.82,31.39
cup_v1_legacy_mcst,杯柄 V1 旧版复原+MCST,688586.SH,江航装备,legacy_confirmed_cup,2025-08-04,2025-08-05,2025-08-11,0.828028,13.14,12.74,12.0888,5,-3.0441400304414,3.424657534246567,-3.500761035007616,trend_exit_ma10,13.38,10.71
cup_v1_legacy_mcst,杯柄 V1 旧版复原+MCST,688608.SH,恒玄科技,legacy_confirmed_cup,2024-07-17,2024-07-18,2024-07-24,0.654238,170.99,166.5,157.31080000000003,5,-2.6258845546523246,5.064623662202461,-3.871571436926136,trend_exit_ma10,172.47,135.94
cup_v1_legacy_mcst,杯柄 V1 旧版复原+MCST,688610.SH,埃科光电,legacy_confirmed_cup,2025-07-30,2025-07-31,2025-08-14,0.694185,48.04,48.93,44.1968,11,1.852622814321392,15.070774354704408,-2.1024146544546207,trend_exit_ma10,48.52,38.9
cup_v1_legacy_mcst,杯柄 V1 旧版复原+MCST,688617.SH,惠泰医疗,legacy_confirmed_cup,2024-02-07,2024-02-08,2024-02-20,0.662197,459.97,423.1724,423.1724,3,-7.9999999999999964,4.345935604495943,-8.58316846750875,stop_loss,456.99,310.02
cup_v1_legacy_mcst,杯柄 V1 旧版复原+MCST,688630.SH,芯碁微装,legacy_confirmed_cup,2026-01-09,2026-01-12,2026-01-29,0.653125,146.5,173.7,134.78,14,18.56655290102389,37.29692832764504,-1.7064846416382284,trend_exit_ma10,149.08,132.99
cup_v1_legacy_mcst,杯柄 V1 旧版复原+MCST,688659.SH,元琛科技,legacy_confirmed_cup,2025-08-04,2025-08-05,2025-08-14,0.664051,10.0,10.5,9.2,8,5.000000000000004,28.699999999999992,-2.7999999999999914,trend_exit_ma10,9.61,8.52
cup_v1_legacy_mcst,杯柄 V1 旧版复原+MCST,688665.SH,四方光电,legacy_confirmed_cup,2025-07-30,2025-07-31,2025-08-19,0.646297,57.56,59.7,52.955200000000005,14,3.717859624739406,13.79430159833217,-4.621264767199451,trend_exit_ma10,58.05,39.56
cup_v1_legacy_mcst,杯柄 V1 旧版复原+MCST,688669.SH,聚石化学,legacy_confirmed_cup,2025-05-14,2025-05-15,2025-05-28,0.757748,18.61,18.8,17.1212,10,1.0209564750134348,8.27512090274045,-3.922622246104246,trend_exit_ma10,18.88,15.2
cup_v1_legacy_mcst,杯柄 V1 旧版复原+MCST,688670.SH,金迪克,legacy_confirmed_cup,2023-04-18,2023-04-19,2023-04-25,0.752297,61.0,58.31,56.120000000000005,5,-4.409836065573769,6.081967213114736,-5.196721311475416,trend_exit_ma10,62.83,47.92
cup_v1_legacy_mcst,杯柄 V1 旧版复原+MCST,688671.SH,碧兴物联,legacy_confirmed_cup,2025-08-06,2025-08-07,2025-08-14,0.688523,23.5,22.74,21.62,6,-3.234042553191496,5.7446808510638325,-3.2765957446808547,trend_exit_ma10,23.6,20.39
cup_v1_legacy_mcst,杯柄 V1 旧版复原+MCST,688681.SH,科汇股份,legacy_confirmed_cup,2025-07-10,2025-07-11,2025-08-07,0.668067,14.35,16.95,13.202,20,18.11846689895471,21.11498257839721,-2.369337979094077,max_hold,14.34,13.81
cup_v1_legacy_mcst,杯柄 V1 旧版复原+MCST,688681.SH,科汇股份,legacy_confirmed_cup,2025-08-06,2025-08-07,2025-08-14,0.708708,16.7,16.16,15.364,6,-3.233532934131733,4.071856287425146,-3.4730538922155607,trend_exit_ma10,16.58,14.01
cup_v1_legacy_mcst,杯柄 V1 旧版复原+MCST,688683.SH,莱尔科技,legacy_confirmed_cup,2026-01-27,2026-01-28,2026-02-02,0.619029,36.9,35.17,33.948,4,-4.68834688346883,1.2466124661246747,-5.1490514905149,trend_exit_ma10,36.65,31.0
cup_v1_legacy_mcst,杯柄 V1 旧版复原+MCST,688686.SH,奥普特,legacy_confirmed_cup,2025-08-25,2025-08-26,2025-09-04,0.593702,131.3,134.62,120.79600000000002,8,2.528560548362524,15.003808073114987,-1.5003808073114966,trend_exit_ma10,131.19,107.31
cup_v1_legacy_mcst,杯柄 V1 旧版复原+MCST,688777.SH,中控技术,legacy_confirmed_cup,2022-10-31,2022-11-01,2022-11-04,0.698654,96.5,92.6,88.78,4,-4.0414507772020825,1.430051813471489,-5.139896373056985,trend_exit_ma10,96.87,82.83
cup_v1_legacy_mcst,杯柄 V1 旧版复原+MCST,688779.SH,五矿新能,legacy_confirmed_cup,2025-09-08,2025-09-09,2025-09-18,0.805949,7.09,7.19,6.5228,8,1.410437235543016,15.796897038081823,-0.8462623413258097,trend_exit_ma10,7.17,5.56
cup_v1_legacy_mcst,杯柄 V1 旧版复原+MCST,688786.SH,悦安新材,legacy_confirmed_cup,2026-01-12,2026-01-13,2026-01-26,0.635336,31.0,30.95,28.52,10,-0.1612903225806428,7.387096774193536,-3.870967741935482,trend_exit_ma10,30.85,27.76
cup_v1_legacy_mcst,杯柄 V1 旧版复原+MCST,688786.SH,悦安新材,legacy_confirmed_cup,2026-01-22,2026-01-23,2026-01-26,0.579046,32.63,30.95,30.019600000000004,2,-5.148636224333448,2.022678516702414,-6.497088568801724,trend_exit_ma10,32.29,29.8
